7PNB_o_1_NAG;0.000,0.722,0.862,0.792,0.722,0.740,0.133,0.847,0.847,0.740,0.720,0.862,0.803,0.817,0.822,0.822,0.824,0.837,0.720,0.751,0.811,0.847,0.734,0.847,0.814,0.827,0.720,0.855,0.747,0.718,0.729,0.732,0.747,0.736,0.738,0.857,0.819,0.732,0.809,0.736,0.803,0.822,0.079,0.811,0.842,0.819,0.865,0.722,0.758,0.714,0.840,0.749,0.806,0.837,0.725,0.847,0.817,0.837,0.792,0.718,0.104,0.822,0.845,0.104,0.736,0.732,0.740,0.806,0.721,0.860,0.089,0.860,0.734,0.727,0.738,0.865,0.847,0.817,0.819,0.824,0.817,0.729,0.837,0.721,0.811,0.817,0.806,0.822,0.736,0.832,0.792,0.845,0.809,0.740,0.837,0.819,0.867,0.795,0.729,0.857,0.725,0.720,0.811,0.723,0.819,0.819,0.814,0.827,0.738,0.811,0.109,0.824,0.819,0.734,0.716,0.845,0.819,0.795,0.721,0.792,0.723,0.817,0.725,0.837,0.855,0.845,0.840,0.852,0.740,0.857,0.850,0.723,0.806,0.855,0.721,0.806,0.840,0.867,0.819,0.865,0.842,0.822,0.842,0.727,0.809,0.817,0.842,0.803,0.819,0.736,0.721,0.865,0.721,0.811,0.043,0.803,0.811,0.716,0.850,0.840,0.817,0.845,0.803,0.722,0.745,0.850,0.751,0.814,0.817,0.736,0.792,0.806,0.720,0.822,0.806,0.099,0.817,0.837,0.852,0.814,0.835,0.824,0.857,0.840,0.714,0.847,0.822,0.819,0.800,0.721,0.842,0.714,0.860,0.745,0.723,0.840,0.842,0.817,0.860,0.819,0.811,0.814,0.862,0.865,0.732,0.727,0.798,0.819,0.732,0.792,0.732,0.855,0.847,0.819,0.809,0.744,0.747,0.740,0.840,0.822,0.738,0.716,0.819,0.819,0.814,0.817,0.837,0.740,0.751,0.718,0.725,0.862,0.819,0.744,0.751,0.840,0.792,0.847,0.850,0.837,0.738,0.867,0.822,0.721,0.806,0.847,0.814,0.814,0.725,0.867,0.725,0.723,0.837,0.814
7PNB_P_2_NAG;0.722,0.000,0.867,0.789,0.022,0.759,0.733,0.834,0.845,0.772,0.022,0.872,0.808,0.824,0.816,0.840,0.813,0.867,0.016,0.766,0.842,0.842,0.751,0.845,0.795,0.842,0.022,0.865,0.759,0.738,0.742,0.784,0.761,0.776,0.774,0.862,0.811,0.774,0.819,0.759,0.808,0.840,0.729,0.792,0.852,0.842,0.852,0.048,0.759,0.764,0.850,0.759,0.813,0.867,0.778,0.834,0.829,0.847,0.783,0.740,0.727,0.816,0.852,0.727,0.753,0.757,0.765,0.808,0.784,0.865,0.727,0.865,0.778,0.776,0.761,0.850,0.847,0.808,0.811,0.842,0.797,0.747,0.850,0.753,0.827,0.834,0.819,0.840,0.755,0.842,0.786,0.847,0.819,0.774,0.852,0.811,0.852,0.783,0.782,0.869,0.747,0.011,0.832,0.738,0.811,0.827,0.834,0.845,0.759,0.795,0.731,0.832,0.837,0.751,0.749,0.852,0.834,0.789,0.784,0.781,0.736,0.824,0.747,0.865,0.867,0.832,0.850,0.869,0.776,0.865,0.837,0.774,0.813,0.867,0.784,0.805,0.869,0.855,0.827,0.852,0.850,0.813,0.850,0.751,0.808,0.837,0.837,0.805,0.811,0.774,0.774,0.850,0.782,0.792,0.725,0.808,0.792,0.761,0.837,0.865,0.797,0.852,0.816,0.022,0.761,0.837,0.753,0.795,0.829,0.780,0.789,0.811,0.033,0.819,0.813,0.729,0.813,0.865,0.869,0.845,0.850,0.813,0.869,0.867,0.749,0.834,0.813,0.811,0.805,0.766,0.850,0.747,0.865,0.780,0.755,0.850,0.837,0.829,0.865,0.811,0.834,0.827,0.865,0.867,0.776,0.742,0.811,0.824,0.736,0.789,0.757,0.867,0.845,0.834,0.821,0.759,0.768,0.778,0.850,0.816,0.755,0.759,0.827,0.827,0.795,0.834,0.847,0.776,0.735,0.749,0.784,0.847,0.811,0.755,0.767,0.869,0.783,0.845,0.837,0.845,0.778,0.855,0.829,0.755,0.808,0.832,0.829,0.824,0.784,0.855,0.736,0.782,0.862,0.824
7PNB_v_3_YZT;0.862,0.867,0.000,0.755,0.869,0.819,0.857,0.701,0.584,0.814,0.872,0.125,0.726,0.648,0.653,0.648,0.653,0.451,0.869,0.798,0.636,0.571,0.832,0.584,0.653,0.664,0.872,0.451,0.808,0.852,0.857,0.819,0.819,0.814,0.837,0.047,0.653,0.824,0.648,0.805,0.664,0.653,0.857,0.659,0.653,0.631,0.769,0.867,0.811,0.830,0.648,0.857,0.648,0.451,0.827,0.716,0.636,0.659,0.750,0.847,0.855,0.653,0.648,0.857,0.830,0.832,0.857,0.721,0.792,0.070,0.857,0.036,0.824,0.819,0.852,0.764,0.590,0.664,0.653,0.648,0.653,0.837,0.653,0.830,0.648,0.625,0.653,0.642,0.857,0.659,0.764,0.590,0.648,0.817,0.636,0.648,0.755,0.759,0.814,0.479,0.855,0.869,0.619,0.850,0.648,0.642,0.625,0.648,0.809,0.659,0.855,0.636,0.642,0.835,0.830,0.648,0.642,0.755,0.795,0.750,0.852,0.642,0.832,0.443,0.458,0.711,0.648,0.465,0.817,0.429,0.726,0.787,0.653,0.458,0.798,0.726,0.443,0.764,0.642,0.769,0.653,0.648,0.642,0.822,0.726,0.642,0.584,0.731,0.659,0.814,0.822,0.764,0.798,0.659,0.855,0.731,0.659,0.824,0.731,0.436,0.648,0.648,0.642,0.869,0.819,0.716,0.862,0.653,0.648,0.817,0.759,0.721,0.872,0.653,0.648,0.865,0.653,0.443,0.465,0.636,0.642,0.653,0.479,0.436,0.835,0.726,0.648,0.653,0.736,0.827,0.648,0.824,0.070,0.814,0.827,0.648,0.602,0.648,0.092,0.648,0.642,0.648,0.036,0.036,0.798,0.857,0.659,0.636,0.845,0.755,0.857,0.458,0.590,0.642,0.653,0.852,0.819,0.817,0.648,0.653,0.827,0.835,0.648,0.653,0.659,0.631,0.648,0.814,0.824,0.830,0.800,0.764,0.653,0.837,0.850,0.443,0.750,0.571,0.721,0.653,0.817,0.759,0.636,0.824,0.726,0.701,0.642,0.648,0.795,0.759,0.855,0.787,0.443,0.636
7PNB_U_4_MAN;0.792,0.789,0.755,0.000,0.795,0.817,0.798,0.736,0.721,0.803,0.789,0.755,0.664,0.648,0.648,0.664,0.659,0.731,0.789,0.827,0.631,0.731,0.789,0.721,0.613,0.659,0.789,0.726,0.829,0.800,0.806,0.803,0.827,0.803,0.822,0.750,0.653,0.811,0.648,0.834,0.642,0.653,0.789,0.613,0.701,0.642,0.750,0.795,0.827,0.792,0.696,0.822,0.642,0.731,0.798,0.740,0.636,0.701,0.047,0.806,0.792,0.653,0.701,0.792,0.792,0.795,0.832,0.669,0.830,0.750,0.792,0.750,0.803,0.809,0.819,0.750,0.721,0.631,0.653,0.659,0.625,0.787,0.701,0.798,0.642,0.631,0.642,0.659,0.827,0.696,0.036,0.721,0.648,0.806,0.696,0.653,0.745,0.047,0.806,0.721,0.811,0.789,0.625,0.803,0.648,0.653,0.631,0.659,0.822,0.613,0.795,0.648,0.648,0.795,0.798,0.701,0.642,0.012,0.824,0.081,0.803,0.625,0.800,0.731,0.726,0.731,0.701,0.711,0.806,0.731,0.750,0.827,0.642,0.726,0.822,0.653,0.736,0.745,0.631,0.750,0.696,0.659,0.696,0.798,0.669,0.631,0.721,0.653,0.642,0.803,0.806,0.740,0.824,0.613,0.798,0.659,0.613,0.792,0.745,0.721,0.619,0.701,0.642,0.789,0.830,0.755,0.824,0.619,0.636,0.800,0.024,0.664,0.792,0.653,0.642,0.789,0.642,0.731,0.711,0.636,0.696,0.659,0.721,0.726,0.798,0.745,0.659,0.653,0.653,0.800,0.701,0.795,0.745,0.806,0.792,0.701,0.726,0.625,0.736,0.648,0.625,0.648,0.755,0.755,0.827,0.811,0.636,0.653,0.806,0.012,0.819,0.726,0.716,0.642,0.636,0.819,0.824,0.806,0.696,0.659,0.795,0.784,0.631,0.631,0.619,0.636,0.696,0.806,0.803,0.792,0.824,0.745,0.653,0.821,0.824,0.736,0.081,0.726,0.755,0.696,0.806,0.745,0.642,0.795,0.664,0.736,0.648,0.625,0.824,0.745,0.800,0.819,0.716,0.653
7PNB_t_2_NAG;0.722,0.022,0.869,0.795,0.000,0.766,0.733,0.832,0.850,0.772,0.022,0.874,0.808,0.827,0.821,0.845,0.819,0.872,0.016,0.772,0.845,0.847,0.753,0.850,0.797,0.845,0.022,0.869,0.765,0.738,0.742,0.786,0.767,0.776,0.778,0.865,0.816,0.776,0.821,0.763,0.811,0.842,0.729,0.795,0.855,0.845,0.855,0.048,0.766,0.766,0.852,0.755,0.816,0.872,0.780,0.834,0.832,0.850,0.789,0.740,0.727,0.821,0.855,0.727,0.755,0.759,0.765,0.808,0.786,0.867,0.727,0.867,0.780,0.778,0.757,0.852,0.852,0.813,0.816,0.845,0.800,0.751,0.852,0.757,0.829,0.840,0.821,0.842,0.753,0.845,0.792,0.852,0.821,0.774,0.855,0.816,0.855,0.789,0.784,0.874,0.747,0.022,0.837,0.738,0.816,0.829,0.837,0.847,0.764,0.797,0.731,0.837,0.840,0.755,0.753,0.855,0.837,0.795,0.786,0.786,0.736,0.829,0.751,0.869,0.872,0.832,0.852,0.874,0.776,0.869,0.837,0.774,0.816,0.872,0.786,0.808,0.874,0.857,0.832,0.855,0.852,0.819,0.852,0.755,0.805,0.842,0.842,0.803,0.816,0.774,0.776,0.852,0.780,0.795,0.725,0.805,0.795,0.764,0.837,0.869,0.800,0.855,0.819,0.022,0.768,0.837,0.749,0.797,0.834,0.782,0.795,0.811,0.022,0.824,0.816,0.729,0.819,0.869,0.874,0.847,0.852,0.819,0.874,0.872,0.753,0.834,0.819,0.816,0.803,0.768,0.852,0.751,0.867,0.780,0.759,0.852,0.842,0.834,0.869,0.816,0.840,0.829,0.867,0.869,0.778,0.742,0.813,0.827,0.736,0.795,0.753,0.872,0.850,0.837,0.824,0.755,0.774,0.778,0.852,0.821,0.757,0.761,0.832,0.832,0.797,0.840,0.850,0.776,0.740,0.753,0.782,0.850,0.816,0.750,0.763,0.874,0.789,0.850,0.837,0.847,0.778,0.857,0.834,0.759,0.805,0.829,0.832,0.829,0.786,0.857,0.736,0.784,0.867,0.827
7PNB_p_1_NAG;0.740,0.759,0.819,0.817,0.766,0.000,0.749,0.800,0.840,0.654,0.759,0.819,0.800,0.784,0.787,0.778,0.784,0.800,0.759,0.279,0.792,0.835,0.672,0.835,0.775,0.792,0.759,0.811,0.126,0.714,0.725,0.644,0.145,0.649,0.657,0.822,0.787,0.654,0.781,0.214,0.778,0.787,0.743,0.778,0.789,0.792,0.874,0.764,0.148,0.647,0.787,0.718,0.781,0.800,0.644,0.803,0.789,0.789,0.814,0.721,0.738,0.789,0.787,0.745,0.676,0.672,0.725,0.803,0.600,0.817,0.743,0.819,0.649,0.649,0.716,0.874,0.837,0.789,0.787,0.789,0.770,0.652,0.787,0.605,0.784,0.781,0.787,0.787,0.706,0.789,0.824,0.835,0.784,0.654,0.787,0.789,0.870,0.819,0.637,0.811,0.716,0.757,0.775,0.712,0.787,0.784,0.781,0.789,0.185,0.781,0.743,0.781,0.787,0.698,0.608,0.789,0.792,0.817,0.621,0.814,0.712,0.781,0.616,0.800,0.809,0.792,0.789,0.811,0.652,0.811,0.798,0.600,0.778,0.809,0.629,0.798,0.800,0.874,0.784,0.874,0.787,0.784,0.784,0.616,0.806,0.781,0.837,0.806,0.787,0.654,0.644,0.872,0.634,0.778,0.736,0.803,0.778,0.657,0.798,0.803,0.773,0.787,0.778,0.764,0.089,0.803,0.714,0.775,0.789,0.652,0.822,0.806,0.759,0.787,0.778,0.751,0.787,0.800,0.811,0.789,0.787,0.784,0.811,0.800,0.600,0.798,0.784,0.787,0.806,0.642,0.787,0.603,0.817,0.654,0.616,0.789,0.835,0.787,0.817,0.787,0.778,0.787,0.822,0.822,0.624,0.716,0.781,0.784,0.712,0.817,0.718,0.809,0.837,0.792,0.789,0.731,0.267,0.652,0.784,0.784,0.686,0.654,0.789,0.789,0.781,0.778,0.789,0.652,0.664,0.619,0.637,0.872,0.787,0.727,0.731,0.803,0.814,0.832,0.800,0.792,0.657,0.874,0.784,0.619,0.806,0.803,0.784,0.787,0.629,0.870,0.712,0.592,0.806,0.784
7PNB_U_1_NAG;0.133,0.733,0.857,0.798,0.733,0.749,0.000,0.845,0.842,0.747,0.731,0.860,0.800,0.819,0.822,0.819,0.824,0.837,0.731,0.760,0.814,0.847,0.749,0.845,0.817,0.830,0.731,0.852,0.753,0.727,0.732,0.745,0.757,0.747,0.745,0.852,0.822,0.745,0.814,0.742,0.806,0.824,0.079,0.817,0.845,0.822,0.862,0.733,0.768,0.721,0.842,0.758,0.811,0.837,0.738,0.847,0.819,0.835,0.798,0.723,0.104,0.822,0.842,0.053,0.751,0.745,0.744,0.803,0.729,0.855,0.069,0.855,0.745,0.740,0.749,0.862,0.842,0.817,0.822,0.827,0.819,0.734,0.835,0.725,0.814,0.819,0.811,0.824,0.742,0.832,0.803,0.840,0.814,0.747,0.835,0.822,0.865,0.803,0.738,0.852,0.729,0.731,0.811,0.729,0.822,0.822,0.814,0.830,0.747,0.817,0.059,0.827,0.822,0.749,0.725,0.845,0.822,0.800,0.725,0.800,0.729,0.817,0.727,0.835,0.852,0.842,0.837,0.850,0.747,0.852,0.850,0.729,0.811,0.852,0.723,0.803,0.840,0.865,0.822,0.862,0.842,0.824,0.840,0.732,0.806,0.817,0.842,0.800,0.819,0.743,0.734,0.862,0.729,0.817,0.124,0.800,0.817,0.727,0.850,0.840,0.819,0.842,0.809,0.733,0.753,0.850,0.760,0.817,0.819,0.747,0.803,0.803,0.731,0.822,0.811,0.069,0.817,0.835,0.850,0.817,0.832,0.824,0.852,0.840,0.723,0.847,0.824,0.822,0.798,0.736,0.845,0.723,0.855,0.751,0.729,0.837,0.847,0.819,0.855,0.822,0.811,0.817,0.857,0.860,0.734,0.732,0.803,0.819,0.729,0.798,0.738,0.852,0.842,0.822,0.811,0.753,0.758,0.749,0.840,0.822,0.751,0.725,0.822,0.822,0.817,0.817,0.835,0.749,0.747,0.721,0.732,0.860,0.822,0.755,0.761,0.840,0.800,0.845,0.850,0.835,0.747,0.865,0.824,0.727,0.803,0.847,0.817,0.817,0.734,0.865,0.732,0.727,0.837,0.817
7PNB_u_5_MAN;0.847,0.834,0.701,0.736,0.832,0.800,0.845,0.000,0.726,0.827,0.832,0.701,0.726,0.602,0.625,0.602,0.625,0.721,0.834,0.798,0.608,0.726,0.798,0.731,0.664,0.596,0.832,0.690,0.811,0.822,0.817,0.814,0.811,0.830,0.814,0.706,0.648,0.809,0.596,0.824,0.613,0.584,0.847,0.669,0.602,0.608,0.813,0.834,0.798,0.798,0.596,0.806,0.590,0.721,0.822,0.146,0.590,0.590,0.731,0.806,0.845,0.631,0.584,0.845,0.798,0.803,0.805,0.726,0.798,0.706,0.842,0.716,0.809,0.809,0.797,0.813,0.721,0.642,0.648,0.584,0.648,0.800,0.590,0.800,0.596,0.596,0.590,0.578,0.789,0.584,0.750,0.726,0.608,0.835,0.584,0.642,0.809,0.740,0.806,0.696,0.814,0.834,0.578,0.811,0.642,0.596,0.590,0.596,0.811,0.669,0.842,0.608,0.578,0.822,0.800,0.584,0.596,0.736,0.798,0.731,0.809,0.619,0.800,0.716,0.685,0.047,0.590,0.701,0.832,0.685,0.136,0.787,0.596,0.685,0.792,0.731,0.716,0.809,0.631,0.813,0.596,0.648,0.571,0.798,0.721,0.578,0.740,0.731,0.625,0.830,0.814,0.813,0.792,0.664,0.847,0.726,0.664,0.798,0.197,0.716,0.659,0.578,0.590,0.832,0.806,0.114,0.809,0.659,0.636,0.811,0.745,0.726,0.832,0.625,0.590,0.850,0.625,0.716,0.701,0.602,0.590,0.625,0.696,0.721,0.798,0.136,0.648,0.648,0.731,0.814,0.596,0.795,0.706,0.827,0.795,0.590,0.740,0.631,0.711,0.642,0.578,0.602,0.696,0.706,0.792,0.814,0.602,0.590,0.809,0.736,0.800,0.690,0.731,0.596,0.602,0.800,0.798,0.832,0.590,0.619,0.795,0.800,0.636,0.631,0.669,0.590,0.590,0.827,0.792,0.798,0.792,0.817,0.648,0.775,0.808,0.726,0.731,0.726,0.125,0.590,0.835,0.813,0.619,0.792,0.726,0.024,0.590,0.631,0.795,0.809,0.811,0.789,0.721,0.590
7PNB_u_3_YZT;0.847,0.845,0.584,0.721,0.850,0.840,0.842,0.726,0.000,0.860,0.845,0.602,0.680,0.711,0.706,0.736,0.711,0.578,0.845,0.842,0.745,0.103,0.832,0.024,0.711,0.740,0.845,0.608,0.850,0.845,0.852,0.842,0.837,0.857,0.850,0.584,0.669,0.842,0.716,0.855,0.696,0.736,0.845,0.711,0.745,0.745,0.764,0.847,0.840,0.840,0.740,0.837,0.716,0.571,0.835,0.731,0.721,0.716,0.716,0.845,0.852,0.711,0.740,0.845,0.827,0.830,0.840,0.685,0.855,0.602,0.847,0.584,0.837,0.842,0.834,0.764,0.047,0.690,0.669,0.740,0.711,0.832,0.716,0.847,0.711,0.731,0.721,0.721,0.832,0.711,0.736,0.047,0.716,0.860,0.711,0.675,0.773,0.731,0.845,0.619,0.847,0.842,0.726,0.850,0.664,0.716,0.736,0.745,0.840,0.711,0.847,0.736,0.731,0.832,0.845,0.740,0.726,0.721,0.855,0.721,0.847,0.726,0.847,0.571,0.608,0.721,0.711,0.608,0.860,0.625,0.721,0.850,0.711,0.608,0.855,0.675,0.584,0.759,0.731,0.764,0.740,0.675,0.736,0.842,0.690,0.721,0.059,0.675,0.696,0.860,0.840,0.764,0.852,0.711,0.855,0.680,0.711,0.827,0.726,0.571,0.716,0.740,0.721,0.847,0.835,0.716,0.840,0.711,0.731,0.842,0.731,0.685,0.847,0.706,0.716,0.850,0.701,0.571,0.619,0.750,0.711,0.711,0.619,0.565,0.845,0.716,0.675,0.669,0.675,0.840,0.740,0.842,0.584,0.860,0.842,0.711,0.146,0.721,0.590,0.664,0.711,0.711,0.584,0.602,0.855,0.850,0.706,0.716,0.837,0.721,0.842,0.613,0.047,0.726,0.701,0.832,0.837,0.860,0.740,0.706,0.824,0.835,0.721,0.726,0.711,0.731,0.706,0.860,0.834,0.847,0.857,0.764,0.669,0.829,0.832,0.578,0.721,0.047,0.716,0.706,0.860,0.769,0.736,0.842,0.685,0.726,0.716,0.716,0.855,0.769,0.850,0.850,0.559,0.716
7PNB_X_2_NAG;0.740,0.772,0.814,0.803,0.772,0.654,0.747,0.827,0.860,0.000,0.772,0.814,0.789,0.789,0.784,0.775,0.784,0.795,0.772,0.649,0.778,0.852,0.679,0.857,0.789,0.778,0.772,0.817,0.649,0.667,0.667,0.467,0.661,0.048,0.681,0.817,0.778,0.523,0.781,0.656,0.775,0.778,0.743,0.792,0.789,0.778,0.867,0.776,0.654,0.667,0.787,0.729,0.778,0.795,0.467,0.830,0.775,0.795,0.803,0.672,0.738,0.784,0.792,0.743,0.679,0.676,0.713,0.787,0.644,0.817,0.738,0.814,0.505,0.505,0.722,0.867,0.865,0.784,0.778,0.778,0.789,0.664,0.792,0.578,0.787,0.781,0.778,0.789,0.711,0.792,0.806,0.865,0.784,0.016,0.787,0.778,0.865,0.803,0.496,0.817,0.676,0.772,0.778,0.672,0.778,0.789,0.784,0.784,0.644,0.792,0.740,0.778,0.778,0.684,0.570,0.792,0.775,0.803,0.659,0.800,0.669,0.778,0.570,0.795,0.814,0.824,0.789,0.814,0.011,0.817,0.832,0.654,0.775,0.814,0.662,0.789,0.795,0.870,0.778,0.867,0.792,0.778,0.792,0.556,0.787,0.781,0.857,0.792,0.787,0.016,0.499,0.867,0.662,0.792,0.736,0.787,0.792,0.652,0.827,0.792,0.787,0.795,0.775,0.772,0.654,0.832,0.725,0.792,0.775,0.490,0.803,0.787,0.772,0.784,0.775,0.745,0.781,0.795,0.814,0.778,0.787,0.784,0.817,0.795,0.578,0.832,0.778,0.778,0.789,0.526,0.787,0.553,0.811,0.048,0.561,0.789,0.865,0.775,0.809,0.778,0.778,0.787,0.814,0.817,0.654,0.674,0.775,0.789,0.684,0.803,0.727,0.811,0.865,0.775,0.792,0.722,0.654,0.032,0.789,0.784,0.691,0.664,0.773,0.775,0.795,0.781,0.789,0.059,0.690,0.581,0.662,0.865,0.778,0.716,0.722,0.795,0.803,0.855,0.835,0.792,0.032,0.870,0.781,0.564,0.784,0.827,0.787,0.773,0.664,0.865,0.672,0.654,0.795,0.784
7PNB_U_2_NAG;0.720,0.022,0.872,0.789,0.022,0.759,0.731,0.832,0.845,0.772,0.000,0.877,0.811,0.821,0.813,0.840,0.811,0.867,0.016,0.768,0.840,0.842,0.753,0.845,0.795,0.840,0.000,0.867,0.761,0.736,0.740,0.782,0.761,0.776,0.774,0.867,0.808,0.772,0.813,0.761,0.803,0.837,0.727,0.792,0.852,0.840,0.847,0.059,0.761,0.766,0.850,0.755,0.808,0.867,0.776,0.832,0.827,0.845,0.783,0.738,0.725,0.813,0.852,0.725,0.755,0.759,0.763,0.811,0.784,0.869,0.725,0.869,0.776,0.774,0.757,0.845,0.847,0.805,0.808,0.840,0.797,0.751,0.847,0.753,0.824,0.832,0.813,0.837,0.750,0.840,0.786,0.847,0.813,0.774,0.850,0.811,0.847,0.783,0.780,0.872,0.744,0.011,0.829,0.738,0.808,0.824,0.832,0.842,0.761,0.795,0.729,0.829,0.834,0.753,0.749,0.852,0.832,0.789,0.784,0.781,0.733,0.821,0.747,0.865,0.869,0.829,0.847,0.872,0.776,0.867,0.834,0.772,0.808,0.869,0.784,0.808,0.869,0.850,0.824,0.847,0.850,0.811,0.850,0.751,0.808,0.834,0.837,0.805,0.808,0.774,0.772,0.845,0.778,0.792,0.722,0.808,0.792,0.764,0.834,0.867,0.797,0.852,0.811,0.022,0.761,0.834,0.749,0.795,0.827,0.778,0.789,0.813,0.022,0.816,0.808,0.727,0.811,0.865,0.872,0.842,0.847,0.811,0.872,0.867,0.749,0.832,0.811,0.808,0.805,0.764,0.850,0.747,0.867,0.780,0.755,0.847,0.837,0.827,0.867,0.808,0.832,0.824,0.869,0.872,0.776,0.740,0.805,0.821,0.733,0.789,0.753,0.869,0.845,0.832,0.819,0.755,0.768,0.778,0.850,0.813,0.757,0.761,0.824,0.824,0.795,0.832,0.845,0.776,0.735,0.749,0.780,0.842,0.808,0.750,0.763,0.869,0.783,0.845,0.834,0.842,0.778,0.850,0.827,0.755,0.808,0.829,0.827,0.821,0.784,0.850,0.736,0.782,0.865,0.821
7PNB_0_3_YZT;0.862,0.872,0.125,0.755,0.874,0.819,0.860,0.701,0.602,0.814,0.877,0.000,0.726,0.648,0.669,0.653,0.669,0.413,0.874,0.798,0.631,0.590,0.830,0.602,0.653,0.669,0.877,0.421,0.811,0.860,0.862,0.822,0.821,0.814,0.827,0.125,0.675,0.830,0.659,0.813,0.675,0.659,0.857,0.659,0.642,0.636,0.769,0.872,0.814,0.827,0.636,0.857,0.659,0.421,0.830,0.716,0.642,0.648,0.750,0.855,0.855,0.669,0.636,0.857,0.827,0.830,0.850,0.721,0.800,0.125,0.857,0.114,0.830,0.824,0.855,0.764,0.608,0.680,0.675,0.653,0.653,0.835,0.642,0.830,0.648,0.631,0.659,0.648,0.860,0.642,0.764,0.608,0.659,0.817,0.625,0.669,0.755,0.759,0.819,0.458,0.862,0.874,0.613,0.857,0.669,0.642,0.631,0.653,0.809,0.659,0.855,0.642,0.648,0.830,0.830,0.636,0.648,0.755,0.803,0.750,0.860,0.648,0.832,0.413,0.429,0.706,0.636,0.436,0.817,0.421,0.726,0.795,0.664,0.429,0.806,0.726,0.406,0.764,0.648,0.769,0.642,0.669,0.631,0.822,0.726,0.636,0.602,0.731,0.675,0.814,0.824,0.764,0.809,0.659,0.855,0.736,0.659,0.822,0.721,0.406,0.648,0.636,0.653,0.874,0.819,0.721,0.860,0.653,0.653,0.822,0.759,0.721,0.877,0.669,0.659,0.865,0.669,0.413,0.436,0.631,0.631,0.669,0.458,0.406,0.835,0.726,0.669,0.675,0.740,0.832,0.636,0.824,0.103,0.814,0.827,0.636,0.608,0.653,0.177,0.669,0.636,0.648,0.136,0.114,0.806,0.865,0.669,0.636,0.852,0.755,0.860,0.429,0.608,0.648,0.653,0.850,0.817,0.817,0.636,0.669,0.824,0.832,0.653,0.659,0.659,0.625,0.636,0.814,0.827,0.830,0.811,0.764,0.675,0.834,0.852,0.413,0.750,0.590,0.721,0.642,0.817,0.759,0.642,0.827,0.731,0.701,0.642,0.653,0.806,0.759,0.862,0.795,0.413,0.631
7PNB_z_4_BGC;0.803,0.808,0.726,0.664,0.808,0.800,0.800,0.726,0.680,0.789,0.811,0.726,0.000,0.690,0.648,0.690,0.659,0.690,0.808,0.800,0.696,0.685,0.798,0.675,0.701,0.685,0.811,0.701,0.803,0.792,0.798,0.789,0.797,0.792,0.809,0.721,0.608,0.803,0.685,0.805,0.664,0.680,0.798,0.701,0.701,0.701,0.769,0.808,0.806,0.800,0.696,0.795,0.680,0.690,0.781,0.726,0.664,0.696,0.659,0.795,0.806,0.659,0.706,0.800,0.795,0.795,0.803,0.012,0.811,0.726,0.800,0.716,0.792,0.809,0.795,0.769,0.690,0.642,0.608,0.680,0.701,0.795,0.701,0.817,0.690,0.706,0.690,0.711,0.800,0.685,0.675,0.696,0.685,0.792,0.690,0.608,0.773,0.659,0.811,0.706,0.792,0.808,0.690,0.789,0.602,0.696,0.701,0.696,0.798,0.701,0.798,0.690,0.675,0.800,0.809,0.706,0.664,0.664,0.811,0.659,0.792,0.675,0.814,0.690,0.701,0.716,0.696,0.706,0.792,0.721,0.721,0.817,0.680,0.701,0.811,0.036,0.696,0.769,0.680,0.769,0.706,0.613,0.701,0.814,0.024,0.685,0.680,0.047,0.642,0.787,0.795,0.773,0.814,0.701,0.809,0.036,0.701,0.798,0.711,0.696,0.701,0.706,0.680,0.811,0.795,0.726,0.798,0.701,0.690,0.803,0.669,0.036,0.811,0.653,0.680,0.803,0.642,0.690,0.706,0.696,0.690,0.659,0.716,0.696,0.809,0.716,0.613,0.608,0.047,0.798,0.696,0.811,0.726,0.792,0.814,0.696,0.696,0.685,0.736,0.602,0.685,0.690,0.721,0.731,0.809,0.798,0.675,0.696,0.789,0.664,0.798,0.701,0.690,0.664,0.690,0.800,0.800,0.792,0.696,0.648,0.795,0.798,0.685,0.680,0.706,0.701,0.690,0.792,0.795,0.814,0.814,0.773,0.608,0.778,0.803,0.696,0.653,0.675,0.726,0.685,0.792,0.778,0.685,0.814,0.047,0.726,0.696,0.685,0.811,0.773,0.789,0.809,0.690,0.696
7PNB_M_5_MAN;0.817,0.824,0.648,0.648,0.827,0.784,0.819,0.602,0.711,0.789,0.821,0.648,0.690,0.000,0.358,0.299,0.366,0.619,0.824,0.775,0.316,0.706,0.798,0.716,0.342,0.281,0.821,0.608,0.789,0.795,0.795,0.770,0.797,0.792,0.781,0.648,0.520,0.752,0.325,0.797,0.316,0.263,0.817,0.350,0.527,0.316,0.769,0.827,0.787,0.789,0.520,0.798,0.316,0.619,0.773,0.642,0.226,0.507,0.648,0.798,0.811,0.350,0.520,0.817,0.798,0.798,0.800,0.685,0.767,0.653,0.817,0.642,0.761,0.749,0.786,0.769,0.716,0.350,0.520,0.254,0.316,0.778,0.500,0.749,0.036,0.325,0.308,0.092,0.789,0.514,0.659,0.711,0.333,0.792,0.486,0.520,0.759,0.653,0.764,0.619,0.800,0.824,0.325,0.792,0.514,0.012,0.308,0.254,0.784,0.358,0.814,0.316,0.235,0.792,0.749,0.514,0.226,0.653,0.761,0.648,0.798,0.281,0.749,0.625,0.613,0.608,0.500,0.625,0.792,0.608,0.642,0.764,0.333,0.613,0.761,0.675,0.625,0.764,0.290,0.769,0.520,0.514,0.500,0.740,0.680,0.333,0.716,0.680,0.333,0.789,0.758,0.764,0.758,0.342,0.814,0.680,0.342,0.784,0.636,0.613,0.333,0.507,0.308,0.821,0.789,0.631,0.798,0.333,0.290,0.764,0.648,0.675,0.824,0.358,0.325,0.824,0.358,0.625,0.625,0.325,0.486,0.366,0.636,0.619,0.746,0.631,0.514,0.520,0.685,0.752,0.520,0.743,0.636,0.789,0.743,0.500,0.731,0.290,0.631,0.514,0.316,0.012,0.642,0.648,0.761,0.800,0.316,0.036,0.798,0.648,0.789,0.613,0.716,0.226,0.036,0.792,0.784,0.792,0.514,0.366,0.792,0.787,0.281,0.299,0.366,0.325,0.493,0.789,0.795,0.746,0.764,0.769,0.520,0.778,0.797,0.625,0.648,0.711,0.631,0.500,0.792,0.759,0.290,0.746,0.675,0.608,0.036,0.290,0.764,0.759,0.800,0.764,0.613,0.047
7PNB_c_6_MAN;0.822,0.816,0.653,0.648,0.821,0.787,0.822,0.625,0.706,0.784,0.813,0.669,0.648,0.358,0.000,0.406,0.047,0.659,0.813,0.778,0.429,0.701,0.787,0.706,0.443,0.406,0.813,0.625,0.792,0.789,0.798,0.761,0.789,0.784,0.767,0.664,0.514,0.749,0.350,0.797,0.350,0.390,0.822,0.451,0.553,0.443,0.750,0.821,0.789,0.781,0.546,0.800,0.342,0.659,0.773,0.653,0.374,0.514,0.648,0.787,0.817,0.036,0.540,0.824,0.784,0.789,0.797,0.642,0.764,0.669,0.824,0.653,0.758,0.749,0.795,0.750,0.711,0.059,0.514,0.382,0.436,0.773,0.507,0.767,0.366,0.429,0.358,0.358,0.792,0.514,0.659,0.711,0.342,0.787,0.514,0.507,0.745,0.653,0.752,0.636,0.798,0.813,0.421,0.792,0.514,0.350,0.421,0.398,0.789,0.458,0.822,0.382,0.366,0.784,0.764,0.540,0.374,0.653,0.761,0.648,0.787,0.413,0.767,0.659,0.619,0.631,0.507,0.636,0.787,0.631,0.653,0.758,0.350,0.619,0.752,0.631,0.653,0.745,0.406,0.750,0.546,0.514,0.533,0.755,0.648,0.443,0.711,0.648,0.059,0.784,0.758,0.750,0.752,0.458,0.822,0.642,0.458,0.775,0.636,0.659,0.436,0.540,0.350,0.816,0.789,0.653,0.800,0.451,0.429,0.761,0.653,0.631,0.816,0.012,0.333,0.830,0.036,0.659,0.636,0.436,0.507,0.047,0.653,0.659,0.764,0.653,0.514,0.514,0.648,0.752,0.546,0.758,0.642,0.778,0.758,0.507,0.726,0.413,0.648,0.514,0.429,0.366,0.653,0.664,0.761,0.795,0.366,0.342,0.787,0.648,0.798,0.619,0.716,0.374,0.366,0.797,0.787,0.787,0.546,0.024,0.784,0.778,0.406,0.421,0.465,0.436,0.500,0.778,0.758,0.761,0.752,0.755,0.514,0.786,0.800,0.664,0.648,0.701,0.653,0.507,0.787,0.745,0.406,0.755,0.636,0.625,0.366,0.406,0.755,0.745,0.795,0.752,0.664,0.358
7PNB_i_5_MAN;0.822,0.840,0.648,0.664,0.845,0.778,0.819,0.602,0.736,0.775,0.840,0.653,0.690,0.299,0.406,0.000,0.413,0.659,0.840,0.770,0.216,0.726,0.792,0.736,0.443,0.092,0.840,0.613,0.783,0.784,0.778,0.752,0.786,0.775,0.775,0.664,0.540,0.749,0.290,0.795,0.308,0.081,0.819,0.451,0.486,0.216,0.773,0.847,0.781,0.784,0.493,0.817,0.281,0.659,0.767,0.631,0.146,0.472,0.653,0.778,0.814,0.398,0.493,0.817,0.795,0.789,0.811,0.685,0.770,0.664,0.817,0.659,0.752,0.746,0.805,0.773,0.740,0.436,0.540,0.114,0.421,0.784,0.465,0.752,0.290,0.216,0.263,0.272,0.800,0.493,0.675,0.736,0.299,0.778,0.451,0.527,0.759,0.659,0.746,0.619,0.787,0.840,0.216,0.778,0.533,0.290,0.197,0.081,0.787,0.451,0.814,0.316,0.114,0.795,0.746,0.486,0.146,0.659,0.770,0.653,0.781,0.325,0.746,0.653,0.608,0.602,0.465,0.625,0.778,0.613,0.631,0.758,0.281,0.608,0.764,0.675,0.653,0.769,0.342,0.773,0.486,0.533,0.486,0.737,0.690,0.235,0.731,0.690,0.413,0.775,0.749,0.764,0.770,0.443,0.817,0.690,0.443,0.784,0.625,0.659,0.436,0.479,0.272,0.840,0.787,0.619,0.814,0.436,0.342,0.752,0.664,0.675,0.842,0.406,0.290,0.827,0.406,0.653,0.625,0.207,0.465,0.413,0.625,0.664,0.743,0.631,0.533,0.540,0.696,0.746,0.479,0.740,0.653,0.775,0.740,0.465,0.750,0.358,0.648,0.533,0.226,0.299,0.636,0.659,0.767,0.784,0.272,0.272,0.787,0.664,0.806,0.608,0.740,0.146,0.299,0.808,0.781,0.778,0.486,0.413,0.789,0.784,0.333,0.350,0.451,0.216,0.472,0.775,0.786,0.749,0.764,0.769,0.540,0.795,0.813,0.664,0.653,0.731,0.619,0.479,0.778,0.769,0.325,0.731,0.685,0.608,0.290,0.342,0.767,0.759,0.787,0.755,0.664,0.281
7PNB_N_6_MAN;0.824,0.813,0.653,0.659,0.819,0.784,0.824,0.625,0.711,0.784,0.811,0.669,0.659,0.366,0.047,0.413,0.000,0.659,0.811,0.778,0.436,0.706,0.787,0.711,0.443,0.413,0.811,0.625,0.789,0.792,0.798,0.767,0.786,0.784,0.764,0.664,0.520,0.752,0.358,0.797,0.358,0.398,0.824,0.451,0.546,0.443,0.755,0.819,0.787,0.781,0.540,0.806,0.350,0.659,0.778,0.653,0.382,0.514,0.659,0.787,0.819,0.036,0.533,0.827,0.784,0.789,0.805,0.653,0.758,0.669,0.827,0.653,0.761,0.752,0.797,0.755,0.716,0.081,0.520,0.390,0.436,0.773,0.507,0.767,0.374,0.429,0.366,0.366,0.792,0.514,0.669,0.716,0.350,0.787,0.514,0.514,0.745,0.664,0.755,0.636,0.798,0.811,0.436,0.792,0.520,0.358,0.429,0.406,0.789,0.458,0.824,0.374,0.374,0.778,0.767,0.533,0.382,0.664,0.761,0.659,0.789,0.413,0.767,0.659,0.619,0.631,0.507,0.636,0.787,0.631,0.653,0.758,0.358,0.619,0.758,0.653,0.653,0.750,0.398,0.755,0.540,0.520,0.533,0.758,0.659,0.458,0.716,0.669,0.081,0.784,0.761,0.750,0.758,0.458,0.824,0.664,0.458,0.770,0.636,0.659,0.436,0.540,0.358,0.813,0.787,0.653,0.809,0.451,0.421,0.767,0.664,0.653,0.813,0.036,0.342,0.832,0.081,0.659,0.636,0.443,0.507,0.000,0.653,0.659,0.764,0.653,0.520,0.520,0.669,0.755,0.540,0.761,0.642,0.778,0.761,0.507,0.731,0.406,0.648,0.520,0.443,0.374,0.653,0.664,0.758,0.795,0.374,0.350,0.787,0.659,0.803,0.619,0.721,0.382,0.374,0.803,0.784,0.787,0.546,0.024,0.784,0.778,0.398,0.413,0.465,0.451,0.500,0.778,0.761,0.764,0.758,0.755,0.520,0.786,0.805,0.664,0.659,0.706,0.653,0.507,0.787,0.745,0.398,0.758,0.659,0.625,0.374,0.398,0.761,0.745,0.795,0.752,0.664,0.366
7PNB_h_3_YZT;0.837,0.867,0.451,0.731,0.872,0.800,0.837,0.721,0.578,0.795,0.867,0.413,0.690,0.619,0.659,0.659,0.659,0.000,0.865,0.795,0.636,0.565,0.819,0.571,0.625,0.659,0.867,0.342,0.805,0.830,0.835,0.803,0.808,0.795,0.814,0.436,0.625,0.811,0.653,0.813,0.642,0.659,0.832,0.631,0.559,0.642,0.745,0.874,0.795,0.819,0.553,0.837,0.648,0.012,0.803,0.731,0.642,0.578,0.731,0.824,0.832,0.659,0.553,0.835,0.819,0.819,0.827,0.685,0.806,0.443,0.835,0.429,0.806,0.811,0.832,0.740,0.584,0.648,0.625,0.659,0.613,0.819,0.571,0.819,0.613,0.642,0.653,0.636,0.829,0.571,0.740,0.584,0.653,0.798,0.553,0.625,0.731,0.740,0.806,0.374,0.832,0.865,0.631,0.830,0.619,0.625,0.642,0.659,0.795,0.631,0.832,0.631,0.653,0.822,0.817,0.553,0.642,0.736,0.806,0.731,0.830,0.625,0.817,0.024,0.333,0.721,0.565,0.333,0.798,0.342,0.731,0.800,0.648,0.342,0.803,0.685,0.012,0.736,0.625,0.745,0.559,0.619,0.546,0.809,0.690,0.648,0.578,0.701,0.648,0.795,0.806,0.736,0.806,0.631,0.832,0.696,0.631,0.809,0.721,0.059,0.619,0.553,0.642,0.869,0.800,0.736,0.835,0.625,0.625,0.803,0.736,0.685,0.867,0.659,0.648,0.837,0.653,0.024,0.358,0.636,0.553,0.659,0.366,0.059,0.814,0.726,0.619,0.625,0.701,0.809,0.553,0.811,0.429,0.795,0.811,0.565,0.578,0.625,0.421,0.619,0.636,0.619,0.458,0.458,0.806,0.835,0.642,0.631,0.827,0.731,0.837,0.350,0.584,0.642,0.625,0.829,0.798,0.798,0.553,0.659,0.822,0.822,0.625,0.631,0.636,0.636,0.559,0.795,0.816,0.817,0.809,0.736,0.625,0.824,0.837,0.024,0.731,0.565,0.736,0.565,0.798,0.740,0.631,0.806,0.690,0.721,0.619,0.625,0.809,0.731,0.835,0.803,0.047,0.625
7PNB_e_2_NAG;0.720,0.016,0.869,0.789,0.016,0.759,0.731,0.834,0.845,0.772,0.016,0.874,0.808,0.824,0.813,0.840,0.811,0.865,0.000,0.768,0.842,0.842,0.751,0.845,0.795,0.842,0.016,0.865,0.761,0.733,0.738,0.782,0.761,0.776,0.772,0.865,0.811,0.772,0.816,0.761,0.805,0.840,0.727,0.792,0.852,0.842,0.850,0.064,0.761,0.764,0.850,0.757,0.811,0.865,0.776,0.837,0.829,0.845,0.783,0.736,0.725,0.813,0.852,0.725,0.753,0.757,0.763,0.808,0.782,0.867,0.725,0.867,0.776,0.774,0.759,0.847,0.847,0.805,0.811,0.842,0.797,0.749,0.847,0.751,0.827,0.837,0.816,0.840,0.753,0.840,0.786,0.847,0.816,0.774,0.850,0.813,0.850,0.783,0.780,0.869,0.742,0.005,0.834,0.736,0.811,0.827,0.834,0.845,0.761,0.795,0.729,0.834,0.837,0.751,0.747,0.852,0.834,0.789,0.782,0.781,0.731,0.827,0.744,0.862,0.867,0.834,0.847,0.869,0.776,0.865,0.840,0.772,0.811,0.867,0.782,0.805,0.867,0.852,0.829,0.850,0.850,0.813,0.850,0.749,0.808,0.840,0.837,0.805,0.808,0.774,0.772,0.847,0.780,0.792,0.722,0.808,0.792,0.761,0.840,0.865,0.797,0.852,0.813,0.027,0.761,0.840,0.751,0.795,0.832,0.778,0.789,0.811,0.016,0.816,0.811,0.727,0.811,0.862,0.869,0.845,0.847,0.811,0.869,0.865,0.747,0.837,0.813,0.811,0.805,0.764,0.850,0.744,0.865,0.780,0.753,0.847,0.837,0.832,0.865,0.811,0.837,0.827,0.867,0.869,0.774,0.738,0.808,0.824,0.731,0.789,0.755,0.867,0.845,0.834,0.821,0.757,0.768,0.778,0.850,0.813,0.755,0.759,0.829,0.829,0.795,0.837,0.845,0.776,0.733,0.747,0.782,0.845,0.811,0.753,0.765,0.867,0.783,0.845,0.840,0.842,0.778,0.852,0.832,0.753,0.808,0.832,0.829,0.827,0.782,0.852,0.733,0.780,0.862,0.824
7PNB_z_1_NAG;0.751,0.766,0.798,0.827,0.772,0.279,0.760,0.798,0.842,0.649,0.768,0.798,0.800,0.775,0.778,0.770,0.778,0.795,0.768,0.000,0.778,0.840,0.664,0.840,0.775,0.778,0.768,0.798,0.244,0.716,0.725,0.649,0.313,0.649,0.652,0.800,0.795,0.662,0.773,0.261,0.773,0.775,0.756,0.778,0.784,0.778,0.877,0.772,0.229,0.642,0.781,0.709,0.773,0.795,0.649,0.800,0.773,0.784,0.827,0.718,0.751,0.784,0.781,0.756,0.674,0.662,0.722,0.800,0.595,0.803,0.753,0.798,0.654,0.664,0.711,0.877,0.845,0.784,0.795,0.775,0.775,0.649,0.781,0.634,0.775,0.770,0.775,0.778,0.706,0.784,0.835,0.842,0.775,0.649,0.775,0.789,0.872,0.832,0.642,0.800,0.718,0.766,0.764,0.716,0.795,0.773,0.770,0.778,0.198,0.781,0.753,0.767,0.775,0.693,0.629,0.781,0.773,0.830,0.613,0.827,0.707,0.764,0.637,0.792,0.798,0.789,0.778,0.800,0.647,0.798,0.803,0.589,0.770,0.798,0.616,0.800,0.792,0.877,0.767,0.877,0.781,0.792,0.775,0.634,0.803,0.770,0.840,0.806,0.778,0.652,0.657,0.874,0.616,0.778,0.745,0.806,0.778,0.659,0.803,0.792,0.773,0.778,0.770,0.770,0.258,0.803,0.705,0.775,0.775,0.662,0.832,0.803,0.770,0.781,0.770,0.764,0.778,0.792,0.800,0.778,0.775,0.778,0.803,0.795,0.629,0.800,0.792,0.795,0.809,0.657,0.781,0.626,0.795,0.644,0.632,0.778,0.845,0.775,0.800,0.795,0.767,0.778,0.798,0.800,0.616,0.718,0.773,0.770,0.718,0.827,0.714,0.798,0.842,0.773,0.781,0.727,0.180,0.649,0.778,0.778,0.681,0.654,0.775,0.775,0.778,0.767,0.778,0.644,0.668,0.644,0.624,0.874,0.795,0.722,0.727,0.798,0.827,0.837,0.803,0.781,0.654,0.877,0.767,0.637,0.806,0.803,0.773,0.773,0.619,0.872,0.714,0.589,0.795,0.770
7PNB_O_6_MAN;0.811,0.842,0.636,0.631,0.845,0.792,0.814,0.608,0.745,0.778,0.840,0.631,0.696,0.316,0.429,0.216,0.436,0.636,0.842,0.778,0.000,0.736,0.803,0.745,0.443,0.207,0.840,0.596,0.797,0.784,0.784,0.752,0.797,0.778,0.789,0.642,0.559,0.746,0.366,0.800,0.382,0.207,0.809,0.451,0.458,0.081,0.764,0.847,0.792,0.795,0.465,0.817,0.350,0.636,0.767,0.631,0.226,0.443,0.631,0.787,0.809,0.413,0.458,0.811,0.806,0.800,0.803,0.690,0.775,0.642,0.811,0.648,0.755,0.743,0.805,0.764,0.750,0.451,0.559,0.216,0.421,0.792,0.436,0.764,0.325,0.103,0.333,0.290,0.803,0.451,0.642,0.745,0.374,0.781,0.421,0.546,0.755,0.636,0.743,0.608,0.789,0.842,0.103,0.781,0.553,0.308,0.103,0.177,0.789,0.451,0.809,0.281,0.216,0.789,0.764,0.451,0.226,0.636,0.773,0.631,0.787,0.308,0.764,0.636,0.590,0.608,0.436,0.596,0.781,0.590,0.631,0.767,0.374,0.590,0.770,0.685,0.631,0.759,0.308,0.764,0.458,0.553,0.465,0.755,0.690,0.125,0.740,0.696,0.436,0.778,0.749,0.759,0.767,0.443,0.811,0.690,0.443,0.792,0.625,0.631,0.436,0.458,0.342,0.840,0.795,0.625,0.814,0.436,0.299,0.752,0.631,0.680,0.842,0.421,0.358,0.817,0.429,0.636,0.596,0.024,0.436,0.436,0.613,0.636,0.761,0.631,0.553,0.559,0.696,0.749,0.458,0.758,0.636,0.773,0.758,0.436,0.759,0.325,0.625,0.553,0.136,0.308,0.631,0.648,0.773,0.789,0.358,0.316,0.789,0.631,0.811,0.590,0.750,0.226,0.308,0.805,0.792,0.781,0.472,0.429,0.798,0.792,0.299,0.316,0.458,0.081,0.443,0.773,0.783,0.761,0.767,0.764,0.559,0.795,0.811,0.642,0.631,0.740,0.625,0.451,0.781,0.755,0.290,0.749,0.685,0.608,0.308,0.299,0.773,0.755,0.789,0.758,0.636,0.299
7PNB_f_3_YZT;0.847,0.842,0.571,0.731,0.847,0.835,0.847,0.726,0.103,0.852,0.842,0.590,0.685,0.706,0.701,0.726,0.706,0.565,0.842,0.840,0.736,0.000,0.830,0.081,0.690,0.731,0.842,0.602,0.842,0.845,0.847,0.840,0.829,0.850,0.842,0.571,0.664,0.842,0.706,0.840,0.690,0.726,0.845,0.690,0.726,0.736,0.759,0.845,0.835,0.830,0.721,0.840,0.706,0.559,0.837,0.736,0.711,0.706,0.726,0.850,0.852,0.706,0.726,0.845,0.819,0.822,0.837,0.680,0.842,0.590,0.845,0.571,0.835,0.840,0.834,0.759,0.125,0.685,0.664,0.731,0.690,0.819,0.706,0.850,0.706,0.721,0.711,0.716,0.829,0.701,0.745,0.125,0.706,0.852,0.706,0.669,0.769,0.736,0.845,0.613,0.847,0.840,0.716,0.845,0.659,0.711,0.726,0.736,0.830,0.690,0.845,0.726,0.721,0.824,0.847,0.726,0.716,0.731,0.842,0.726,0.847,0.716,0.847,0.559,0.602,0.721,0.706,0.608,0.852,0.625,0.726,0.840,0.701,0.602,0.842,0.680,0.571,0.755,0.721,0.759,0.726,0.669,0.721,0.842,0.685,0.711,0.114,0.685,0.690,0.852,0.837,0.759,0.840,0.690,0.855,0.685,0.690,0.824,0.731,0.559,0.696,0.726,0.711,0.845,0.832,0.721,0.842,0.690,0.721,0.840,0.740,0.680,0.845,0.701,0.706,0.852,0.696,0.559,0.602,0.740,0.706,0.706,0.613,0.553,0.845,0.721,0.669,0.664,0.685,0.835,0.721,0.845,0.571,0.852,0.842,0.706,0.136,0.711,0.578,0.659,0.701,0.706,0.571,0.590,0.842,0.845,0.696,0.711,0.840,0.731,0.845,0.608,0.146,0.716,0.696,0.832,0.837,0.852,0.721,0.701,0.822,0.827,0.711,0.716,0.690,0.721,0.701,0.852,0.840,0.847,0.845,0.759,0.664,0.827,0.834,0.565,0.726,0.059,0.721,0.701,0.852,0.764,0.726,0.840,0.680,0.726,0.711,0.706,0.842,0.764,0.845,0.840,0.546,0.711
7PNB_S_1_NAG;0.734,0.751,0.832,0.789,0.753,0.672,0.749,0.798,0.832,0.679,0.753,0.830,0.798,0.798,0.787,0.792,0.787,0.819,0.751,0.664,0.803,0.830,0.000,0.827,0.789,0.800,0.753,0.819,0.671,0.644,0.657,0.679,0.681,0.676,0.605,0.824,0.789,0.686,0.789,0.681,0.784,0.795,0.745,0.789,0.803,0.803,0.862,0.751,0.664,0.229,0.800,0.698,0.784,0.819,0.667,0.803,0.789,0.798,0.781,0.637,0.743,0.789,0.803,0.749,0.119,0.069,0.697,0.795,0.532,0.827,0.743,0.827,0.674,0.681,0.695,0.862,0.837,0.784,0.789,0.798,0.789,0.291,0.798,0.657,0.798,0.800,0.792,0.806,0.688,0.798,0.792,0.835,0.789,0.679,0.795,0.789,0.860,0.781,0.674,0.817,0.647,0.751,0.789,0.644,0.789,0.798,0.798,0.800,0.662,0.792,0.747,0.809,0.792,0.263,0.652,0.800,0.795,0.787,0.561,0.773,0.629,0.803,0.647,0.819,0.819,0.795,0.795,0.814,0.676,0.819,0.806,0.532,0.784,0.819,0.558,0.800,0.819,0.862,0.809,0.862,0.803,0.792,0.795,0.644,0.795,0.792,0.830,0.798,0.784,0.676,0.679,0.860,0.573,0.789,0.740,0.798,0.789,0.143,0.806,0.817,0.789,0.798,0.784,0.753,0.674,0.800,0.691,0.789,0.811,0.676,0.792,0.795,0.751,0.789,0.784,0.753,0.781,0.819,0.814,0.798,0.792,0.787,0.814,0.819,0.657,0.800,0.792,0.789,0.798,0.669,0.800,0.644,0.827,0.681,0.644,0.795,0.837,0.811,0.830,0.789,0.789,0.800,0.832,0.827,0.547,0.649,0.787,0.798,0.657,0.789,0.674,0.819,0.835,0.795,0.798,0.695,0.662,0.681,0.798,0.787,0.109,0.202,0.809,0.811,0.795,0.792,0.792,0.674,0.722,0.659,0.573,0.860,0.789,0.685,0.702,0.822,0.775,0.830,0.806,0.792,0.684,0.862,0.809,0.657,0.795,0.798,0.798,0.811,0.567,0.860,0.637,0.517,0.817,0.803
7PNB_p_3_YZT;0.847,0.845,0.584,0.721,0.850,0.835,0.845,0.731,0.024,0.857,0.845,0.602,0.675,0.716,0.706,0.736,0.711,0.571,0.845,0.840,0.745,0.081,0.827,0.000,0.706,0.740,0.845,0.608,0.845,0.842,0.850,0.842,0.832,0.855,0.847,0.584,0.669,0.845,0.716,0.850,0.696,0.736,0.845,0.706,0.736,0.745,0.759,0.847,0.835,0.835,0.731,0.835,0.716,0.565,0.835,0.736,0.721,0.716,0.716,0.845,0.852,0.711,0.736,0.845,0.822,0.824,0.837,0.680,0.850,0.602,0.847,0.584,0.837,0.842,0.832,0.759,0.070,0.690,0.669,0.740,0.706,0.827,0.716,0.847,0.716,0.731,0.721,0.726,0.829,0.711,0.736,0.070,0.716,0.857,0.711,0.675,0.769,0.726,0.847,0.619,0.845,0.842,0.726,0.847,0.664,0.721,0.736,0.745,0.835,0.706,0.847,0.736,0.731,0.827,0.845,0.736,0.726,0.721,0.850,0.716,0.845,0.726,0.847,0.565,0.608,0.726,0.711,0.608,0.857,0.625,0.726,0.845,0.711,0.608,0.850,0.669,0.578,0.755,0.731,0.759,0.736,0.675,0.731,0.842,0.685,0.721,0.047,0.669,0.696,0.857,0.840,0.759,0.847,0.706,0.855,0.675,0.706,0.822,0.731,0.565,0.711,0.736,0.721,0.847,0.830,0.721,0.837,0.706,0.731,0.842,0.731,0.680,0.847,0.706,0.716,0.852,0.701,0.565,0.619,0.750,0.711,0.711,0.619,0.559,0.845,0.721,0.675,0.669,0.669,0.837,0.731,0.842,0.584,0.857,0.842,0.711,0.125,0.721,0.590,0.664,0.711,0.716,0.584,0.602,0.850,0.847,0.706,0.721,0.835,0.721,0.840,0.613,0.070,0.726,0.706,0.829,0.835,0.857,0.731,0.706,0.819,0.830,0.721,0.726,0.706,0.731,0.706,0.857,0.834,0.847,0.852,0.759,0.669,0.827,0.829,0.571,0.716,0.024,0.721,0.706,0.857,0.764,0.736,0.842,0.680,0.731,0.721,0.716,0.850,0.764,0.847,0.845,0.553,0.721
7PNB_m_5_MAN;0.814,0.795,0.653,0.613,0.797,0.775,0.817,0.664,0.711,0.789,0.795,0.653,0.701,0.342,0.443,0.443,0.443,0.625,0.795,0.775,0.443,0.690,0.789,0.706,0.000,0.451,0.795,0.631,0.786,0.787,0.789,0.764,0.786,0.789,0.789,0.642,0.553,0.752,0.443,0.783,0.421,0.451,0.814,0.012,0.514,0.451,0.773,0.795,0.781,0.784,0.507,0.778,0.436,0.625,0.764,0.675,0.421,0.533,0.602,0.795,0.809,0.436,0.514,0.814,0.787,0.789,0.781,0.696,0.761,0.648,0.817,0.653,0.752,0.749,0.775,0.773,0.716,0.421,0.553,0.443,0.036,0.773,0.527,0.764,0.333,0.436,0.443,0.358,0.778,0.533,0.625,0.711,0.436,0.792,0.520,0.553,0.769,0.608,0.752,0.636,0.798,0.795,0.421,0.789,0.553,0.350,0.421,0.436,0.775,0.024,0.814,0.413,0.429,0.781,0.758,0.507,0.421,0.608,0.755,0.602,0.792,0.358,0.758,0.631,0.636,0.664,0.527,0.636,0.792,0.625,0.685,0.761,0.436,0.636,0.761,0.685,0.631,0.769,0.374,0.773,0.507,0.553,0.493,0.752,0.690,0.443,0.711,0.685,0.429,0.789,0.758,0.764,0.752,0.024,0.811,0.696,0.024,0.781,0.680,0.613,0.012,0.500,0.429,0.792,0.784,0.675,0.781,0.012,0.390,0.761,0.619,0.690,0.795,0.443,0.429,0.822,0.443,0.631,0.636,0.451,0.514,0.443,0.636,0.619,0.755,0.675,0.553,0.553,0.696,0.749,0.507,0.755,0.653,0.789,0.752,0.527,0.716,0.390,0.631,0.553,0.421,0.350,0.653,0.659,0.758,0.795,0.436,0.350,0.787,0.613,0.784,0.636,0.716,0.421,0.333,0.772,0.787,0.792,0.500,0.451,0.789,0.784,0.374,0.390,0.036,0.429,0.520,0.789,0.803,0.761,0.758,0.769,0.553,0.763,0.775,0.631,0.602,0.701,0.675,0.527,0.792,0.759,0.390,0.743,0.690,0.669,0.350,0.374,0.752,0.769,0.798,0.767,0.608,0.366
7PNB_Y_5_MAN;0.827,0.842,0.664,0.659,0.845,0.792,0.830,0.596,0.740,0.778,0.840,0.669,0.685,0.281,0.406,0.092,0.413,0.659,0.842,0.778,0.207,0.731,0.800,0.740,0.451,0.000,0.840,0.625,0.797,0.789,0.789,0.761,0.800,0.778,0.787,0.675,0.553,0.755,0.281,0.808,0.299,0.024,0.824,0.458,0.486,0.187,0.769,0.847,0.792,0.792,0.493,0.814,0.272,0.659,0.773,0.619,0.092,0.465,0.659,0.784,0.824,0.398,0.486,0.827,0.803,0.798,0.811,0.680,0.775,0.675,0.827,0.675,0.758,0.755,0.803,0.769,0.745,0.436,0.553,0.036,0.429,0.789,0.458,0.755,0.272,0.207,0.254,0.254,0.800,0.479,0.669,0.745,0.290,0.781,0.443,0.540,0.759,0.664,0.758,0.636,0.792,0.842,0.235,0.784,0.546,0.272,0.197,0.036,0.798,0.458,0.824,0.325,0.059,0.800,0.755,0.479,0.070,0.664,0.773,0.659,0.787,0.342,0.755,0.659,0.619,0.596,0.458,0.636,0.781,0.631,0.619,0.770,0.272,0.619,0.767,0.669,0.653,0.764,0.350,0.769,0.486,0.553,0.486,0.746,0.675,0.254,0.740,0.675,0.413,0.778,0.758,0.764,0.770,0.451,0.827,0.675,0.451,0.795,0.613,0.659,0.443,0.479,0.263,0.840,0.798,0.608,0.811,0.443,0.350,0.761,0.659,0.669,0.842,0.406,0.281,0.832,0.406,0.659,0.636,0.197,0.458,0.413,0.653,0.664,0.752,0.619,0.553,0.553,0.680,0.755,0.479,0.749,0.669,0.778,0.749,0.458,0.759,0.350,0.664,0.546,0.245,0.281,0.653,0.669,0.773,0.789,0.263,0.263,0.798,0.659,0.809,0.619,0.750,0.070,0.281,0.805,0.787,0.781,0.493,0.413,0.795,0.789,0.325,0.342,0.465,0.235,0.465,0.778,0.789,0.752,0.764,0.769,0.553,0.792,0.811,0.664,0.659,0.736,0.608,0.472,0.781,0.769,0.333,0.740,0.669,0.596,0.272,0.333,0.770,0.759,0.792,0.764,0.664,0.263
7PNB_j_2_NAG;0.720,0.022,0.872,0.789,0.022,0.759,0.731,0.832,0.845,0.772,0.000,0.877,0.811,0.821,0.813,0.840,0.811,0.867,0.016,0.768,0.840,0.842,0.753,0.845,0.795,0.840,0.000,0.867,0.761,0.736,0.740,0.782,0.761,0.776,0.774,0.867,0.808,0.772,0.813,0.761,0.803,0.837,0.727,0.792,0.852,0.840,0.847,0.059,0.761,0.766,0.850,0.755,0.808,0.867,0.776,0.832,0.827,0.845,0.783,0.738,0.725,0.813,0.852,0.725,0.755,0.759,0.763,0.811,0.784,0.869,0.725,0.869,0.776,0.774,0.757,0.845,0.847,0.805,0.808,0.840,0.797,0.751,0.847,0.753,0.824,0.832,0.813,0.837,0.750,0.840,0.786,0.847,0.813,0.774,0.850,0.811,0.847,0.783,0.780,0.872,0.744,0.011,0.829,0.738,0.808,0.824,0.832,0.842,0.761,0.795,0.729,0.829,0.834,0.753,0.749,0.852,0.832,0.789,0.784,0.781,0.733,0.821,0.747,0.865,0.869,0.829,0.847,0.872,0.776,0.867,0.834,0.772,0.808,0.869,0.784,0.808,0.869,0.850,0.824,0.847,0.850,0.811,0.850,0.751,0.808,0.834,0.837,0.805,0.808,0.774,0.772,0.845,0.778,0.792,0.722,0.808,0.792,0.764,0.834,0.867,0.797,0.852,0.811,0.022,0.761,0.834,0.749,0.795,0.827,0.778,0.789,0.813,0.022,0.816,0.808,0.727,0.811,0.865,0.872,0.842,0.847,0.811,0.872,0.867,0.749,0.832,0.811,0.808,0.805,0.764,0.850,0.747,0.867,0.780,0.755,0.847,0.837,0.827,0.867,0.808,0.832,0.824,0.869,0.872,0.776,0.740,0.805,0.821,0.733,0.789,0.753,0.869,0.845,0.832,0.819,0.755,0.768,0.778,0.850,0.813,0.757,0.761,0.824,0.824,0.795,0.832,0.845,0.776,0.735,0.749,0.780,0.842,0.808,0.750,0.763,0.869,0.783,0.845,0.834,0.842,0.778,0.850,0.827,0.755,0.808,0.829,0.827,0.821,0.784,0.850,0.736,0.782,0.865,0.821
7PNB_s_3_YZT;0.855,0.865,0.451,0.726,0.869,0.811,0.852,0.690,0.608,0.817,0.867,0.421,0.701,0.608,0.625,0.613,0.625,0.342,0.865,0.798,0.596,0.602,0.819,0.608,0.631,0.625,0.867,0.000,0.816,0.837,0.842,0.803,0.821,0.817,0.819,0.436,0.631,0.806,0.619,0.821,0.631,0.619,0.850,0.636,0.565,0.608,0.721,0.872,0.806,0.822,0.559,0.850,0.613,0.350,0.811,0.701,0.596,0.565,0.726,0.830,0.845,0.625,0.559,0.850,0.822,0.819,0.842,0.696,0.806,0.465,0.850,0.451,0.811,0.809,0.842,0.716,0.619,0.625,0.631,0.613,0.619,0.822,0.559,0.824,0.602,0.602,0.619,0.608,0.834,0.559,0.736,0.613,0.619,0.819,0.540,0.619,0.706,0.736,0.809,0.081,0.837,0.865,0.590,0.832,0.625,0.602,0.602,0.608,0.811,0.636,0.847,0.619,0.602,0.830,0.822,0.559,0.602,0.731,0.806,0.726,0.835,0.625,0.822,0.342,0.059,0.690,0.553,0.081,0.819,0.114,0.706,0.792,0.625,0.047,0.803,0.690,0.333,0.711,0.625,0.721,0.565,0.625,0.553,0.814,0.701,0.596,0.608,0.706,0.619,0.817,0.809,0.711,0.806,0.636,0.850,0.706,0.636,0.814,0.701,0.358,0.625,0.559,0.608,0.867,0.817,0.711,0.847,0.631,0.631,0.811,0.731,0.696,0.867,0.625,0.613,0.855,0.619,0.342,0.092,0.596,0.540,0.625,0.146,0.374,0.819,0.701,0.625,0.631,0.711,0.806,0.559,0.817,0.451,0.814,0.817,0.553,0.631,0.631,0.429,0.625,0.596,0.608,0.443,0.458,0.806,0.840,0.625,0.596,0.835,0.726,0.845,0.036,0.613,0.602,0.608,0.842,0.814,0.819,0.559,0.625,0.819,0.819,0.631,0.636,0.636,0.596,0.546,0.814,0.803,0.822,0.806,0.711,0.631,0.834,0.845,0.358,0.726,0.596,0.711,0.553,0.819,0.706,0.625,0.806,0.701,0.690,0.596,0.631,0.806,0.706,0.837,0.798,0.358,0.590
7PNB_Q_1_NAG;0.747,0.759,0.808,0.829,0.765,0.126,0.753,0.811,0.850,0.649,0.761,0.811,0.803,0.789,0.792,0.783,0.789,0.805,0.761,0.244,0.797,0.842,0.671,0.845,0.786,0.797,0.761,0.816,0.000,0.718,0.729,0.661,0.138,0.646,0.664,0.811,0.800,0.666,0.781,0.124,0.781,0.795,0.749,0.789,0.797,0.795,0.879,0.761,0.141,0.651,0.795,0.713,0.781,0.805,0.656,0.816,0.792,0.795,0.827,0.720,0.744,0.795,0.795,0.749,0.678,0.671,0.717,0.803,0.594,0.811,0.747,0.808,0.661,0.666,0.708,0.879,0.850,0.795,0.800,0.795,0.781,0.661,0.792,0.631,0.789,0.786,0.786,0.795,0.704,0.795,0.837,0.847,0.783,0.649,0.797,0.800,0.874,0.832,0.651,0.819,0.722,0.759,0.781,0.716,0.800,0.789,0.786,0.797,0.141,0.792,0.747,0.781,0.795,0.697,0.623,0.797,0.792,0.829,0.618,0.827,0.716,0.781,0.636,0.803,0.816,0.803,0.795,0.816,0.646,0.813,0.813,0.599,0.778,0.816,0.626,0.803,0.805,0.879,0.783,0.879,0.795,0.797,0.792,0.626,0.805,0.789,0.847,0.808,0.792,0.649,0.661,0.877,0.626,0.789,0.740,0.805,0.789,0.656,0.811,0.803,0.783,0.795,0.783,0.763,0.126,0.819,0.709,0.786,0.789,0.666,0.834,0.805,0.761,0.792,0.778,0.757,0.792,0.803,0.816,0.795,0.797,0.789,0.816,0.805,0.628,0.813,0.797,0.800,0.808,0.659,0.795,0.615,0.805,0.651,0.633,0.795,0.847,0.786,0.808,0.800,0.786,0.792,0.813,0.811,0.618,0.722,0.781,0.786,0.720,0.829,0.711,0.816,0.850,0.792,0.797,0.724,0.273,0.646,0.792,0.789,0.685,0.664,0.789,0.789,0.789,0.783,0.795,0.649,0.675,0.636,0.636,0.877,0.800,0.715,0.724,0.803,0.827,0.842,0.816,0.797,0.651,0.879,0.783,0.631,0.805,0.816,0.789,0.786,0.626,0.874,0.713,0.594,0.805,0.786
7PNB_M_2_NAG;0.718,0.738,0.852,0.800,0.738,0.714,0.727,0.822,0.845,0.667,0.736,0.860,0.792,0.795,0.789,0.784,0.792,0.830,0.733,0.716,0.784,0.845,0.644,0.842,0.787,0.789,0.736,0.837,0.718,0.000,0.129,0.652,0.718,0.664,0.691,0.850,0.755,0.637,0.781,0.709,0.767,0.789,0.727,0.787,0.806,0.784,0.867,0.740,0.721,0.649,0.803,0.676,0.775,0.830,0.639,0.822,0.784,0.787,0.803,0.152,0.723,0.789,0.811,0.727,0.659,0.649,0.678,0.792,0.667,0.857,0.723,0.852,0.629,0.632,0.671,0.867,0.850,0.781,0.755,0.789,0.787,0.649,0.789,0.632,0.792,0.787,0.781,0.800,0.685,0.787,0.803,0.852,0.781,0.664,0.784,0.755,0.870,0.800,0.634,0.830,0.119,0.733,0.789,0.143,0.755,0.798,0.787,0.795,0.707,0.787,0.727,0.789,0.787,0.659,0.626,0.811,0.781,0.803,0.676,0.798,0.119,0.778,0.629,0.830,0.837,0.819,0.787,0.830,0.664,0.837,0.822,0.674,0.775,0.837,0.679,0.792,0.832,0.870,0.787,0.867,0.809,0.758,0.809,0.624,0.795,0.795,0.847,0.789,0.781,0.662,0.637,0.867,0.669,0.787,0.721,0.789,0.787,0.649,0.814,0.835,0.789,0.811,0.773,0.738,0.712,0.822,0.681,0.787,0.781,0.629,0.798,0.789,0.733,0.789,0.775,0.725,0.787,0.830,0.830,0.784,0.781,0.792,0.832,0.835,0.624,0.819,0.758,0.755,0.787,0.629,0.806,0.624,0.852,0.664,0.632,0.787,0.855,0.778,0.850,0.755,0.789,0.792,0.855,0.857,0.684,0.109,0.773,0.795,0.166,0.800,0.672,0.835,0.852,0.781,0.787,0.671,0.718,0.669,0.803,0.792,0.654,0.642,0.773,0.778,0.789,0.795,0.784,0.664,0.695,0.629,0.674,0.865,0.755,0.676,0.673,0.830,0.800,0.842,0.822,0.781,0.667,0.870,0.789,0.619,0.789,0.824,0.798,0.775,0.674,0.870,0.114,0.659,0.832,0.798
7PNB_R_2_NAG;0.729,0.742,0.857,0.806,0.742,0.725,0.732,0.817,0.852,0.667,0.740,0.862,0.798,0.795,0.798,0.778,0.798,0.835,0.738,0.725,0.784,0.847,0.657,0.850,0.789,0.789,0.740,0.842,0.729,0.129,0.000,0.647,0.727,0.664,0.695,0.855,0.755,0.629,0.789,0.722,0.778,0.789,0.732,0.789,0.811,0.784,0.870,0.742,0.727,0.657,0.809,0.688,0.781,0.835,0.634,0.819,0.784,0.781,0.803,0.162,0.732,0.795,0.811,0.732,0.674,0.662,0.683,0.798,0.674,0.865,0.725,0.857,0.619,0.629,0.678,0.870,0.852,0.792,0.755,0.789,0.787,0.657,0.784,0.629,0.792,0.787,0.781,0.800,0.690,0.781,0.811,0.855,0.787,0.664,0.781,0.755,0.870,0.800,0.632,0.835,0.143,0.738,0.784,0.119,0.755,0.798,0.787,0.795,0.718,0.789,0.729,0.789,0.787,0.672,0.626,0.811,0.781,0.803,0.686,0.798,0.124,0.781,0.626,0.835,0.842,0.817,0.784,0.835,0.664,0.842,0.822,0.686,0.784,0.842,0.691,0.798,0.837,0.872,0.787,0.870,0.814,0.758,0.809,0.626,0.800,0.789,0.855,0.798,0.789,0.662,0.632,0.870,0.679,0.789,0.732,0.795,0.789,0.659,0.814,0.840,0.789,0.811,0.778,0.742,0.721,0.822,0.688,0.789,0.784,0.624,0.806,0.792,0.738,0.795,0.784,0.732,0.795,0.835,0.835,0.784,0.778,0.798,0.832,0.840,0.621,0.819,0.758,0.755,0.795,0.624,0.811,0.626,0.857,0.664,0.634,0.784,0.860,0.781,0.855,0.755,0.784,0.792,0.857,0.862,0.698,0.094,0.778,0.795,0.152,0.806,0.684,0.840,0.860,0.781,0.789,0.676,0.725,0.669,0.809,0.798,0.664,0.649,0.775,0.781,0.792,0.789,0.781,0.664,0.702,0.629,0.686,0.867,0.755,0.681,0.685,0.835,0.800,0.850,0.822,0.778,0.667,0.872,0.789,0.619,0.795,0.819,0.798,0.778,0.686,0.870,0.119,0.679,0.837,0.798
7PNB_Y_2_NAG;0.732,0.784,0.819,0.803,0.786,0.644,0.745,0.814,0.842,0.467,0.782,0.822,0.789,0.770,0.761,0.752,0.767,0.803,0.782,0.649,0.752,0.840,0.679,0.842,0.764,0.761,0.782,0.803,0.661,0.652,0.647,0.000,0.661,0.458,0.679,0.819,0.758,0.189,0.761,0.654,0.755,0.758,0.736,0.767,0.795,0.764,0.870,0.786,0.662,0.674,0.792,0.712,0.758,0.803,0.069,0.817,0.755,0.767,0.800,0.652,0.736,0.761,0.787,0.740,0.676,0.684,0.697,0.789,0.672,0.819,0.738,0.822,0.119,0.162,0.699,0.870,0.845,0.767,0.758,0.761,0.758,0.686,0.764,0.499,0.764,0.758,0.758,0.761,0.692,0.764,0.809,0.842,0.764,0.471,0.764,0.758,0.867,0.809,0.162,0.798,0.657,0.782,0.749,0.654,0.758,0.767,0.761,0.758,0.652,0.767,0.738,0.767,0.758,0.674,0.483,0.787,0.758,0.800,0.676,0.803,0.647,0.773,0.499,0.803,0.800,0.814,0.767,0.798,0.474,0.806,0.817,0.659,0.755,0.800,0.679,0.781,0.800,0.867,0.767,0.870,0.792,0.755,0.787,0.496,0.787,0.749,0.840,0.784,0.764,0.471,0.143,0.870,0.676,0.767,0.732,0.781,0.767,0.659,0.811,0.806,0.761,0.789,0.755,0.786,0.647,0.817,0.705,0.764,0.770,0.114,0.806,0.784,0.780,0.758,0.755,0.747,0.761,0.803,0.798,0.758,0.764,0.767,0.795,0.803,0.483,0.817,0.755,0.758,0.784,0.202,0.792,0.483,0.817,0.474,0.493,0.767,0.847,0.773,0.814,0.758,0.746,0.767,0.817,0.822,0.684,0.649,0.752,0.764,0.657,0.803,0.707,0.798,0.845,0.758,0.767,0.695,0.629,0.467,0.795,0.761,0.688,0.672,0.773,0.775,0.770,0.755,0.767,0.464,0.699,0.483,0.679,0.872,0.758,0.692,0.699,0.806,0.806,0.840,0.819,0.770,0.461,0.872,0.767,0.480,0.781,0.811,0.764,0.770,0.681,0.867,0.657,0.664,0.809,0.761
7PNB_V_1_NAG;0.747,0.761,0.819,0.827,0.767,0.145,0.757,0.811,0.837,0.661,0.761,0.821,0.797,0.797,0.789,0.786,0.786,0.808,0.761,0.313,0.797,0.829,0.681,0.832,0.786,0.800,0.761,0.821,0.138,0.718,0.727,0.661,0.000,0.656,0.666,0.821,0.792,0.666,0.781,0.190,0.778,0.797,0.751,0.789,0.797,0.795,0.877,0.763,0.187,0.668,0.795,0.722,0.781,0.808,0.659,0.813,0.795,0.786,0.824,0.722,0.744,0.792,0.795,0.751,0.683,0.678,0.720,0.797,0.618,0.819,0.751,0.819,0.661,0.666,0.717,0.877,0.837,0.792,0.792,0.797,0.781,0.668,0.783,0.639,0.797,0.786,0.786,0.803,0.708,0.786,0.834,0.834,0.783,0.661,0.789,0.795,0.872,0.829,0.649,0.821,0.720,0.759,0.781,0.720,0.792,0.797,0.786,0.800,0.209,0.792,0.749,0.789,0.797,0.709,0.631,0.797,0.795,0.827,0.636,0.824,0.713,0.789,0.641,0.805,0.819,0.803,0.786,0.819,0.659,0.819,0.808,0.613,0.778,0.819,0.639,0.797,0.808,0.877,0.792,0.877,0.795,0.789,0.792,0.636,0.800,0.789,0.834,0.803,0.789,0.661,0.661,0.874,0.646,0.789,0.740,0.800,0.789,0.668,0.805,0.811,0.783,0.795,0.783,0.765,0.150,0.813,0.718,0.786,0.797,0.666,0.832,0.797,0.761,0.789,0.778,0.759,0.789,0.805,0.819,0.795,0.789,0.786,0.819,0.808,0.631,0.808,0.789,0.792,0.803,0.659,0.795,0.626,0.819,0.659,0.636,0.786,0.834,0.795,0.819,0.792,0.786,0.800,0.824,0.821,0.628,0.720,0.781,0.795,0.722,0.827,0.725,0.819,0.837,0.795,0.803,0.731,0.301,0.659,0.792,0.786,0.690,0.676,0.797,0.797,0.789,0.783,0.786,0.659,0.675,0.646,0.641,0.874,0.792,0.720,0.729,0.808,0.824,0.829,0.811,0.789,0.664,0.877,0.792,0.636,0.800,0.816,0.797,0.795,0.639,0.872,0.716,0.610,0.813,0.795
7PNB_h_2_NAG;0.736,0.776,0.814,0.803,0.776,0.649,0.747,0.830,0.857,0.048,0.776,0.814,0.792,0.792,0.784,0.775,0.784,0.795,0.776,0.649,0.778,0.850,0.676,0.855,0.789,0.778,0.776,0.817,0.646,0.664,0.664,0.458,0.656,0.000,0.676,0.817,0.778,0.505,0.781,0.651,0.775,0.778,0.738,0.792,0.789,0.778,0.865,0.780,0.649,0.664,0.787,0.732,0.778,0.795,0.464,0.830,0.775,0.795,0.803,0.672,0.738,0.784,0.792,0.738,0.674,0.674,0.718,0.789,0.649,0.817,0.736,0.814,0.493,0.493,0.725,0.865,0.862,0.784,0.778,0.778,0.789,0.662,0.792,0.581,0.789,0.781,0.778,0.792,0.716,0.792,0.806,0.862,0.784,0.043,0.787,0.778,0.862,0.803,0.477,0.817,0.674,0.776,0.778,0.669,0.778,0.792,0.784,0.784,0.639,0.792,0.736,0.778,0.778,0.679,0.570,0.792,0.775,0.803,0.664,0.800,0.667,0.778,0.573,0.795,0.814,0.827,0.789,0.814,0.038,0.817,0.832,0.652,0.775,0.814,0.667,0.792,0.795,0.867,0.778,0.865,0.792,0.778,0.792,0.558,0.789,0.781,0.855,0.795,0.787,0.043,0.496,0.865,0.667,0.792,0.732,0.789,0.792,0.649,0.827,0.792,0.787,0.795,0.775,0.776,0.649,0.832,0.725,0.792,0.775,0.483,0.803,0.789,0.776,0.784,0.775,0.743,0.781,0.795,0.814,0.778,0.787,0.784,0.817,0.795,0.581,0.832,0.778,0.778,0.792,0.508,0.787,0.553,0.811,0.074,0.564,0.789,0.862,0.775,0.809,0.778,0.778,0.789,0.814,0.817,0.657,0.672,0.775,0.792,0.684,0.803,0.732,0.811,0.862,0.775,0.792,0.725,0.649,0.016,0.789,0.784,0.688,0.659,0.773,0.775,0.795,0.781,0.789,0.064,0.683,0.578,0.667,0.862,0.778,0.718,0.725,0.795,0.803,0.852,0.835,0.792,0.027,0.867,0.781,0.561,0.787,0.830,0.789,0.773,0.669,0.862,0.669,0.649,0.795,0.787
7E6X_E_1_NAG;0.738,0.774,0.837,0.822,0.778,0.657,0.745,0.814,0.850,0.681,0.774,0.827,0.809,0.781,0.767,0.775,0.764,0.814,0.772,0.652,0.789,0.842,0.605,0.847,0.789,0.787,0.774,0.819,0.664,0.691,0.695,0.679,0.666,0.676,0.000,0.832,0.781,0.672,0.781,0.668,0.775,0.784,0.738,0.792,0.809,0.787,0.862,0.780,0.657,0.589,0.803,0.725,0.781,0.814,0.679,0.817,0.778,0.800,0.822,0.693,0.745,0.767,0.809,0.743,0.605,0.611,0.731,0.806,0.558,0.832,0.740,0.830,0.669,0.672,0.725,0.862,0.855,0.767,0.781,0.787,0.787,0.605,0.798,0.674,0.781,0.787,0.781,0.787,0.722,0.798,0.827,0.852,0.781,0.679,0.795,0.781,0.862,0.817,0.669,0.824,0.693,0.772,0.789,0.695,0.781,0.781,0.789,0.784,0.652,0.792,0.738,0.775,0.781,0.613,0.664,0.806,0.784,0.822,0.550,0.814,0.695,0.784,0.669,0.814,0.819,0.811,0.795,0.819,0.681,0.822,0.814,0.561,0.778,0.819,0.547,0.811,0.814,0.865,0.781,0.862,0.809,0.778,0.806,0.667,0.806,0.795,0.845,0.814,0.773,0.679,0.662,0.865,0.567,0.792,0.743,0.809,0.792,0.600,0.809,0.817,0.787,0.809,0.781,0.776,0.659,0.809,0.729,0.792,0.778,0.674,0.824,0.806,0.774,0.764,0.781,0.745,0.764,0.814,0.819,0.787,0.792,0.764,0.824,0.817,0.669,0.809,0.778,0.781,0.811,0.664,0.806,0.664,0.830,0.681,0.674,0.795,0.850,0.784,0.837,0.781,0.792,0.778,0.835,0.835,0.558,0.698,0.778,0.781,0.693,0.822,0.723,0.819,0.852,0.784,0.778,0.736,0.662,0.684,0.809,0.761,0.613,0.589,0.778,0.784,0.795,0.792,0.792,0.672,0.695,0.672,0.570,0.862,0.781,0.736,0.749,0.817,0.814,0.845,0.811,0.795,0.679,0.867,0.784,0.669,0.806,0.811,0.781,0.778,0.561,0.862,0.698,0.550,0.819,0.775
7PNB_R_3_YZT;0.857,0.862,0.047,0.750,0.865,0.822,0.852,0.706,0.584,0.817,0.867,0.125,0.721,0.648,0.664,0.664,0.664,0.436,0.865,0.800,0.642,0.571,0.824,0.584,0.642,0.675,0.867,0.436,0.811,0.850,0.855,0.819,0.821,0.817,0.832,0.000,0.664,0.824,0.653,0.808,0.664,0.664,0.852,0.648,0.653,0.648,0.764,0.862,0.814,0.822,0.648,0.852,0.653,0.436,0.824,0.716,0.642,0.659,0.740,0.845,0.850,0.664,0.648,0.852,0.822,0.824,0.850,0.716,0.795,0.070,0.852,0.059,0.824,0.819,0.847,0.759,0.590,0.669,0.664,0.659,0.642,0.827,0.653,0.827,0.648,0.642,0.659,0.653,0.852,0.653,0.759,0.590,0.653,0.819,0.636,0.659,0.750,0.755,0.817,0.465,0.852,0.865,0.625,0.847,0.659,0.642,0.642,0.659,0.811,0.648,0.850,0.648,0.648,0.827,0.827,0.648,0.648,0.750,0.792,0.740,0.850,0.648,0.830,0.429,0.451,0.711,0.648,0.451,0.819,0.429,0.726,0.789,0.659,0.451,0.798,0.721,0.429,0.759,0.648,0.764,0.653,0.659,0.642,0.819,0.716,0.648,0.584,0.721,0.664,0.817,0.819,0.759,0.795,0.648,0.850,0.721,0.648,0.822,0.731,0.421,0.636,0.648,0.648,0.865,0.822,0.721,0.857,0.642,0.653,0.819,0.755,0.716,0.867,0.664,0.653,0.860,0.664,0.429,0.451,0.642,0.636,0.664,0.465,0.421,0.832,0.721,0.659,0.664,0.726,0.827,0.648,0.822,0.114,0.817,0.824,0.648,0.602,0.653,0.092,0.659,0.648,0.648,0.081,0.059,0.795,0.855,0.659,0.636,0.842,0.750,0.852,0.451,0.590,0.648,0.653,0.845,0.822,0.819,0.648,0.664,0.819,0.827,0.653,0.659,0.648,0.636,0.642,0.817,0.832,0.827,0.800,0.759,0.664,0.829,0.845,0.429,0.745,0.571,0.721,0.648,0.819,0.755,0.648,0.822,0.716,0.706,0.642,0.653,0.792,0.755,0.852,0.792,0.429,0.636
7PNB_N_4_BGC;0.819,0.811,0.653,0.653,0.816,0.787,0.822,0.648,0.669,0.778,0.808,0.675,0.608,0.520,0.514,0.540,0.520,0.625,0.811,0.795,0.559,0.664,0.789,0.669,0.553,0.553,0.808,0.631,0.800,0.755,0.755,0.758,0.792,0.778,0.781,0.664,0.000,0.755,0.527,0.803,0.493,0.540,0.819,0.559,0.578,0.559,0.755,0.813,0.795,0.798,0.571,0.819,0.514,0.625,0.764,0.675,0.520,0.500,0.648,0.746,0.817,0.507,0.571,0.819,0.789,0.795,0.811,0.602,0.775,0.675,0.814,0.653,0.749,0.749,0.805,0.755,0.680,0.507,0.000,0.546,0.546,0.787,0.493,0.749,0.514,0.546,0.527,0.546,0.808,0.507,0.664,0.680,0.520,0.781,0.486,0.024,0.745,0.659,0.752,0.619,0.755,0.808,0.546,0.749,0.012,0.527,0.553,0.559,0.789,0.559,0.817,0.578,0.533,0.781,0.749,0.571,0.527,0.653,0.773,0.653,0.749,0.559,0.743,0.631,0.631,0.648,0.486,0.625,0.781,0.625,0.675,0.781,0.507,0.631,0.775,0.602,0.631,0.750,0.565,0.755,0.578,0.012,0.565,0.740,0.608,0.571,0.669,0.608,0.507,0.778,0.758,0.750,0.773,0.565,0.822,0.602,0.565,0.784,0.664,0.636,0.546,0.571,0.507,0.813,0.784,0.669,0.817,0.559,0.565,0.746,0.653,0.596,0.813,0.507,0.507,0.817,0.500,0.631,0.625,0.553,0.472,0.520,0.625,0.631,0.746,0.669,0.012,0.000,0.608,0.746,0.571,0.743,0.653,0.778,0.740,0.486,0.690,0.546,0.659,0.012,0.559,0.520,0.653,0.664,0.773,0.755,0.507,0.527,0.743,0.653,0.809,0.625,0.675,0.527,0.520,0.805,0.795,0.781,0.571,0.514,0.787,0.795,0.546,0.553,0.565,0.565,0.479,0.778,0.795,0.746,0.778,0.755,0.000,0.797,0.811,0.631,0.653,0.664,0.675,0.486,0.781,0.755,0.578,0.743,0.596,0.653,0.527,0.553,0.773,0.745,0.755,0.778,0.636,0.540
7PNB_J_2_NAG;0.732,0.774,0.824,0.811,0.776,0.654,0.745,0.809,0.842,0.523,0.772,0.830,0.803,0.752,0.749,0.749,0.752,0.811,0.772,0.662,0.746,0.842,0.686,0.845,0.752,0.755,0.772,0.806,0.666,0.637,0.629,0.189,0.666,0.505,0.672,0.824,0.755,0.000,0.746,0.664,0.746,0.755,0.738,0.755,0.778,0.749,0.872,0.776,0.669,0.674,0.773,0.705,0.746,0.811,0.211,0.819,0.746,0.758,0.811,0.634,0.734,0.749,0.767,0.740,0.684,0.691,0.692,0.803,0.662,0.827,0.738,0.824,0.119,0.059,0.690,0.872,0.845,0.752,0.755,0.749,0.746,0.681,0.755,0.514,0.746,0.743,0.743,0.746,0.685,0.755,0.817,0.842,0.749,0.523,0.755,0.758,0.870,0.819,0.152,0.798,0.639,0.772,0.743,0.637,0.755,0.752,0.743,0.749,0.659,0.755,0.738,0.749,0.746,0.681,0.496,0.767,0.743,0.811,0.672,0.814,0.632,0.746,0.520,0.811,0.803,0.814,0.758,0.800,0.526,0.800,0.817,0.642,0.746,0.803,0.672,0.798,0.811,0.870,0.749,0.872,0.773,0.752,0.764,0.514,0.800,0.743,0.842,0.800,0.749,0.520,0.104,0.872,0.667,0.755,0.729,0.798,0.755,0.662,0.814,0.814,0.749,0.767,0.743,0.776,0.652,0.811,0.691,0.752,0.752,0.129,0.817,0.800,0.770,0.746,0.743,0.749,0.749,0.811,0.800,0.752,0.752,0.752,0.798,0.811,0.499,0.814,0.752,0.755,0.800,0.074,0.781,0.502,0.822,0.526,0.517,0.758,0.850,0.755,0.819,0.755,0.740,0.749,0.822,0.827,0.679,0.632,0.743,0.749,0.644,0.811,0.695,0.800,0.845,0.743,0.749,0.690,0.639,0.514,0.775,0.746,0.695,0.672,0.755,0.758,0.758,0.749,0.755,0.517,0.690,0.502,0.672,0.874,0.755,0.685,0.695,0.814,0.817,0.842,0.814,0.758,0.514,0.870,0.749,0.493,0.798,0.809,0.749,0.749,0.674,0.870,0.642,0.649,0.817,0.749
7PNB_L_6_MAN;0.809,0.819,0.648,0.648,0.821,0.781,0.814,0.596,0.716,0.781,0.813,0.659,0.685,0.325,0.350,0.290,0.358,0.653,0.816,0.773,0.366,0.706,0.789,0.716,0.443,0.281,0.813,0.619,0.781,0.781,0.789,0.761,0.781,0.781,0.781,0.653,0.527,0.746,0.000,0.797,0.092,0.263,0.809,0.451,0.493,0.333,0.773,0.824,0.784,0.781,0.486,0.811,0.036,0.653,0.767,0.636,0.226,0.465,0.653,0.775,0.806,0.350,0.493,0.811,0.792,0.789,0.805,0.680,0.773,0.659,0.811,0.653,0.758,0.746,0.800,0.773,0.721,0.374,0.527,0.254,0.421,0.775,0.458,0.755,0.325,0.316,0.047,0.333,0.795,0.465,0.664,0.721,0.024,0.784,0.458,0.520,0.759,0.664,0.746,0.631,0.784,0.816,0.333,0.781,0.520,0.316,0.308,0.272,0.792,0.451,0.809,0.390,0.235,0.792,0.749,0.486,0.226,0.653,0.770,0.659,0.778,0.406,0.752,0.653,0.619,0.602,0.458,0.631,0.784,0.625,0.631,0.764,0.036,0.619,0.764,0.669,0.648,0.769,0.398,0.773,0.486,0.527,0.479,0.740,0.675,0.358,0.716,0.675,0.358,0.781,0.755,0.764,0.761,0.443,0.809,0.675,0.443,0.778,0.625,0.664,0.436,0.486,0.047,0.816,0.778,0.619,0.809,0.436,0.413,0.761,0.659,0.669,0.816,0.350,0.036,0.817,0.342,0.653,0.631,0.358,0.458,0.358,0.642,0.659,0.749,0.619,0.527,0.527,0.680,0.746,0.486,0.743,0.653,0.781,0.746,0.458,0.736,0.366,0.642,0.520,0.350,0.325,0.642,0.653,0.770,0.781,0.059,0.308,0.789,0.648,0.800,0.619,0.726,0.226,0.325,0.803,0.773,0.784,0.486,0.358,0.789,0.775,0.390,0.390,0.458,0.358,0.451,0.781,0.783,0.752,0.761,0.769,0.527,0.786,0.808,0.653,0.659,0.711,0.619,0.458,0.784,0.759,0.382,0.740,0.669,0.596,0.325,0.382,0.767,0.759,0.787,0.764,0.669,0.316
7PNB_L_1_NAG;0.736,0.759,0.805,0.834,0.763,0.214,0.742,0.824,0.855,0.656,0.761,0.813,0.805,0.797,0.797,0.795,0.797,0.813,0.761,0.261,0.800,0.840,0.681,0.850,0.783,0.808,0.761,0.821,0.124,0.709,0.722,0.654,0.190,0.651,0.668,0.808,0.803,0.664,0.797,0.000,0.797,0.805,0.738,0.786,0.800,0.803,0.891,0.759,0.222,0.659,0.797,0.709,0.797,0.813,0.654,0.827,0.803,0.800,0.832,0.716,0.733,0.803,0.797,0.738,0.683,0.681,0.713,0.803,0.572,0.811,0.736,0.805,0.661,0.661,0.708,0.891,0.857,0.803,0.803,0.805,0.783,0.656,0.797,0.644,0.797,0.795,0.803,0.800,0.701,0.800,0.842,0.855,0.800,0.656,0.797,0.797,0.886,0.837,0.644,0.824,0.718,0.759,0.783,0.711,0.803,0.795,0.795,0.808,0.131,0.789,0.736,0.786,0.805,0.697,0.628,0.800,0.803,0.834,0.594,0.832,0.706,0.783,0.649,0.811,0.821,0.816,0.800,0.821,0.654,0.819,0.829,0.575,0.795,0.821,0.602,0.808,0.811,0.891,0.783,0.891,0.797,0.800,0.795,0.633,0.805,0.792,0.852,0.811,0.797,0.656,0.659,0.888,0.602,0.786,0.729,0.811,0.786,0.676,0.827,0.811,0.781,0.797,0.795,0.763,0.187,0.832,0.706,0.783,0.792,0.664,0.840,0.805,0.761,0.800,0.795,0.747,0.800,0.811,0.821,0.803,0.797,0.797,0.821,0.813,0.633,0.829,0.800,0.803,0.813,0.656,0.797,0.620,0.803,0.649,0.636,0.800,0.850,0.789,0.811,0.803,0.789,0.800,0.811,0.808,0.594,0.716,0.797,0.792,0.713,0.834,0.713,0.821,0.857,0.803,0.805,0.722,0.309,0.654,0.795,0.797,0.695,0.668,0.792,0.792,0.786,0.786,0.800,0.646,0.680,0.641,0.610,0.888,0.803,0.717,0.717,0.811,0.832,0.847,0.832,0.803,0.659,0.891,0.783,0.633,0.808,0.829,0.795,0.789,0.599,0.886,0.709,0.569,0.813,0.792
7PNB_Q_6_MAN;0.803,0.808,0.664,0.642,0.811,0.778,0.806,0.613,0.696,0.775,0.803,0.675,0.664,0.316,0.350,0.308,0.358,0.642,0.805,0.773,0.382,0.690,0.784,0.696,0.421,0.299,0.803,0.631,0.781,0.767,0.778,0.755,0.778,0.775,0.775,0.664,0.493,0.746,0.092,0.797,0.000,0.281,0.803,0.429,0.533,0.350,0.759,0.813,0.781,0.778,0.527,0.803,0.103,0.642,0.758,0.653,0.263,0.500,0.648,0.764,0.800,0.350,0.540,0.806,0.789,0.784,0.800,0.659,0.775,0.675,0.809,0.664,0.749,0.743,0.792,0.759,0.701,0.342,0.493,0.290,0.406,0.770,0.493,0.743,0.316,0.350,0.114,0.358,0.789,0.500,0.653,0.701,0.092,0.778,0.500,0.493,0.750,0.653,0.752,0.642,0.775,0.805,0.366,0.773,0.493,0.325,0.342,0.308,0.789,0.429,0.806,0.436,0.272,0.787,0.737,0.533,0.263,0.648,0.770,0.648,0.770,0.413,0.740,0.642,0.636,0.619,0.493,0.642,0.778,0.636,0.648,0.767,0.059,0.636,0.767,0.648,0.648,0.755,0.429,0.759,0.533,0.493,0.527,0.728,0.653,0.390,0.696,0.648,0.333,0.775,0.746,0.750,0.761,0.436,0.803,0.653,0.436,0.775,0.636,0.659,0.421,0.533,0.114,0.805,0.775,0.636,0.800,0.413,0.413,0.752,0.642,0.648,0.805,0.350,0.081,0.811,0.342,0.642,0.642,0.374,0.493,0.358,0.659,0.653,0.737,0.636,0.493,0.493,0.653,0.740,0.527,0.731,0.669,0.773,0.734,0.493,0.721,0.374,0.653,0.493,0.382,0.316,0.659,0.669,0.767,0.773,0.081,0.316,0.775,0.642,0.795,0.636,0.706,0.263,0.308,0.797,0.770,0.778,0.527,0.358,0.784,0.773,0.390,0.398,0.436,0.390,0.486,0.773,0.781,0.740,0.764,0.755,0.493,0.781,0.800,0.642,0.648,0.690,0.636,0.493,0.778,0.755,0.429,0.728,0.648,0.613,0.333,0.398,0.767,0.750,0.778,0.767,0.659,0.325
7PNB_d_5_MAN;0.822,0.840,0.653,0.653,0.842,0.787,0.824,0.584,0.736,0.778,0.837,0.659,0.680,0.263,0.390,0.081,0.398,0.659,0.840,0.775,0.207,0.726,0.795,0.736,0.451,0.024,0.837,0.619,0.795,0.789,0.789,0.758,0.797,0.778,0.784,0.664,0.540,0.755,0.263,0.805,0.281,0.000,0.819,0.458,0.486,0.207,0.764,0.845,0.789,0.787,0.493,0.814,0.254,0.659,0.773,0.613,0.070,0.465,0.653,0.784,0.819,0.382,0.486,0.822,0.798,0.792,0.811,0.675,0.773,0.664,0.822,0.664,0.758,0.752,0.803,0.764,0.740,0.421,0.540,0.036,0.429,0.784,0.458,0.749,0.254,0.207,0.235,0.245,0.800,0.479,0.664,0.740,0.272,0.781,0.443,0.527,0.755,0.659,0.755,0.631,0.792,0.840,0.226,0.784,0.533,0.254,0.197,0.036,0.795,0.458,0.819,0.325,0.036,0.795,0.749,0.479,0.070,0.659,0.770,0.653,0.787,0.342,0.749,0.659,0.613,0.584,0.458,0.631,0.781,0.625,0.613,0.767,0.254,0.613,0.764,0.664,0.653,0.759,0.350,0.764,0.486,0.540,0.486,0.740,0.669,0.254,0.736,0.669,0.398,0.778,0.755,0.759,0.767,0.451,0.822,0.669,0.451,0.789,0.608,0.659,0.443,0.479,0.245,0.837,0.795,0.602,0.811,0.443,0.350,0.758,0.653,0.664,0.840,0.390,0.263,0.827,0.390,0.659,0.631,0.197,0.458,0.398,0.648,0.664,0.746,0.613,0.540,0.540,0.675,0.752,0.479,0.743,0.659,0.778,0.743,0.458,0.755,0.350,0.653,0.533,0.245,0.263,0.642,0.659,0.770,0.789,0.245,0.245,0.798,0.653,0.809,0.613,0.745,0.070,0.263,0.805,0.784,0.781,0.493,0.398,0.789,0.784,0.325,0.342,0.465,0.235,0.465,0.778,0.786,0.746,0.761,0.764,0.540,0.789,0.811,0.664,0.653,0.731,0.602,0.472,0.781,0.764,0.333,0.737,0.664,0.584,0.254,0.333,0.767,0.755,0.792,0.761,0.664,0.245
7PNB_K_1_NAG;0.079,0.729,0.857,0.789,0.729,0.743,0.079,0.847,0.845,0.743,0.727,0.857,0.798,0.817,0.822,0.819,0.824,0.832,0.727,0.756,0.809,0.845,0.745,0.845,0.814,0.824,0.727,0.850,0.749,0.727,0.732,0.736,0.751,0.738,0.738,0.852,0.819,0.738,0.809,0.738,0.803,0.819,0.000,0.814,0.840,0.817,0.860,0.729,0.760,0.721,0.837,0.753,0.806,0.832,0.729,0.847,0.814,0.832,0.789,0.725,0.099,0.822,0.840,0.027,0.747,0.740,0.740,0.800,0.718,0.855,0.032,0.855,0.736,0.734,0.744,0.860,0.845,0.817,0.819,0.822,0.817,0.734,0.832,0.723,0.811,0.814,0.806,0.822,0.738,0.827,0.795,0.842,0.809,0.743,0.832,0.819,0.862,0.792,0.732,0.852,0.729,0.727,0.809,0.729,0.819,0.819,0.811,0.824,0.740,0.814,0.043,0.822,0.817,0.743,0.723,0.842,0.817,0.792,0.716,0.789,0.729,0.814,0.725,0.832,0.850,0.845,0.835,0.847,0.743,0.852,0.850,0.721,0.806,0.850,0.714,0.800,0.835,0.862,0.817,0.860,0.840,0.822,0.840,0.729,0.803,0.814,0.842,0.798,0.819,0.738,0.729,0.860,0.718,0.814,0.079,0.798,0.814,0.723,0.850,0.835,0.817,0.842,0.803,0.729,0.747,0.850,0.756,0.814,0.814,0.740,0.795,0.800,0.727,0.822,0.806,0.084,0.817,0.832,0.847,0.811,0.830,0.824,0.852,0.835,0.721,0.847,0.822,0.819,0.795,0.727,0.840,0.721,0.855,0.747,0.727,0.835,0.845,0.814,0.855,0.819,0.809,0.814,0.857,0.860,0.725,0.732,0.798,0.819,0.732,0.789,0.736,0.850,0.845,0.817,0.809,0.749,0.751,0.743,0.837,0.822,0.747,0.721,0.817,0.817,0.817,0.814,0.832,0.745,0.742,0.716,0.721,0.857,0.819,0.751,0.757,0.835,0.789,0.845,0.850,0.832,0.740,0.862,0.819,0.723,0.800,0.847,0.814,0.811,0.723,0.862,0.732,0.718,0.832,0.814
7PNB_1_5_MAN;0.811,0.792,0.659,0.613,0.795,0.778,0.817,0.669,0.711,0.792,0.792,0.659,0.701,0.350,0.451,0.451,0.451,0.631,0.792,0.778,0.451,0.690,0.789,0.706,0.012,0.458,0.792,0.636,0.789,0.787,0.789,0.767,0.789,0.792,0.792,0.648,0.559,0.755,0.451,0.786,0.429,0.458,0.814,0.000,0.520,0.458,0.778,0.792,0.784,0.784,0.514,0.778,0.443,0.631,0.764,0.680,0.429,0.540,0.602,0.795,0.809,0.443,0.520,0.814,0.787,0.789,0.781,0.696,0.764,0.653,0.817,0.659,0.755,0.752,0.775,0.778,0.716,0.429,0.559,0.451,0.047,0.773,0.533,0.767,0.342,0.443,0.451,0.366,0.778,0.540,0.619,0.711,0.443,0.795,0.527,0.559,0.773,0.608,0.755,0.642,0.798,0.792,0.429,0.789,0.559,0.358,0.429,0.443,0.778,0.012,0.814,0.421,0.436,0.781,0.761,0.514,0.429,0.608,0.758,0.602,0.792,0.366,0.761,0.636,0.642,0.669,0.533,0.642,0.795,0.631,0.690,0.764,0.443,0.642,0.764,0.685,0.636,0.773,0.382,0.778,0.514,0.559,0.500,0.755,0.690,0.451,0.706,0.685,0.436,0.792,0.761,0.769,0.755,0.012,0.809,0.696,0.012,0.781,0.685,0.619,0.024,0.507,0.436,0.789,0.787,0.680,0.781,0.024,0.398,0.764,0.613,0.690,0.792,0.451,0.436,0.819,0.451,0.636,0.642,0.458,0.520,0.451,0.642,0.625,0.758,0.680,0.559,0.559,0.696,0.752,0.514,0.758,0.659,0.792,0.755,0.533,0.711,0.398,0.636,0.559,0.429,0.358,0.659,0.664,0.761,0.795,0.443,0.358,0.787,0.613,0.784,0.642,0.716,0.429,0.342,0.772,0.789,0.795,0.507,0.458,0.789,0.784,0.382,0.398,0.024,0.436,0.527,0.792,0.805,0.764,0.761,0.773,0.559,0.763,0.775,0.636,0.602,0.701,0.680,0.533,0.795,0.764,0.398,0.746,0.690,0.675,0.358,0.382,0.755,0.773,0.798,0.770,0.613,0.374
7PNB_O_4_BGC;0.842,0.852,0.653,0.701,0.855,0.789,0.845,0.602,0.745,0.789,0.852,0.642,0.701,0.527,0.553,0.486,0.546,0.559,0.852,0.784,0.458,0.726,0.803,0.736,0.514,0.486,0.852,0.565,0.797,0.806,0.811,0.795,0.797,0.789,0.809,0.653,0.578,0.778,0.493,0.800,0.533,0.486,0.840,0.520,0.000,0.465,0.813,0.857,0.787,0.803,0.024,0.811,0.500,0.559,0.803,0.631,0.493,0.272,0.706,0.803,0.837,0.540,0.070,0.842,0.803,0.803,0.808,0.696,0.758,0.659,0.842,0.664,0.795,0.784,0.805,0.813,0.755,0.571,0.578,0.486,0.500,0.800,0.263,0.809,0.514,0.458,0.500,0.486,0.797,0.272,0.711,0.750,0.493,0.792,0.235,0.565,0.800,0.706,0.770,0.565,0.811,0.852,0.479,0.803,0.571,0.520,0.465,0.472,0.787,0.514,0.840,0.421,0.493,0.809,0.803,0.059,0.500,0.706,0.755,0.701,0.809,0.458,0.803,0.565,0.553,0.613,0.254,0.553,0.792,0.565,0.625,0.755,0.507,0.553,0.752,0.690,0.553,0.809,0.436,0.813,0.036,0.571,0.081,0.795,0.696,0.486,0.740,0.701,0.571,0.789,0.789,0.804,0.755,0.520,0.840,0.696,0.520,0.787,0.619,0.565,0.507,0.070,0.493,0.852,0.798,0.613,0.809,0.514,0.451,0.789,0.706,0.690,0.852,0.546,0.500,0.850,0.559,0.565,0.553,0.458,0.254,0.546,0.571,0.565,0.800,0.625,0.571,0.578,0.701,0.781,0.012,0.798,0.653,0.789,0.798,0.254,0.750,0.443,0.636,0.571,0.493,0.527,0.659,0.664,0.758,0.814,0.520,0.520,0.809,0.701,0.806,0.553,0.750,0.500,0.527,0.805,0.789,0.792,0.024,0.553,0.809,0.806,0.458,0.443,0.520,0.479,0.263,0.789,0.781,0.806,0.752,0.809,0.578,0.795,0.816,0.565,0.701,0.731,0.613,0.272,0.792,0.800,0.429,0.784,0.690,0.602,0.514,0.458,0.755,0.800,0.809,0.758,0.571,0.520
7PNB_J_6_MAN;0.819,0.842,0.631,0.642,0.845,0.792,0.822,0.608,0.745,0.778,0.840,0.636,0.701,0.316,0.443,0.216,0.443,0.642,0.842,0.778,0.081,0.736,0.803,0.745,0.451,0.187,0.840,0.608,0.795,0.784,0.784,0.764,0.795,0.778,0.787,0.648,0.559,0.749,0.333,0.803,0.350,0.207,0.817,0.458,0.465,0.000,0.773,0.847,0.789,0.795,0.458,0.822,0.316,0.642,0.775,0.631,0.207,0.451,0.642,0.784,0.817,0.421,0.465,0.819,0.806,0.800,0.811,0.696,0.773,0.648,0.819,0.642,0.761,0.749,0.811,0.773,0.750,0.465,0.559,0.177,0.429,0.792,0.443,0.764,0.325,0.059,0.308,0.290,0.808,0.458,0.653,0.745,0.333,0.781,0.429,0.546,0.764,0.648,0.752,0.619,0.787,0.842,0.125,0.778,0.553,0.308,0.059,0.177,0.792,0.458,0.817,0.272,0.197,0.795,0.764,0.458,0.187,0.648,0.770,0.642,0.784,0.299,0.764,0.642,0.602,0.608,0.443,0.608,0.781,0.602,0.631,0.764,0.342,0.602,0.767,0.690,0.636,0.769,0.299,0.773,0.465,0.553,0.458,0.755,0.696,0.146,0.740,0.701,0.451,0.778,0.758,0.769,0.764,0.451,0.819,0.696,0.451,0.792,0.625,0.642,0.443,0.465,0.308,0.840,0.792,0.619,0.819,0.443,0.299,0.761,0.642,0.685,0.842,0.436,0.333,0.824,0.436,0.642,0.608,0.059,0.443,0.443,0.625,0.648,0.761,0.631,0.553,0.559,0.701,0.755,0.465,0.758,0.636,0.773,0.758,0.443,0.759,0.316,0.631,0.553,0.156,0.316,0.625,0.642,0.770,0.787,0.333,0.316,0.789,0.642,0.817,0.602,0.750,0.187,0.316,0.813,0.789,0.781,0.465,0.443,0.798,0.792,0.281,0.299,0.465,0.125,0.451,0.773,0.786,0.761,0.764,0.773,0.559,0.803,0.819,0.648,0.642,0.740,0.619,0.458,0.781,0.764,0.281,0.749,0.690,0.608,0.308,0.299,0.770,0.764,0.787,0.755,0.648,0.299
7PNB_j_3_YZT;0.865,0.852,0.769,0.750,0.855,0.874,0.862,0.813,0.764,0.867,0.847,0.769,0.769,0.769,0.750,0.773,0.755,0.745,0.850,0.877,0.764,0.759,0.862,0.759,0.773,0.769,0.847,0.721,0.879,0.867,0.870,0.870,0.877,0.865,0.862,0.764,0.755,0.872,0.773,0.891,0.759,0.764,0.860,0.778,0.813,0.773,0.000,0.855,0.874,0.860,0.809,0.891,0.769,0.745,0.872,0.813,0.755,0.778,0.755,0.867,0.865,0.755,0.813,0.860,0.865,0.862,0.884,0.769,0.870,0.769,0.862,0.764,0.867,0.872,0.884,0.024,0.764,0.736,0.755,0.769,0.778,0.862,0.782,0.879,0.759,0.769,0.773,0.773,0.886,0.769,0.759,0.769,0.773,0.867,0.787,0.755,0.059,0.750,0.872,0.726,0.870,0.850,0.769,0.867,0.755,0.773,0.769,0.773,0.884,0.778,0.857,0.750,0.759,0.850,0.882,0.813,0.759,0.750,0.870,0.755,0.870,0.736,0.879,0.740,0.736,0.809,0.782,0.721,0.867,0.716,0.813,0.870,0.769,0.731,0.870,0.769,0.750,0.024,0.745,0.000,0.817,0.759,0.809,0.879,0.764,0.773,0.764,0.769,0.740,0.867,0.870,0.047,0.870,0.778,0.862,0.764,0.778,0.857,0.813,0.745,0.778,0.813,0.773,0.852,0.874,0.817,0.893,0.773,0.740,0.870,0.755,0.769,0.850,0.750,0.769,0.867,0.745,0.740,0.721,0.764,0.782,0.755,0.726,0.740,0.879,0.809,0.759,0.755,0.764,0.862,0.813,0.879,0.764,0.870,0.877,0.782,0.773,0.745,0.750,0.755,0.773,0.769,0.769,0.769,0.872,0.870,0.764,0.769,0.865,0.750,0.891,0.726,0.769,0.759,0.759,0.886,0.877,0.867,0.809,0.750,0.857,0.860,0.740,0.736,0.778,0.773,0.778,0.870,0.857,0.877,0.870,0.047,0.755,0.884,0.886,0.750,0.750,0.755,0.817,0.773,0.867,0.047,0.750,0.874,0.764,0.813,0.764,0.740,0.870,0.047,0.870,0.867,0.745,0.764
7PNB_y_2_NAG;0.722,0.048,0.867,0.795,0.048,0.764,0.733,0.834,0.847,0.776,0.059,0.872,0.808,0.827,0.821,0.847,0.819,0.874,0.064,0.772,0.847,0.845,0.751,0.847,0.795,0.847,0.059,0.872,0.761,0.740,0.742,0.786,0.763,0.780,0.780,0.862,0.813,0.776,0.824,0.759,0.813,0.845,0.729,0.792,0.857,0.847,0.855,0.000,0.764,0.764,0.855,0.749,0.819,0.874,0.780,0.834,0.834,0.852,0.789,0.740,0.727,0.821,0.857,0.727,0.753,0.757,0.763,0.808,0.786,0.865,0.727,0.865,0.780,0.778,0.750,0.852,0.850,0.813,0.813,0.847,0.797,0.747,0.855,0.757,0.829,0.840,0.824,0.842,0.753,0.847,0.792,0.850,0.824,0.778,0.857,0.813,0.855,0.789,0.784,0.877,0.747,0.059,0.837,0.736,0.813,0.829,0.840,0.850,0.759,0.795,0.731,0.834,0.842,0.755,0.753,0.857,0.840,0.795,0.786,0.786,0.736,0.827,0.751,0.872,0.874,0.832,0.855,0.877,0.780,0.872,0.837,0.774,0.819,0.874,0.786,0.811,0.877,0.857,0.829,0.855,0.855,0.816,0.855,0.755,0.805,0.842,0.840,0.803,0.816,0.778,0.776,0.852,0.780,0.792,0.725,0.805,0.792,0.761,0.837,0.869,0.797,0.857,0.821,0.048,0.764,0.837,0.744,0.795,0.832,0.782,0.795,0.811,0.059,0.824,0.819,0.729,0.821,0.872,0.877,0.850,0.855,0.819,0.877,0.872,0.753,0.834,0.816,0.813,0.803,0.768,0.855,0.751,0.865,0.784,0.759,0.855,0.840,0.832,0.869,0.813,0.840,0.829,0.865,0.867,0.778,0.742,0.816,0.827,0.736,0.795,0.749,0.874,0.847,0.840,0.824,0.748,0.770,0.782,0.855,0.821,0.755,0.759,0.829,0.829,0.795,0.840,0.852,0.780,0.742,0.753,0.782,0.850,0.813,0.746,0.757,0.877,0.789,0.847,0.837,0.850,0.782,0.857,0.832,0.759,0.805,0.832,0.832,0.827,0.786,0.857,0.736,0.784,0.867,0.827
7PNB_a_1_NAG;0.758,0.759,0.811,0.827,0.766,0.148,0.768,0.798,0.840,0.654,0.761,0.814,0.806,0.787,0.789,0.781,0.787,0.795,0.761,0.229,0.792,0.835,0.664,0.835,0.781,0.792,0.761,0.806,0.141,0.721,0.727,0.662,0.187,0.649,0.657,0.814,0.795,0.669,0.784,0.222,0.781,0.789,0.760,0.784,0.787,0.789,0.874,0.764,0.000,0.642,0.784,0.716,0.784,0.795,0.659,0.800,0.792,0.789,0.824,0.716,0.760,0.792,0.781,0.762,0.676,0.664,0.720,0.806,0.597,0.817,0.762,0.811,0.662,0.669,0.713,0.874,0.842,0.792,0.795,0.789,0.775,0.647,0.787,0.629,0.787,0.781,0.789,0.792,0.702,0.789,0.835,0.840,0.787,0.654,0.787,0.795,0.870,0.830,0.652,0.809,0.716,0.759,0.775,0.714,0.795,0.787,0.781,0.792,0.162,0.787,0.760,0.778,0.789,0.702,0.626,0.784,0.792,0.827,0.616,0.824,0.709,0.778,0.632,0.795,0.806,0.789,0.784,0.806,0.652,0.803,0.798,0.597,0.781,0.806,0.619,0.803,0.795,0.874,0.781,0.874,0.784,0.792,0.778,0.626,0.809,0.784,0.837,0.811,0.789,0.654,0.664,0.872,0.624,0.784,0.753,0.809,0.784,0.647,0.795,0.792,0.778,0.781,0.787,0.764,0.148,0.803,0.716,0.781,0.787,0.667,0.832,0.809,0.761,0.789,0.781,0.768,0.789,0.795,0.806,0.789,0.787,0.787,0.806,0.795,0.624,0.798,0.792,0.795,0.811,0.662,0.784,0.616,0.809,0.654,0.629,0.784,0.840,0.784,0.809,0.795,0.781,0.789,0.817,0.814,0.616,0.718,0.784,0.787,0.714,0.827,0.712,0.806,0.840,0.792,0.792,0.729,0.229,0.652,0.781,0.787,0.684,0.652,0.787,0.787,0.787,0.778,0.784,0.652,0.673,0.642,0.626,0.872,0.795,0.727,0.729,0.798,0.824,0.832,0.800,0.787,0.657,0.874,0.781,0.632,0.809,0.803,0.787,0.784,0.624,0.870,0.712,0.589,0.795,0.787
7PNB_h_1_NAG;0.714,0.764,0.830,0.792,0.766,0.647,0.721,0.798,0.840,0.667,0.766,0.827,0.800,0.789,0.781,0.784,0.781,0.819,0.764,0.642,0.795,0.830,0.229,0.835,0.784,0.792,0.766,0.822,0.651,0.649,0.657,0.674,0.668,0.664,0.589,0.822,0.798,0.674,0.781,0.659,0.778,0.787,0.721,0.784,0.803,0.795,0.860,0.764,0.642,0.000,0.800,0.688,0.778,0.819,0.667,0.806,0.787,0.800,0.787,0.639,0.721,0.784,0.803,0.723,0.271,0.220,0.692,0.798,0.520,0.824,0.716,0.824,0.667,0.664,0.685,0.860,0.840,0.781,0.798,0.789,0.784,0.157,0.800,0.634,0.789,0.792,0.787,0.795,0.681,0.800,0.795,0.837,0.781,0.667,0.800,0.798,0.857,0.787,0.664,0.819,0.644,0.764,0.784,0.642,0.798,0.789,0.789,0.792,0.647,0.787,0.718,0.800,0.784,0.371,0.642,0.800,0.789,0.792,0.538,0.778,0.632,0.800,0.639,0.817,0.819,0.795,0.800,0.817,0.664,0.822,0.809,0.535,0.778,0.819,0.538,0.803,0.819,0.860,0.800,0.860,0.803,0.800,0.795,0.634,0.798,0.787,0.837,0.803,0.784,0.662,0.667,0.857,0.553,0.784,0.716,0.800,0.784,0.211,0.809,0.817,0.784,0.798,0.778,0.766,0.647,0.803,0.693,0.784,0.803,0.669,0.795,0.798,0.764,0.784,0.778,0.736,0.778,0.817,0.817,0.789,0.798,0.781,0.819,0.819,0.632,0.803,0.800,0.798,0.803,0.654,0.800,0.629,0.824,0.669,0.634,0.800,0.840,0.803,0.827,0.798,0.784,0.792,0.830,0.824,0.529,0.642,0.781,0.787,0.662,0.792,0.667,0.819,0.842,0.789,0.789,0.688,0.649,0.667,0.798,0.781,0.287,0.053,0.800,0.803,0.787,0.787,0.798,0.664,0.702,0.639,0.556,0.857,0.798,0.683,0.695,0.822,0.781,0.835,0.809,0.798,0.669,0.860,0.800,0.637,0.798,0.798,0.789,0.803,0.550,0.857,0.634,0.502,0.817,0.792
7PNB_x_4_BGC;0.840,0.850,0.648,0.696,0.852,0.787,0.842,0.596,0.740,0.787,0.850,0.636,0.696,0.520,0.546,0.493,0.540,0.553,0.850,0.781,0.465,0.721,0.800,0.731,0.507,0.493,0.850,0.559,0.795,0.803,0.809,0.792,0.795,0.787,0.803,0.648,0.571,0.773,0.486,0.797,0.527,0.493,0.837,0.514,0.024,0.458,0.809,0.855,0.784,0.800,0.000,0.811,0.493,0.553,0.800,0.625,0.486,0.272,0.701,0.800,0.835,0.533,0.070,0.840,0.800,0.800,0.805,0.690,0.758,0.653,0.840,0.659,0.789,0.778,0.805,0.809,0.750,0.565,0.571,0.479,0.493,0.795,0.263,0.806,0.507,0.451,0.493,0.479,0.797,0.272,0.706,0.745,0.486,0.789,0.235,0.559,0.796,0.701,0.764,0.559,0.809,0.850,0.472,0.800,0.565,0.514,0.458,0.479,0.784,0.507,0.837,0.413,0.486,0.806,0.800,0.059,0.493,0.701,0.755,0.696,0.803,0.451,0.800,0.559,0.546,0.608,0.254,0.546,0.789,0.559,0.619,0.752,0.500,0.546,0.752,0.685,0.546,0.804,0.429,0.809,0.036,0.565,0.059,0.792,0.690,0.479,0.736,0.696,0.565,0.787,0.784,0.800,0.755,0.514,0.837,0.690,0.514,0.784,0.613,0.559,0.500,0.070,0.486,0.850,0.795,0.608,0.806,0.507,0.443,0.787,0.701,0.685,0.850,0.540,0.493,0.847,0.553,0.559,0.546,0.465,0.254,0.540,0.565,0.559,0.798,0.619,0.565,0.571,0.696,0.775,0.036,0.795,0.648,0.787,0.795,0.254,0.745,0.436,0.631,0.565,0.486,0.520,0.653,0.659,0.758,0.809,0.514,0.514,0.806,0.696,0.806,0.546,0.745,0.493,0.520,0.805,0.787,0.789,0.024,0.546,0.806,0.803,0.451,0.436,0.514,0.486,0.263,0.787,0.783,0.803,0.752,0.804,0.571,0.795,0.816,0.559,0.696,0.726,0.608,0.272,0.789,0.796,0.421,0.781,0.685,0.596,0.507,0.451,0.755,0.796,0.806,0.755,0.565,0.514
7PNB_g_1_NAG;0.749,0.759,0.857,0.822,0.755,0.718,0.758,0.806,0.837,0.729,0.755,0.857,0.795,0.798,0.800,0.817,0.806,0.837,0.757,0.709,0.817,0.840,0.698,0.835,0.778,0.814,0.755,0.850,0.713,0.676,0.688,0.712,0.722,0.732,0.725,0.852,0.819,0.705,0.811,0.709,0.803,0.814,0.753,0.778,0.811,0.822,0.891,0.749,0.716,0.688,0.811,0.000,0.811,0.837,0.695,0.787,0.809,0.830,0.819,0.684,0.758,0.806,0.814,0.756,0.705,0.698,0.192,0.795,0.679,0.857,0.753,0.852,0.693,0.707,0.087,0.891,0.842,0.795,0.819,0.814,0.784,0.695,0.830,0.725,0.795,0.822,0.817,0.800,0.136,0.827,0.827,0.842,0.814,0.732,0.824,0.819,0.893,0.824,0.714,0.855,0.684,0.757,0.814,0.686,0.817,0.800,0.819,0.817,0.705,0.775,0.758,0.806,0.811,0.702,0.718,0.814,0.806,0.822,0.676,0.822,0.686,0.798,0.732,0.835,0.850,0.800,0.827,0.850,0.729,0.855,0.792,0.693,0.809,0.850,0.676,0.792,0.840,0.891,0.798,0.891,0.814,0.822,0.811,0.723,0.792,0.811,0.840,0.789,0.798,0.725,0.700,0.893,0.674,0.778,0.758,0.792,0.778,0.698,0.789,0.832,0.778,0.814,0.811,0.753,0.718,0.795,0.129,0.781,0.800,0.700,0.824,0.795,0.753,0.803,0.809,0.756,0.800,0.835,0.850,0.819,0.824,0.806,0.855,0.835,0.716,0.789,0.822,0.819,0.792,0.698,0.809,0.716,0.852,0.727,0.725,0.827,0.842,0.803,0.855,0.817,0.811,0.798,0.855,0.857,0.684,0.686,0.809,0.798,0.684,0.822,0.175,0.852,0.842,0.806,0.800,0.131,0.709,0.734,0.809,0.803,0.705,0.679,0.800,0.803,0.775,0.817,0.824,0.725,0.744,0.723,0.676,0.893,0.819,0.265,0.121,0.840,0.822,0.837,0.792,0.824,0.734,0.896,0.803,0.718,0.792,0.806,0.798,0.798,0.672,0.893,0.686,0.684,0.830,0.795
7PNB_a_6_MAN;0.806,0.813,0.648,0.642,0.816,0.781,0.811,0.590,0.716,0.778,0.808,0.659,0.680,0.316,0.342,0.281,0.350,0.648,0.811,0.773,0.350,0.706,0.784,0.716,0.436,0.272,0.808,0.613,0.781,0.775,0.781,0.758,0.781,0.778,0.781,0.653,0.514,0.746,0.036,0.797,0.103,0.254,0.806,0.443,0.500,0.316,0.769,0.819,0.784,0.778,0.493,0.811,0.000,0.648,0.764,0.631,0.216,0.465,0.648,0.770,0.803,0.342,0.500,0.809,0.787,0.781,0.805,0.675,0.770,0.659,0.809,0.653,0.755,0.746,0.800,0.769,0.721,0.366,0.514,0.245,0.413,0.770,0.458,0.752,0.316,0.308,0.047,0.325,0.795,0.465,0.659,0.721,0.036,0.781,0.458,0.507,0.755,0.659,0.743,0.625,0.778,0.811,0.316,0.773,0.507,0.308,0.299,0.263,0.792,0.443,0.806,0.390,0.226,0.784,0.746,0.493,0.216,0.648,0.767,0.653,0.773,0.398,0.749,0.648,0.613,0.596,0.458,0.625,0.781,0.619,0.625,0.761,0.047,0.613,0.761,0.664,0.642,0.764,0.398,0.769,0.493,0.514,0.486,0.737,0.669,0.342,0.716,0.669,0.342,0.778,0.755,0.759,0.758,0.436,0.806,0.669,0.436,0.775,0.619,0.659,0.429,0.493,0.012,0.811,0.778,0.619,0.809,0.429,0.413,0.758,0.653,0.664,0.811,0.342,0.024,0.814,0.333,0.648,0.625,0.333,0.458,0.350,0.636,0.653,0.746,0.613,0.514,0.514,0.675,0.746,0.493,0.740,0.653,0.778,0.743,0.458,0.736,0.374,0.642,0.507,0.333,0.316,0.642,0.653,0.767,0.775,0.059,0.299,0.781,0.642,0.800,0.613,0.726,0.216,0.316,0.803,0.773,0.781,0.493,0.350,0.781,0.773,0.382,0.390,0.451,0.342,0.451,0.778,0.781,0.749,0.758,0.764,0.514,0.786,0.808,0.648,0.653,0.711,0.619,0.458,0.781,0.755,0.382,0.737,0.664,0.590,0.316,0.382,0.764,0.755,0.781,0.761,0.664,0.308
7PNB_w_3_YZT;0.837,0.867,0.451,0.731,0.872,0.800,0.837,0.721,0.571,0.795,0.867,0.421,0.690,0.619,0.659,0.659,0.659,0.012,0.865,0.795,0.636,0.559,0.819,0.565,0.625,0.659,0.867,0.350,0.805,0.830,0.835,0.803,0.808,0.795,0.814,0.436,0.625,0.811,0.653,0.813,0.642,0.659,0.832,0.631,0.559,0.642,0.745,0.874,0.795,0.819,0.553,0.837,0.648,0.000,0.803,0.731,0.642,0.578,0.731,0.824,0.832,0.659,0.553,0.835,0.819,0.819,0.827,0.685,0.806,0.443,0.835,0.429,0.806,0.811,0.832,0.740,0.578,0.648,0.625,0.659,0.613,0.819,0.571,0.819,0.613,0.642,0.653,0.636,0.829,0.571,0.740,0.578,0.653,0.798,0.553,0.625,0.731,0.740,0.806,0.382,0.832,0.865,0.631,0.830,0.619,0.625,0.642,0.659,0.795,0.631,0.832,0.631,0.653,0.822,0.817,0.553,0.642,0.736,0.806,0.731,0.830,0.625,0.817,0.012,0.342,0.721,0.565,0.342,0.798,0.350,0.731,0.800,0.648,0.350,0.803,0.685,0.024,0.736,0.625,0.745,0.559,0.619,0.546,0.809,0.690,0.648,0.571,0.701,0.648,0.795,0.806,0.736,0.806,0.631,0.832,0.696,0.631,0.809,0.721,0.047,0.619,0.553,0.642,0.869,0.800,0.736,0.835,0.625,0.625,0.803,0.736,0.685,0.867,0.659,0.648,0.837,0.653,0.012,0.366,0.636,0.553,0.659,0.374,0.047,0.814,0.726,0.619,0.625,0.701,0.809,0.553,0.811,0.436,0.795,0.811,0.565,0.571,0.625,0.421,0.619,0.636,0.619,0.458,0.458,0.806,0.835,0.642,0.631,0.827,0.731,0.837,0.358,0.578,0.642,0.625,0.829,0.798,0.798,0.553,0.659,0.822,0.822,0.625,0.631,0.636,0.636,0.559,0.795,0.816,0.817,0.809,0.736,0.625,0.824,0.837,0.012,0.731,0.559,0.736,0.565,0.798,0.740,0.631,0.806,0.690,0.721,0.619,0.625,0.809,0.731,0.835,0.803,0.036,0.625
7PNB_d_2_NAG;0.725,0.778,0.827,0.798,0.780,0.644,0.738,0.822,0.835,0.467,0.776,0.830,0.781,0.773,0.773,0.767,0.778,0.803,0.776,0.649,0.767,0.837,0.667,0.835,0.764,0.773,0.776,0.811,0.656,0.639,0.634,0.069,0.659,0.464,0.679,0.824,0.764,0.211,0.767,0.654,0.758,0.773,0.729,0.764,0.803,0.775,0.872,0.780,0.659,0.667,0.800,0.695,0.764,0.803,0.000,0.824,0.764,0.775,0.795,0.642,0.732,0.773,0.795,0.734,0.669,0.674,0.690,0.781,0.672,0.827,0.734,0.827,0.133,0.185,0.685,0.872,0.837,0.773,0.764,0.773,0.761,0.681,0.773,0.505,0.767,0.773,0.764,0.773,0.678,0.770,0.803,0.835,0.770,0.471,0.773,0.770,0.872,0.803,0.189,0.806,0.644,0.776,0.764,0.642,0.764,0.773,0.775,0.773,0.647,0.764,0.734,0.775,0.770,0.664,0.486,0.795,0.764,0.795,0.676,0.798,0.637,0.775,0.508,0.803,0.811,0.822,0.775,0.806,0.474,0.814,0.824,0.662,0.761,0.811,0.681,0.773,0.803,0.870,0.773,0.872,0.800,0.761,0.795,0.493,0.778,0.764,0.835,0.773,0.773,0.474,0.166,0.872,0.676,0.764,0.725,0.773,0.764,0.652,0.819,0.803,0.764,0.798,0.761,0.780,0.642,0.824,0.691,0.764,0.773,0.148,0.800,0.775,0.774,0.770,0.761,0.740,0.770,0.803,0.806,0.773,0.770,0.778,0.803,0.800,0.490,0.822,0.761,0.764,0.773,0.216,0.800,0.486,0.824,0.474,0.502,0.775,0.840,0.775,0.819,0.764,0.761,0.770,0.824,0.830,0.684,0.637,0.758,0.770,0.649,0.798,0.695,0.809,0.837,0.764,0.767,0.683,0.624,0.474,0.803,0.773,0.681,0.662,0.775,0.778,0.767,0.770,0.773,0.464,0.699,0.490,0.681,0.874,0.764,0.683,0.685,0.803,0.800,0.837,0.827,0.775,0.467,0.874,0.773,0.483,0.773,0.819,0.770,0.773,0.681,0.872,0.647,0.667,0.803,0.767
7PNB_L_5_MAN;0.847,0.834,0.716,0.740,0.834,0.803,0.847,0.146,0.731,0.830,0.832,0.716,0.726,0.642,0.653,0.631,0.653,0.731,0.837,0.800,0.631,0.736,0.803,0.736,0.675,0.619,0.832,0.701,0.816,0.822,0.819,0.817,0.813,0.830,0.817,0.716,0.675,0.819,0.636,0.827,0.653,0.613,0.847,0.680,0.631,0.631,0.813,0.834,0.800,0.806,0.625,0.787,0.631,0.731,0.824,0.000,0.619,0.625,0.736,0.809,0.847,0.659,0.608,0.847,0.800,0.809,0.786,0.726,0.803,0.721,0.845,0.731,0.814,0.819,0.781,0.813,0.731,0.669,0.675,0.613,0.669,0.809,0.625,0.811,0.636,0.613,0.631,0.613,0.772,0.619,0.755,0.736,0.648,0.835,0.613,0.669,0.809,0.745,0.817,0.711,0.814,0.834,0.608,0.814,0.669,0.636,0.619,0.619,0.814,0.680,0.845,0.625,0.608,0.819,0.811,0.613,0.625,0.740,0.803,0.736,0.809,0.631,0.811,0.726,0.696,0.125,0.619,0.711,0.832,0.716,0.059,0.795,0.636,0.696,0.803,0.731,0.726,0.809,0.636,0.813,0.625,0.675,0.608,0.811,0.721,0.602,0.745,0.731,0.653,0.832,0.824,0.813,0.803,0.675,0.850,0.731,0.675,0.806,0.092,0.726,0.669,0.613,0.631,0.832,0.809,0.092,0.789,0.669,0.642,0.814,0.750,0.726,0.834,0.653,0.631,0.850,0.653,0.726,0.711,0.625,0.619,0.653,0.711,0.731,0.811,0.081,0.675,0.675,0.736,0.824,0.625,0.809,0.726,0.827,0.809,0.619,0.755,0.642,0.731,0.669,0.602,0.642,0.711,0.721,0.803,0.817,0.642,0.631,0.809,0.740,0.787,0.701,0.736,0.625,0.642,0.781,0.806,0.832,0.625,0.648,0.798,0.809,0.642,0.636,0.680,0.613,0.619,0.827,0.797,0.814,0.803,0.817,0.675,0.766,0.786,0.736,0.736,0.731,0.070,0.619,0.835,0.813,0.625,0.809,0.731,0.156,0.631,0.636,0.800,0.809,0.814,0.800,0.731,0.631
7PNB_s_5_MAN;0.817,0.829,0.636,0.636,0.832,0.789,0.819,0.590,0.721,0.775,0.827,0.642,0.664,0.226,0.374,0.146,0.382,0.642,0.829,0.773,0.226,0.711,0.789,0.721,0.421,0.092,0.827,0.596,0.792,0.784,0.784,0.755,0.795,0.775,0.778,0.642,0.520,0.746,0.226,0.803,0.263,0.070,0.814,0.429,0.493,0.207,0.755,0.834,0.792,0.787,0.486,0.809,0.216,0.642,0.764,0.619,0.000,0.458,0.636,0.781,0.814,0.366,0.493,0.817,0.792,0.787,0.805,0.659,0.770,0.648,0.817,0.642,0.755,0.743,0.797,0.755,0.726,0.390,0.520,0.059,0.398,0.781,0.451,0.749,0.216,0.207,0.197,0.235,0.795,0.458,0.648,0.726,0.235,0.778,0.436,0.507,0.745,0.642,0.749,0.608,0.789,0.829,0.226,0.781,0.514,0.216,0.197,0.081,0.792,0.429,0.814,0.290,0.036,0.784,0.749,0.486,0.024,0.642,0.767,0.636,0.784,0.290,0.749,0.642,0.596,0.590,0.451,0.608,0.778,0.602,0.619,0.767,0.235,0.596,0.761,0.648,0.636,0.750,0.299,0.755,0.493,0.520,0.479,0.740,0.653,0.254,0.721,0.653,0.366,0.775,0.749,0.750,0.761,0.421,0.817,0.653,0.421,0.784,0.613,0.642,0.413,0.486,0.207,0.827,0.792,0.608,0.806,0.413,0.299,0.758,0.636,0.648,0.829,0.374,0.226,0.822,0.358,0.642,0.608,0.216,0.436,0.382,0.625,0.648,0.746,0.608,0.520,0.520,0.659,0.746,0.486,0.743,0.642,0.775,0.743,0.451,0.740,0.299,0.631,0.514,0.245,0.226,0.625,0.642,0.767,0.787,0.226,0.207,0.792,0.636,0.803,0.596,0.731,0.024,0.226,0.797,0.784,0.778,0.486,0.382,0.784,0.781,0.272,0.290,0.436,0.254,0.443,0.775,0.781,0.746,0.761,0.755,0.520,0.781,0.805,0.648,0.636,0.716,0.608,0.451,0.778,0.745,0.281,0.740,0.648,0.590,0.216,0.281,0.764,0.745,0.789,0.758,0.648,0.207
7PNB_W_4_BGC;0.837,0.847,0.659,0.701,0.850,0.789,0.835,0.590,0.716,0.795,0.845,0.648,0.696,0.507,0.514,0.472,0.514,0.578,0.845,0.784,0.443,0.706,0.798,0.716,0.533,0.465,0.845,0.565,0.795,0.787,0.781,0.767,0.786,0.795,0.800,0.659,0.500,0.758,0.465,0.800,0.500,0.465,0.832,0.540,0.272,0.451,0.778,0.852,0.789,0.800,0.272,0.830,0.465,0.578,0.775,0.625,0.458,0.000,0.696,0.781,0.832,0.507,0.254,0.832,0.800,0.800,0.813,0.690,0.773,0.669,0.832,0.669,0.770,0.764,0.816,0.778,0.721,0.533,0.500,0.451,0.520,0.795,0.012,0.787,0.500,0.443,0.465,0.479,0.808,0.036,0.711,0.721,0.458,0.798,0.047,0.500,0.769,0.706,0.755,0.553,0.787,0.845,0.436,0.784,0.507,0.500,0.443,0.465,0.792,0.540,0.830,0.451,0.458,0.809,0.784,0.263,0.465,0.701,0.770,0.696,0.784,0.479,0.784,0.584,0.553,0.602,0.024,0.553,0.798,0.559,0.619,0.767,0.472,0.553,0.764,0.685,0.571,0.773,0.465,0.778,0.281,0.500,0.254,0.775,0.690,0.465,0.721,0.696,0.533,0.795,0.767,0.773,0.767,0.546,0.835,0.690,0.546,0.784,0.608,0.590,0.527,0.263,0.472,0.847,0.787,0.619,0.822,0.533,0.479,0.767,0.706,0.680,0.845,0.507,0.458,0.840,0.520,0.584,0.553,0.443,0.047,0.514,0.553,0.584,0.778,0.625,0.500,0.500,0.696,0.764,0.272,0.778,0.659,0.795,0.778,0.024,0.736,0.443,0.648,0.507,0.451,0.507,0.659,0.669,0.770,0.787,0.486,0.500,0.781,0.701,0.817,0.546,0.726,0.465,0.507,0.813,0.787,0.798,0.263,0.514,0.800,0.803,0.458,0.458,0.546,0.451,0.036,0.795,0.772,0.781,0.767,0.778,0.500,0.797,0.821,0.584,0.696,0.711,0.619,0.024,0.798,0.769,0.458,0.770,0.685,0.596,0.500,0.458,0.770,0.769,0.792,0.773,0.596,0.507
7PNB_K_4_MAN;0.792,0.783,0.750,0.047,0.789,0.814,0.798,0.731,0.716,0.803,0.783,0.750,0.659,0.648,0.648,0.653,0.659,0.731,0.783,0.827,0.631,0.726,0.781,0.716,0.602,0.659,0.783,0.726,0.827,0.803,0.803,0.800,0.824,0.803,0.822,0.740,0.648,0.811,0.653,0.832,0.648,0.653,0.789,0.602,0.706,0.642,0.755,0.789,0.824,0.787,0.701,0.819,0.648,0.731,0.795,0.736,0.636,0.696,0.000,0.809,0.792,0.653,0.706,0.792,0.784,0.787,0.829,0.664,0.830,0.740,0.792,0.745,0.800,0.809,0.816,0.755,0.716,0.631,0.648,0.659,0.613,0.781,0.696,0.792,0.642,0.636,0.648,0.659,0.824,0.690,0.081,0.716,0.653,0.806,0.690,0.648,0.750,0.047,0.806,0.721,0.814,0.783,0.619,0.806,0.642,0.653,0.631,0.659,0.819,0.602,0.795,0.653,0.648,0.787,0.792,0.706,0.642,0.036,0.822,0.036,0.806,0.631,0.795,0.731,0.726,0.726,0.696,0.711,0.806,0.731,0.745,0.824,0.648,0.726,0.819,0.642,0.736,0.750,0.636,0.755,0.701,0.653,0.701,0.792,0.664,0.625,0.716,0.642,0.642,0.803,0.806,0.745,0.822,0.602,0.798,0.653,0.602,0.787,0.740,0.721,0.608,0.706,0.648,0.783,0.827,0.750,0.822,0.608,0.642,0.798,0.070,0.659,0.786,0.653,0.648,0.789,0.642,0.731,0.711,0.636,0.690,0.659,0.711,0.726,0.792,0.740,0.653,0.648,0.648,0.800,0.706,0.789,0.740,0.806,0.787,0.696,0.721,0.636,0.736,0.642,0.619,0.648,0.750,0.745,0.824,0.814,0.642,0.653,0.800,0.059,0.814,0.726,0.711,0.642,0.636,0.816,0.824,0.806,0.701,0.659,0.787,0.778,0.636,0.636,0.608,0.631,0.690,0.806,0.805,0.787,0.822,0.750,0.648,0.816,0.821,0.736,0.059,0.721,0.750,0.690,0.806,0.750,0.648,0.789,0.659,0.731,0.648,0.631,0.822,0.750,0.803,0.819,0.716,0.653
7PNB_v_2_NAG;0.718,0.740,0.847,0.806,0.740,0.721,0.723,0.806,0.845,0.672,0.738,0.855,0.795,0.798,0.787,0.778,0.787,0.824,0.736,0.718,0.787,0.850,0.637,0.845,0.795,0.784,0.738,0.830,0.720,0.152,0.162,0.652,0.722,0.672,0.693,0.845,0.746,0.634,0.775,0.716,0.764,0.784,0.725,0.795,0.803,0.784,0.867,0.740,0.716,0.639,0.800,0.684,0.770,0.824,0.642,0.809,0.781,0.781,0.809,0.000,0.718,0.784,0.800,0.725,0.654,0.644,0.681,0.795,0.654,0.857,0.718,0.847,0.629,0.634,0.676,0.867,0.850,0.781,0.746,0.784,0.792,0.649,0.784,0.621,0.795,0.784,0.775,0.803,0.681,0.781,0.814,0.852,0.775,0.672,0.778,0.746,0.865,0.809,0.634,0.824,0.124,0.736,0.789,0.162,0.746,0.800,0.784,0.789,0.709,0.795,0.723,0.787,0.781,0.652,0.619,0.800,0.778,0.809,0.664,0.806,0.094,0.778,0.619,0.824,0.830,0.809,0.781,0.824,0.672,0.830,0.814,0.669,0.770,0.830,0.672,0.795,0.827,0.867,0.784,0.867,0.803,0.749,0.798,0.616,0.798,0.798,0.850,0.795,0.778,0.667,0.639,0.865,0.664,0.795,0.721,0.792,0.795,0.639,0.806,0.830,0.795,0.800,0.767,0.740,0.714,0.814,0.686,0.795,0.784,0.632,0.809,0.789,0.736,0.784,0.770,0.725,0.781,0.824,0.824,0.784,0.775,0.787,0.824,0.830,0.613,0.811,0.749,0.746,0.792,0.632,0.803,0.613,0.847,0.672,0.624,0.781,0.862,0.781,0.845,0.746,0.792,0.795,0.850,0.852,0.676,0.133,0.767,0.798,0.166,0.806,0.667,0.827,0.852,0.778,0.792,0.676,0.718,0.676,0.800,0.787,0.647,0.632,0.775,0.781,0.798,0.795,0.778,0.672,0.702,0.621,0.669,0.865,0.746,0.678,0.681,0.824,0.809,0.845,0.814,0.775,0.674,0.867,0.787,0.603,0.792,0.809,0.800,0.775,0.669,0.865,0.109,0.654,0.827,0.800
7PNB_y_1_NAG;0.104,0.727,0.855,0.792,0.727,0.738,0.104,0.845,0.852,0.738,0.725,0.855,0.806,0.811,0.817,0.814,0.819,0.832,0.725,0.751,0.809,0.852,0.743,0.852,0.809,0.824,0.725,0.845,0.744,0.723,0.732,0.736,0.744,0.738,0.745,0.850,0.817,0.734,0.806,0.733,0.800,0.819,0.099,0.809,0.837,0.817,0.865,0.727,0.760,0.721,0.835,0.758,0.803,0.832,0.732,0.847,0.814,0.832,0.792,0.718,0.000,0.817,0.837,0.094,0.745,0.738,0.744,0.809,0.723,0.852,0.089,0.852,0.738,0.729,0.742,0.865,0.852,0.811,0.817,0.822,0.811,0.734,0.830,0.714,0.806,0.814,0.803,0.817,0.742,0.830,0.798,0.850,0.806,0.738,0.830,0.817,0.862,0.795,0.729,0.845,0.725,0.725,0.806,0.725,0.817,0.814,0.809,0.824,0.740,0.809,0.099,0.819,0.817,0.747,0.714,0.840,0.817,0.795,0.723,0.792,0.725,0.809,0.718,0.830,0.845,0.845,0.832,0.842,0.738,0.845,0.852,0.723,0.803,0.845,0.721,0.809,0.835,0.862,0.814,0.865,0.837,0.817,0.835,0.723,0.811,0.811,0.850,0.806,0.814,0.734,0.723,0.860,0.723,0.809,0.064,0.806,0.809,0.725,0.852,0.835,0.811,0.837,0.800,0.727,0.745,0.852,0.764,0.809,0.811,0.738,0.798,0.809,0.725,0.817,0.803,0.129,0.811,0.830,0.842,0.811,0.827,0.819,0.845,0.835,0.712,0.850,0.817,0.817,0.803,0.723,0.837,0.712,0.852,0.738,0.718,0.832,0.852,0.811,0.852,0.817,0.806,0.809,0.857,0.857,0.732,0.727,0.795,0.811,0.732,0.792,0.743,0.845,0.852,0.817,0.803,0.749,0.749,0.740,0.832,0.817,0.745,0.721,0.814,0.814,0.809,0.811,0.830,0.736,0.749,0.712,0.727,0.862,0.817,0.757,0.757,0.835,0.792,0.852,0.852,0.832,0.738,0.862,0.817,0.716,0.809,0.847,0.809,0.809,0.727,0.862,0.727,0.725,0.832,0.809
7PNB_w_6_MAN;0.822,0.816,0.653,0.653,0.821,0.789,0.822,0.631,0.711,0.784,0.813,0.669,0.659,0.350,0.036,0.398,0.036,0.659,0.813,0.784,0.413,0.706,0.789,0.711,0.436,0.398,0.813,0.625,0.795,0.789,0.795,0.761,0.792,0.784,0.767,0.664,0.507,0.749,0.350,0.803,0.350,0.382,0.822,0.443,0.540,0.421,0.755,0.821,0.792,0.784,0.533,0.806,0.342,0.659,0.773,0.659,0.366,0.507,0.653,0.784,0.817,0.000,0.527,0.824,0.787,0.792,0.803,0.653,0.761,0.669,0.824,0.653,0.758,0.749,0.797,0.755,0.716,0.070,0.507,0.374,0.429,0.775,0.500,0.764,0.358,0.406,0.358,0.350,0.795,0.507,0.664,0.716,0.342,0.787,0.507,0.500,0.745,0.659,0.752,0.636,0.795,0.813,0.413,0.789,0.507,0.342,0.406,0.390,0.795,0.451,0.822,0.366,0.358,0.781,0.764,0.527,0.366,0.659,0.758,0.653,0.787,0.406,0.764,0.659,0.619,0.636,0.500,0.636,0.787,0.631,0.659,0.761,0.350,0.619,0.755,0.642,0.653,0.750,0.390,0.755,0.533,0.507,0.527,0.755,0.659,0.436,0.716,0.659,0.092,0.784,0.758,0.750,0.755,0.451,0.822,0.653,0.451,0.773,0.642,0.659,0.429,0.533,0.350,0.816,0.792,0.659,0.806,0.443,0.413,0.761,0.659,0.642,0.816,0.024,0.333,0.830,0.047,0.659,0.636,0.421,0.500,0.036,0.653,0.659,0.761,0.659,0.507,0.507,0.659,0.752,0.533,0.758,0.642,0.778,0.758,0.500,0.731,0.398,0.648,0.507,0.421,0.358,0.653,0.664,0.761,0.792,0.366,0.333,0.784,0.653,0.800,0.619,0.721,0.366,0.358,0.803,0.789,0.787,0.540,0.036,0.787,0.781,0.390,0.406,0.458,0.429,0.493,0.778,0.761,0.761,0.755,0.755,0.507,0.789,0.805,0.664,0.653,0.706,0.659,0.500,0.787,0.745,0.390,0.755,0.648,0.631,0.358,0.390,0.758,0.745,0.792,0.755,0.664,0.350
7PNB_n_4_BGC;0.845,0.852,0.648,0.701,0.855,0.787,0.842,0.584,0.740,0.792,0.852,0.636,0.706,0.520,0.540,0.493,0.533,0.553,0.852,0.781,0.458,0.726,0.803,0.736,0.514,0.486,0.852,0.559,0.795,0.811,0.811,0.787,0.795,0.792,0.809,0.648,0.571,0.767,0.493,0.797,0.540,0.486,0.840,0.520,0.070,0.465,0.813,0.857,0.781,0.803,0.070,0.814,0.500,0.553,0.795,0.608,0.493,0.254,0.706,0.800,0.837,0.527,0.000,0.842,0.803,0.803,0.803,0.701,0.761,0.659,0.842,0.659,0.784,0.773,0.805,0.813,0.750,0.559,0.571,0.486,0.500,0.798,0.245,0.803,0.514,0.443,0.500,0.493,0.797,0.254,0.716,0.745,0.493,0.795,0.216,0.559,0.804,0.716,0.761,0.559,0.809,0.852,0.472,0.806,0.565,0.514,0.451,0.472,0.784,0.527,0.840,0.406,0.493,0.809,0.800,0.012,0.500,0.706,0.758,0.711,0.803,0.443,0.800,0.559,0.546,0.596,0.235,0.546,0.795,0.559,0.602,0.752,0.507,0.546,0.752,0.696,0.546,0.809,0.421,0.813,0.036,0.565,0.036,0.792,0.701,0.486,0.740,0.706,0.559,0.792,0.778,0.809,0.755,0.520,0.840,0.701,0.520,0.787,0.596,0.559,0.507,0.024,0.493,0.852,0.789,0.596,0.806,0.514,0.451,0.781,0.711,0.690,0.852,0.533,0.500,0.847,0.546,0.559,0.546,0.458,0.235,0.533,0.559,0.559,0.798,0.608,0.565,0.571,0.706,0.773,0.081,0.795,0.648,0.792,0.795,0.235,0.750,0.443,0.631,0.565,0.479,0.527,0.653,0.659,0.758,0.809,0.520,0.514,0.809,0.701,0.809,0.546,0.745,0.500,0.527,0.805,0.789,0.795,0.092,0.540,0.806,0.806,0.458,0.443,0.533,0.465,0.245,0.792,0.783,0.800,0.755,0.813,0.571,0.797,0.816,0.559,0.711,0.731,0.596,0.254,0.795,0.804,0.413,0.781,0.696,0.584,0.514,0.451,0.758,0.804,0.811,0.758,0.565,0.520
7PNB_P_1_NAG;0.104,0.727,0.857,0.792,0.727,0.745,0.053,0.845,0.845,0.743,0.725,0.857,0.800,0.817,0.824,0.817,0.827,0.835,0.725,0.756,0.811,0.845,0.749,0.845,0.814,0.827,0.725,0.850,0.749,0.727,0.732,0.740,0.751,0.738,0.743,0.852,0.819,0.740,0.811,0.738,0.806,0.822,0.027,0.814,0.842,0.819,0.860,0.727,0.762,0.723,0.840,0.756,0.809,0.835,0.734,0.847,0.817,0.832,0.792,0.725,0.094,0.824,0.842,0.000,0.751,0.745,0.742,0.803,0.723,0.855,0.038,0.855,0.740,0.736,0.747,0.860,0.845,0.819,0.819,0.824,0.817,0.738,0.832,0.723,0.811,0.817,0.809,0.822,0.740,0.830,0.798,0.842,0.811,0.743,0.832,0.819,0.862,0.795,0.734,0.850,0.729,0.725,0.809,0.729,0.819,0.819,0.811,0.827,0.743,0.814,0.048,0.824,0.819,0.749,0.723,0.845,0.819,0.795,0.721,0.792,0.729,0.814,0.725,0.832,0.850,0.842,0.835,0.847,0.743,0.850,0.850,0.723,0.809,0.850,0.718,0.803,0.837,0.862,0.819,0.860,0.842,0.822,0.840,0.729,0.806,0.814,0.842,0.800,0.822,0.738,0.732,0.860,0.723,0.814,0.094,0.800,0.814,0.727,0.850,0.837,0.817,0.842,0.806,0.727,0.749,0.850,0.758,0.814,0.817,0.745,0.798,0.803,0.725,0.824,0.809,0.069,0.819,0.832,0.847,0.814,0.830,0.827,0.850,0.837,0.721,0.847,0.822,0.819,0.798,0.729,0.842,0.721,0.855,0.747,0.727,0.835,0.845,0.817,0.855,0.819,0.809,0.814,0.857,0.860,0.729,0.732,0.800,0.817,0.732,0.792,0.736,0.850,0.845,0.819,0.809,0.751,0.753,0.743,0.837,0.824,0.751,0.725,0.819,0.819,0.814,0.814,0.832,0.745,0.742,0.716,0.725,0.857,0.819,0.755,0.759,0.837,0.792,0.845,0.850,0.832,0.740,0.862,0.822,0.723,0.803,0.847,0.814,0.814,0.727,0.862,0.732,0.723,0.835,0.814
7PNB_w_1_NAG;0.736,0.753,0.830,0.792,0.755,0.676,0.751,0.798,0.827,0.679,0.755,0.827,0.795,0.798,0.784,0.795,0.784,0.819,0.753,0.674,0.806,0.819,0.119,0.822,0.787,0.803,0.755,0.822,0.678,0.659,0.674,0.676,0.683,0.674,0.605,0.822,0.789,0.684,0.792,0.683,0.789,0.798,0.747,0.787,0.803,0.806,0.865,0.753,0.676,0.271,0.800,0.705,0.787,0.819,0.669,0.800,0.792,0.800,0.784,0.654,0.745,0.787,0.803,0.751,0.000,0.094,0.699,0.792,0.526,0.824,0.747,0.824,0.674,0.684,0.697,0.865,0.832,0.781,0.789,0.800,0.787,0.307,0.800,0.647,0.798,0.803,0.795,0.806,0.695,0.800,0.795,0.830,0.789,0.679,0.798,0.789,0.862,0.784,0.679,0.819,0.662,0.753,0.792,0.659,0.789,0.798,0.800,0.803,0.664,0.789,0.749,0.809,0.795,0.224,0.642,0.800,0.798,0.789,0.561,0.775,0.649,0.806,0.642,0.819,0.822,0.795,0.798,0.817,0.676,0.822,0.803,0.532,0.789,0.822,0.561,0.798,0.819,0.865,0.809,0.865,0.803,0.792,0.795,0.639,0.792,0.795,0.824,0.795,0.784,0.676,0.679,0.862,0.578,0.787,0.740,0.795,0.787,0.148,0.803,0.817,0.787,0.798,0.787,0.755,0.681,0.798,0.702,0.787,0.811,0.679,0.795,0.792,0.753,0.787,0.789,0.756,0.778,0.819,0.817,0.800,0.795,0.784,0.817,0.819,0.647,0.798,0.792,0.789,0.795,0.674,0.800,0.639,0.824,0.681,0.639,0.798,0.827,0.811,0.830,0.789,0.792,0.800,0.830,0.824,0.547,0.667,0.789,0.798,0.672,0.792,0.681,0.822,0.830,0.798,0.798,0.699,0.679,0.679,0.798,0.784,0.104,0.246,0.809,0.811,0.792,0.795,0.795,0.672,0.729,0.649,0.575,0.862,0.789,0.685,0.702,0.822,0.778,0.824,0.803,0.795,0.681,0.865,0.809,0.647,0.792,0.798,0.798,0.811,0.567,0.862,0.657,0.520,0.817,0.803
7PNB_m_1_NAG;0.732,0.757,0.832,0.795,0.759,0.672,0.745,0.803,0.830,0.676,0.759,0.830,0.795,0.798,0.789,0.789,0.789,0.819,0.757,0.662,0.800,0.822,0.069,0.824,0.789,0.798,0.759,0.819,0.671,0.649,0.662,0.684,0.678,0.674,0.611,0.824,0.795,0.691,0.789,0.681,0.784,0.792,0.740,0.789,0.803,0.800,0.862,0.757,0.664,0.220,0.800,0.698,0.781,0.819,0.674,0.809,0.787,0.800,0.787,0.644,0.738,0.792,0.803,0.745,0.094,0.000,0.697,0.792,0.523,0.827,0.740,0.827,0.679,0.686,0.692,0.862,0.835,0.787,0.795,0.795,0.787,0.267,0.800,0.647,0.798,0.798,0.789,0.806,0.692,0.800,0.798,0.832,0.787,0.676,0.798,0.795,0.860,0.787,0.681,0.817,0.652,0.757,0.787,0.649,0.795,0.798,0.795,0.798,0.662,0.792,0.743,0.811,0.789,0.258,0.644,0.800,0.792,0.792,0.553,0.778,0.637,0.806,0.637,0.819,0.819,0.800,0.798,0.814,0.674,0.819,0.811,0.538,0.784,0.819,0.550,0.798,0.819,0.862,0.811,0.862,0.803,0.798,0.795,0.634,0.792,0.789,0.827,0.795,0.784,0.672,0.684,0.860,0.567,0.789,0.736,0.795,0.789,0.119,0.811,0.817,0.789,0.798,0.781,0.759,0.672,0.806,0.700,0.787,0.811,0.681,0.798,0.792,0.757,0.792,0.784,0.749,0.784,0.819,0.814,0.795,0.795,0.789,0.814,0.819,0.647,0.806,0.798,0.795,0.795,0.676,0.800,0.637,0.830,0.679,0.634,0.798,0.830,0.811,0.830,0.795,0.787,0.800,0.832,0.827,0.538,0.654,0.784,0.798,0.662,0.795,0.672,0.819,0.832,0.792,0.798,0.692,0.672,0.676,0.798,0.789,0.124,0.194,0.809,0.811,0.795,0.789,0.795,0.674,0.727,0.649,0.564,0.860,0.795,0.683,0.699,0.822,0.781,0.827,0.811,0.795,0.679,0.862,0.809,0.647,0.792,0.803,0.798,0.811,0.558,0.860,0.644,0.511,0.817,0.803
7PNB_q_1_NAG;0.740,0.765,0.857,0.832,0.765,0.725,0.744,0.805,0.840,0.713,0.763,0.850,0.803,0.800,0.797,0.811,0.805,0.827,0.763,0.722,0.803,0.837,0.697,0.837,0.781,0.811,0.763,0.842,0.717,0.678,0.683,0.697,0.720,0.718,0.731,0.850,0.811,0.692,0.805,0.713,0.800,0.811,0.740,0.781,0.808,0.811,0.884,0.763,0.720,0.692,0.805,0.192,0.805,0.827,0.690,0.786,0.805,0.813,0.829,0.681,0.744,0.803,0.803,0.742,0.699,0.697,0.000,0.803,0.695,0.852,0.738,0.852,0.683,0.695,0.207,0.884,0.845,0.795,0.811,0.811,0.786,0.688,0.813,0.727,0.797,0.811,0.811,0.800,0.180,0.808,0.840,0.845,0.808,0.716,0.808,0.811,0.886,0.834,0.706,0.847,0.683,0.763,0.800,0.685,0.808,0.800,0.808,0.813,0.709,0.778,0.742,0.803,0.808,0.697,0.720,0.805,0.803,0.832,0.688,0.832,0.678,0.797,0.729,0.824,0.842,0.800,0.811,0.840,0.713,0.845,0.792,0.706,0.803,0.842,0.685,0.800,0.827,0.884,0.797,0.884,0.808,0.813,0.803,0.725,0.800,0.800,0.840,0.800,0.797,0.709,0.690,0.886,0.683,0.781,0.747,0.797,0.781,0.692,0.786,0.821,0.781,0.805,0.805,0.761,0.722,0.800,0.196,0.783,0.800,0.688,0.837,0.797,0.761,0.800,0.803,0.747,0.795,0.824,0.840,0.805,0.808,0.805,0.845,0.824,0.718,0.792,0.813,0.811,0.800,0.692,0.805,0.718,0.852,0.713,0.722,0.811,0.845,0.803,0.852,0.808,0.800,0.800,0.857,0.857,0.695,0.681,0.805,0.797,0.681,0.832,0.285,0.845,0.845,0.803,0.803,0.171,0.722,0.718,0.805,0.803,0.699,0.685,0.800,0.803,0.778,0.803,0.808,0.711,0.733,0.725,0.688,0.886,0.811,0.229,0.167,0.829,0.832,0.834,0.795,0.808,0.718,0.888,0.800,0.720,0.797,0.808,0.797,0.797,0.683,0.886,0.685,0.699,0.821,0.792
7PNB_Q_4_BGC;0.806,0.808,0.721,0.669,0.808,0.803,0.803,0.726,0.685,0.787,0.811,0.721,0.012,0.685,0.642,0.685,0.653,0.685,0.808,0.800,0.690,0.680,0.795,0.680,0.696,0.680,0.811,0.696,0.803,0.792,0.798,0.789,0.797,0.789,0.806,0.716,0.602,0.803,0.680,0.803,0.659,0.675,0.800,0.696,0.696,0.696,0.769,0.808,0.806,0.798,0.690,0.795,0.675,0.685,0.781,0.726,0.659,0.690,0.664,0.795,0.809,0.653,0.701,0.803,0.792,0.792,0.803,0.000,0.809,0.721,0.803,0.711,0.792,0.809,0.795,0.769,0.696,0.636,0.602,0.675,0.696,0.792,0.696,0.819,0.685,0.701,0.685,0.706,0.800,0.680,0.680,0.701,0.680,0.789,0.685,0.602,0.773,0.664,0.811,0.701,0.792,0.808,0.685,0.789,0.596,0.690,0.696,0.690,0.798,0.696,0.800,0.685,0.669,0.798,0.811,0.701,0.659,0.669,0.809,0.664,0.792,0.669,0.814,0.685,0.696,0.716,0.690,0.701,0.789,0.716,0.721,0.814,0.675,0.696,0.809,0.047,0.690,0.769,0.675,0.769,0.701,0.608,0.696,0.814,0.012,0.680,0.685,0.059,0.636,0.784,0.795,0.773,0.811,0.696,0.811,0.047,0.696,0.795,0.711,0.690,0.696,0.701,0.675,0.811,0.798,0.726,0.798,0.696,0.685,0.803,0.675,0.024,0.811,0.648,0.675,0.806,0.636,0.685,0.701,0.690,0.685,0.653,0.711,0.690,0.811,0.716,0.608,0.602,0.059,0.798,0.690,0.814,0.721,0.789,0.814,0.690,0.701,0.680,0.731,0.596,0.680,0.685,0.716,0.726,0.806,0.798,0.669,0.690,0.789,0.669,0.798,0.696,0.696,0.659,0.685,0.800,0.803,0.789,0.690,0.642,0.792,0.795,0.680,0.675,0.701,0.696,0.685,0.789,0.797,0.817,0.811,0.773,0.602,0.778,0.803,0.690,0.659,0.680,0.726,0.680,0.789,0.778,0.680,0.814,0.036,0.726,0.690,0.680,0.809,0.773,0.789,0.806,0.685,0.690
7PNB_d_1_NAG;0.721,0.784,0.792,0.830,0.786,0.600,0.729,0.798,0.855,0.644,0.784,0.800,0.811,0.767,0.764,0.770,0.758,0.806,0.782,0.595,0.775,0.842,0.532,0.850,0.761,0.775,0.784,0.806,0.594,0.667,0.674,0.672,0.618,0.649,0.558,0.795,0.775,0.662,0.773,0.572,0.775,0.773,0.718,0.764,0.758,0.773,0.870,0.786,0.597,0.520,0.758,0.679,0.770,0.806,0.672,0.803,0.770,0.773,0.830,0.654,0.723,0.761,0.761,0.723,0.526,0.523,0.695,0.809,0.000,0.798,0.721,0.792,0.664,0.657,0.668,0.870,0.860,0.767,0.775,0.773,0.764,0.523,0.770,0.647,0.767,0.770,0.775,0.764,0.671,0.775,0.835,0.857,0.773,0.649,0.764,0.773,0.862,0.832,0.647,0.809,0.667,0.782,0.775,0.659,0.775,0.764,0.770,0.770,0.573,0.767,0.721,0.755,0.770,0.538,0.639,0.758,0.775,0.832,0.166,0.827,0.667,0.755,0.644,0.806,0.806,0.803,0.767,0.806,0.647,0.800,0.809,0.202,0.773,0.806,0.211,0.811,0.803,0.867,0.755,0.870,0.758,0.778,0.758,0.634,0.811,0.778,0.852,0.817,0.767,0.642,0.662,0.865,0.207,0.764,0.718,0.817,0.764,0.505,0.809,0.803,0.758,0.758,0.767,0.784,0.595,0.798,0.693,0.764,0.761,0.662,0.832,0.811,0.782,0.761,0.770,0.732,0.761,0.806,0.806,0.770,0.764,0.758,0.811,0.806,0.647,0.806,0.778,0.775,0.819,0.659,0.755,0.629,0.792,0.647,0.647,0.767,0.855,0.761,0.795,0.775,0.773,0.770,0.798,0.795,0.211,0.672,0.775,0.764,0.662,0.830,0.667,0.806,0.857,0.775,0.775,0.692,0.611,0.652,0.758,0.758,0.532,0.523,0.758,0.761,0.770,0.773,0.767,0.644,0.654,0.652,0.220,0.867,0.775,0.681,0.692,0.806,0.827,0.847,0.803,0.770,0.652,0.862,0.758,0.639,0.814,0.798,0.764,0.761,0.162,0.862,0.664,0.119,0.806,0.767
7PNB_M_3_YZT;0.860,0.865,0.070,0.750,0.867,0.817,0.855,0.706,0.602,0.817,0.869,0.125,0.726,0.653,0.669,0.664,0.669,0.443,0.867,0.803,0.642,0.590,0.827,0.602,0.648,0.675,0.869,0.465,0.811,0.857,0.865,0.819,0.819,0.817,0.832,0.070,0.675,0.827,0.659,0.811,0.675,0.664,0.855,0.653,0.659,0.648,0.769,0.865,0.817,0.824,0.653,0.857,0.659,0.443,0.827,0.721,0.648,0.669,0.740,0.857,0.852,0.669,0.659,0.855,0.824,0.827,0.852,0.721,0.798,0.000,0.855,0.081,0.827,0.822,0.852,0.764,0.608,0.680,0.675,0.659,0.648,0.835,0.664,0.824,0.653,0.642,0.664,0.653,0.857,0.664,0.759,0.608,0.659,0.819,0.648,0.669,0.755,0.755,0.817,0.493,0.862,0.867,0.625,0.855,0.669,0.648,0.642,0.659,0.814,0.653,0.852,0.653,0.653,0.830,0.824,0.659,0.653,0.750,0.795,0.740,0.860,0.659,0.827,0.436,0.465,0.716,0.659,0.472,0.819,0.436,0.731,0.789,0.664,0.465,0.798,0.726,0.436,0.764,0.659,0.769,0.659,0.669,0.653,0.819,0.721,0.648,0.602,0.726,0.675,0.817,0.822,0.764,0.800,0.653,0.852,0.726,0.653,0.824,0.736,0.429,0.642,0.659,0.653,0.867,0.822,0.721,0.862,0.648,0.664,0.819,0.755,0.721,0.869,0.669,0.659,0.862,0.669,0.436,0.479,0.642,0.653,0.669,0.486,0.429,0.830,0.731,0.669,0.675,0.731,0.830,0.653,0.822,0.114,0.817,0.822,0.659,0.613,0.664,0.136,0.669,0.648,0.653,0.103,0.059,0.798,0.865,0.669,0.642,0.850,0.750,0.857,0.472,0.608,0.653,0.659,0.850,0.822,0.819,0.653,0.669,0.822,0.830,0.664,0.669,0.653,0.636,0.659,0.817,0.824,0.824,0.803,0.764,0.675,0.829,0.847,0.436,0.745,0.590,0.726,0.664,0.819,0.759,0.653,0.824,0.721,0.706,0.648,0.664,0.798,0.759,0.860,0.792,0.436,0.636
7PNB_e_1_NAG;0.089,0.727,0.857,0.792,0.727,0.743,0.069,0.842,0.847,0.738,0.725,0.857,0.800,0.817,0.824,0.817,0.827,0.835,0.725,0.753,0.811,0.845,0.743,0.847,0.817,0.827,0.725,0.850,0.747,0.723,0.725,0.738,0.751,0.736,0.740,0.852,0.814,0.738,0.811,0.736,0.809,0.822,0.032,0.817,0.842,0.819,0.862,0.727,0.762,0.716,0.840,0.753,0.809,0.835,0.734,0.845,0.817,0.832,0.792,0.718,0.089,0.824,0.842,0.038,0.747,0.740,0.738,0.803,0.721,0.855,0.000,0.855,0.738,0.734,0.744,0.862,0.847,0.822,0.814,0.824,0.817,0.734,0.832,0.718,0.811,0.817,0.809,0.822,0.736,0.830,0.798,0.845,0.811,0.738,0.832,0.814,0.862,0.795,0.732,0.850,0.725,0.725,0.809,0.723,0.814,0.819,0.811,0.827,0.740,0.817,0.032,0.824,0.819,0.745,0.718,0.845,0.819,0.795,0.718,0.792,0.723,0.817,0.721,0.832,0.850,0.840,0.835,0.847,0.738,0.850,0.847,0.721,0.809,0.850,0.716,0.803,0.837,0.865,0.819,0.862,0.842,0.817,0.840,0.725,0.806,0.814,0.845,0.806,0.822,0.734,0.729,0.862,0.721,0.817,0.089,0.800,0.817,0.723,0.847,0.837,0.817,0.842,0.806,0.727,0.747,0.847,0.756,0.817,0.819,0.743,0.798,0.803,0.725,0.824,0.809,0.084,0.819,0.832,0.847,0.814,0.830,0.827,0.850,0.837,0.716,0.845,0.817,0.814,0.803,0.727,0.842,0.716,0.855,0.743,0.723,0.835,0.847,0.819,0.855,0.814,0.809,0.814,0.857,0.860,0.727,0.727,0.800,0.817,0.725,0.792,0.734,0.850,0.847,0.819,0.811,0.749,0.751,0.738,0.837,0.824,0.747,0.721,0.822,0.822,0.817,0.814,0.832,0.740,0.740,0.712,0.723,0.860,0.814,0.749,0.757,0.837,0.792,0.845,0.847,0.832,0.736,0.865,0.822,0.718,0.803,0.845,0.814,0.817,0.725,0.862,0.725,0.721,0.835,0.814
7PNB_b_3_YZT;0.860,0.865,0.036,0.750,0.867,0.819,0.855,0.716,0.584,0.814,0.869,0.114,0.716,0.642,0.653,0.659,0.653,0.429,0.867,0.798,0.648,0.571,0.827,0.584,0.653,0.675,0.869,0.451,0.808,0.852,0.857,0.822,0.819,0.814,0.830,0.059,0.653,0.824,0.653,0.805,0.664,0.664,0.855,0.659,0.664,0.642,0.764,0.865,0.811,0.824,0.659,0.852,0.653,0.429,0.827,0.731,0.642,0.669,0.745,0.847,0.852,0.653,0.659,0.855,0.824,0.827,0.852,0.711,0.792,0.081,0.855,0.000,0.824,0.819,0.850,0.759,0.590,0.659,0.653,0.659,0.653,0.832,0.664,0.827,0.642,0.636,0.659,0.653,0.855,0.664,0.759,0.590,0.653,0.817,0.648,0.648,0.750,0.755,0.817,0.486,0.855,0.867,0.631,0.850,0.648,0.636,0.636,0.659,0.809,0.659,0.852,0.642,0.648,0.830,0.827,0.659,0.648,0.750,0.795,0.745,0.852,0.642,0.830,0.421,0.465,0.726,0.659,0.465,0.817,0.436,0.740,0.789,0.659,0.465,0.800,0.716,0.421,0.759,0.642,0.764,0.664,0.648,0.653,0.819,0.716,0.653,0.584,0.721,0.653,0.814,0.822,0.759,0.800,0.659,0.852,0.721,0.659,0.819,0.736,0.413,0.648,0.659,0.648,0.867,0.819,0.731,0.857,0.653,0.648,0.819,0.755,0.711,0.869,0.653,0.653,0.862,0.653,0.421,0.465,0.648,0.648,0.653,0.486,0.413,0.832,0.736,0.648,0.653,0.726,0.827,0.659,0.822,0.059,0.814,0.824,0.659,0.596,0.648,0.103,0.648,0.653,0.642,0.070,0.047,0.798,0.857,0.659,0.631,0.845,0.750,0.855,0.465,0.590,0.648,0.648,0.847,0.819,0.817,0.659,0.653,0.822,0.830,0.648,0.653,0.659,0.642,0.653,0.814,0.824,0.827,0.806,0.759,0.653,0.834,0.847,0.421,0.745,0.571,0.736,0.659,0.817,0.755,0.642,0.824,0.716,0.716,0.636,0.648,0.798,0.755,0.855,0.789,0.421,0.631
7PNB_i_2_NAG;0.734,0.778,0.824,0.803,0.780,0.649,0.745,0.809,0.837,0.505,0.776,0.830,0.792,0.761,0.758,0.752,0.761,0.806,0.776,0.654,0.755,0.835,0.674,0.837,0.752,0.758,0.776,0.811,0.661,0.629,0.619,0.119,0.661,0.493,0.669,0.824,0.749,0.119,0.758,0.661,0.749,0.758,0.736,0.755,0.795,0.761,0.867,0.780,0.662,0.667,0.789,0.693,0.755,0.806,0.133,0.814,0.755,0.770,0.800,0.629,0.738,0.758,0.784,0.740,0.674,0.679,0.683,0.792,0.664,0.827,0.738,0.824,0.000,0.109,0.681,0.867,0.840,0.761,0.749,0.758,0.749,0.674,0.767,0.502,0.755,0.758,0.755,0.758,0.673,0.764,0.809,0.837,0.761,0.505,0.767,0.755,0.867,0.809,0.119,0.806,0.632,0.776,0.752,0.629,0.749,0.761,0.761,0.758,0.652,0.755,0.738,0.767,0.755,0.667,0.483,0.784,0.752,0.800,0.669,0.803,0.624,0.767,0.496,0.806,0.809,0.811,0.770,0.806,0.508,0.811,0.811,0.654,0.752,0.809,0.674,0.787,0.806,0.865,0.767,0.867,0.789,0.746,0.784,0.490,0.789,0.752,0.835,0.789,0.758,0.502,0.143,0.867,0.669,0.755,0.734,0.787,0.755,0.657,0.809,0.806,0.752,0.787,0.752,0.780,0.647,0.811,0.686,0.752,0.767,0.079,0.806,0.789,0.774,0.755,0.752,0.747,0.758,0.806,0.806,0.761,0.764,0.761,0.803,0.803,0.486,0.809,0.746,0.749,0.789,0.138,0.792,0.483,0.822,0.505,0.499,0.770,0.842,0.770,0.819,0.749,0.749,0.758,0.822,0.827,0.674,0.624,0.749,0.758,0.634,0.803,0.688,0.806,0.840,0.752,0.755,0.681,0.629,0.502,0.795,0.755,0.686,0.664,0.770,0.773,0.758,0.758,0.767,0.496,0.692,0.490,0.674,0.870,0.749,0.676,0.685,0.809,0.806,0.835,0.814,0.770,0.496,0.870,0.767,0.483,0.787,0.806,0.758,0.767,0.674,0.867,0.634,0.654,0.806,0.755
7PNB_O_2_NAG;0.727,0.776,0.819,0.809,0.778,0.649,0.740,0.809,0.842,0.505,0.774,0.824,0.809,0.749,0.749,0.746,0.752,0.811,0.774,0.664,0.743,0.840,0.681,0.842,0.749,0.755,0.774,0.809,0.666,0.632,0.629,0.162,0.666,0.493,0.672,0.819,0.749,0.059,0.746,0.661,0.743,0.752,0.734,0.752,0.784,0.749,0.872,0.778,0.669,0.664,0.778,0.707,0.746,0.811,0.185,0.819,0.743,0.764,0.809,0.634,0.729,0.749,0.773,0.736,0.684,0.686,0.695,0.809,0.657,0.822,0.734,0.819,0.109,0.000,0.692,0.872,0.845,0.752,0.749,0.749,0.743,0.676,0.761,0.511,0.743,0.743,0.743,0.746,0.685,0.761,0.814,0.842,0.749,0.505,0.761,0.752,0.870,0.817,0.119,0.800,0.637,0.774,0.743,0.634,0.749,0.749,0.743,0.746,0.659,0.752,0.734,0.752,0.743,0.679,0.496,0.773,0.743,0.809,0.664,0.811,0.629,0.749,0.517,0.811,0.806,0.814,0.764,0.803,0.508,0.803,0.817,0.644,0.746,0.806,0.664,0.803,0.811,0.870,0.752,0.872,0.778,0.746,0.770,0.511,0.806,0.743,0.840,0.806,0.749,0.502,0.089,0.872,0.659,0.752,0.725,0.803,0.752,0.659,0.814,0.814,0.746,0.773,0.743,0.778,0.652,0.811,0.698,0.749,0.752,0.114,0.811,0.806,0.772,0.746,0.743,0.745,0.749,0.811,0.803,0.749,0.758,0.752,0.800,0.811,0.496,0.814,0.746,0.749,0.806,0.074,0.787,0.493,0.817,0.508,0.511,0.764,0.847,0.755,0.814,0.749,0.740,0.746,0.817,0.822,0.669,0.629,0.743,0.746,0.644,0.809,0.698,0.803,0.845,0.743,0.746,0.692,0.642,0.502,0.781,0.746,0.695,0.662,0.755,0.758,0.755,0.749,0.761,0.499,0.692,0.496,0.664,0.874,0.749,0.690,0.697,0.814,0.814,0.840,0.814,0.764,0.496,0.870,0.752,0.490,0.803,0.809,0.746,0.752,0.667,0.870,0.639,0.649,0.817,0.746
7PNB_b_1_NAG;0.738,0.761,0.852,0.819,0.757,0.716,0.749,0.797,0.834,0.722,0.757,0.855,0.795,0.786,0.795,0.805,0.797,0.832,0.759,0.711,0.805,0.834,0.695,0.832,0.775,0.803,0.757,0.842,0.708,0.671,0.678,0.699,0.717,0.725,0.725,0.847,0.805,0.690,0.800,0.708,0.792,0.803,0.744,0.775,0.805,0.811,0.884,0.750,0.713,0.685,0.805,0.087,0.800,0.832,0.685,0.781,0.797,0.816,0.816,0.676,0.742,0.797,0.805,0.747,0.697,0.692,0.207,0.795,0.668,0.852,0.744,0.850,0.681,0.692,0.000,0.884,0.840,0.789,0.805,0.803,0.778,0.690,0.816,0.711,0.783,0.811,0.805,0.789,0.162,0.813,0.827,0.840,0.803,0.725,0.811,0.805,0.886,0.821,0.702,0.847,0.676,0.759,0.803,0.678,0.803,0.789,0.808,0.805,0.704,0.772,0.749,0.795,0.800,0.697,0.706,0.805,0.795,0.819,0.666,0.819,0.678,0.789,0.718,0.829,0.842,0.792,0.813,0.842,0.722,0.847,0.783,0.683,0.797,0.842,0.668,0.792,0.834,0.884,0.789,0.884,0.808,0.808,0.803,0.711,0.792,0.800,0.834,0.789,0.792,0.718,0.685,0.886,0.666,0.775,0.744,0.789,0.775,0.685,0.783,0.827,0.775,0.805,0.800,0.755,0.713,0.786,0.187,0.778,0.792,0.685,0.824,0.795,0.755,0.795,0.797,0.749,0.795,0.829,0.842,0.808,0.811,0.797,0.847,0.829,0.702,0.781,0.808,0.805,0.789,0.683,0.803,0.704,0.847,0.720,0.713,0.813,0.845,0.795,0.847,0.803,0.800,0.786,0.850,0.852,0.676,0.676,0.797,0.786,0.673,0.819,0.178,0.845,0.840,0.795,0.789,0.099,0.709,0.727,0.803,0.795,0.699,0.678,0.792,0.795,0.772,0.805,0.811,0.718,0.740,0.713,0.668,0.886,0.805,0.221,0.119,0.834,0.819,0.832,0.783,0.811,0.727,0.888,0.795,0.706,0.789,0.797,0.786,0.789,0.666,0.886,0.678,0.673,0.824,0.783
7PNB_Z_3_YZT;0.865,0.850,0.764,0.750,0.852,0.874,0.862,0.813,0.764,0.867,0.845,0.764,0.769,0.769,0.750,0.773,0.755,0.740,0.847,0.877,0.764,0.759,0.862,0.759,0.773,0.769,0.845,0.716,0.879,0.867,0.870,0.870,0.877,0.865,0.862,0.759,0.755,0.872,0.773,0.891,0.759,0.764,0.860,0.778,0.813,0.773,0.024,0.852,0.874,0.860,0.809,0.891,0.769,0.740,0.872,0.813,0.755,0.778,0.755,0.867,0.865,0.755,0.813,0.860,0.865,0.862,0.884,0.769,0.870,0.764,0.862,0.759,0.867,0.872,0.884,0.000,0.764,0.736,0.755,0.769,0.778,0.862,0.782,0.879,0.759,0.769,0.773,0.773,0.886,0.769,0.759,0.769,0.773,0.867,0.787,0.755,0.036,0.750,0.872,0.721,0.870,0.847,0.769,0.867,0.755,0.773,0.769,0.773,0.884,0.778,0.857,0.750,0.759,0.850,0.882,0.813,0.759,0.750,0.870,0.755,0.870,0.736,0.879,0.736,0.731,0.809,0.782,0.716,0.867,0.711,0.813,0.870,0.769,0.726,0.870,0.769,0.745,0.047,0.745,0.024,0.817,0.759,0.809,0.879,0.764,0.773,0.764,0.769,0.740,0.867,0.870,0.047,0.870,0.778,0.862,0.764,0.778,0.857,0.813,0.740,0.778,0.813,0.773,0.850,0.874,0.817,0.893,0.773,0.740,0.870,0.755,0.769,0.847,0.750,0.769,0.867,0.745,0.736,0.716,0.764,0.782,0.755,0.721,0.736,0.879,0.809,0.759,0.755,0.764,0.862,0.813,0.879,0.759,0.870,0.877,0.782,0.773,0.745,0.745,0.755,0.773,0.769,0.764,0.764,0.872,0.870,0.764,0.769,0.865,0.750,0.891,0.721,0.769,0.759,0.759,0.886,0.877,0.867,0.809,0.750,0.857,0.860,0.740,0.736,0.778,0.773,0.778,0.870,0.857,0.877,0.870,0.024,0.755,0.884,0.886,0.745,0.750,0.755,0.817,0.773,0.867,0.070,0.750,0.874,0.764,0.813,0.764,0.740,0.870,0.070,0.870,0.867,0.740,0.764
7PNB_V_3_YZT;0.847,0.847,0.590,0.721,0.852,0.837,0.842,0.721,0.047,0.865,0.847,0.608,0.690,0.716,0.711,0.740,0.716,0.584,0.847,0.845,0.750,0.125,0.837,0.070,0.716,0.745,0.847,0.619,0.850,0.850,0.852,0.845,0.837,0.862,0.855,0.590,0.680,0.845,0.721,0.857,0.701,0.740,0.845,0.716,0.755,0.750,0.764,0.850,0.842,0.840,0.750,0.842,0.721,0.578,0.837,0.731,0.726,0.721,0.716,0.850,0.852,0.716,0.750,0.845,0.832,0.835,0.845,0.696,0.860,0.608,0.847,0.590,0.840,0.845,0.840,0.764,0.000,0.696,0.680,0.745,0.716,0.832,0.721,0.850,0.716,0.736,0.726,0.726,0.837,0.716,0.736,0.024,0.721,0.865,0.721,0.685,0.773,0.731,0.847,0.631,0.852,0.845,0.731,0.850,0.675,0.721,0.740,0.750,0.842,0.716,0.847,0.740,0.736,0.837,0.847,0.750,0.731,0.721,0.860,0.721,0.852,0.731,0.852,0.578,0.619,0.716,0.721,0.619,0.865,0.636,0.721,0.855,0.716,0.619,0.860,0.685,0.590,0.759,0.736,0.764,0.750,0.685,0.745,0.847,0.701,0.726,0.103,0.685,0.701,0.865,0.842,0.764,0.857,0.716,0.855,0.690,0.716,0.832,0.726,0.578,0.721,0.750,0.726,0.850,0.835,0.716,0.845,0.716,0.736,0.845,0.731,0.696,0.850,0.711,0.721,0.850,0.706,0.578,0.631,0.755,0.721,0.716,0.631,0.571,0.845,0.716,0.685,0.680,0.685,0.842,0.750,0.845,0.590,0.865,0.847,0.721,0.103,0.726,0.596,0.675,0.716,0.716,0.590,0.608,0.860,0.850,0.711,0.721,0.840,0.721,0.845,0.625,0.047,0.731,0.706,0.837,0.837,0.865,0.750,0.711,0.830,0.835,0.726,0.731,0.716,0.736,0.716,0.865,0.837,0.847,0.862,0.764,0.680,0.834,0.837,0.584,0.721,0.092,0.716,0.716,0.865,0.769,0.740,0.845,0.696,0.721,0.721,0.721,0.860,0.769,0.850,0.855,0.565,0.721
7PNB_1_6_MAN;0.817,0.808,0.664,0.631,0.813,0.789,0.817,0.642,0.690,0.784,0.805,0.680,0.642,0.350,0.059,0.436,0.081,0.648,0.805,0.784,0.451,0.685,0.784,0.690,0.421,0.436,0.805,0.625,0.795,0.781,0.792,0.767,0.792,0.784,0.767,0.669,0.507,0.752,0.374,0.803,0.342,0.421,0.817,0.429,0.571,0.465,0.736,0.813,0.792,0.781,0.565,0.795,0.366,0.648,0.773,0.669,0.390,0.533,0.631,0.781,0.811,0.070,0.559,0.819,0.781,0.787,0.795,0.636,0.767,0.680,0.822,0.659,0.761,0.752,0.789,0.736,0.696,0.000,0.507,0.413,0.421,0.770,0.527,0.767,0.358,0.451,0.382,0.390,0.789,0.533,0.642,0.696,0.366,0.787,0.533,0.507,0.736,0.636,0.758,0.636,0.792,0.805,0.443,0.787,0.507,0.358,0.443,0.429,0.792,0.436,0.819,0.406,0.398,0.781,0.764,0.559,0.390,0.636,0.764,0.631,0.781,0.390,0.767,0.648,0.631,0.648,0.527,0.636,0.787,0.631,0.669,0.764,0.374,0.631,0.758,0.625,0.653,0.731,0.398,0.736,0.565,0.507,0.553,0.755,0.642,0.465,0.696,0.636,0.047,0.784,0.761,0.736,0.755,0.436,0.817,0.636,0.436,0.773,0.653,0.653,0.421,0.559,0.374,0.808,0.792,0.669,0.795,0.429,0.406,0.764,0.636,0.625,0.808,0.070,0.358,0.824,0.047,0.648,0.636,0.458,0.527,0.081,0.653,0.653,0.764,0.664,0.507,0.507,0.636,0.752,0.565,0.758,0.653,0.781,0.758,0.527,0.711,0.390,0.653,0.507,0.451,0.358,0.664,0.675,0.764,0.789,0.374,0.350,0.781,0.631,0.795,0.631,0.701,0.390,0.350,0.792,0.789,0.787,0.565,0.081,0.781,0.775,0.382,0.398,0.443,0.458,0.520,0.781,0.763,0.761,0.758,0.740,0.507,0.783,0.795,0.653,0.631,0.685,0.669,0.527,0.787,0.731,0.413,0.755,0.631,0.642,0.374,0.382,0.758,0.736,0.789,0.758,0.653,0.366
7PNB_w_4_BGC;0.819,0.811,0.653,0.653,0.816,0.787,0.822,0.648,0.669,0.778,0.808,0.675,0.608,0.520,0.514,0.540,0.520,0.625,0.811,0.795,0.559,0.664,0.789,0.669,0.553,0.553,0.808,0.631,0.800,0.755,0.755,0.758,0.792,0.778,0.781,0.664,0.000,0.755,0.527,0.803,0.493,0.540,0.819,0.559,0.578,0.559,0.755,0.813,0.795,0.798,0.571,0.819,0.514,0.625,0.764,0.675,0.520,0.500,0.648,0.746,0.817,0.507,0.571,0.819,0.789,0.795,0.811,0.602,0.775,0.675,0.814,0.653,0.749,0.749,0.805,0.755,0.680,0.507,0.000,0.546,0.546,0.787,0.493,0.749,0.514,0.546,0.527,0.546,0.808,0.507,0.664,0.680,0.520,0.781,0.486,0.024,0.745,0.659,0.752,0.619,0.755,0.808,0.546,0.749,0.012,0.527,0.553,0.559,0.789,0.559,0.817,0.578,0.533,0.781,0.749,0.571,0.527,0.653,0.773,0.653,0.749,0.559,0.743,0.631,0.631,0.648,0.486,0.625,0.781,0.625,0.675,0.781,0.507,0.631,0.775,0.602,0.631,0.750,0.565,0.755,0.578,0.012,0.565,0.740,0.608,0.571,0.669,0.608,0.507,0.778,0.758,0.750,0.773,0.565,0.822,0.602,0.565,0.784,0.664,0.636,0.546,0.571,0.507,0.813,0.784,0.669,0.817,0.559,0.565,0.746,0.653,0.596,0.813,0.507,0.507,0.817,0.500,0.631,0.625,0.553,0.472,0.520,0.625,0.631,0.746,0.669,0.012,0.000,0.608,0.746,0.571,0.743,0.653,0.778,0.740,0.486,0.690,0.546,0.659,0.012,0.559,0.520,0.653,0.664,0.773,0.755,0.507,0.527,0.743,0.653,0.809,0.625,0.675,0.527,0.520,0.805,0.795,0.781,0.571,0.514,0.787,0.795,0.546,0.553,0.565,0.565,0.479,0.778,0.795,0.746,0.778,0.755,0.000,0.797,0.811,0.631,0.653,0.664,0.675,0.486,0.781,0.755,0.578,0.743,0.596,0.653,0.527,0.553,0.773,0.745,0.755,0.778,0.636,0.540
7PNB_J_5_MAN;0.824,0.842,0.648,0.659,0.845,0.789,0.827,0.584,0.740,0.778,0.840,0.653,0.680,0.254,0.382,0.114,0.390,0.659,0.842,0.775,0.216,0.731,0.798,0.740,0.443,0.036,0.840,0.613,0.795,0.789,0.789,0.761,0.797,0.778,0.787,0.659,0.546,0.749,0.254,0.805,0.290,0.036,0.822,0.451,0.486,0.177,0.769,0.847,0.789,0.789,0.479,0.814,0.245,0.659,0.773,0.613,0.059,0.451,0.659,0.784,0.822,0.374,0.486,0.824,0.800,0.795,0.811,0.675,0.773,0.659,0.824,0.659,0.758,0.749,0.803,0.769,0.745,0.413,0.546,0.000,0.421,0.787,0.443,0.752,0.245,0.197,0.226,0.235,0.800,0.465,0.669,0.745,0.263,0.781,0.429,0.533,0.759,0.664,0.752,0.625,0.792,0.842,0.216,0.784,0.540,0.245,0.187,0.047,0.795,0.451,0.822,0.308,0.024,0.798,0.752,0.479,0.036,0.664,0.770,0.659,0.787,0.325,0.752,0.659,0.608,0.584,0.443,0.625,0.781,0.619,0.613,0.767,0.263,0.608,0.764,0.664,0.653,0.764,0.333,0.769,0.486,0.546,0.472,0.743,0.669,0.245,0.740,0.669,0.390,0.778,0.758,0.764,0.767,0.443,0.824,0.669,0.443,0.792,0.608,0.659,0.436,0.479,0.235,0.840,0.795,0.602,0.811,0.436,0.333,0.761,0.659,0.664,0.842,0.382,0.254,0.830,0.382,0.659,0.625,0.207,0.443,0.390,0.642,0.664,0.749,0.613,0.546,0.546,0.675,0.755,0.479,0.746,0.653,0.778,0.746,0.443,0.759,0.333,0.648,0.540,0.235,0.254,0.636,0.653,0.770,0.789,0.254,0.235,0.798,0.659,0.809,0.608,0.750,0.036,0.254,0.805,0.784,0.781,0.479,0.390,0.792,0.787,0.308,0.325,0.458,0.245,0.451,0.778,0.783,0.749,0.761,0.769,0.546,0.789,0.811,0.664,0.659,0.736,0.602,0.458,0.781,0.759,0.316,0.740,0.664,0.584,0.245,0.316,0.767,0.759,0.792,0.761,0.664,0.235
7PNB_c_5_MAN;0.817,0.797,0.653,0.625,0.800,0.770,0.819,0.648,0.711,0.789,0.797,0.653,0.701,0.316,0.436,0.421,0.436,0.613,0.797,0.775,0.421,0.690,0.789,0.706,0.036,0.429,0.797,0.619,0.781,0.787,0.787,0.758,0.781,0.789,0.787,0.642,0.546,0.746,0.421,0.783,0.406,0.429,0.817,0.047,0.500,0.429,0.778,0.797,0.775,0.784,0.493,0.784,0.413,0.613,0.761,0.669,0.398,0.520,0.613,0.792,0.811,0.429,0.500,0.817,0.787,0.787,0.786,0.696,0.764,0.648,0.817,0.653,0.749,0.743,0.778,0.778,0.716,0.421,0.546,0.421,0.000,0.773,0.514,0.755,0.308,0.413,0.421,0.333,0.781,0.520,0.636,0.711,0.413,0.792,0.507,0.546,0.764,0.619,0.746,0.625,0.795,0.797,0.398,0.787,0.546,0.325,0.398,0.413,0.770,0.059,0.814,0.406,0.406,0.784,0.749,0.493,0.398,0.619,0.758,0.613,0.789,0.374,0.749,0.619,0.625,0.648,0.514,0.625,0.792,0.613,0.669,0.758,0.413,0.625,0.758,0.685,0.619,0.773,0.382,0.778,0.493,0.546,0.479,0.743,0.690,0.421,0.711,0.690,0.406,0.789,0.752,0.769,0.749,0.059,0.814,0.690,0.059,0.778,0.664,0.602,0.024,0.486,0.406,0.795,0.778,0.659,0.787,0.024,0.398,0.755,0.631,0.690,0.797,0.436,0.406,0.824,0.436,0.619,0.625,0.429,0.500,0.436,0.625,0.608,0.746,0.659,0.546,0.546,0.696,0.746,0.493,0.746,0.648,0.789,0.743,0.514,0.716,0.398,0.625,0.546,0.398,0.325,0.653,0.659,0.755,0.792,0.413,0.325,0.784,0.625,0.787,0.625,0.716,0.398,0.325,0.775,0.781,0.792,0.486,0.443,0.787,0.781,0.382,0.398,0.070,0.406,0.507,0.789,0.797,0.752,0.755,0.773,0.546,0.766,0.781,0.619,0.613,0.701,0.659,0.514,0.792,0.764,0.382,0.734,0.685,0.653,0.325,0.382,0.755,0.764,0.795,0.764,0.602,0.342
7PNB_N_1_NAG;0.729,0.747,0.837,0.787,0.751,0.652,0.734,0.800,0.832,0.664,0.751,0.835,0.795,0.778,0.773,0.784,0.773,0.819,0.749,0.649,0.792,0.819,0.291,0.827,0.773,0.789,0.751,0.822,0.661,0.649,0.657,0.686,0.668,0.662,0.605,0.827,0.787,0.681,0.775,0.656,0.770,0.784,0.734,0.773,0.800,0.792,0.862,0.747,0.647,0.157,0.795,0.695,0.770,0.819,0.681,0.809,0.781,0.795,0.781,0.649,0.734,0.775,0.798,0.738,0.307,0.267,0.688,0.792,0.523,0.835,0.734,0.832,0.674,0.676,0.690,0.862,0.832,0.770,0.787,0.787,0.773,0.000,0.795,0.647,0.778,0.789,0.778,0.787,0.688,0.795,0.789,0.830,0.775,0.664,0.795,0.787,0.860,0.781,0.679,0.819,0.649,0.749,0.781,0.642,0.787,0.778,0.787,0.789,0.644,0.775,0.736,0.800,0.781,0.389,0.652,0.795,0.784,0.787,0.544,0.773,0.637,0.795,0.644,0.819,0.822,0.795,0.795,0.817,0.662,0.824,0.811,0.541,0.770,0.822,0.541,0.798,0.819,0.862,0.798,0.862,0.798,0.789,0.789,0.647,0.792,0.784,0.830,0.795,0.770,0.659,0.672,0.860,0.550,0.773,0.734,0.795,0.773,0.275,0.811,0.817,0.773,0.792,0.770,0.751,0.652,0.811,0.698,0.773,0.800,0.676,0.789,0.792,0.749,0.775,0.770,0.743,0.767,0.819,0.817,0.787,0.792,0.773,0.819,0.819,0.644,0.806,0.789,0.787,0.795,0.664,0.798,0.642,0.832,0.667,0.642,0.795,0.827,0.800,0.835,0.787,0.781,0.781,0.837,0.832,0.529,0.642,0.773,0.778,0.662,0.787,0.667,0.822,0.835,0.784,0.778,0.690,0.654,0.664,0.795,0.773,0.323,0.171,0.798,0.800,0.778,0.784,0.792,0.662,0.704,0.652,0.553,0.860,0.787,0.678,0.692,0.822,0.775,0.830,0.811,0.792,0.667,0.862,0.798,0.647,0.792,0.803,0.778,0.800,0.550,0.860,0.639,0.514,0.817,0.784
7PNB_v_4_BGC;0.837,0.850,0.653,0.701,0.852,0.787,0.835,0.590,0.716,0.792,0.847,0.642,0.701,0.500,0.507,0.465,0.507,0.571,0.847,0.781,0.436,0.706,0.798,0.716,0.527,0.458,0.847,0.559,0.792,0.789,0.784,0.764,0.783,0.792,0.798,0.653,0.493,0.755,0.458,0.797,0.493,0.458,0.832,0.533,0.263,0.443,0.782,0.855,0.787,0.800,0.263,0.830,0.458,0.571,0.773,0.625,0.451,0.012,0.696,0.784,0.830,0.500,0.245,0.832,0.800,0.800,0.813,0.696,0.770,0.664,0.832,0.664,0.767,0.761,0.816,0.782,0.721,0.527,0.493,0.443,0.514,0.795,0.000,0.784,0.493,0.436,0.458,0.472,0.808,0.047,0.711,0.721,0.451,0.795,0.036,0.493,0.773,0.706,0.752,0.546,0.789,0.847,0.429,0.787,0.500,0.493,0.436,0.458,0.789,0.533,0.830,0.443,0.451,0.806,0.781,0.254,0.458,0.701,0.767,0.696,0.787,0.472,0.781,0.578,0.546,0.602,0.012,0.546,0.795,0.553,0.619,0.764,0.465,0.546,0.761,0.690,0.565,0.778,0.458,0.782,0.272,0.493,0.245,0.773,0.696,0.458,0.721,0.701,0.527,0.792,0.764,0.778,0.764,0.540,0.832,0.696,0.540,0.784,0.608,0.584,0.520,0.254,0.465,0.850,0.784,0.619,0.822,0.527,0.472,0.764,0.706,0.685,0.847,0.500,0.451,0.840,0.514,0.578,0.546,0.436,0.036,0.507,0.546,0.578,0.775,0.625,0.493,0.493,0.701,0.761,0.263,0.775,0.653,0.792,0.775,0.012,0.736,0.436,0.642,0.500,0.443,0.500,0.653,0.664,0.767,0.789,0.479,0.493,0.784,0.701,0.817,0.540,0.726,0.458,0.500,0.813,0.784,0.795,0.254,0.507,0.800,0.803,0.451,0.451,0.540,0.443,0.024,0.792,0.769,0.778,0.764,0.782,0.493,0.797,0.821,0.578,0.696,0.711,0.619,0.036,0.795,0.773,0.451,0.767,0.690,0.596,0.493,0.451,0.767,0.773,0.795,0.770,0.590,0.500
7PNB_L_2_NAG;0.721,0.753,0.830,0.798,0.757,0.605,0.725,0.800,0.847,0.578,0.753,0.830,0.817,0.749,0.767,0.752,0.767,0.819,0.751,0.634,0.764,0.850,0.657,0.847,0.764,0.755,0.753,0.824,0.631,0.632,0.629,0.499,0.639,0.581,0.674,0.827,0.749,0.514,0.755,0.644,0.743,0.749,0.723,0.767,0.809,0.764,0.879,0.757,0.629,0.634,0.806,0.725,0.752,0.819,0.505,0.811,0.749,0.787,0.792,0.621,0.714,0.764,0.803,0.723,0.647,0.647,0.727,0.819,0.647,0.824,0.718,0.827,0.502,0.511,0.711,0.879,0.850,0.767,0.749,0.752,0.755,0.647,0.784,0.000,0.743,0.758,0.752,0.755,0.711,0.787,0.806,0.847,0.755,0.578,0.781,0.752,0.874,0.800,0.517,0.819,0.637,0.751,0.752,0.639,0.752,0.749,0.758,0.755,0.629,0.767,0.718,0.787,0.746,0.654,0.084,0.803,0.749,0.798,0.654,0.792,0.626,0.784,0.069,0.819,0.822,0.803,0.781,0.824,0.581,0.824,0.811,0.654,0.746,0.822,0.662,0.809,0.819,0.877,0.787,0.879,0.809,0.749,0.800,0.109,0.819,0.755,0.847,0.814,0.761,0.575,0.505,0.877,0.664,0.770,0.716,0.814,0.770,0.629,0.809,0.824,0.761,0.803,0.749,0.755,0.611,0.809,0.732,0.761,0.784,0.508,0.800,0.814,0.751,0.764,0.746,0.729,0.764,0.819,0.824,0.764,0.775,0.767,0.822,0.822,0.043,0.809,0.749,0.749,0.817,0.511,0.806,0.109,0.827,0.575,0.089,0.781,0.852,0.787,0.824,0.752,0.749,0.746,0.830,0.827,0.654,0.634,0.746,0.746,0.626,0.798,0.714,0.819,0.847,0.749,0.746,0.722,0.619,0.586,0.806,0.767,0.659,0.642,0.781,0.787,0.767,0.761,0.778,0.575,0.678,0.069,0.662,0.879,0.749,0.709,0.722,0.817,0.798,0.845,0.811,0.781,0.584,0.879,0.784,0.138,0.817,0.803,0.746,0.778,0.659,0.874,0.634,0.644,0.827,0.749
7PNB_b_5_MAN;0.811,0.827,0.648,0.642,0.829,0.784,0.814,0.596,0.711,0.787,0.824,0.648,0.690,0.036,0.366,0.290,0.374,0.613,0.827,0.775,0.325,0.706,0.798,0.716,0.333,0.272,0.824,0.602,0.789,0.792,0.792,0.764,0.797,0.789,0.781,0.648,0.514,0.746,0.325,0.797,0.316,0.254,0.811,0.342,0.514,0.325,0.759,0.829,0.787,0.789,0.507,0.795,0.316,0.613,0.767,0.636,0.216,0.500,0.642,0.795,0.806,0.358,0.514,0.811,0.798,0.798,0.797,0.685,0.767,0.653,0.811,0.642,0.755,0.743,0.783,0.759,0.716,0.358,0.514,0.245,0.308,0.778,0.493,0.743,0.000,0.325,0.308,0.081,0.786,0.507,0.653,0.711,0.333,0.789,0.479,0.514,0.750,0.648,0.758,0.613,0.800,0.827,0.316,0.792,0.507,0.047,0.308,0.245,0.784,0.342,0.809,0.333,0.226,0.792,0.746,0.507,0.216,0.648,0.761,0.642,0.795,0.299,0.743,0.619,0.608,0.602,0.493,0.619,0.789,0.602,0.636,0.764,0.333,0.608,0.761,0.675,0.619,0.755,0.308,0.759,0.514,0.507,0.493,0.737,0.680,0.342,0.716,0.680,0.342,0.787,0.752,0.755,0.758,0.333,0.809,0.680,0.333,0.784,0.642,0.608,0.325,0.500,0.308,0.824,0.789,0.625,0.795,0.325,0.299,0.758,0.642,0.675,0.827,0.366,0.325,0.819,0.366,0.619,0.619,0.333,0.479,0.374,0.631,0.613,0.743,0.625,0.507,0.514,0.685,0.746,0.507,0.740,0.636,0.787,0.737,0.493,0.731,0.299,0.631,0.507,0.333,0.036,0.642,0.648,0.761,0.798,0.316,0.047,0.795,0.642,0.787,0.608,0.716,0.216,0.059,0.789,0.784,0.789,0.500,0.374,0.792,0.787,0.290,0.308,0.350,0.342,0.486,0.787,0.797,0.740,0.764,0.759,0.514,0.775,0.795,0.619,0.642,0.711,0.625,0.493,0.789,0.750,0.308,0.740,0.675,0.602,0.024,0.299,0.764,0.750,0.800,0.764,0.608,0.059
7PNB_x_6_MAN;0.817,0.834,0.625,0.631,0.840,0.781,0.819,0.596,0.731,0.781,0.832,0.631,0.706,0.325,0.429,0.216,0.429,0.642,0.837,0.770,0.103,0.721,0.800,0.731,0.436,0.207,0.832,0.602,0.786,0.787,0.787,0.758,0.786,0.781,0.787,0.642,0.546,0.743,0.316,0.795,0.350,0.207,0.814,0.443,0.458,0.059,0.769,0.840,0.781,0.792,0.451,0.822,0.308,0.642,0.773,0.613,0.207,0.443,0.636,0.784,0.814,0.406,0.443,0.817,0.803,0.798,0.811,0.701,0.770,0.642,0.817,0.636,0.758,0.743,0.811,0.769,0.736,0.451,0.546,0.197,0.413,0.789,0.436,0.758,0.325,0.000,0.290,0.299,0.808,0.451,0.648,0.731,0.325,0.784,0.421,0.533,0.759,0.648,0.743,0.613,0.789,0.834,0.081,0.781,0.540,0.316,0.024,0.177,0.784,0.451,0.814,0.254,0.197,0.792,0.758,0.436,0.207,0.636,0.767,0.642,0.784,0.281,0.758,0.642,0.596,0.590,0.436,0.602,0.784,0.596,0.613,0.761,0.325,0.596,0.764,0.696,0.636,0.764,0.281,0.769,0.443,0.540,0.436,0.749,0.701,0.125,0.726,0.706,0.436,0.781,0.752,0.764,0.761,0.436,0.817,0.701,0.436,0.789,0.608,0.642,0.429,0.443,0.299,0.832,0.784,0.602,0.819,0.429,0.308,0.755,0.642,0.690,0.837,0.421,0.316,0.822,0.421,0.642,0.602,0.092,0.436,0.429,0.613,0.648,0.755,0.613,0.540,0.546,0.706,0.746,0.458,0.752,0.631,0.775,0.752,0.436,0.745,0.325,0.625,0.540,0.125,0.333,0.619,0.636,0.770,0.787,0.316,0.308,0.789,0.631,0.817,0.596,0.736,0.207,0.333,0.813,0.781,0.784,0.458,0.429,0.795,0.789,0.299,0.316,0.458,0.092,0.443,0.775,0.786,0.755,0.761,0.769,0.546,0.803,0.819,0.648,0.642,0.726,0.602,0.451,0.784,0.759,0.263,0.743,0.696,0.596,0.325,0.290,0.767,0.759,0.789,0.752,0.648,0.316
7PNB_z_6_MAN;0.806,0.819,0.653,0.642,0.821,0.787,0.811,0.590,0.721,0.778,0.813,0.659,0.690,0.308,0.358,0.263,0.366,0.653,0.816,0.775,0.333,0.711,0.792,0.721,0.443,0.254,0.813,0.619,0.786,0.781,0.781,0.758,0.786,0.778,0.781,0.659,0.527,0.743,0.047,0.803,0.114,0.235,0.806,0.451,0.500,0.308,0.773,0.824,0.789,0.787,0.493,0.817,0.047,0.653,0.764,0.631,0.197,0.465,0.648,0.775,0.803,0.358,0.500,0.809,0.795,0.789,0.811,0.685,0.775,0.664,0.809,0.659,0.755,0.743,0.805,0.773,0.726,0.382,0.527,0.226,0.421,0.778,0.458,0.752,0.308,0.290,0.000,0.316,0.800,0.465,0.659,0.726,0.059,0.781,0.458,0.520,0.759,0.659,0.743,0.631,0.784,0.816,0.308,0.778,0.520,0.299,0.281,0.245,0.795,0.451,0.806,0.374,0.207,0.789,0.746,0.493,0.197,0.648,0.773,0.653,0.778,0.382,0.749,0.653,0.619,0.596,0.458,0.631,0.781,0.625,0.625,0.767,0.059,0.619,0.767,0.675,0.648,0.769,0.382,0.773,0.493,0.527,0.486,0.737,0.680,0.333,0.721,0.680,0.358,0.778,0.752,0.764,0.764,0.443,0.806,0.680,0.443,0.784,0.619,0.664,0.436,0.493,0.059,0.816,0.784,0.613,0.814,0.436,0.390,0.758,0.653,0.675,0.816,0.358,0.059,0.814,0.350,0.653,0.631,0.333,0.458,0.366,0.642,0.659,0.746,0.613,0.527,0.527,0.685,0.743,0.493,0.740,0.659,0.778,0.743,0.458,0.740,0.358,0.648,0.520,0.325,0.299,0.642,0.659,0.773,0.781,0.036,0.290,0.787,0.642,0.806,0.619,0.731,0.197,0.299,0.808,0.775,0.781,0.493,0.366,0.789,0.781,0.374,0.382,0.458,0.333,0.451,0.778,0.786,0.749,0.764,0.769,0.527,0.792,0.813,0.653,0.653,0.716,0.613,0.458,0.781,0.759,0.366,0.740,0.675,0.590,0.308,0.358,0.770,0.759,0.787,0.767,0.669,0.299
7PNB_0_5_MAN;0.822,0.840,0.642,0.659,0.842,0.787,0.824,0.578,0.721,0.789,0.837,0.648,0.711,0.092,0.358,0.272,0.366,0.636,0.840,0.778,0.290,0.716,0.806,0.726,0.358,0.254,0.837,0.608,0.795,0.800,0.800,0.761,0.803,0.792,0.787,0.653,0.546,0.746,0.333,0.800,0.358,0.245,0.822,0.366,0.486,0.290,0.773,0.842,0.792,0.795,0.479,0.800,0.325,0.636,0.773,0.613,0.235,0.479,0.659,0.803,0.817,0.350,0.493,0.822,0.806,0.806,0.800,0.706,0.764,0.653,0.822,0.653,0.758,0.746,0.789,0.773,0.726,0.390,0.546,0.235,0.333,0.787,0.472,0.755,0.081,0.299,0.316,0.000,0.789,0.493,0.669,0.721,0.342,0.792,0.458,0.540,0.764,0.664,0.752,0.613,0.806,0.840,0.299,0.798,0.540,0.081,0.281,0.226,0.787,0.358,0.819,0.299,0.226,0.800,0.758,0.486,0.235,0.664,0.758,0.659,0.803,0.308,0.755,0.642,0.602,0.584,0.472,0.619,0.792,0.608,0.613,0.758,0.342,0.602,0.755,0.696,0.631,0.769,0.308,0.773,0.493,0.540,0.472,0.749,0.701,0.290,0.726,0.701,0.366,0.789,0.755,0.769,0.749,0.358,0.819,0.701,0.358,0.792,0.619,0.625,0.350,0.479,0.316,0.837,0.795,0.602,0.800,0.350,0.316,0.758,0.664,0.696,0.840,0.358,0.333,0.830,0.374,0.642,0.619,0.299,0.465,0.366,0.631,0.631,0.755,0.613,0.540,0.546,0.706,0.749,0.479,0.752,0.636,0.787,0.749,0.472,0.740,0.316,0.636,0.540,0.290,0.092,0.636,0.648,0.764,0.806,0.342,0.103,0.803,0.659,0.792,0.602,0.726,0.235,0.114,0.792,0.787,0.792,0.472,0.366,0.800,0.795,0.308,0.325,0.366,0.299,0.472,0.787,0.797,0.752,0.752,0.773,0.546,0.781,0.797,0.642,0.659,0.721,0.602,0.479,0.792,0.764,0.290,0.743,0.696,0.584,0.059,0.308,0.755,0.764,0.806,0.758,0.631,0.092
7PNB_M_1_NAG;0.736,0.755,0.857,0.827,0.753,0.706,0.742,0.789,0.832,0.711,0.750,0.860,0.800,0.789,0.792,0.800,0.792,0.829,0.753,0.706,0.803,0.829,0.688,0.829,0.778,0.800,0.750,0.834,0.704,0.685,0.690,0.692,0.708,0.716,0.722,0.852,0.808,0.685,0.795,0.701,0.789,0.800,0.738,0.778,0.797,0.808,0.886,0.753,0.702,0.681,0.797,0.136,0.795,0.829,0.678,0.772,0.795,0.808,0.824,0.681,0.742,0.795,0.797,0.740,0.695,0.692,0.180,0.800,0.671,0.857,0.736,0.855,0.673,0.685,0.162,0.886,0.837,0.789,0.808,0.800,0.781,0.688,0.808,0.711,0.786,0.808,0.800,0.789,0.000,0.805,0.834,0.837,0.797,0.713,0.805,0.808,0.888,0.829,0.692,0.840,0.683,0.753,0.800,0.695,0.805,0.789,0.805,0.803,0.692,0.775,0.740,0.795,0.797,0.690,0.706,0.797,0.792,0.827,0.668,0.827,0.690,0.792,0.718,0.827,0.834,0.783,0.808,0.837,0.711,0.842,0.775,0.676,0.792,0.834,0.668,0.797,0.829,0.886,0.792,0.886,0.800,0.811,0.795,0.711,0.797,0.795,0.832,0.800,0.792,0.709,0.681,0.888,0.664,0.778,0.744,0.797,0.778,0.690,0.775,0.824,0.778,0.797,0.795,0.748,0.709,0.778,0.155,0.781,0.795,0.681,0.832,0.800,0.748,0.792,0.792,0.744,0.789,0.827,0.837,0.805,0.805,0.792,0.842,0.827,0.702,0.772,0.811,0.808,0.800,0.676,0.795,0.702,0.852,0.709,0.713,0.808,0.842,0.797,0.850,0.805,0.795,0.789,0.855,0.857,0.671,0.690,0.795,0.786,0.681,0.827,0.231,0.837,0.837,0.792,0.792,0.212,0.697,0.718,0.795,0.789,0.692,0.673,0.795,0.797,0.775,0.803,0.805,0.706,0.731,0.711,0.666,0.888,0.808,0.255,0.194,0.832,0.827,0.827,0.775,0.805,0.718,0.891,0.795,0.706,0.797,0.789,0.786,0.792,0.666,0.888,0.695,0.676,0.824,0.783
7PNB_M_4_BGC;0.832,0.842,0.659,0.696,0.845,0.789,0.832,0.584,0.711,0.792,0.840,0.642,0.685,0.514,0.514,0.493,0.514,0.571,0.840,0.784,0.451,0.701,0.798,0.711,0.533,0.479,0.840,0.559,0.795,0.787,0.781,0.764,0.786,0.792,0.798,0.653,0.507,0.755,0.465,0.800,0.500,0.479,0.827,0.540,0.272,0.458,0.769,0.847,0.789,0.800,0.272,0.827,0.465,0.571,0.770,0.619,0.458,0.036,0.690,0.781,0.830,0.507,0.254,0.830,0.800,0.800,0.808,0.680,0.775,0.664,0.830,0.664,0.764,0.761,0.813,0.769,0.716,0.533,0.507,0.465,0.520,0.795,0.047,0.787,0.507,0.451,0.465,0.493,0.805,0.000,0.706,0.716,0.458,0.795,0.081,0.507,0.759,0.701,0.755,0.553,0.787,0.840,0.451,0.784,0.514,0.507,0.458,0.479,0.792,0.540,0.827,0.436,0.458,0.806,0.784,0.263,0.465,0.696,0.773,0.690,0.784,0.472,0.784,0.578,0.546,0.596,0.059,0.546,0.795,0.559,0.613,0.770,0.472,0.546,0.767,0.675,0.565,0.764,0.451,0.769,0.281,0.507,0.263,0.775,0.680,0.472,0.716,0.685,0.533,0.792,0.764,0.764,0.770,0.546,0.832,0.680,0.546,0.784,0.602,0.584,0.527,0.272,0.472,0.842,0.787,0.613,0.819,0.533,0.465,0.764,0.701,0.669,0.840,0.507,0.458,0.835,0.520,0.578,0.546,0.451,0.059,0.514,0.553,0.578,0.778,0.613,0.507,0.507,0.685,0.761,0.272,0.778,0.659,0.792,0.778,0.059,0.726,0.436,0.642,0.514,0.465,0.514,0.659,0.669,0.773,0.787,0.486,0.507,0.781,0.696,0.817,0.540,0.721,0.465,0.514,0.811,0.787,0.795,0.272,0.514,0.800,0.803,0.451,0.443,0.546,0.465,0.047,0.792,0.769,0.781,0.770,0.769,0.507,0.792,0.819,0.578,0.690,0.706,0.613,0.036,0.795,0.759,0.443,0.767,0.675,0.584,0.507,0.451,0.773,0.759,0.792,0.775,0.590,0.500
7PNB_Z_4_MAN;0.792,0.786,0.764,0.036,0.792,0.824,0.803,0.750,0.736,0.806,0.786,0.764,0.675,0.659,0.659,0.675,0.669,0.740,0.786,0.835,0.642,0.745,0.792,0.736,0.625,0.669,0.786,0.736,0.837,0.803,0.811,0.809,0.834,0.806,0.827,0.759,0.664,0.817,0.664,0.842,0.653,0.664,0.795,0.619,0.711,0.653,0.759,0.792,0.835,0.795,0.706,0.827,0.659,0.740,0.803,0.755,0.648,0.711,0.081,0.814,0.798,0.664,0.716,0.798,0.795,0.798,0.840,0.680,0.835,0.759,0.798,0.759,0.809,0.814,0.827,0.759,0.736,0.642,0.664,0.669,0.636,0.789,0.711,0.806,0.653,0.648,0.659,0.669,0.834,0.706,0.000,0.736,0.664,0.809,0.706,0.664,0.755,0.070,0.811,0.731,0.819,0.786,0.642,0.811,0.659,0.664,0.648,0.669,0.830,0.619,0.800,0.664,0.659,0.800,0.806,0.716,0.653,0.047,0.830,0.103,0.811,0.642,0.809,0.740,0.736,0.745,0.711,0.721,0.809,0.740,0.764,0.832,0.659,0.736,0.827,0.664,0.745,0.755,0.648,0.759,0.711,0.669,0.711,0.806,0.680,0.648,0.731,0.664,0.653,0.806,0.811,0.750,0.830,0.619,0.798,0.669,0.619,0.795,0.759,0.731,0.631,0.716,0.659,0.786,0.837,0.769,0.827,0.631,0.648,0.806,0.024,0.675,0.789,0.664,0.659,0.789,0.653,0.740,0.721,0.648,0.706,0.669,0.736,0.736,0.806,0.759,0.669,0.664,0.664,0.806,0.711,0.803,0.755,0.809,0.800,0.711,0.731,0.636,0.745,0.659,0.642,0.659,0.764,0.764,0.832,0.819,0.653,0.664,0.814,0.047,0.824,0.736,0.731,0.653,0.648,0.824,0.832,0.809,0.706,0.669,0.798,0.787,0.642,0.642,0.625,0.653,0.706,0.809,0.808,0.800,0.830,0.755,0.664,0.829,0.827,0.745,0.103,0.740,0.769,0.706,0.809,0.755,0.659,0.803,0.675,0.750,0.659,0.642,0.830,0.755,0.809,0.824,0.726,0.664
7PNB_Q_3_YZT;0.845,0.847,0.590,0.721,0.852,0.835,0.840,0.726,0.047,0.865,0.847,0.608,0.696,0.711,0.711,0.736,0.716,0.584,0.847,0.842,0.745,0.125,0.835,0.070,0.711,0.745,0.847,0.613,0.847,0.852,0.855,0.842,0.834,0.862,0.852,0.590,0.680,0.842,0.721,0.855,0.701,0.740,0.842,0.711,0.750,0.745,0.769,0.850,0.840,0.837,0.745,0.842,0.721,0.578,0.835,0.736,0.726,0.721,0.716,0.852,0.850,0.716,0.745,0.842,0.830,0.832,0.845,0.701,0.857,0.608,0.845,0.590,0.837,0.842,0.840,0.769,0.024,0.696,0.680,0.745,0.711,0.830,0.721,0.847,0.711,0.731,0.726,0.721,0.837,0.716,0.736,0.000,0.721,0.865,0.721,0.685,0.778,0.731,0.845,0.625,0.855,0.845,0.726,0.850,0.675,0.716,0.736,0.745,0.840,0.711,0.845,0.736,0.736,0.835,0.845,0.745,0.731,0.721,0.857,0.721,0.852,0.726,0.850,0.578,0.613,0.721,0.721,0.613,0.865,0.631,0.726,0.852,0.716,0.613,0.857,0.690,0.590,0.764,0.731,0.769,0.745,0.685,0.740,0.845,0.706,0.721,0.081,0.690,0.701,0.865,0.840,0.769,0.855,0.711,0.852,0.696,0.711,0.830,0.731,0.578,0.716,0.745,0.726,0.850,0.832,0.721,0.845,0.711,0.731,0.842,0.731,0.701,0.850,0.711,0.721,0.847,0.706,0.578,0.625,0.750,0.721,0.716,0.625,0.571,0.842,0.721,0.685,0.680,0.690,0.840,0.745,0.842,0.590,0.865,0.845,0.721,0.103,0.726,0.596,0.675,0.711,0.711,0.590,0.608,0.857,0.852,0.711,0.716,0.842,0.721,0.842,0.619,0.024,0.731,0.701,0.837,0.835,0.865,0.745,0.711,0.827,0.832,0.726,0.731,0.711,0.731,0.716,0.865,0.837,0.845,0.860,0.769,0.680,0.834,0.837,0.584,0.721,0.092,0.721,0.716,0.865,0.773,0.736,0.842,0.701,0.726,0.716,0.721,0.857,0.773,0.852,0.852,0.565,0.716
7PNB_u_6_MAN;0.809,0.819,0.648,0.648,0.821,0.784,0.814,0.608,0.716,0.784,0.813,0.659,0.685,0.333,0.342,0.299,0.350,0.653,0.816,0.775,0.374,0.706,0.789,0.716,0.436,0.290,0.813,0.619,0.783,0.781,0.787,0.764,0.783,0.784,0.781,0.653,0.520,0.749,0.024,0.800,0.092,0.272,0.809,0.443,0.493,0.333,0.773,0.824,0.787,0.781,0.486,0.814,0.036,0.653,0.770,0.648,0.235,0.458,0.653,0.775,0.806,0.342,0.493,0.811,0.789,0.787,0.808,0.680,0.773,0.659,0.811,0.653,0.761,0.749,0.803,0.773,0.721,0.366,0.520,0.263,0.413,0.775,0.451,0.755,0.333,0.325,0.059,0.342,0.797,0.458,0.664,0.721,0.000,0.787,0.458,0.514,0.759,0.664,0.749,0.631,0.784,0.816,0.342,0.778,0.520,0.325,0.316,0.281,0.795,0.443,0.809,0.398,0.245,0.789,0.749,0.486,0.235,0.653,0.770,0.659,0.778,0.413,0.752,0.653,0.619,0.613,0.451,0.631,0.787,0.625,0.642,0.764,0.036,0.619,0.764,0.669,0.648,0.769,0.406,0.773,0.486,0.520,0.479,0.740,0.675,0.366,0.716,0.675,0.350,0.784,0.758,0.764,0.761,0.451,0.809,0.675,0.451,0.778,0.631,0.664,0.429,0.486,0.047,0.816,0.781,0.631,0.811,0.429,0.421,0.764,0.659,0.669,0.816,0.342,0.036,0.817,0.333,0.653,0.631,0.358,0.451,0.350,0.642,0.659,0.749,0.631,0.520,0.520,0.680,0.749,0.486,0.743,0.653,0.784,0.746,0.451,0.736,0.374,0.642,0.520,0.358,0.333,0.642,0.653,0.770,0.781,0.070,0.316,0.787,0.648,0.803,0.619,0.726,0.235,0.333,0.805,0.775,0.787,0.486,0.350,0.787,0.775,0.390,0.390,0.451,0.366,0.443,0.784,0.786,0.752,0.761,0.769,0.520,0.789,0.811,0.653,0.659,0.711,0.631,0.451,0.787,0.759,0.390,0.740,0.669,0.608,0.333,0.390,0.767,0.759,0.787,0.764,0.669,0.325
7PNB_1_2_NAG;0.740,0.774,0.817,0.806,0.774,0.654,0.747,0.835,0.860,0.016,0.774,0.817,0.792,0.792,0.787,0.778,0.787,0.798,0.774,0.649,0.781,0.852,0.679,0.857,0.792,0.781,0.774,0.819,0.649,0.664,0.664,0.471,0.661,0.043,0.679,0.819,0.781,0.523,0.784,0.656,0.778,0.781,0.743,0.795,0.792,0.781,0.867,0.778,0.654,0.667,0.789,0.732,0.781,0.798,0.471,0.835,0.778,0.798,0.806,0.672,0.738,0.787,0.795,0.743,0.679,0.676,0.716,0.789,0.649,0.819,0.738,0.817,0.505,0.505,0.725,0.867,0.865,0.787,0.781,0.781,0.792,0.664,0.795,0.578,0.789,0.784,0.781,0.792,0.713,0.795,0.809,0.865,0.787,0.000,0.789,0.781,0.865,0.806,0.496,0.819,0.674,0.774,0.781,0.669,0.781,0.792,0.787,0.787,0.644,0.795,0.740,0.781,0.781,0.679,0.570,0.795,0.778,0.806,0.664,0.803,0.667,0.781,0.570,0.798,0.817,0.832,0.792,0.817,0.005,0.819,0.837,0.659,0.778,0.817,0.667,0.792,0.798,0.870,0.781,0.867,0.795,0.781,0.795,0.556,0.789,0.784,0.857,0.795,0.789,0.022,0.502,0.867,0.667,0.795,0.736,0.789,0.795,0.652,0.832,0.795,0.789,0.798,0.778,0.774,0.654,0.837,0.727,0.795,0.778,0.490,0.806,0.789,0.774,0.787,0.778,0.745,0.784,0.798,0.817,0.781,0.789,0.787,0.819,0.798,0.578,0.837,0.781,0.781,0.792,0.526,0.789,0.553,0.814,0.043,0.567,0.792,0.865,0.778,0.811,0.781,0.781,0.789,0.817,0.819,0.659,0.672,0.778,0.792,0.684,0.806,0.729,0.814,0.865,0.778,0.795,0.725,0.654,0.027,0.792,0.787,0.691,0.664,0.775,0.778,0.798,0.784,0.792,0.053,0.692,0.581,0.667,0.865,0.781,0.720,0.725,0.798,0.806,0.855,0.840,0.795,0.016,0.870,0.784,0.564,0.787,0.835,0.789,0.775,0.669,0.865,0.669,0.659,0.798,0.787
7PNB_0_4_BGC;0.837,0.852,0.636,0.696,0.855,0.787,0.835,0.584,0.711,0.787,0.850,0.625,0.690,0.486,0.514,0.451,0.514,0.553,0.850,0.775,0.421,0.706,0.795,0.711,0.520,0.443,0.850,0.540,0.797,0.784,0.781,0.764,0.789,0.787,0.795,0.636,0.486,0.755,0.458,0.797,0.500,0.443,0.832,0.527,0.235,0.429,0.787,0.857,0.787,0.800,0.235,0.824,0.458,0.553,0.773,0.613,0.436,0.047,0.690,0.778,0.830,0.507,0.216,0.832,0.798,0.798,0.808,0.685,0.764,0.648,0.832,0.648,0.767,0.761,0.811,0.787,0.721,0.533,0.486,0.429,0.507,0.795,0.036,0.781,0.479,0.421,0.458,0.458,0.805,0.081,0.706,0.721,0.458,0.789,0.000,0.486,0.778,0.701,0.752,0.533,0.784,0.850,0.413,0.784,0.479,0.479,0.421,0.443,0.784,0.527,0.830,0.429,0.436,0.803,0.778,0.226,0.443,0.696,0.761,0.690,0.781,0.458,0.778,0.559,0.527,0.596,0.024,0.527,0.789,0.533,0.608,0.758,0.472,0.527,0.755,0.680,0.546,0.782,0.443,0.787,0.245,0.486,0.216,0.770,0.685,0.443,0.716,0.690,0.533,0.787,0.764,0.782,0.758,0.527,0.832,0.685,0.527,0.781,0.596,0.565,0.514,0.226,0.451,0.852,0.784,0.608,0.819,0.520,0.458,0.764,0.701,0.675,0.850,0.507,0.458,0.840,0.520,0.559,0.527,0.421,0.024,0.514,0.533,0.559,0.775,0.613,0.486,0.486,0.690,0.761,0.235,0.773,0.636,0.787,0.773,0.024,0.736,0.421,0.625,0.479,0.429,0.486,0.636,0.648,0.761,0.787,0.479,0.479,0.778,0.696,0.811,0.527,0.721,0.443,0.486,0.808,0.784,0.789,0.226,0.514,0.798,0.803,0.436,0.436,0.533,0.429,0.036,0.787,0.769,0.778,0.758,0.787,0.486,0.792,0.816,0.559,0.690,0.706,0.608,0.047,0.789,0.778,0.436,0.767,0.680,0.590,0.479,0.436,0.761,0.778,0.792,0.764,0.571,0.486
7PNB_1_4_BGC;0.819,0.811,0.648,0.653,0.816,0.789,0.822,0.642,0.675,0.778,0.811,0.669,0.608,0.520,0.507,0.527,0.514,0.625,0.813,0.789,0.546,0.669,0.789,0.675,0.553,0.540,0.811,0.619,0.800,0.755,0.755,0.758,0.795,0.778,0.781,0.659,0.024,0.758,0.520,0.797,0.493,0.527,0.819,0.559,0.565,0.546,0.755,0.813,0.795,0.798,0.559,0.819,0.507,0.625,0.770,0.669,0.507,0.500,0.648,0.746,0.817,0.500,0.559,0.819,0.789,0.795,0.811,0.602,0.773,0.669,0.814,0.648,0.755,0.752,0.805,0.755,0.685,0.507,0.024,0.533,0.546,0.787,0.493,0.752,0.514,0.533,0.520,0.540,0.808,0.507,0.664,0.685,0.514,0.781,0.486,0.000,0.745,0.659,0.752,0.608,0.755,0.811,0.533,0.746,0.036,0.520,0.540,0.546,0.789,0.559,0.817,0.565,0.520,0.781,0.752,0.559,0.514,0.653,0.770,0.653,0.749,0.553,0.746,0.631,0.619,0.642,0.486,0.613,0.781,0.613,0.669,0.775,0.500,0.619,0.770,0.602,0.625,0.750,0.553,0.755,0.565,0.036,0.553,0.743,0.608,0.559,0.675,0.608,0.500,0.778,0.761,0.750,0.770,0.565,0.822,0.602,0.565,0.784,0.659,0.636,0.546,0.559,0.500,0.813,0.787,0.664,0.817,0.559,0.559,0.752,0.653,0.596,0.816,0.500,0.500,0.817,0.493,0.631,0.613,0.540,0.472,0.514,0.613,0.636,0.749,0.664,0.036,0.024,0.608,0.749,0.559,0.746,0.648,0.773,0.743,0.486,0.696,0.540,0.653,0.036,0.546,0.520,0.648,0.659,0.770,0.755,0.500,0.520,0.743,0.653,0.809,0.613,0.680,0.514,0.520,0.805,0.798,0.781,0.559,0.507,0.787,0.795,0.540,0.546,0.565,0.553,0.479,0.773,0.792,0.749,0.773,0.755,0.024,0.797,0.811,0.631,0.653,0.669,0.669,0.486,0.781,0.755,0.565,0.743,0.596,0.648,0.520,0.546,0.770,0.745,0.752,0.773,0.636,0.533
7PNB_o_3_YZT;0.867,0.852,0.755,0.745,0.855,0.870,0.865,0.809,0.773,0.865,0.847,0.755,0.773,0.759,0.745,0.759,0.745,0.731,0.850,0.872,0.755,0.769,0.860,0.769,0.769,0.759,0.847,0.706,0.874,0.870,0.870,0.867,0.872,0.862,0.862,0.750,0.745,0.870,0.759,0.886,0.750,0.755,0.862,0.773,0.800,0.764,0.059,0.855,0.870,0.857,0.796,0.893,0.755,0.731,0.872,0.809,0.745,0.769,0.750,0.865,0.862,0.745,0.804,0.862,0.862,0.860,0.886,0.773,0.862,0.755,0.862,0.750,0.867,0.870,0.886,0.036,0.773,0.736,0.745,0.759,0.764,0.860,0.773,0.874,0.750,0.759,0.759,0.764,0.888,0.759,0.755,0.778,0.759,0.865,0.778,0.745,0.000,0.745,0.867,0.711,0.870,0.850,0.759,0.867,0.745,0.764,0.759,0.764,0.879,0.773,0.857,0.740,0.750,0.850,0.874,0.804,0.750,0.745,0.862,0.750,0.870,0.731,0.872,0.726,0.721,0.809,0.773,0.706,0.865,0.701,0.813,0.862,0.755,0.716,0.862,0.773,0.736,0.059,0.736,0.059,0.804,0.750,0.800,0.872,0.769,0.764,0.773,0.778,0.736,0.865,0.867,0.036,0.862,0.773,0.865,0.769,0.773,0.855,0.813,0.731,0.764,0.804,0.759,0.852,0.870,0.817,0.896,0.769,0.736,0.867,0.750,0.773,0.850,0.745,0.755,0.870,0.740,0.726,0.706,0.755,0.773,0.745,0.711,0.726,0.872,0.809,0.750,0.745,0.773,0.862,0.800,0.872,0.750,0.862,0.870,0.773,0.782,0.740,0.736,0.745,0.764,0.759,0.755,0.755,0.865,0.870,0.750,0.759,0.865,0.745,0.893,0.711,0.778,0.750,0.759,0.888,0.872,0.865,0.796,0.745,0.857,0.857,0.736,0.731,0.773,0.764,0.769,0.862,0.850,0.872,0.862,0.036,0.745,0.886,0.888,0.736,0.745,0.764,0.817,0.764,0.865,0.059,0.740,0.867,0.769,0.809,0.755,0.736,0.862,0.036,0.870,0.860,0.736,0.755
7PNB_P_4_MAN;0.795,0.783,0.759,0.047,0.789,0.819,0.803,0.740,0.731,0.803,0.783,0.759,0.659,0.653,0.653,0.659,0.664,0.740,0.783,0.832,0.636,0.736,0.781,0.726,0.608,0.664,0.783,0.736,0.832,0.800,0.800,0.809,0.829,0.803,0.817,0.755,0.659,0.819,0.664,0.837,0.653,0.659,0.792,0.608,0.706,0.648,0.750,0.789,0.830,0.787,0.701,0.824,0.659,0.740,0.803,0.745,0.642,0.706,0.047,0.809,0.795,0.659,0.716,0.795,0.784,0.787,0.834,0.664,0.832,0.755,0.795,0.755,0.809,0.817,0.821,0.750,0.731,0.636,0.659,0.664,0.619,0.781,0.706,0.800,0.648,0.648,0.659,0.664,0.829,0.701,0.070,0.731,0.664,0.806,0.701,0.659,0.745,0.000,0.814,0.731,0.814,0.783,0.631,0.806,0.653,0.659,0.642,0.664,0.824,0.608,0.798,0.664,0.653,0.787,0.800,0.716,0.648,0.036,0.827,0.036,0.806,0.642,0.803,0.740,0.736,0.736,0.706,0.721,0.806,0.740,0.755,0.827,0.659,0.736,0.824,0.648,0.745,0.745,0.648,0.750,0.711,0.664,0.711,0.800,0.664,0.636,0.726,0.648,0.648,0.803,0.814,0.740,0.827,0.608,0.800,0.653,0.608,0.789,0.750,0.731,0.613,0.716,0.659,0.783,0.832,0.759,0.827,0.613,0.648,0.806,0.059,0.659,0.786,0.659,0.659,0.795,0.648,0.740,0.721,0.642,0.701,0.664,0.726,0.736,0.800,0.750,0.664,0.659,0.648,0.806,0.706,0.798,0.750,0.806,0.795,0.706,0.731,0.642,0.740,0.653,0.631,0.653,0.759,0.759,0.830,0.814,0.653,0.659,0.803,0.059,0.822,0.736,0.726,0.648,0.642,0.821,0.830,0.806,0.701,0.664,0.787,0.778,0.642,0.642,0.613,0.642,0.701,0.806,0.805,0.795,0.827,0.745,0.659,0.821,0.827,0.745,0.036,0.731,0.759,0.701,0.806,0.745,0.659,0.798,0.659,0.740,0.653,0.642,0.827,0.745,0.803,0.822,0.726,0.659
7PNB_x_2_NAG;0.729,0.782,0.814,0.806,0.784,0.637,0.738,0.806,0.845,0.496,0.780,0.819,0.811,0.764,0.752,0.746,0.755,0.806,0.780,0.642,0.743,0.845,0.674,0.847,0.752,0.758,0.780,0.809,0.651,0.634,0.632,0.162,0.649,0.477,0.669,0.817,0.752,0.152,0.746,0.644,0.752,0.755,0.732,0.755,0.770,0.752,0.872,0.784,0.652,0.664,0.764,0.714,0.743,0.806,0.189,0.817,0.749,0.755,0.806,0.634,0.729,0.752,0.761,0.734,0.679,0.681,0.706,0.811,0.647,0.817,0.732,0.817,0.119,0.119,0.702,0.872,0.847,0.758,0.752,0.752,0.746,0.679,0.752,0.517,0.758,0.743,0.743,0.752,0.692,0.755,0.811,0.845,0.749,0.496,0.752,0.752,0.867,0.814,0.000,0.800,0.639,0.780,0.740,0.637,0.752,0.761,0.743,0.749,0.642,0.755,0.732,0.752,0.749,0.674,0.499,0.761,0.749,0.806,0.652,0.809,0.632,0.752,0.508,0.806,0.806,0.811,0.755,0.800,0.499,0.800,0.814,0.632,0.746,0.806,0.654,0.806,0.803,0.870,0.755,0.872,0.764,0.749,0.758,0.499,0.809,0.743,0.845,0.809,0.752,0.493,0.189,0.870,0.654,0.755,0.725,0.806,0.755,0.662,0.811,0.809,0.749,0.761,0.740,0.784,0.639,0.811,0.705,0.752,0.761,0.133,0.811,0.809,0.778,0.749,0.740,0.745,0.752,0.806,0.800,0.749,0.752,0.755,0.798,0.806,0.499,0.814,0.749,0.752,0.809,0.133,0.773,0.486,0.811,0.493,0.505,0.755,0.852,0.764,0.811,0.752,0.740,0.761,0.817,0.817,0.657,0.632,0.743,0.758,0.652,0.806,0.707,0.803,0.847,0.749,0.761,0.706,0.624,0.486,0.767,0.749,0.691,0.662,0.764,0.767,0.758,0.746,0.755,0.483,0.688,0.502,0.654,0.872,0.752,0.702,0.711,0.809,0.811,0.845,0.814,0.758,0.486,0.867,0.755,0.490,0.806,0.806,0.758,0.758,0.657,0.867,0.642,0.634,0.811,0.758
7PNB_i_3_YZT;0.857,0.869,0.479,0.721,0.874,0.811,0.852,0.696,0.619,0.817,0.872,0.458,0.706,0.619,0.636,0.619,0.636,0.374,0.869,0.800,0.608,0.613,0.817,0.619,0.636,0.636,0.872,0.081,0.819,0.830,0.835,0.798,0.821,0.817,0.824,0.465,0.619,0.798,0.631,0.824,0.642,0.631,0.852,0.642,0.565,0.619,0.726,0.877,0.809,0.819,0.559,0.855,0.625,0.382,0.806,0.711,0.608,0.553,0.721,0.824,0.845,0.636,0.559,0.850,0.819,0.817,0.847,0.701,0.809,0.493,0.850,0.486,0.806,0.800,0.847,0.721,0.631,0.636,0.619,0.625,0.625,0.819,0.546,0.819,0.613,0.613,0.631,0.613,0.840,0.553,0.731,0.625,0.631,0.819,0.533,0.608,0.711,0.731,0.800,0.000,0.830,0.869,0.596,0.827,0.619,0.613,0.608,0.619,0.814,0.642,0.847,0.636,0.613,0.830,0.817,0.559,0.613,0.726,0.809,0.721,0.827,0.631,0.817,0.374,0.103,0.696,0.540,0.070,0.819,0.146,0.716,0.795,0.636,0.103,0.806,0.696,0.366,0.726,0.636,0.726,0.565,0.613,0.546,0.809,0.706,0.590,0.619,0.711,0.631,0.817,0.800,0.726,0.806,0.642,0.850,0.711,0.642,0.811,0.711,0.374,0.631,0.553,0.619,0.872,0.817,0.721,0.852,0.636,0.648,0.806,0.726,0.701,0.872,0.636,0.625,0.857,0.631,0.374,0.059,0.608,0.527,0.636,0.092,0.390,0.814,0.711,0.613,0.619,0.716,0.798,0.559,0.811,0.486,0.814,0.811,0.540,0.642,0.642,0.458,0.619,0.590,0.619,0.472,0.486,0.809,0.832,0.636,0.608,0.830,0.721,0.847,0.070,0.625,0.613,0.619,0.845,0.814,0.819,0.553,0.636,0.817,0.817,0.642,0.648,0.642,0.602,0.533,0.814,0.805,0.817,0.806,0.726,0.619,0.842,0.847,0.390,0.721,0.608,0.721,0.540,0.819,0.721,0.636,0.798,0.706,0.701,0.608,0.642,0.806,0.721,0.830,0.800,0.390,0.608
7PNB_g_2_NAG;0.725,0.747,0.855,0.811,0.747,0.716,0.729,0.814,0.847,0.676,0.744,0.862,0.792,0.800,0.798,0.787,0.798,0.832,0.742,0.718,0.789,0.847,0.647,0.845,0.798,0.792,0.744,0.837,0.722,0.119,0.143,0.657,0.720,0.674,0.693,0.852,0.755,0.639,0.784,0.718,0.775,0.792,0.729,0.798,0.811,0.787,0.870,0.747,0.716,0.644,0.809,0.684,0.778,0.832,0.644,0.814,0.789,0.787,0.814,0.124,0.725,0.795,0.809,0.729,0.662,0.652,0.683,0.792,0.667,0.862,0.725,0.855,0.632,0.637,0.676,0.870,0.852,0.792,0.755,0.792,0.795,0.649,0.789,0.637,0.800,0.789,0.784,0.806,0.683,0.787,0.819,0.855,0.784,0.674,0.784,0.755,0.870,0.814,0.639,0.830,0.000,0.742,0.795,0.109,0.755,0.803,0.789,0.798,0.712,0.798,0.727,0.792,0.789,0.659,0.634,0.809,0.787,0.814,0.674,0.811,0.094,0.784,0.634,0.832,0.837,0.811,0.787,0.830,0.674,0.837,0.814,0.681,0.778,0.837,0.681,0.792,0.835,0.872,0.789,0.870,0.811,0.758,0.806,0.629,0.795,0.798,0.850,0.792,0.789,0.672,0.642,0.870,0.676,0.798,0.725,0.789,0.798,0.647,0.806,0.837,0.798,0.809,0.775,0.747,0.714,0.814,0.684,0.798,0.789,0.634,0.814,0.787,0.742,0.795,0.778,0.732,0.792,0.832,0.830,0.787,0.781,0.798,0.830,0.837,0.629,0.811,0.758,0.755,0.789,0.634,0.811,0.629,0.855,0.674,0.639,0.787,0.860,0.787,0.852,0.755,0.792,0.798,0.857,0.860,0.684,0.064,0.775,0.803,0.175,0.811,0.669,0.835,0.855,0.787,0.795,0.676,0.718,0.679,0.809,0.798,0.652,0.639,0.781,0.787,0.800,0.798,0.784,0.674,0.709,0.637,0.676,0.867,0.755,0.681,0.683,0.832,0.814,0.845,0.814,0.781,0.676,0.872,0.792,0.624,0.789,0.817,0.803,0.781,0.676,0.870,0.079,0.667,0.835,0.803
7PNB_o_2_NAG;0.720,0.011,0.869,0.789,0.022,0.757,0.731,0.834,0.842,0.772,0.011,0.874,0.808,0.824,0.813,0.840,0.811,0.865,0.005,0.766,0.842,0.840,0.751,0.842,0.795,0.842,0.011,0.865,0.759,0.733,0.738,0.782,0.759,0.776,0.772,0.865,0.808,0.772,0.816,0.759,0.805,0.840,0.727,0.792,0.852,0.842,0.850,0.059,0.759,0.764,0.850,0.757,0.811,0.865,0.776,0.834,0.829,0.845,0.783,0.736,0.725,0.813,0.852,0.725,0.753,0.757,0.763,0.808,0.782,0.867,0.725,0.867,0.776,0.774,0.759,0.847,0.845,0.805,0.808,0.842,0.797,0.749,0.847,0.751,0.827,0.834,0.816,0.840,0.753,0.840,0.786,0.845,0.816,0.774,0.850,0.811,0.850,0.783,0.780,0.869,0.742,0.000,0.832,0.736,0.808,0.827,0.834,0.845,0.759,0.795,0.729,0.832,0.837,0.751,0.747,0.852,0.834,0.789,0.782,0.781,0.731,0.824,0.744,0.862,0.867,0.832,0.847,0.869,0.776,0.865,0.837,0.772,0.811,0.867,0.782,0.805,0.867,0.852,0.827,0.850,0.850,0.811,0.850,0.749,0.808,0.837,0.834,0.805,0.808,0.774,0.772,0.847,0.780,0.792,0.722,0.808,0.792,0.761,0.837,0.865,0.797,0.852,0.813,0.022,0.759,0.837,0.751,0.795,0.829,0.778,0.789,0.811,0.022,0.816,0.811,0.727,0.811,0.862,0.869,0.845,0.847,0.811,0.869,0.865,0.747,0.834,0.811,0.808,0.805,0.764,0.850,0.744,0.865,0.780,0.753,0.847,0.834,0.829,0.865,0.808,0.834,0.827,0.867,0.869,0.774,0.738,0.808,0.824,0.731,0.789,0.755,0.867,0.842,0.834,0.821,0.757,0.766,0.778,0.850,0.813,0.755,0.759,0.827,0.827,0.795,0.834,0.845,0.776,0.733,0.747,0.782,0.845,0.808,0.753,0.765,0.867,0.783,0.842,0.837,0.842,0.778,0.852,0.829,0.753,0.808,0.832,0.829,0.824,0.782,0.852,0.733,0.780,0.862,0.824
7PNB_d_6_MAN;0.811,0.832,0.619,0.625,0.837,0.775,0.811,0.578,0.726,0.778,0.829,0.613,0.690,0.325,0.421,0.216,0.436,0.631,0.834,0.764,0.103,0.716,0.789,0.726,0.421,0.235,0.829,0.590,0.781,0.789,0.784,0.749,0.781,0.778,0.789,0.625,0.546,0.743,0.333,0.783,0.366,0.226,0.809,0.429,0.479,0.125,0.769,0.837,0.775,0.784,0.472,0.814,0.316,0.631,0.764,0.608,0.226,0.436,0.619,0.789,0.806,0.413,0.472,0.809,0.792,0.787,0.800,0.685,0.775,0.625,0.809,0.631,0.752,0.743,0.803,0.769,0.731,0.443,0.546,0.216,0.398,0.781,0.429,0.752,0.316,0.081,0.308,0.299,0.800,0.451,0.642,0.726,0.342,0.781,0.413,0.533,0.759,0.631,0.740,0.596,0.795,0.832,0.000,0.787,0.540,0.316,0.081,0.207,0.773,0.429,0.806,0.299,0.216,0.784,0.752,0.465,0.226,0.619,0.773,0.625,0.789,0.308,0.752,0.631,0.584,0.571,0.429,0.590,0.781,0.578,0.608,0.761,0.342,0.584,0.767,0.680,0.625,0.764,0.325,0.769,0.472,0.540,0.451,0.743,0.685,0.059,0.721,0.690,0.429,0.778,0.749,0.764,0.764,0.421,0.809,0.685,0.421,0.781,0.602,0.625,0.413,0.458,0.308,0.829,0.778,0.602,0.811,0.413,0.342,0.749,0.636,0.675,0.834,0.421,0.325,0.817,0.421,0.631,0.590,0.114,0.429,0.436,0.584,0.631,0.749,0.608,0.540,0.546,0.690,0.746,0.472,0.746,0.619,0.773,0.746,0.429,0.740,0.358,0.608,0.540,0.070,0.325,0.613,0.631,0.775,0.792,0.333,0.308,0.787,0.625,0.806,0.584,0.731,0.226,0.325,0.803,0.778,0.781,0.465,0.429,0.784,0.781,0.333,0.350,0.436,0.036,0.436,0.773,0.789,0.749,0.764,0.769,0.546,0.786,0.808,0.636,0.625,0.721,0.602,0.443,0.781,0.759,0.308,0.740,0.680,0.584,0.316,0.325,0.770,0.759,0.795,0.755,0.631,0.316
7PNB_W_2_NAG;0.723,0.738,0.850,0.803,0.738,0.712,0.729,0.811,0.850,0.672,0.738,0.857,0.789,0.792,0.792,0.778,0.792,0.830,0.736,0.716,0.781,0.845,0.644,0.847,0.789,0.784,0.738,0.832,0.716,0.143,0.119,0.654,0.720,0.669,0.695,0.847,0.749,0.637,0.781,0.711,0.773,0.784,0.729,0.789,0.803,0.778,0.867,0.736,0.714,0.642,0.800,0.686,0.773,0.830,0.642,0.814,0.781,0.784,0.806,0.162,0.725,0.789,0.806,0.729,0.659,0.649,0.685,0.789,0.659,0.855,0.723,0.850,0.629,0.634,0.678,0.867,0.850,0.787,0.749,0.784,0.787,0.642,0.787,0.639,0.792,0.781,0.778,0.798,0.695,0.784,0.811,0.850,0.778,0.669,0.784,0.746,0.867,0.806,0.637,0.827,0.109,0.736,0.787,0.000,0.749,0.795,0.781,0.789,0.712,0.789,0.727,0.784,0.781,0.654,0.634,0.806,0.778,0.806,0.672,0.803,0.109,0.775,0.637,0.830,0.832,0.809,0.787,0.827,0.669,0.832,0.814,0.676,0.775,0.832,0.676,0.789,0.832,0.870,0.781,0.867,0.803,0.752,0.803,0.634,0.792,0.792,0.850,0.789,0.784,0.667,0.639,0.867,0.669,0.789,0.725,0.787,0.789,0.644,0.806,0.832,0.789,0.806,0.770,0.738,0.714,0.814,0.688,0.789,0.781,0.632,0.806,0.787,0.736,0.789,0.775,0.729,0.787,0.830,0.827,0.778,0.781,0.792,0.827,0.835,0.629,0.811,0.752,0.749,0.787,0.632,0.803,0.634,0.850,0.669,0.642,0.787,0.855,0.778,0.847,0.749,0.787,0.789,0.852,0.855,0.679,0.069,0.770,0.795,0.180,0.803,0.676,0.830,0.855,0.778,0.787,0.678,0.716,0.674,0.800,0.792,0.649,0.637,0.773,0.778,0.792,0.789,0.784,0.669,0.706,0.637,0.672,0.865,0.749,0.685,0.685,0.830,0.806,0.847,0.814,0.781,0.672,0.870,0.784,0.624,0.787,0.814,0.795,0.773,0.672,0.867,0.074,0.664,0.830,0.795
7PNB_m_4_BGC;0.819,0.811,0.648,0.648,0.816,0.787,0.822,0.642,0.664,0.778,0.808,0.669,0.602,0.514,0.514,0.533,0.520,0.619,0.811,0.795,0.553,0.659,0.789,0.664,0.553,0.546,0.808,0.625,0.800,0.755,0.755,0.758,0.792,0.778,0.781,0.659,0.012,0.755,0.520,0.803,0.493,0.533,0.819,0.559,0.571,0.553,0.755,0.813,0.795,0.798,0.565,0.817,0.507,0.619,0.764,0.669,0.514,0.507,0.642,0.746,0.817,0.507,0.565,0.819,0.789,0.795,0.808,0.596,0.775,0.669,0.814,0.648,0.749,0.749,0.803,0.755,0.675,0.507,0.012,0.540,0.546,0.787,0.500,0.752,0.507,0.540,0.520,0.540,0.805,0.514,0.659,0.675,0.520,0.781,0.479,0.036,0.745,0.653,0.752,0.619,0.755,0.808,0.540,0.749,0.000,0.520,0.546,0.553,0.789,0.559,0.817,0.571,0.527,0.781,0.752,0.565,0.520,0.648,0.773,0.648,0.749,0.553,0.746,0.625,0.625,0.642,0.493,0.619,0.781,0.619,0.669,0.781,0.507,0.625,0.775,0.596,0.625,0.750,0.559,0.755,0.571,0.024,0.559,0.743,0.602,0.565,0.664,0.602,0.507,0.778,0.758,0.750,0.773,0.559,0.822,0.596,0.559,0.784,0.659,0.631,0.546,0.565,0.500,0.813,0.784,0.664,0.814,0.559,0.559,0.746,0.648,0.590,0.813,0.507,0.507,0.817,0.500,0.625,0.619,0.546,0.479,0.520,0.625,0.625,0.749,0.664,0.024,0.012,0.602,0.746,0.565,0.746,0.648,0.778,0.743,0.493,0.685,0.540,0.653,0.000,0.553,0.514,0.648,0.659,0.773,0.755,0.500,0.520,0.743,0.648,0.806,0.625,0.669,0.520,0.514,0.803,0.795,0.781,0.565,0.514,0.787,0.795,0.540,0.546,0.565,0.559,0.486,0.778,0.795,0.749,0.778,0.755,0.012,0.795,0.808,0.625,0.648,0.659,0.669,0.493,0.781,0.755,0.571,0.746,0.590,0.648,0.520,0.546,0.773,0.745,0.755,0.778,0.631,0.533
7PNB_v_5_MAN;0.819,0.827,0.642,0.653,0.829,0.784,0.822,0.596,0.716,0.789,0.824,0.642,0.696,0.012,0.350,0.290,0.358,0.625,0.827,0.773,0.308,0.711,0.798,0.721,0.350,0.272,0.824,0.602,0.789,0.798,0.798,0.767,0.797,0.792,0.781,0.642,0.527,0.752,0.316,0.795,0.325,0.254,0.819,0.358,0.520,0.308,0.773,0.829,0.787,0.789,0.514,0.800,0.308,0.625,0.773,0.636,0.216,0.500,0.653,0.800,0.814,0.342,0.514,0.819,0.798,0.798,0.800,0.690,0.764,0.648,0.819,0.636,0.761,0.749,0.789,0.773,0.721,0.358,0.527,0.245,0.325,0.778,0.493,0.749,0.047,0.316,0.299,0.081,0.789,0.507,0.664,0.716,0.325,0.792,0.479,0.520,0.764,0.659,0.761,0.613,0.803,0.827,0.316,0.795,0.520,0.000,0.299,0.245,0.784,0.366,0.817,0.308,0.226,0.792,0.749,0.507,0.216,0.659,0.758,0.653,0.800,0.290,0.749,0.631,0.608,0.602,0.493,0.619,0.792,0.602,0.636,0.761,0.325,0.608,0.758,0.680,0.619,0.769,0.290,0.773,0.514,0.520,0.493,0.740,0.685,0.325,0.721,0.685,0.333,0.789,0.758,0.769,0.755,0.350,0.817,0.685,0.350,0.784,0.631,0.613,0.342,0.500,0.299,0.824,0.789,0.625,0.800,0.342,0.299,0.764,0.653,0.680,0.827,0.350,0.316,0.827,0.350,0.631,0.619,0.316,0.479,0.358,0.631,0.619,0.746,0.625,0.520,0.527,0.690,0.752,0.514,0.743,0.631,0.787,0.743,0.493,0.736,0.299,0.625,0.520,0.308,0.024,0.636,0.642,0.758,0.803,0.316,0.024,0.800,0.653,0.792,0.608,0.721,0.216,0.047,0.795,0.784,0.792,0.507,0.358,0.792,0.787,0.290,0.308,0.374,0.316,0.486,0.787,0.792,0.746,0.761,0.773,0.527,0.778,0.800,0.631,0.653,0.716,0.625,0.493,0.792,0.764,0.281,0.746,0.680,0.602,0.024,0.299,0.761,0.764,0.803,0.761,0.619,0.036
7PNB_s_6_MAN;0.814,0.834,0.625,0.631,0.837,0.781,0.814,0.590,0.736,0.784,0.832,0.631,0.701,0.308,0.421,0.197,0.429,0.642,0.834,0.770,0.103,0.726,0.798,0.736,0.421,0.197,0.832,0.602,0.786,0.787,0.787,0.761,0.786,0.784,0.789,0.642,0.553,0.743,0.308,0.795,0.342,0.197,0.811,0.429,0.465,0.059,0.769,0.840,0.781,0.789,0.458,0.819,0.299,0.642,0.775,0.619,0.197,0.443,0.631,0.784,0.809,0.406,0.451,0.811,0.800,0.795,0.808,0.696,0.770,0.642,0.811,0.636,0.761,0.743,0.808,0.769,0.740,0.443,0.553,0.187,0.398,0.787,0.436,0.758,0.308,0.024,0.281,0.281,0.805,0.458,0.648,0.736,0.316,0.787,0.421,0.540,0.759,0.642,0.743,0.608,0.789,0.834,0.081,0.781,0.546,0.299,0.000,0.167,0.784,0.436,0.809,0.272,0.187,0.795,0.758,0.443,0.197,0.636,0.767,0.636,0.784,0.281,0.758,0.642,0.596,0.590,0.436,0.602,0.787,0.590,0.619,0.758,0.316,0.596,0.761,0.690,0.636,0.764,0.299,0.769,0.451,0.546,0.429,0.749,0.696,0.125,0.731,0.701,0.429,0.784,0.752,0.764,0.758,0.421,0.811,0.696,0.421,0.789,0.613,0.642,0.413,0.436,0.290,0.832,0.784,0.608,0.817,0.413,0.325,0.758,0.642,0.685,0.834,0.421,0.308,0.819,0.413,0.642,0.602,0.092,0.436,0.429,0.608,0.648,0.755,0.619,0.546,0.553,0.701,0.746,0.465,0.752,0.631,0.778,0.752,0.436,0.750,0.342,0.625,0.546,0.125,0.316,0.619,0.636,0.770,0.787,0.308,0.290,0.789,0.631,0.811,0.596,0.740,0.197,0.316,0.811,0.781,0.787,0.451,0.429,0.792,0.787,0.316,0.333,0.443,0.092,0.443,0.778,0.786,0.755,0.758,0.769,0.553,0.800,0.816,0.648,0.636,0.731,0.608,0.451,0.787,0.759,0.281,0.743,0.690,0.596,0.308,0.308,0.764,0.759,0.789,0.749,0.648,0.308
7PNB_T_5_MAN;0.827,0.845,0.648,0.659,0.847,0.789,0.830,0.596,0.745,0.784,0.842,0.653,0.696,0.254,0.398,0.081,0.406,0.659,0.845,0.778,0.177,0.736,0.800,0.745,0.436,0.036,0.842,0.608,0.797,0.795,0.795,0.758,0.800,0.784,0.784,0.659,0.559,0.749,0.272,0.808,0.308,0.036,0.824,0.443,0.472,0.177,0.773,0.850,0.792,0.792,0.479,0.817,0.263,0.659,0.773,0.619,0.081,0.465,0.659,0.789,0.824,0.390,0.472,0.827,0.803,0.798,0.813,0.690,0.770,0.659,0.827,0.659,0.758,0.746,0.805,0.773,0.750,0.429,0.559,0.047,0.413,0.789,0.458,0.755,0.245,0.177,0.245,0.226,0.803,0.479,0.669,0.745,0.281,0.787,0.443,0.546,0.764,0.664,0.749,0.619,0.798,0.845,0.207,0.789,0.553,0.245,0.167,0.000,0.798,0.443,0.824,0.308,0.047,0.800,0.755,0.465,0.081,0.664,0.767,0.659,0.792,0.325,0.755,0.659,0.602,0.596,0.458,0.619,0.787,0.613,0.619,0.761,0.281,0.602,0.761,0.680,0.653,0.769,0.333,0.773,0.472,0.553,0.472,0.746,0.685,0.226,0.740,0.685,0.406,0.784,0.755,0.769,0.764,0.436,0.827,0.685,0.436,0.795,0.613,0.659,0.429,0.465,0.254,0.842,0.798,0.608,0.814,0.429,0.333,0.758,0.659,0.680,0.845,0.398,0.272,0.832,0.398,0.659,0.619,0.167,0.458,0.406,0.636,0.664,0.752,0.619,0.553,0.559,0.690,0.752,0.465,0.749,0.653,0.784,0.749,0.458,0.759,0.350,0.648,0.553,0.216,0.254,0.636,0.653,0.767,0.795,0.272,0.235,0.803,0.659,0.811,0.602,0.750,0.081,0.254,0.808,0.787,0.787,0.479,0.406,0.795,0.789,0.325,0.342,0.451,0.207,0.465,0.784,0.789,0.752,0.758,0.773,0.559,0.795,0.813,0.664,0.659,0.740,0.608,0.472,0.787,0.764,0.316,0.740,0.680,0.596,0.245,0.333,0.764,0.764,0.798,0.755,0.664,0.235
7PNB_u_1_NAG;0.738,0.759,0.809,0.822,0.764,0.185,0.747,0.811,0.840,0.644,0.761,0.809,0.798,0.784,0.789,0.787,0.789,0.795,0.761,0.198,0.789,0.830,0.662,0.835,0.775,0.798,0.761,0.811,0.141,0.707,0.718,0.652,0.209,0.639,0.652,0.811,0.789,0.659,0.792,0.131,0.789,0.795,0.740,0.778,0.787,0.792,0.884,0.759,0.162,0.647,0.784,0.705,0.792,0.795,0.647,0.814,0.792,0.792,0.819,0.709,0.740,0.795,0.784,0.743,0.664,0.662,0.709,0.798,0.573,0.814,0.740,0.809,0.652,0.659,0.704,0.884,0.842,0.792,0.789,0.795,0.770,0.644,0.789,0.629,0.784,0.784,0.795,0.787,0.692,0.792,0.830,0.840,0.795,0.644,0.784,0.789,0.879,0.824,0.642,0.814,0.712,0.759,0.773,0.712,0.789,0.784,0.784,0.798,0.000,0.781,0.740,0.775,0.795,0.686,0.616,0.787,0.792,0.822,0.595,0.819,0.705,0.775,0.629,0.795,0.811,0.803,0.787,0.811,0.642,0.809,0.811,0.573,0.789,0.811,0.600,0.800,0.795,0.884,0.778,0.884,0.784,0.787,0.781,0.626,0.800,0.781,0.837,0.803,0.789,0.647,0.654,0.882,0.597,0.778,0.734,0.800,0.778,0.657,0.811,0.789,0.773,0.784,0.789,0.764,0.166,0.817,0.698,0.775,0.784,0.657,0.827,0.800,0.761,0.792,0.789,0.749,0.792,0.795,0.811,0.792,0.784,0.789,0.811,0.792,0.624,0.811,0.787,0.789,0.803,0.652,0.784,0.613,0.803,0.644,0.624,0.787,0.835,0.781,0.811,0.789,0.778,0.787,0.811,0.811,0.592,0.716,0.792,0.784,0.707,0.822,0.705,0.811,0.840,0.792,0.789,0.718,0.242,0.644,0.781,0.789,0.676,0.654,0.784,0.784,0.781,0.775,0.787,0.639,0.671,0.634,0.611,0.882,0.789,0.711,0.718,0.798,0.819,0.832,0.814,0.789,0.649,0.884,0.778,0.629,0.800,0.817,0.784,0.781,0.600,0.879,0.709,0.570,0.792,0.784
7PNB_N_5_MAN;0.811,0.795,0.659,0.613,0.797,0.781,0.817,0.669,0.711,0.792,0.795,0.659,0.701,0.358,0.458,0.451,0.458,0.631,0.795,0.781,0.451,0.690,0.792,0.706,0.024,0.458,0.795,0.636,0.792,0.787,0.789,0.767,0.792,0.792,0.792,0.648,0.559,0.755,0.451,0.789,0.429,0.458,0.814,0.012,0.514,0.458,0.778,0.795,0.787,0.787,0.507,0.775,0.443,0.631,0.764,0.680,0.429,0.540,0.602,0.795,0.809,0.451,0.527,0.814,0.789,0.792,0.778,0.696,0.767,0.653,0.817,0.659,0.755,0.752,0.772,0.778,0.716,0.436,0.559,0.451,0.059,0.775,0.533,0.767,0.342,0.451,0.451,0.358,0.775,0.540,0.619,0.711,0.443,0.795,0.527,0.559,0.773,0.608,0.755,0.642,0.798,0.795,0.429,0.789,0.559,0.366,0.436,0.443,0.781,0.000,0.814,0.429,0.436,0.784,0.761,0.520,0.429,0.608,0.761,0.602,0.792,0.374,0.761,0.636,0.642,0.669,0.533,0.642,0.795,0.631,0.690,0.767,0.443,0.642,0.767,0.685,0.636,0.773,0.390,0.778,0.520,0.559,0.507,0.755,0.690,0.443,0.706,0.685,0.443,0.792,0.761,0.769,0.758,0.024,0.809,0.696,0.024,0.784,0.685,0.619,0.036,0.514,0.436,0.792,0.789,0.680,0.778,0.036,0.398,0.764,0.613,0.690,0.795,0.458,0.436,0.819,0.458,0.636,0.642,0.458,0.520,0.458,0.642,0.625,0.758,0.680,0.559,0.559,0.696,0.752,0.507,0.758,0.659,0.792,0.755,0.533,0.711,0.398,0.636,0.559,0.436,0.358,0.659,0.664,0.764,0.795,0.443,0.366,0.787,0.613,0.781,0.642,0.716,0.429,0.342,0.769,0.792,0.795,0.500,0.465,0.792,0.787,0.382,0.398,0.012,0.443,0.527,0.792,0.808,0.764,0.764,0.773,0.559,0.761,0.772,0.636,0.602,0.701,0.680,0.533,0.795,0.764,0.406,0.746,0.690,0.675,0.358,0.382,0.758,0.773,0.798,0.773,0.613,0.374
7PNB_Z_1_NAG;0.109,0.731,0.855,0.795,0.731,0.743,0.059,0.842,0.847,0.740,0.729,0.855,0.798,0.814,0.822,0.814,0.824,0.832,0.729,0.753,0.809,0.845,0.747,0.847,0.814,0.824,0.729,0.847,0.747,0.727,0.729,0.738,0.749,0.736,0.738,0.850,0.817,0.738,0.809,0.736,0.806,0.819,0.043,0.814,0.840,0.817,0.857,0.731,0.760,0.718,0.837,0.758,0.806,0.832,0.734,0.845,0.814,0.830,0.795,0.723,0.099,0.822,0.840,0.048,0.749,0.743,0.742,0.800,0.721,0.852,0.032,0.852,0.738,0.734,0.749,0.857,0.847,0.819,0.817,0.822,0.814,0.736,0.830,0.718,0.809,0.814,0.806,0.819,0.740,0.827,0.800,0.845,0.809,0.740,0.830,0.817,0.857,0.798,0.732,0.847,0.727,0.729,0.806,0.727,0.817,0.817,0.809,0.824,0.740,0.814,0.000,0.822,0.817,0.747,0.718,0.842,0.817,0.798,0.716,0.795,0.727,0.814,0.721,0.830,0.847,0.840,0.832,0.845,0.740,0.847,0.847,0.721,0.806,0.847,0.714,0.800,0.835,0.860,0.817,0.857,0.840,0.819,0.837,0.725,0.803,0.811,0.845,0.803,0.819,0.736,0.729,0.857,0.721,0.814,0.099,0.798,0.814,0.725,0.847,0.835,0.814,0.840,0.803,0.731,0.747,0.847,0.760,0.814,0.817,0.743,0.800,0.800,0.729,0.822,0.806,0.094,0.817,0.830,0.845,0.811,0.827,0.824,0.847,0.835,0.716,0.845,0.819,0.817,0.800,0.727,0.840,0.716,0.852,0.745,0.723,0.832,0.847,0.817,0.852,0.817,0.806,0.811,0.855,0.857,0.725,0.729,0.798,0.814,0.729,0.795,0.738,0.847,0.847,0.817,0.809,0.753,0.751,0.740,0.835,0.822,0.749,0.723,0.819,0.819,0.814,0.811,0.830,0.743,0.742,0.712,0.723,0.855,0.817,0.753,0.761,0.835,0.795,0.845,0.847,0.830,0.738,0.860,0.819,0.718,0.800,0.845,0.811,0.814,0.725,0.857,0.729,0.718,0.832,0.811
7PNB_0_6_MAN;0.824,0.832,0.636,0.648,0.837,0.781,0.827,0.608,0.736,0.778,0.829,0.642,0.690,0.316,0.382,0.316,0.374,0.631,0.834,0.767,0.281,0.726,0.809,0.736,0.413,0.325,0.829,0.619,0.781,0.789,0.789,0.767,0.789,0.778,0.775,0.648,0.578,0.749,0.390,0.786,0.436,0.325,0.822,0.421,0.421,0.272,0.750,0.834,0.778,0.800,0.413,0.806,0.390,0.631,0.775,0.625,0.290,0.451,0.653,0.787,0.819,0.366,0.406,0.824,0.809,0.811,0.803,0.685,0.755,0.653,0.824,0.642,0.767,0.752,0.795,0.750,0.740,0.406,0.578,0.308,0.406,0.800,0.443,0.787,0.333,0.254,0.374,0.299,0.795,0.436,0.664,0.736,0.398,0.781,0.429,0.565,0.740,0.664,0.752,0.636,0.792,0.832,0.299,0.784,0.571,0.308,0.272,0.308,0.775,0.429,0.822,0.000,0.299,0.795,0.784,0.398,0.299,0.653,0.755,0.659,0.789,0.081,0.784,0.631,0.613,0.602,0.443,0.619,0.781,0.613,0.625,0.752,0.406,0.613,0.752,0.680,0.625,0.745,0.059,0.750,0.406,0.571,0.398,0.775,0.685,0.299,0.736,0.690,0.413,0.778,0.755,0.745,0.752,0.413,0.822,0.685,0.413,0.792,0.625,0.625,0.406,0.406,0.382,0.829,0.784,0.613,0.806,0.421,0.092,0.767,0.659,0.680,0.834,0.374,0.398,0.830,0.398,0.631,0.619,0.290,0.429,0.374,0.636,0.631,0.781,0.619,0.571,0.578,0.690,0.755,0.429,0.778,0.631,0.775,0.778,0.443,0.750,0.156,0.631,0.571,0.299,0.325,0.642,0.648,0.755,0.792,0.398,0.316,0.792,0.648,0.803,0.619,0.740,0.299,0.325,0.803,0.784,0.781,0.421,0.382,0.809,0.803,0.125,0.125,0.436,0.290,0.436,0.775,0.783,0.784,0.752,0.750,0.578,0.789,0.811,0.636,0.659,0.731,0.613,0.443,0.781,0.740,0.059,0.770,0.680,0.608,0.316,0.114,0.755,0.740,0.792,0.746,0.631,0.308
7PNB_n_5_MAN;0.819,0.837,0.642,0.648,0.840,0.787,0.822,0.578,0.731,0.778,0.834,0.648,0.675,0.235,0.366,0.114,0.374,0.653,0.837,0.775,0.216,0.721,0.792,0.731,0.429,0.059,0.834,0.602,0.795,0.787,0.787,0.758,0.797,0.778,0.781,0.648,0.533,0.746,0.235,0.805,0.272,0.036,0.817,0.436,0.493,0.197,0.759,0.842,0.789,0.784,0.486,0.811,0.226,0.653,0.770,0.608,0.036,0.458,0.648,0.781,0.817,0.358,0.493,0.819,0.795,0.789,0.808,0.669,0.770,0.653,0.819,0.648,0.755,0.743,0.800,0.759,0.736,0.398,0.533,0.024,0.406,0.781,0.451,0.746,0.226,0.197,0.207,0.226,0.797,0.458,0.659,0.736,0.245,0.781,0.436,0.520,0.750,0.653,0.749,0.613,0.789,0.837,0.216,0.781,0.527,0.226,0.187,0.047,0.795,0.436,0.817,0.299,0.000,0.792,0.746,0.486,0.036,0.653,0.767,0.648,0.784,0.316,0.746,0.653,0.596,0.578,0.451,0.613,0.781,0.608,0.608,0.764,0.245,0.596,0.761,0.659,0.648,0.755,0.325,0.759,0.493,0.533,0.479,0.737,0.664,0.245,0.731,0.664,0.374,0.778,0.752,0.755,0.764,0.429,0.819,0.664,0.429,0.787,0.602,0.653,0.421,0.486,0.216,0.834,0.795,0.596,0.809,0.421,0.325,0.758,0.648,0.659,0.837,0.366,0.235,0.824,0.366,0.653,0.613,0.207,0.436,0.374,0.631,0.659,0.743,0.602,0.533,0.533,0.669,0.749,0.486,0.740,0.648,0.778,0.740,0.451,0.750,0.325,0.636,0.527,0.235,0.235,0.631,0.648,0.767,0.787,0.235,0.216,0.795,0.648,0.806,0.596,0.740,0.036,0.235,0.803,0.784,0.781,0.486,0.374,0.787,0.781,0.299,0.316,0.443,0.245,0.443,0.778,0.783,0.743,0.758,0.759,0.533,0.786,0.808,0.659,0.648,0.726,0.596,0.451,0.781,0.750,0.308,0.734,0.659,0.578,0.226,0.308,0.764,0.750,0.789,0.758,0.659,0.216
7PNB_r_1_NAG;0.734,0.751,0.835,0.795,0.755,0.698,0.749,0.822,0.832,0.684,0.753,0.830,0.800,0.792,0.784,0.795,0.778,0.822,0.751,0.693,0.789,0.824,0.263,0.827,0.781,0.800,0.753,0.830,0.697,0.659,0.672,0.674,0.709,0.679,0.613,0.827,0.781,0.681,0.792,0.697,0.787,0.795,0.743,0.781,0.809,0.795,0.850,0.755,0.702,0.371,0.806,0.702,0.784,0.822,0.664,0.819,0.784,0.809,0.787,0.652,0.747,0.781,0.809,0.749,0.224,0.258,0.697,0.798,0.538,0.830,0.745,0.830,0.667,0.679,0.697,0.850,0.837,0.781,0.781,0.798,0.784,0.389,0.806,0.654,0.792,0.792,0.789,0.800,0.690,0.806,0.800,0.835,0.789,0.679,0.803,0.781,0.850,0.787,0.674,0.830,0.659,0.751,0.784,0.654,0.781,0.792,0.795,0.800,0.686,0.784,0.747,0.795,0.792,0.000,0.659,0.806,0.789,0.792,0.564,0.778,0.654,0.792,0.657,0.822,0.830,0.819,0.803,0.824,0.681,0.832,0.824,0.553,0.787,0.830,0.573,0.798,0.822,0.852,0.792,0.850,0.809,0.784,0.806,0.659,0.798,0.787,0.830,0.800,0.781,0.681,0.672,0.850,0.589,0.781,0.738,0.803,0.781,0.295,0.824,0.817,0.781,0.809,0.784,0.753,0.693,0.819,0.695,0.781,0.795,0.669,0.798,0.798,0.751,0.781,0.787,0.751,0.778,0.822,0.824,0.787,0.800,0.778,0.827,0.819,0.652,0.819,0.784,0.781,0.803,0.669,0.806,0.657,0.830,0.686,0.659,0.803,0.832,0.795,0.830,0.781,0.784,0.795,0.835,0.830,0.573,0.664,0.784,0.792,0.669,0.795,0.681,0.830,0.835,0.789,0.792,0.706,0.688,0.684,0.809,0.778,0.207,0.357,0.792,0.795,0.787,0.787,0.800,0.679,0.742,0.664,0.595,0.847,0.781,0.688,0.706,0.824,0.781,0.830,0.824,0.803,0.681,0.852,0.792,0.664,0.800,0.819,0.792,0.795,0.578,0.850,0.654,0.529,0.817,0.795
7PNB_Q_2_NAG;0.716,0.749,0.830,0.798,0.753,0.608,0.725,0.800,0.845,0.570,0.749,0.830,0.809,0.749,0.764,0.746,0.767,0.817,0.747,0.629,0.764,0.847,0.652,0.845,0.758,0.755,0.749,0.822,0.623,0.626,0.626,0.483,0.631,0.570,0.664,0.827,0.749,0.496,0.749,0.628,0.737,0.749,0.723,0.761,0.803,0.764,0.882,0.753,0.626,0.642,0.800,0.718,0.746,0.817,0.486,0.811,0.749,0.784,0.792,0.619,0.714,0.764,0.800,0.723,0.642,0.644,0.720,0.811,0.639,0.824,0.718,0.827,0.483,0.496,0.706,0.882,0.847,0.764,0.749,0.752,0.749,0.652,0.781,0.084,0.746,0.758,0.746,0.758,0.706,0.784,0.806,0.845,0.749,0.570,0.778,0.752,0.874,0.800,0.499,0.817,0.634,0.747,0.752,0.634,0.752,0.749,0.758,0.755,0.616,0.761,0.718,0.784,0.746,0.659,0.000,0.800,0.749,0.798,0.649,0.792,0.621,0.781,0.109,0.817,0.819,0.803,0.778,0.822,0.573,0.822,0.811,0.644,0.740,0.819,0.654,0.800,0.817,0.879,0.784,0.882,0.803,0.749,0.798,0.099,0.811,0.755,0.845,0.806,0.758,0.567,0.490,0.877,0.657,0.764,0.714,0.806,0.764,0.634,0.806,0.822,0.755,0.800,0.743,0.751,0.611,0.809,0.725,0.755,0.781,0.493,0.800,0.806,0.747,0.764,0.740,0.727,0.761,0.817,0.822,0.764,0.773,0.767,0.819,0.819,0.074,0.809,0.749,0.749,0.809,0.496,0.800,0.079,0.827,0.564,0.119,0.778,0.850,0.784,0.824,0.752,0.749,0.746,0.830,0.827,0.647,0.632,0.740,0.746,0.624,0.798,0.712,0.817,0.845,0.749,0.746,0.716,0.613,0.578,0.800,0.767,0.657,0.644,0.778,0.784,0.764,0.761,0.775,0.564,0.681,0.089,0.652,0.879,0.749,0.706,0.716,0.814,0.798,0.842,0.811,0.778,0.575,0.879,0.781,0.129,0.809,0.803,0.749,0.775,0.652,0.874,0.632,0.634,0.824,0.749
7PNB_d_4_BGC;0.845,0.852,0.648,0.701,0.855,0.789,0.845,0.584,0.740,0.792,0.852,0.636,0.706,0.514,0.540,0.486,0.533,0.553,0.852,0.781,0.451,0.726,0.800,0.736,0.507,0.479,0.852,0.559,0.797,0.811,0.811,0.787,0.797,0.792,0.806,0.648,0.571,0.767,0.486,0.800,0.533,0.479,0.842,0.514,0.059,0.458,0.813,0.857,0.784,0.800,0.059,0.814,0.493,0.553,0.795,0.613,0.486,0.263,0.706,0.800,0.840,0.527,0.012,0.845,0.800,0.800,0.805,0.701,0.758,0.659,0.845,0.659,0.784,0.773,0.805,0.813,0.750,0.559,0.571,0.479,0.493,0.795,0.254,0.803,0.507,0.436,0.493,0.486,0.797,0.263,0.716,0.745,0.486,0.795,0.226,0.559,0.804,0.716,0.761,0.559,0.809,0.852,0.465,0.806,0.565,0.507,0.443,0.465,0.787,0.520,0.842,0.398,0.486,0.806,0.800,0.000,0.493,0.706,0.755,0.711,0.803,0.436,0.800,0.559,0.546,0.596,0.245,0.546,0.795,0.559,0.608,0.752,0.500,0.546,0.752,0.696,0.546,0.809,0.413,0.813,0.024,0.565,0.024,0.792,0.701,0.479,0.740,0.706,0.559,0.792,0.778,0.809,0.755,0.514,0.842,0.701,0.514,0.784,0.602,0.559,0.500,0.012,0.486,0.852,0.792,0.596,0.806,0.507,0.443,0.781,0.711,0.690,0.852,0.533,0.493,0.850,0.546,0.559,0.546,0.451,0.245,0.533,0.559,0.559,0.798,0.608,0.565,0.571,0.706,0.773,0.070,0.795,0.648,0.792,0.795,0.245,0.750,0.436,0.631,0.565,0.472,0.520,0.653,0.659,0.758,0.809,0.514,0.507,0.811,0.701,0.809,0.546,0.745,0.493,0.520,0.808,0.789,0.795,0.081,0.540,0.803,0.803,0.451,0.436,0.527,0.458,0.254,0.792,0.786,0.800,0.752,0.813,0.571,0.797,0.819,0.559,0.711,0.731,0.596,0.263,0.795,0.804,0.406,0.781,0.696,0.584,0.507,0.443,0.755,0.804,0.811,0.755,0.565,0.514
7PNB_O_5_MAN;0.819,0.834,0.642,0.642,0.837,0.792,0.822,0.596,0.726,0.775,0.832,0.648,0.664,0.226,0.374,0.146,0.382,0.642,0.834,0.773,0.226,0.716,0.795,0.726,0.421,0.070,0.832,0.602,0.792,0.781,0.781,0.758,0.795,0.775,0.784,0.648,0.527,0.743,0.226,0.803,0.263,0.070,0.817,0.429,0.500,0.187,0.759,0.840,0.792,0.789,0.493,0.806,0.216,0.642,0.764,0.625,0.024,0.465,0.642,0.778,0.817,0.366,0.500,0.819,0.798,0.792,0.803,0.659,0.775,0.653,0.819,0.648,0.752,0.743,0.795,0.759,0.731,0.390,0.527,0.036,0.398,0.784,0.458,0.749,0.216,0.207,0.197,0.235,0.792,0.465,0.653,0.731,0.235,0.778,0.443,0.514,0.750,0.648,0.749,0.613,0.787,0.834,0.226,0.778,0.520,0.216,0.197,0.081,0.792,0.429,0.817,0.299,0.036,0.789,0.749,0.493,0.000,0.648,0.773,0.642,0.781,0.299,0.749,0.642,0.602,0.596,0.458,0.613,0.778,0.608,0.625,0.770,0.235,0.602,0.767,0.648,0.636,0.755,0.308,0.759,0.500,0.527,0.486,0.740,0.653,0.254,0.726,0.653,0.366,0.775,0.752,0.755,0.764,0.421,0.819,0.653,0.421,0.789,0.619,0.642,0.413,0.493,0.207,0.832,0.792,0.613,0.803,0.413,0.308,0.758,0.642,0.648,0.834,0.374,0.226,0.824,0.358,0.642,0.613,0.216,0.443,0.382,0.631,0.648,0.746,0.613,0.527,0.527,0.659,0.746,0.493,0.743,0.648,0.775,0.743,0.458,0.745,0.308,0.636,0.520,0.245,0.226,0.631,0.648,0.773,0.784,0.226,0.207,0.789,0.642,0.800,0.602,0.736,0.000,0.226,0.797,0.784,0.778,0.493,0.382,0.789,0.784,0.281,0.299,0.436,0.254,0.451,0.775,0.783,0.746,0.764,0.759,0.527,0.781,0.803,0.648,0.642,0.721,0.613,0.458,0.778,0.750,0.290,0.740,0.648,0.596,0.216,0.290,0.770,0.750,0.787,0.764,0.648,0.207
7PNB_o_4_MAN;0.795,0.789,0.755,0.012,0.795,0.817,0.800,0.736,0.721,0.803,0.789,0.755,0.664,0.653,0.653,0.659,0.664,0.736,0.789,0.830,0.636,0.731,0.787,0.721,0.608,0.664,0.789,0.731,0.829,0.803,0.803,0.800,0.827,0.803,0.822,0.750,0.653,0.811,0.653,0.834,0.648,0.659,0.792,0.608,0.706,0.648,0.750,0.795,0.827,0.792,0.701,0.822,0.648,0.736,0.795,0.740,0.642,0.701,0.036,0.809,0.795,0.659,0.706,0.795,0.789,0.792,0.832,0.669,0.832,0.750,0.795,0.750,0.800,0.809,0.819,0.750,0.721,0.636,0.653,0.664,0.619,0.787,0.701,0.798,0.648,0.636,0.648,0.664,0.827,0.696,0.047,0.721,0.653,0.806,0.696,0.653,0.745,0.036,0.806,0.726,0.814,0.789,0.619,0.806,0.648,0.659,0.636,0.664,0.822,0.608,0.798,0.653,0.653,0.792,0.798,0.706,0.648,0.000,0.827,0.070,0.806,0.631,0.800,0.736,0.731,0.731,0.701,0.716,0.806,0.736,0.750,0.827,0.648,0.731,0.824,0.653,0.740,0.745,0.636,0.750,0.701,0.659,0.701,0.798,0.669,0.625,0.721,0.653,0.648,0.803,0.806,0.740,0.827,0.608,0.800,0.659,0.608,0.789,0.745,0.726,0.613,0.706,0.648,0.789,0.830,0.755,0.824,0.613,0.642,0.798,0.036,0.664,0.792,0.659,0.648,0.792,0.648,0.736,0.716,0.642,0.696,0.664,0.716,0.731,0.798,0.745,0.659,0.653,0.653,0.800,0.706,0.795,0.745,0.806,0.792,0.701,0.726,0.631,0.736,0.648,0.619,0.653,0.755,0.755,0.830,0.814,0.642,0.659,0.803,0.024,0.819,0.731,0.716,0.648,0.642,0.819,0.827,0.806,0.701,0.664,0.792,0.784,0.636,0.636,0.613,0.631,0.696,0.806,0.805,0.792,0.827,0.745,0.653,0.819,0.824,0.740,0.070,0.726,0.755,0.696,0.806,0.745,0.648,0.795,0.664,0.736,0.653,0.631,0.827,0.745,0.803,0.822,0.721,0.659
7PNB_O_1_NAG;0.721,0.784,0.795,0.824,0.786,0.621,0.725,0.798,0.855,0.659,0.784,0.803,0.811,0.761,0.761,0.770,0.761,0.806,0.782,0.613,0.773,0.842,0.561,0.850,0.755,0.773,0.784,0.806,0.618,0.676,0.686,0.676,0.636,0.664,0.550,0.792,0.773,0.672,0.770,0.594,0.770,0.770,0.716,0.758,0.755,0.770,0.870,0.786,0.616,0.538,0.755,0.676,0.767,0.806,0.676,0.803,0.767,0.770,0.822,0.664,0.723,0.758,0.758,0.721,0.561,0.553,0.688,0.809,0.166,0.795,0.718,0.795,0.669,0.664,0.666,0.870,0.860,0.764,0.773,0.770,0.758,0.544,0.767,0.654,0.761,0.767,0.773,0.758,0.668,0.773,0.830,0.857,0.770,0.664,0.761,0.770,0.862,0.827,0.652,0.809,0.674,0.782,0.773,0.672,0.773,0.758,0.767,0.767,0.595,0.761,0.716,0.755,0.767,0.564,0.649,0.755,0.773,0.827,0.000,0.819,0.674,0.755,0.652,0.806,0.806,0.803,0.764,0.806,0.662,0.800,0.809,0.283,0.770,0.806,0.059,0.806,0.803,0.867,0.755,0.870,0.755,0.775,0.755,0.639,0.809,0.775,0.852,0.809,0.764,0.657,0.669,0.865,0.119,0.758,0.718,0.809,0.758,0.547,0.809,0.803,0.752,0.755,0.764,0.784,0.619,0.798,0.681,0.758,0.761,0.664,0.827,0.806,0.782,0.758,0.767,0.729,0.758,0.806,0.806,0.767,0.761,0.761,0.811,0.806,0.657,0.806,0.775,0.773,0.811,0.667,0.752,0.634,0.795,0.659,0.649,0.764,0.855,0.761,0.798,0.773,0.770,0.764,0.800,0.792,0.119,0.684,0.773,0.758,0.672,0.824,0.669,0.806,0.857,0.773,0.770,0.692,0.632,0.667,0.755,0.761,0.567,0.541,0.758,0.761,0.761,0.770,0.764,0.657,0.668,0.662,0.119,0.867,0.773,0.683,0.695,0.806,0.824,0.847,0.803,0.767,0.667,0.862,0.758,0.639,0.806,0.798,0.758,0.761,0.043,0.862,0.674,0.194,0.806,0.761
7PNB_t_4_MAN;0.792,0.781,0.750,0.081,0.786,0.814,0.800,0.731,0.721,0.800,0.781,0.750,0.659,0.648,0.648,0.653,0.659,0.731,0.781,0.827,0.631,0.726,0.773,0.716,0.602,0.659,0.781,0.726,0.827,0.798,0.798,0.803,0.824,0.800,0.814,0.740,0.653,0.814,0.659,0.832,0.648,0.653,0.789,0.602,0.701,0.642,0.755,0.786,0.824,0.778,0.696,0.822,0.653,0.731,0.798,0.736,0.636,0.696,0.036,0.806,0.792,0.653,0.711,0.792,0.775,0.778,0.832,0.664,0.827,0.740,0.792,0.745,0.803,0.811,0.819,0.755,0.721,0.631,0.653,0.659,0.613,0.773,0.696,0.792,0.642,0.642,0.653,0.659,0.827,0.690,0.103,0.721,0.659,0.803,0.690,0.653,0.750,0.036,0.809,0.721,0.811,0.781,0.625,0.803,0.648,0.653,0.636,0.659,0.819,0.602,0.795,0.659,0.648,0.778,0.792,0.711,0.642,0.070,0.819,0.000,0.803,0.636,0.795,0.731,0.726,0.726,0.696,0.711,0.803,0.731,0.745,0.822,0.653,0.726,0.817,0.642,0.736,0.750,0.642,0.755,0.706,0.659,0.706,0.792,0.664,0.631,0.716,0.642,0.642,0.800,0.809,0.745,0.819,0.602,0.798,0.653,0.602,0.784,0.740,0.721,0.608,0.711,0.653,0.781,0.827,0.750,0.824,0.608,0.642,0.800,0.092,0.659,0.783,0.653,0.653,0.792,0.642,0.731,0.711,0.636,0.690,0.659,0.716,0.726,0.792,0.740,0.659,0.653,0.648,0.800,0.701,0.789,0.740,0.803,0.787,0.696,0.721,0.636,0.736,0.648,0.625,0.648,0.750,0.745,0.822,0.811,0.648,0.653,0.798,0.092,0.817,0.726,0.716,0.642,0.636,0.819,0.824,0.803,0.696,0.659,0.778,0.770,0.636,0.636,0.608,0.636,0.690,0.803,0.803,0.787,0.819,0.750,0.653,0.819,0.824,0.736,0.024,0.721,0.750,0.690,0.803,0.750,0.653,0.789,0.659,0.731,0.648,0.636,0.819,0.750,0.800,0.817,0.716,0.653
7PNB_q_2_NAG;0.723,0.736,0.852,0.803,0.736,0.712,0.729,0.809,0.847,0.669,0.733,0.860,0.792,0.798,0.787,0.781,0.789,0.830,0.731,0.707,0.787,0.847,0.629,0.845,0.792,0.787,0.733,0.835,0.716,0.119,0.124,0.647,0.713,0.667,0.695,0.850,0.749,0.632,0.778,0.706,0.770,0.787,0.729,0.792,0.809,0.784,0.870,0.736,0.709,0.632,0.803,0.686,0.773,0.830,0.637,0.809,0.784,0.784,0.806,0.094,0.725,0.787,0.803,0.729,0.649,0.637,0.678,0.792,0.667,0.860,0.723,0.852,0.624,0.629,0.678,0.870,0.852,0.781,0.749,0.787,0.789,0.637,0.787,0.626,0.795,0.784,0.778,0.803,0.690,0.784,0.811,0.852,0.778,0.667,0.781,0.749,0.870,0.806,0.632,0.827,0.094,0.731,0.789,0.109,0.749,0.800,0.784,0.792,0.705,0.792,0.727,0.789,0.784,0.654,0.621,0.803,0.781,0.806,0.674,0.803,0.000,0.781,0.624,0.830,0.835,0.809,0.784,0.827,0.667,0.835,0.811,0.674,0.773,0.835,0.674,0.792,0.832,0.872,0.787,0.870,0.806,0.752,0.800,0.621,0.795,0.795,0.847,0.792,0.778,0.664,0.634,0.870,0.667,0.792,0.725,0.789,0.792,0.634,0.803,0.835,0.792,0.803,0.770,0.736,0.707,0.811,0.684,0.792,0.787,0.629,0.806,0.787,0.731,0.787,0.773,0.729,0.781,0.830,0.827,0.784,0.778,0.789,0.827,0.835,0.619,0.809,0.752,0.749,0.789,0.626,0.809,0.619,0.852,0.667,0.626,0.784,0.857,0.784,0.850,0.749,0.789,0.795,0.855,0.857,0.681,0.064,0.770,0.798,0.180,0.803,0.676,0.832,0.852,0.781,0.792,0.673,0.709,0.672,0.806,0.789,0.639,0.624,0.778,0.784,0.795,0.795,0.781,0.667,0.702,0.624,0.669,0.867,0.749,0.683,0.683,0.830,0.806,0.845,0.811,0.778,0.669,0.872,0.789,0.611,0.789,0.811,0.800,0.778,0.674,0.870,0.059,0.659,0.832,0.800
7PNB_v_6_MAN;0.817,0.824,0.642,0.625,0.829,0.781,0.817,0.619,0.726,0.778,0.821,0.648,0.675,0.281,0.413,0.325,0.413,0.625,0.827,0.764,0.308,0.716,0.803,0.726,0.358,0.342,0.821,0.625,0.781,0.778,0.781,0.773,0.789,0.778,0.784,0.648,0.559,0.746,0.406,0.783,0.413,0.342,0.814,0.366,0.458,0.299,0.736,0.827,0.778,0.800,0.451,0.798,0.398,0.625,0.775,0.631,0.290,0.479,0.631,0.778,0.809,0.406,0.443,0.814,0.806,0.806,0.797,0.669,0.755,0.659,0.817,0.642,0.767,0.749,0.789,0.736,0.731,0.390,0.559,0.325,0.374,0.795,0.472,0.784,0.299,0.281,0.382,0.308,0.792,0.472,0.642,0.726,0.413,0.781,0.458,0.553,0.731,0.642,0.752,0.631,0.784,0.824,0.308,0.775,0.553,0.290,0.281,0.325,0.775,0.374,0.814,0.081,0.316,0.792,0.781,0.436,0.299,0.631,0.755,0.636,0.781,0.000,0.781,0.625,0.631,0.613,0.472,0.625,0.781,0.613,0.642,0.758,0.413,0.631,0.758,0.664,0.631,0.731,0.047,0.736,0.443,0.553,0.421,0.773,0.669,0.308,0.726,0.669,0.398,0.778,0.755,0.731,0.755,0.358,0.811,0.675,0.358,0.795,0.636,0.625,0.358,0.429,0.390,0.821,0.784,0.631,0.798,0.366,0.081,0.767,0.636,0.664,0.827,0.413,0.406,0.822,0.413,0.625,0.625,0.316,0.458,0.413,0.631,0.631,0.778,0.631,0.553,0.559,0.675,0.749,0.465,0.775,0.642,0.778,0.775,0.472,0.740,0.125,0.636,0.553,0.308,0.290,0.648,0.653,0.761,0.784,0.390,0.299,0.784,0.625,0.795,0.631,0.731,0.299,0.281,0.797,0.784,0.781,0.443,0.421,0.803,0.800,0.092,0.092,0.382,0.299,0.465,0.778,0.789,0.781,0.758,0.736,0.559,0.786,0.803,0.631,0.636,0.721,0.631,0.472,0.781,0.726,0.070,0.767,0.669,0.625,0.299,0.081,0.752,0.731,0.784,0.752,0.625,0.299
7PNB_p_2_NAG;0.725,0.747,0.832,0.800,0.751,0.616,0.727,0.800,0.847,0.570,0.747,0.832,0.814,0.749,0.767,0.746,0.767,0.817,0.744,0.637,0.764,0.847,0.647,0.847,0.758,0.755,0.747,0.822,0.636,0.629,0.626,0.499,0.641,0.573,0.669,0.830,0.743,0.520,0.752,0.649,0.740,0.749,0.725,0.761,0.803,0.764,0.879,0.751,0.632,0.639,0.800,0.732,0.749,0.817,0.508,0.811,0.749,0.784,0.795,0.619,0.718,0.764,0.800,0.725,0.642,0.637,0.729,0.814,0.644,0.827,0.721,0.830,0.496,0.517,0.718,0.879,0.852,0.767,0.743,0.752,0.749,0.644,0.781,0.069,0.743,0.758,0.749,0.755,0.718,0.784,0.809,0.850,0.752,0.570,0.778,0.746,0.872,0.803,0.508,0.817,0.634,0.744,0.752,0.637,0.746,0.749,0.758,0.755,0.629,0.761,0.721,0.784,0.746,0.657,0.109,0.800,0.749,0.800,0.652,0.795,0.624,0.781,0.000,0.817,0.819,0.803,0.778,0.822,0.573,0.822,0.811,0.649,0.743,0.819,0.659,0.806,0.817,0.877,0.784,0.879,0.803,0.743,0.798,0.074,0.814,0.755,0.847,0.811,0.761,0.567,0.511,0.874,0.662,0.764,0.721,0.811,0.764,0.621,0.809,0.822,0.755,0.800,0.746,0.749,0.619,0.809,0.738,0.755,0.781,0.502,0.803,0.809,0.744,0.764,0.743,0.732,0.764,0.817,0.822,0.764,0.773,0.767,0.819,0.819,0.089,0.809,0.743,0.743,0.814,0.517,0.800,0.104,0.830,0.567,0.064,0.778,0.855,0.784,0.827,0.746,0.749,0.746,0.832,0.830,0.649,0.632,0.743,0.746,0.626,0.800,0.718,0.817,0.850,0.749,0.746,0.729,0.624,0.578,0.800,0.767,0.657,0.647,0.778,0.784,0.761,0.761,0.775,0.567,0.685,0.114,0.659,0.877,0.743,0.713,0.729,0.819,0.800,0.845,0.811,0.778,0.575,0.877,0.781,0.152,0.811,0.803,0.746,0.775,0.657,0.872,0.632,0.642,0.824,0.749
7PNB_r_3_YZT;0.837,0.865,0.443,0.731,0.869,0.800,0.835,0.716,0.571,0.795,0.865,0.413,0.690,0.625,0.659,0.653,0.659,0.024,0.862,0.792,0.636,0.559,0.819,0.565,0.631,0.659,0.865,0.342,0.803,0.830,0.835,0.803,0.805,0.795,0.814,0.429,0.631,0.811,0.653,0.811,0.642,0.659,0.832,0.636,0.565,0.642,0.740,0.872,0.795,0.817,0.559,0.835,0.648,0.012,0.803,0.726,0.642,0.584,0.731,0.824,0.830,0.659,0.559,0.832,0.819,0.819,0.824,0.685,0.806,0.436,0.832,0.421,0.806,0.811,0.829,0.736,0.578,0.648,0.631,0.659,0.619,0.819,0.578,0.819,0.619,0.642,0.653,0.642,0.827,0.578,0.740,0.578,0.653,0.798,0.559,0.631,0.726,0.740,0.806,0.374,0.832,0.862,0.631,0.830,0.625,0.631,0.642,0.659,0.795,0.636,0.830,0.631,0.653,0.822,0.817,0.559,0.642,0.736,0.806,0.731,0.830,0.625,0.817,0.000,0.333,0.716,0.571,0.333,0.798,0.342,0.726,0.798,0.648,0.342,0.803,0.685,0.036,0.731,0.631,0.740,0.565,0.625,0.553,0.809,0.690,0.648,0.571,0.701,0.648,0.795,0.806,0.731,0.806,0.636,0.830,0.696,0.636,0.809,0.716,0.059,0.625,0.559,0.642,0.867,0.800,0.731,0.832,0.631,0.631,0.803,0.736,0.685,0.865,0.659,0.648,0.837,0.653,0.000,0.358,0.636,0.559,0.659,0.366,0.059,0.814,0.721,0.625,0.631,0.701,0.809,0.559,0.811,0.429,0.795,0.811,0.571,0.571,0.631,0.421,0.625,0.636,0.625,0.451,0.451,0.806,0.835,0.642,0.625,0.827,0.731,0.835,0.350,0.578,0.642,0.631,0.827,0.798,0.798,0.559,0.659,0.822,0.822,0.631,0.636,0.636,0.636,0.565,0.795,0.813,0.817,0.809,0.731,0.631,0.824,0.834,0.024,0.731,0.559,0.731,0.571,0.798,0.736,0.636,0.806,0.690,0.716,0.625,0.631,0.809,0.726,0.835,0.803,0.047,0.619
7PNB_J_3_YZT;0.855,0.867,0.458,0.726,0.872,0.809,0.852,0.685,0.608,0.814,0.869,0.429,0.701,0.613,0.619,0.608,0.619,0.333,0.867,0.798,0.590,0.602,0.819,0.608,0.636,0.619,0.869,0.059,0.816,0.837,0.842,0.800,0.819,0.814,0.819,0.451,0.631,0.803,0.619,0.821,0.636,0.613,0.850,0.642,0.553,0.602,0.736,0.874,0.806,0.819,0.546,0.850,0.613,0.342,0.811,0.696,0.596,0.553,0.726,0.830,0.845,0.619,0.546,0.850,0.822,0.819,0.842,0.696,0.806,0.465,0.850,0.465,0.809,0.806,0.842,0.731,0.619,0.631,0.631,0.608,0.625,0.822,0.546,0.822,0.608,0.596,0.619,0.602,0.834,0.546,0.736,0.613,0.619,0.817,0.527,0.619,0.721,0.736,0.806,0.103,0.837,0.867,0.584,0.832,0.625,0.608,0.596,0.602,0.811,0.642,0.847,0.613,0.596,0.830,0.819,0.546,0.602,0.731,0.806,0.726,0.835,0.631,0.819,0.333,0.000,0.685,0.540,0.092,0.817,0.125,0.701,0.789,0.625,0.012,0.800,0.690,0.325,0.726,0.631,0.736,0.553,0.625,0.540,0.811,0.701,0.590,0.608,0.706,0.625,0.814,0.806,0.726,0.806,0.642,0.850,0.706,0.642,0.814,0.696,0.350,0.631,0.546,0.608,0.869,0.814,0.706,0.847,0.636,0.636,0.809,0.731,0.696,0.869,0.619,0.613,0.855,0.619,0.333,0.114,0.590,0.527,0.619,0.136,0.366,0.817,0.696,0.625,0.631,0.711,0.806,0.546,0.814,0.458,0.811,0.814,0.540,0.631,0.636,0.443,0.625,0.590,0.613,0.451,0.465,0.806,0.840,0.631,0.602,0.835,0.726,0.845,0.047,0.613,0.602,0.613,0.842,0.811,0.817,0.546,0.619,0.819,0.819,0.636,0.642,0.642,0.590,0.533,0.811,0.797,0.819,0.803,0.726,0.631,0.834,0.845,0.350,0.726,0.596,0.706,0.540,0.817,0.721,0.625,0.803,0.701,0.685,0.602,0.636,0.806,0.721,0.837,0.795,0.350,0.596
7PNB_p_5_MAN;0.845,0.832,0.711,0.731,0.832,0.792,0.842,0.047,0.721,0.824,0.829,0.706,0.716,0.608,0.631,0.602,0.631,0.721,0.834,0.789,0.608,0.721,0.795,0.726,0.664,0.596,0.829,0.690,0.803,0.819,0.817,0.814,0.803,0.827,0.811,0.711,0.648,0.814,0.602,0.816,0.619,0.584,0.845,0.669,0.613,0.608,0.809,0.832,0.789,0.795,0.608,0.800,0.596,0.721,0.822,0.125,0.590,0.602,0.726,0.809,0.845,0.636,0.596,0.842,0.795,0.800,0.800,0.716,0.803,0.716,0.840,0.726,0.811,0.814,0.792,0.809,0.716,0.648,0.648,0.584,0.648,0.795,0.602,0.803,0.602,0.590,0.596,0.584,0.783,0.596,0.745,0.721,0.613,0.832,0.596,0.642,0.809,0.736,0.811,0.696,0.811,0.832,0.571,0.809,0.642,0.602,0.590,0.596,0.803,0.669,0.840,0.602,0.578,0.819,0.803,0.596,0.596,0.731,0.803,0.726,0.809,0.613,0.803,0.716,0.685,0.000,0.602,0.701,0.830,0.701,0.103,0.792,0.602,0.685,0.798,0.721,0.716,0.809,0.625,0.809,0.608,0.648,0.584,0.800,0.711,0.571,0.736,0.721,0.631,0.827,0.819,0.813,0.798,0.664,0.845,0.716,0.664,0.798,0.156,0.716,0.659,0.590,0.596,0.829,0.798,0.103,0.803,0.659,0.631,0.811,0.740,0.716,0.832,0.631,0.596,0.847,0.631,0.716,0.701,0.602,0.602,0.631,0.696,0.721,0.800,0.103,0.648,0.648,0.721,0.819,0.608,0.798,0.716,0.827,0.798,0.602,0.736,0.631,0.721,0.642,0.571,0.608,0.706,0.716,0.798,0.811,0.608,0.596,0.809,0.731,0.795,0.690,0.726,0.596,0.608,0.795,0.789,0.830,0.602,0.625,0.792,0.798,0.631,0.625,0.669,0.584,0.602,0.827,0.797,0.800,0.798,0.813,0.648,0.769,0.803,0.726,0.726,0.721,0.103,0.602,0.832,0.813,0.613,0.795,0.716,0.070,0.596,0.625,0.800,0.809,0.809,0.795,0.721,0.596
7PNB_q_4_BGC;0.840,0.850,0.648,0.701,0.852,0.789,0.837,0.590,0.711,0.789,0.847,0.636,0.696,0.500,0.507,0.465,0.507,0.565,0.847,0.778,0.436,0.706,0.795,0.711,0.527,0.458,0.847,0.553,0.795,0.787,0.784,0.767,0.786,0.789,0.795,0.648,0.486,0.758,0.458,0.800,0.493,0.458,0.835,0.533,0.254,0.443,0.782,0.855,0.784,0.800,0.254,0.827,0.458,0.565,0.775,0.619,0.451,0.024,0.696,0.781,0.832,0.500,0.235,0.835,0.798,0.798,0.811,0.690,0.767,0.659,0.835,0.659,0.770,0.764,0.813,0.782,0.721,0.527,0.486,0.443,0.514,0.795,0.012,0.781,0.493,0.436,0.458,0.472,0.808,0.059,0.711,0.721,0.451,0.792,0.024,0.486,0.773,0.706,0.755,0.540,0.787,0.847,0.429,0.787,0.493,0.493,0.436,0.458,0.787,0.533,0.832,0.443,0.451,0.803,0.778,0.245,0.458,0.701,0.764,0.696,0.784,0.472,0.778,0.571,0.540,0.602,0.000,0.540,0.792,0.546,0.613,0.761,0.465,0.540,0.758,0.685,0.559,0.778,0.458,0.782,0.263,0.486,0.235,0.770,0.690,0.458,0.716,0.696,0.527,0.789,0.767,0.778,0.761,0.540,0.835,0.690,0.540,0.781,0.602,0.578,0.520,0.245,0.465,0.850,0.781,0.613,0.822,0.527,0.472,0.767,0.706,0.680,0.847,0.500,0.451,0.842,0.514,0.571,0.540,0.436,0.024,0.507,0.540,0.571,0.775,0.619,0.486,0.486,0.696,0.764,0.254,0.773,0.648,0.789,0.773,0.000,0.736,0.436,0.636,0.493,0.443,0.500,0.648,0.659,0.764,0.789,0.479,0.493,0.781,0.701,0.814,0.533,0.721,0.458,0.500,0.811,0.781,0.792,0.245,0.507,0.798,0.803,0.451,0.451,0.540,0.443,0.012,0.789,0.766,0.778,0.761,0.782,0.486,0.795,0.819,0.571,0.696,0.706,0.613,0.024,0.792,0.773,0.451,0.767,0.685,0.596,0.493,0.451,0.764,0.773,0.795,0.767,0.584,0.500
7PNB_Y_3_YZT;0.852,0.869,0.465,0.711,0.874,0.811,0.850,0.701,0.608,0.814,0.872,0.436,0.706,0.625,0.636,0.625,0.636,0.333,0.869,0.800,0.596,0.608,0.814,0.608,0.636,0.636,0.872,0.081,0.816,0.830,0.835,0.798,0.819,0.814,0.819,0.451,0.625,0.800,0.631,0.821,0.642,0.631,0.847,0.642,0.553,0.608,0.721,0.877,0.806,0.817,0.546,0.850,0.625,0.342,0.806,0.711,0.608,0.553,0.711,0.824,0.842,0.636,0.546,0.847,0.817,0.814,0.840,0.701,0.806,0.472,0.847,0.465,0.806,0.803,0.842,0.716,0.619,0.636,0.625,0.625,0.625,0.817,0.546,0.824,0.619,0.602,0.631,0.619,0.837,0.546,0.721,0.613,0.631,0.817,0.527,0.613,0.706,0.721,0.800,0.070,0.830,0.869,0.590,0.827,0.619,0.619,0.602,0.619,0.811,0.642,0.845,0.619,0.613,0.824,0.822,0.546,0.613,0.716,0.806,0.711,0.827,0.625,0.822,0.333,0.092,0.701,0.540,0.000,0.817,0.103,0.716,0.792,0.636,0.081,0.803,0.696,0.325,0.721,0.625,0.721,0.553,0.619,0.540,0.814,0.706,0.596,0.608,0.711,0.631,0.814,0.803,0.721,0.803,0.642,0.847,0.711,0.642,0.809,0.711,0.333,0.631,0.546,0.619,0.872,0.817,0.721,0.847,0.636,0.631,0.803,0.716,0.701,0.872,0.636,0.625,0.852,0.631,0.333,0.059,0.596,0.527,0.636,0.081,0.350,0.819,0.711,0.619,0.625,0.716,0.800,0.546,0.817,0.465,0.811,0.817,0.540,0.631,0.631,0.443,0.619,0.596,0.625,0.465,0.472,0.806,0.832,0.636,0.613,0.830,0.711,0.845,0.092,0.613,0.613,0.625,0.840,0.814,0.817,0.546,0.636,0.814,0.814,0.631,0.636,0.642,0.596,0.533,0.811,0.805,0.822,0.803,0.721,0.625,0.840,0.842,0.350,0.711,0.602,0.721,0.540,0.817,0.716,0.625,0.803,0.706,0.701,0.613,0.631,0.803,0.716,0.830,0.798,0.350,0.608
7PNB_c_2_NAG;0.740,0.776,0.817,0.806,0.776,0.652,0.747,0.832,0.860,0.011,0.776,0.817,0.792,0.792,0.787,0.778,0.787,0.798,0.776,0.647,0.781,0.852,0.676,0.857,0.792,0.781,0.776,0.819,0.646,0.664,0.664,0.474,0.659,0.038,0.681,0.819,0.781,0.526,0.784,0.654,0.778,0.781,0.743,0.795,0.792,0.781,0.867,0.780,0.652,0.664,0.789,0.729,0.781,0.798,0.474,0.832,0.778,0.798,0.806,0.672,0.738,0.787,0.795,0.743,0.676,0.674,0.713,0.789,0.647,0.819,0.738,0.817,0.508,0.508,0.722,0.867,0.865,0.787,0.781,0.781,0.792,0.662,0.795,0.581,0.789,0.784,0.781,0.792,0.711,0.795,0.809,0.865,0.787,0.005,0.789,0.781,0.865,0.806,0.499,0.819,0.674,0.776,0.781,0.669,0.781,0.792,0.787,0.787,0.642,0.795,0.740,0.781,0.781,0.681,0.573,0.795,0.778,0.806,0.662,0.803,0.667,0.781,0.573,0.798,0.817,0.830,0.792,0.817,0.000,0.819,0.835,0.657,0.778,0.817,0.664,0.792,0.798,0.870,0.781,0.867,0.795,0.781,0.795,0.558,0.789,0.784,0.857,0.795,0.789,0.016,0.505,0.867,0.664,0.795,0.736,0.789,0.795,0.649,0.830,0.795,0.789,0.798,0.778,0.776,0.652,0.835,0.725,0.795,0.778,0.493,0.806,0.789,0.776,0.787,0.778,0.745,0.784,0.798,0.817,0.781,0.789,0.787,0.819,0.798,0.581,0.835,0.781,0.781,0.792,0.529,0.789,0.556,0.814,0.038,0.564,0.792,0.865,0.778,0.811,0.781,0.781,0.789,0.817,0.819,0.657,0.672,0.778,0.792,0.684,0.806,0.727,0.814,0.865,0.778,0.795,0.722,0.652,0.022,0.792,0.787,0.688,0.662,0.775,0.778,0.798,0.784,0.792,0.048,0.690,0.584,0.664,0.865,0.781,0.718,0.722,0.798,0.806,0.855,0.837,0.795,0.022,0.870,0.784,0.567,0.787,0.832,0.789,0.775,0.667,0.865,0.669,0.657,0.798,0.787
7PNB_x_3_YZT;0.857,0.865,0.429,0.731,0.869,0.811,0.852,0.685,0.625,0.817,0.867,0.421,0.721,0.608,0.631,0.613,0.631,0.342,0.865,0.798,0.590,0.625,0.819,0.625,0.625,0.631,0.867,0.114,0.813,0.837,0.842,0.806,0.819,0.817,0.822,0.429,0.625,0.800,0.625,0.819,0.636,0.625,0.852,0.631,0.565,0.602,0.716,0.872,0.803,0.822,0.559,0.855,0.619,0.350,0.814,0.716,0.602,0.559,0.731,0.830,0.845,0.631,0.559,0.850,0.822,0.819,0.845,0.716,0.800,0.436,0.850,0.436,0.811,0.803,0.847,0.711,0.636,0.631,0.625,0.619,0.613,0.824,0.553,0.824,0.602,0.596,0.625,0.608,0.842,0.559,0.740,0.631,0.625,0.819,0.533,0.613,0.701,0.740,0.800,0.146,0.837,0.865,0.578,0.832,0.619,0.602,0.590,0.613,0.809,0.631,0.847,0.613,0.608,0.832,0.822,0.559,0.608,0.736,0.800,0.731,0.835,0.613,0.822,0.342,0.125,0.701,0.546,0.103,0.819,0.000,0.716,0.787,0.631,0.114,0.798,0.711,0.333,0.716,0.619,0.716,0.565,0.619,0.546,0.814,0.721,0.596,0.625,0.726,0.625,0.817,0.803,0.716,0.800,0.631,0.850,0.726,0.631,0.811,0.721,0.342,0.619,0.553,0.613,0.867,0.817,0.711,0.852,0.625,0.625,0.811,0.736,0.716,0.867,0.631,0.619,0.857,0.625,0.342,0.146,0.590,0.533,0.631,0.103,0.358,0.819,0.711,0.619,0.625,0.731,0.800,0.559,0.817,0.436,0.814,0.817,0.546,0.648,0.625,0.406,0.619,0.596,0.608,0.429,0.436,0.800,0.840,0.631,0.596,0.835,0.731,0.847,0.146,0.631,0.608,0.608,0.847,0.814,0.819,0.553,0.631,0.819,0.819,0.625,0.631,0.631,0.584,0.540,0.814,0.805,0.822,0.800,0.716,0.625,0.842,0.847,0.358,0.731,0.619,0.716,0.546,0.819,0.711,0.619,0.806,0.721,0.690,0.596,0.625,0.800,0.711,0.837,0.792,0.358,0.596
7PNB_k_5_MAN;0.850,0.837,0.726,0.750,0.837,0.798,0.850,0.136,0.721,0.832,0.834,0.726,0.721,0.642,0.653,0.631,0.653,0.731,0.840,0.803,0.631,0.726,0.806,0.726,0.685,0.619,0.834,0.706,0.813,0.822,0.822,0.817,0.808,0.832,0.814,0.726,0.675,0.817,0.631,0.829,0.648,0.613,0.850,0.690,0.625,0.631,0.813,0.837,0.798,0.809,0.619,0.792,0.625,0.731,0.824,0.059,0.619,0.619,0.745,0.814,0.852,0.659,0.602,0.850,0.803,0.811,0.792,0.721,0.809,0.731,0.847,0.740,0.811,0.817,0.783,0.813,0.721,0.669,0.675,0.613,0.669,0.811,0.619,0.811,0.636,0.613,0.625,0.613,0.775,0.613,0.764,0.726,0.642,0.837,0.608,0.669,0.813,0.755,0.814,0.716,0.814,0.837,0.608,0.814,0.669,0.636,0.619,0.619,0.811,0.690,0.847,0.625,0.608,0.824,0.811,0.608,0.625,0.750,0.809,0.745,0.811,0.642,0.811,0.726,0.701,0.103,0.613,0.716,0.835,0.716,0.000,0.795,0.631,0.701,0.803,0.726,0.726,0.813,0.648,0.813,0.619,0.675,0.602,0.811,0.716,0.602,0.736,0.726,0.653,0.835,0.822,0.817,0.803,0.685,0.852,0.721,0.685,0.803,0.070,0.731,0.680,0.608,0.625,0.834,0.803,0.047,0.795,0.680,0.653,0.814,0.759,0.721,0.837,0.653,0.625,0.852,0.653,0.726,0.716,0.625,0.613,0.653,0.716,0.731,0.811,0.024,0.675,0.675,0.726,0.822,0.619,0.809,0.731,0.832,0.809,0.613,0.745,0.653,0.736,0.669,0.602,0.642,0.721,0.731,0.803,0.817,0.636,0.631,0.811,0.750,0.789,0.706,0.726,0.625,0.642,0.783,0.800,0.835,0.619,0.648,0.800,0.811,0.653,0.648,0.690,0.613,0.613,0.832,0.803,0.814,0.803,0.817,0.675,0.769,0.792,0.736,0.745,0.721,0.036,0.613,0.837,0.817,0.636,0.809,0.721,0.146,0.631,0.648,0.806,0.813,0.814,0.800,0.736,0.631
7PNB_x_1_NAG;0.723,0.774,0.787,0.827,0.774,0.600,0.729,0.787,0.850,0.654,0.772,0.795,0.817,0.764,0.758,0.758,0.758,0.800,0.772,0.589,0.767,0.840,0.532,0.845,0.761,0.770,0.772,0.792,0.599,0.674,0.686,0.659,0.613,0.652,0.561,0.789,0.781,0.642,0.764,0.575,0.767,0.767,0.721,0.764,0.755,0.764,0.870,0.774,0.597,0.535,0.752,0.693,0.761,0.800,0.662,0.795,0.767,0.767,0.824,0.669,0.723,0.761,0.752,0.723,0.532,0.538,0.706,0.814,0.202,0.789,0.721,0.789,0.654,0.644,0.683,0.870,0.855,0.764,0.781,0.767,0.758,0.541,0.764,0.654,0.764,0.761,0.767,0.758,0.676,0.770,0.832,0.852,0.764,0.659,0.758,0.775,0.862,0.827,0.632,0.795,0.681,0.772,0.761,0.676,0.781,0.761,0.758,0.761,0.573,0.767,0.721,0.752,0.764,0.553,0.644,0.752,0.770,0.827,0.283,0.822,0.674,0.758,0.649,0.798,0.789,0.792,0.761,0.792,0.657,0.787,0.795,0.000,0.764,0.789,0.275,0.817,0.798,0.867,0.761,0.870,0.752,0.781,0.749,0.634,0.811,0.764,0.847,0.817,0.764,0.654,0.649,0.865,0.246,0.764,0.716,0.814,0.764,0.526,0.795,0.800,0.758,0.749,0.758,0.772,0.595,0.784,0.688,0.764,0.767,0.654,0.830,0.817,0.770,0.761,0.761,0.732,0.755,0.798,0.792,0.761,0.758,0.758,0.795,0.803,0.652,0.792,0.781,0.781,0.817,0.642,0.752,0.632,0.784,0.652,0.647,0.761,0.852,0.773,0.789,0.781,0.761,0.767,0.792,0.787,0.315,0.681,0.770,0.758,0.676,0.827,0.681,0.789,0.852,0.770,0.770,0.706,0.595,0.659,0.752,0.758,0.538,0.544,0.767,0.770,0.764,0.758,0.761,0.649,0.646,0.654,0.283,0.867,0.781,0.692,0.709,0.800,0.822,0.842,0.789,0.764,0.664,0.862,0.761,0.634,0.811,0.787,0.761,0.770,0.279,0.862,0.679,0.166,0.803,0.761
7PNB_k_6_MAN;0.806,0.813,0.653,0.642,0.816,0.778,0.811,0.596,0.711,0.775,0.808,0.664,0.680,0.333,0.350,0.281,0.358,0.648,0.811,0.770,0.374,0.701,0.784,0.711,0.436,0.272,0.808,0.625,0.778,0.775,0.784,0.755,0.778,0.775,0.778,0.659,0.507,0.746,0.036,0.795,0.059,0.254,0.806,0.443,0.507,0.342,0.769,0.819,0.781,0.778,0.500,0.809,0.047,0.648,0.761,0.636,0.235,0.472,0.648,0.770,0.803,0.350,0.507,0.809,0.789,0.784,0.803,0.675,0.773,0.664,0.809,0.659,0.752,0.746,0.797,0.769,0.716,0.374,0.507,0.263,0.413,0.770,0.465,0.746,0.333,0.325,0.059,0.342,0.792,0.472,0.659,0.716,0.036,0.778,0.472,0.500,0.755,0.659,0.746,0.636,0.778,0.811,0.342,0.775,0.507,0.325,0.316,0.281,0.789,0.443,0.806,0.406,0.245,0.787,0.740,0.500,0.235,0.648,0.770,0.653,0.773,0.413,0.743,0.648,0.625,0.602,0.465,0.636,0.778,0.631,0.631,0.764,0.000,0.625,0.764,0.664,0.642,0.764,0.413,0.769,0.500,0.507,0.493,0.731,0.669,0.366,0.711,0.669,0.350,0.775,0.749,0.759,0.761,0.451,0.806,0.669,0.451,0.775,0.619,0.659,0.429,0.500,0.059,0.811,0.775,0.619,0.806,0.429,0.429,0.755,0.653,0.664,0.811,0.350,0.024,0.814,0.342,0.648,0.636,0.366,0.465,0.358,0.648,0.653,0.740,0.619,0.507,0.507,0.675,0.740,0.500,0.734,0.659,0.775,0.737,0.465,0.731,0.390,0.648,0.507,0.358,0.333,0.648,0.659,0.770,0.775,0.047,0.316,0.784,0.642,0.798,0.625,0.721,0.235,0.333,0.800,0.770,0.778,0.500,0.358,0.784,0.773,0.406,0.413,0.451,0.366,0.458,0.775,0.783,0.743,0.761,0.764,0.507,0.783,0.805,0.648,0.653,0.706,0.619,0.465,0.778,0.764,0.398,0.731,0.664,0.596,0.333,0.398,0.767,0.755,0.781,0.764,0.664,0.325
7PNB_O_3_YZT;0.855,0.867,0.458,0.726,0.872,0.809,0.852,0.685,0.608,0.814,0.869,0.429,0.701,0.613,0.619,0.608,0.619,0.342,0.867,0.798,0.590,0.602,0.819,0.608,0.636,0.619,0.869,0.047,0.816,0.837,0.842,0.800,0.819,0.814,0.819,0.451,0.631,0.803,0.619,0.821,0.636,0.613,0.850,0.642,0.553,0.602,0.731,0.874,0.806,0.819,0.546,0.850,0.613,0.350,0.811,0.696,0.596,0.553,0.726,0.830,0.845,0.619,0.546,0.850,0.822,0.819,0.842,0.696,0.806,0.465,0.850,0.465,0.809,0.806,0.842,0.726,0.619,0.631,0.631,0.608,0.625,0.822,0.546,0.822,0.608,0.596,0.619,0.602,0.834,0.546,0.736,0.613,0.619,0.817,0.527,0.619,0.716,0.736,0.806,0.103,0.837,0.867,0.584,0.832,0.625,0.608,0.596,0.602,0.811,0.642,0.847,0.613,0.596,0.830,0.819,0.546,0.602,0.731,0.806,0.726,0.835,0.631,0.819,0.342,0.012,0.685,0.540,0.081,0.817,0.114,0.701,0.789,0.625,0.000,0.800,0.690,0.333,0.721,0.631,0.731,0.553,0.625,0.540,0.811,0.701,0.590,0.608,0.706,0.625,0.814,0.806,0.721,0.806,0.642,0.850,0.706,0.642,0.814,0.696,0.358,0.631,0.546,0.608,0.869,0.814,0.706,0.847,0.636,0.636,0.809,0.731,0.696,0.869,0.619,0.613,0.855,0.619,0.342,0.114,0.590,0.527,0.619,0.125,0.374,0.817,0.696,0.625,0.631,0.711,0.806,0.546,0.814,0.458,0.811,0.814,0.540,0.631,0.636,0.443,0.625,0.590,0.613,0.451,0.465,0.806,0.840,0.631,0.602,0.835,0.726,0.845,0.036,0.613,0.602,0.613,0.842,0.811,0.817,0.546,0.619,0.819,0.819,0.636,0.642,0.642,0.590,0.533,0.811,0.797,0.819,0.803,0.721,0.631,0.834,0.845,0.358,0.726,0.596,0.706,0.540,0.817,0.716,0.625,0.803,0.701,0.685,0.602,0.636,0.806,0.716,0.837,0.795,0.358,0.596
7PNB_J_1_NAG;0.721,0.784,0.798,0.822,0.786,0.629,0.723,0.792,0.855,0.662,0.784,0.806,0.811,0.761,0.752,0.764,0.758,0.803,0.782,0.616,0.770,0.842,0.558,0.850,0.761,0.767,0.784,0.803,0.626,0.679,0.691,0.679,0.639,0.667,0.547,0.798,0.775,0.672,0.764,0.602,0.767,0.764,0.714,0.764,0.752,0.767,0.870,0.786,0.619,0.538,0.752,0.676,0.761,0.803,0.681,0.803,0.761,0.764,0.819,0.672,0.721,0.755,0.752,0.718,0.561,0.550,0.685,0.809,0.211,0.798,0.716,0.800,0.674,0.664,0.668,0.870,0.860,0.758,0.775,0.764,0.758,0.541,0.761,0.662,0.761,0.764,0.767,0.755,0.668,0.767,0.827,0.857,0.764,0.667,0.755,0.770,0.862,0.824,0.654,0.806,0.681,0.782,0.767,0.676,0.775,0.758,0.761,0.761,0.600,0.767,0.714,0.752,0.761,0.573,0.654,0.752,0.767,0.824,0.059,0.817,0.674,0.758,0.659,0.803,0.800,0.798,0.758,0.803,0.664,0.798,0.803,0.275,0.764,0.800,0.000,0.806,0.800,0.867,0.761,0.870,0.752,0.778,0.749,0.644,0.809,0.770,0.852,0.809,0.758,0.659,0.669,0.865,0.104,0.764,0.716,0.806,0.764,0.547,0.803,0.803,0.758,0.749,0.758,0.784,0.626,0.792,0.681,0.764,0.767,0.667,0.824,0.806,0.782,0.755,0.761,0.727,0.749,0.803,0.803,0.764,0.755,0.758,0.809,0.806,0.664,0.800,0.778,0.775,0.809,0.667,0.749,0.639,0.795,0.659,0.654,0.758,0.855,0.767,0.800,0.775,0.764,0.764,0.803,0.795,0.119,0.686,0.770,0.758,0.679,0.822,0.672,0.800,0.857,0.767,0.770,0.690,0.634,0.669,0.749,0.758,0.564,0.541,0.764,0.767,0.767,0.764,0.758,0.657,0.661,0.667,0.069,0.867,0.775,0.683,0.697,0.803,0.822,0.847,0.798,0.761,0.669,0.862,0.761,0.644,0.803,0.792,0.758,0.767,0.079,0.862,0.676,0.189,0.806,0.761
7PNB_a_4_BGC;0.806,0.805,0.726,0.653,0.808,0.798,0.803,0.731,0.675,0.789,0.808,0.726,0.036,0.675,0.631,0.675,0.653,0.685,0.805,0.800,0.685,0.680,0.800,0.669,0.685,0.669,0.808,0.690,0.803,0.792,0.798,0.781,0.797,0.792,0.811,0.721,0.602,0.798,0.669,0.808,0.648,0.664,0.800,0.685,0.690,0.690,0.769,0.811,0.803,0.803,0.685,0.792,0.664,0.685,0.773,0.731,0.648,0.685,0.642,0.795,0.809,0.642,0.696,0.803,0.798,0.798,0.800,0.047,0.811,0.726,0.803,0.716,0.787,0.803,0.792,0.769,0.685,0.625,0.602,0.664,0.685,0.798,0.690,0.809,0.675,0.696,0.675,0.696,0.797,0.675,0.664,0.690,0.669,0.792,0.680,0.602,0.773,0.648,0.806,0.696,0.792,0.805,0.680,0.789,0.596,0.680,0.690,0.680,0.800,0.685,0.800,0.680,0.659,0.798,0.800,0.696,0.648,0.653,0.806,0.642,0.792,0.664,0.806,0.685,0.690,0.721,0.685,0.696,0.792,0.711,0.726,0.817,0.664,0.690,0.806,0.000,0.690,0.769,0.669,0.769,0.696,0.608,0.690,0.806,0.059,0.675,0.675,0.036,0.625,0.787,0.789,0.773,0.809,0.685,0.811,0.047,0.685,0.800,0.716,0.690,0.685,0.696,0.664,0.808,0.795,0.731,0.792,0.685,0.680,0.795,0.659,0.047,0.808,0.636,0.664,0.806,0.625,0.685,0.696,0.685,0.680,0.653,0.706,0.690,0.800,0.721,0.608,0.602,0.059,0.792,0.685,0.803,0.726,0.792,0.806,0.685,0.690,0.675,0.726,0.596,0.675,0.675,0.721,0.731,0.809,0.798,0.659,0.680,0.789,0.653,0.795,0.690,0.685,0.648,0.675,0.797,0.800,0.792,0.685,0.642,0.798,0.800,0.675,0.669,0.690,0.690,0.680,0.792,0.795,0.806,0.809,0.773,0.602,0.778,0.800,0.690,0.642,0.669,0.731,0.675,0.792,0.778,0.675,0.806,0.059,0.731,0.680,0.675,0.806,0.773,0.789,0.809,0.685,0.680
7PNB_m_3_YZT;0.840,0.869,0.443,0.736,0.874,0.800,0.840,0.716,0.584,0.795,0.869,0.406,0.696,0.625,0.653,0.653,0.653,0.012,0.867,0.792,0.631,0.571,0.819,0.578,0.631,0.653,0.869,0.333,0.805,0.832,0.837,0.800,0.808,0.795,0.814,0.429,0.631,0.811,0.648,0.811,0.648,0.653,0.835,0.636,0.553,0.636,0.750,0.877,0.795,0.819,0.546,0.840,0.642,0.024,0.803,0.726,0.636,0.571,0.736,0.827,0.835,0.653,0.546,0.837,0.819,0.819,0.827,0.690,0.803,0.436,0.837,0.421,0.806,0.811,0.834,0.745,0.590,0.653,0.631,0.653,0.619,0.819,0.565,0.819,0.619,0.636,0.648,0.631,0.829,0.565,0.745,0.590,0.648,0.798,0.546,0.625,0.736,0.745,0.803,0.366,0.835,0.867,0.625,0.832,0.625,0.619,0.636,0.653,0.795,0.636,0.835,0.625,0.648,0.822,0.817,0.546,0.636,0.740,0.803,0.736,0.832,0.631,0.817,0.036,0.325,0.716,0.559,0.325,0.798,0.333,0.726,0.798,0.642,0.333,0.800,0.690,0.000,0.740,0.625,0.750,0.553,0.625,0.540,0.809,0.696,0.642,0.584,0.706,0.648,0.795,0.806,0.740,0.803,0.636,0.835,0.701,0.636,0.809,0.716,0.059,0.625,0.546,0.636,0.872,0.800,0.731,0.837,0.631,0.631,0.803,0.740,0.690,0.869,0.653,0.642,0.840,0.648,0.036,0.350,0.631,0.546,0.653,0.358,0.059,0.814,0.721,0.625,0.631,0.706,0.809,0.546,0.811,0.421,0.792,0.811,0.559,0.584,0.631,0.413,0.625,0.631,0.625,0.451,0.451,0.803,0.837,0.642,0.625,0.830,0.736,0.840,0.342,0.590,0.636,0.631,0.832,0.798,0.798,0.546,0.653,0.822,0.822,0.631,0.636,0.642,0.631,0.553,0.792,0.813,0.817,0.806,0.740,0.631,0.824,0.840,0.036,0.736,0.571,0.731,0.559,0.798,0.745,0.625,0.806,0.696,0.716,0.613,0.631,0.806,0.736,0.837,0.800,0.059,0.619
7PNB_K_3_YZT;0.867,0.855,0.764,0.745,0.857,0.874,0.865,0.809,0.759,0.870,0.850,0.764,0.769,0.764,0.745,0.769,0.750,0.736,0.852,0.877,0.759,0.755,0.862,0.755,0.769,0.764,0.850,0.711,0.879,0.870,0.872,0.867,0.877,0.867,0.865,0.759,0.750,0.870,0.769,0.891,0.755,0.759,0.862,0.773,0.809,0.769,0.024,0.857,0.874,0.860,0.804,0.891,0.764,0.736,0.870,0.809,0.750,0.773,0.750,0.867,0.862,0.750,0.809,0.862,0.865,0.862,0.884,0.769,0.867,0.764,0.865,0.759,0.865,0.870,0.884,0.047,0.759,0.731,0.750,0.764,0.773,0.862,0.778,0.877,0.755,0.764,0.769,0.769,0.886,0.764,0.755,0.764,0.769,0.870,0.782,0.750,0.059,0.745,0.870,0.726,0.872,0.852,0.764,0.870,0.750,0.769,0.764,0.769,0.884,0.773,0.860,0.745,0.755,0.852,0.879,0.809,0.755,0.745,0.867,0.750,0.872,0.731,0.877,0.731,0.726,0.809,0.778,0.721,0.870,0.716,0.813,0.867,0.764,0.721,0.867,0.769,0.740,0.000,0.740,0.024,0.813,0.755,0.804,0.877,0.764,0.769,0.759,0.769,0.736,0.870,0.867,0.024,0.867,0.773,0.865,0.764,0.773,0.857,0.813,0.745,0.773,0.809,0.769,0.855,0.874,0.817,0.893,0.769,0.736,0.867,0.750,0.769,0.852,0.745,0.764,0.870,0.740,0.731,0.721,0.759,0.778,0.750,0.726,0.740,0.877,0.809,0.755,0.750,0.764,0.860,0.809,0.877,0.759,0.867,0.874,0.778,0.769,0.740,0.745,0.750,0.769,0.764,0.764,0.764,0.870,0.872,0.759,0.764,0.867,0.745,0.891,0.716,0.764,0.755,0.755,0.886,0.877,0.870,0.804,0.745,0.857,0.860,0.736,0.731,0.773,0.769,0.773,0.867,0.855,0.874,0.867,0.047,0.750,0.884,0.886,0.740,0.745,0.750,0.817,0.769,0.870,0.024,0.745,0.872,0.764,0.809,0.759,0.736,0.867,0.024,0.872,0.865,0.736,0.759
7PNB_R_6_MAN;0.819,0.827,0.642,0.631,0.832,0.784,0.822,0.631,0.731,0.778,0.824,0.648,0.680,0.290,0.406,0.342,0.398,0.625,0.829,0.767,0.308,0.721,0.809,0.731,0.374,0.350,0.824,0.625,0.783,0.787,0.787,0.767,0.792,0.778,0.781,0.648,0.565,0.749,0.398,0.783,0.429,0.350,0.817,0.382,0.436,0.299,0.745,0.829,0.781,0.800,0.429,0.798,0.398,0.625,0.773,0.636,0.299,0.465,0.636,0.784,0.814,0.390,0.421,0.819,0.809,0.811,0.797,0.675,0.755,0.659,0.819,0.642,0.767,0.752,0.789,0.745,0.736,0.398,0.565,0.333,0.382,0.798,0.458,0.787,0.308,0.281,0.382,0.308,0.792,0.451,0.648,0.731,0.406,0.781,0.443,0.553,0.736,0.648,0.755,0.636,0.789,0.827,0.325,0.781,0.559,0.290,0.299,0.333,0.778,0.390,0.817,0.059,0.325,0.792,0.784,0.413,0.308,0.636,0.755,0.642,0.787,0.047,0.784,0.631,0.631,0.625,0.458,0.625,0.781,0.619,0.648,0.761,0.413,0.631,0.761,0.669,0.625,0.740,0.000,0.745,0.421,0.559,0.413,0.775,0.675,0.325,0.731,0.680,0.406,0.778,0.755,0.740,0.758,0.374,0.817,0.680,0.374,0.792,0.642,0.625,0.366,0.421,0.390,0.824,0.787,0.636,0.798,0.382,0.059,0.767,0.642,0.669,0.829,0.398,0.406,0.824,0.406,0.631,0.625,0.316,0.443,0.398,0.636,0.631,0.781,0.636,0.559,0.565,0.685,0.752,0.443,0.778,0.642,0.775,0.778,0.458,0.745,0.103,0.631,0.559,0.325,0.299,0.648,0.653,0.761,0.789,0.390,0.308,0.787,0.631,0.798,0.631,0.736,0.308,0.299,0.797,0.787,0.781,0.436,0.406,0.809,0.800,0.070,0.070,0.398,0.316,0.451,0.775,0.792,0.784,0.761,0.745,0.565,0.786,0.803,0.631,0.642,0.726,0.636,0.458,0.781,0.736,0.024,0.770,0.675,0.631,0.299,0.059,0.755,0.736,0.789,0.755,0.625,0.299
7PNB_t_3_YZT;0.865,0.852,0.769,0.750,0.855,0.874,0.862,0.813,0.764,0.867,0.847,0.769,0.769,0.769,0.750,0.773,0.755,0.745,0.850,0.877,0.764,0.759,0.862,0.759,0.773,0.769,0.847,0.721,0.879,0.867,0.870,0.870,0.877,0.865,0.862,0.764,0.755,0.872,0.773,0.891,0.759,0.764,0.860,0.778,0.813,0.773,0.000,0.855,0.874,0.860,0.809,0.891,0.769,0.745,0.872,0.813,0.755,0.778,0.755,0.867,0.865,0.755,0.813,0.860,0.865,0.862,0.884,0.769,0.870,0.769,0.862,0.764,0.867,0.872,0.884,0.024,0.764,0.736,0.755,0.769,0.778,0.862,0.782,0.879,0.759,0.769,0.773,0.773,0.886,0.769,0.759,0.769,0.773,0.867,0.787,0.755,0.059,0.750,0.872,0.726,0.870,0.850,0.769,0.867,0.755,0.773,0.769,0.773,0.884,0.778,0.857,0.750,0.759,0.850,0.882,0.813,0.759,0.750,0.870,0.755,0.870,0.736,0.879,0.740,0.736,0.809,0.782,0.721,0.867,0.716,0.813,0.870,0.769,0.731,0.870,0.769,0.750,0.024,0.745,0.000,0.817,0.759,0.809,0.879,0.764,0.773,0.764,0.769,0.740,0.867,0.870,0.047,0.870,0.778,0.862,0.764,0.778,0.857,0.813,0.745,0.778,0.813,0.773,0.852,0.874,0.817,0.893,0.773,0.740,0.870,0.755,0.769,0.850,0.750,0.769,0.867,0.745,0.740,0.721,0.764,0.782,0.755,0.726,0.740,0.879,0.809,0.759,0.755,0.764,0.862,0.813,0.879,0.764,0.870,0.877,0.782,0.773,0.745,0.750,0.755,0.773,0.769,0.769,0.769,0.872,0.870,0.764,0.769,0.865,0.750,0.891,0.726,0.769,0.759,0.759,0.886,0.877,0.867,0.809,0.750,0.857,0.860,0.740,0.736,0.778,0.773,0.778,0.870,0.857,0.877,0.870,0.047,0.755,0.884,0.886,0.750,0.750,0.755,0.817,0.773,0.867,0.047,0.750,0.874,0.764,0.813,0.764,0.740,0.870,0.047,0.870,0.867,0.745,0.764
7PNB_Y_4_BGC;0.842,0.850,0.653,0.696,0.852,0.787,0.842,0.596,0.740,0.792,0.850,0.642,0.706,0.520,0.546,0.486,0.540,0.559,0.850,0.781,0.458,0.726,0.803,0.736,0.507,0.486,0.850,0.565,0.795,0.809,0.814,0.792,0.795,0.792,0.809,0.653,0.578,0.773,0.486,0.797,0.533,0.486,0.840,0.514,0.036,0.465,0.817,0.855,0.784,0.803,0.036,0.814,0.493,0.559,0.800,0.625,0.493,0.281,0.701,0.803,0.837,0.533,0.036,0.842,0.803,0.803,0.808,0.701,0.758,0.659,0.842,0.664,0.789,0.778,0.808,0.817,0.750,0.565,0.578,0.486,0.493,0.798,0.272,0.809,0.514,0.443,0.493,0.493,0.800,0.281,0.711,0.745,0.486,0.795,0.245,0.565,0.804,0.711,0.764,0.565,0.811,0.850,0.472,0.803,0.571,0.514,0.451,0.472,0.784,0.520,0.840,0.406,0.493,0.809,0.803,0.024,0.500,0.701,0.755,0.706,0.806,0.443,0.803,0.565,0.553,0.608,0.263,0.553,0.795,0.565,0.619,0.752,0.500,0.553,0.752,0.696,0.553,0.813,0.421,0.817,0.000,0.571,0.047,0.795,0.701,0.486,0.740,0.706,0.565,0.792,0.784,0.809,0.755,0.514,0.840,0.701,0.514,0.787,0.613,0.565,0.500,0.036,0.486,0.850,0.795,0.608,0.809,0.507,0.451,0.787,0.706,0.696,0.850,0.540,0.493,0.847,0.553,0.565,0.553,0.458,0.263,0.540,0.565,0.565,0.800,0.619,0.571,0.578,0.706,0.778,0.047,0.798,0.653,0.792,0.798,0.263,0.750,0.443,0.636,0.571,0.479,0.527,0.659,0.664,0.758,0.811,0.514,0.514,0.809,0.696,0.809,0.553,0.745,0.500,0.527,0.808,0.787,0.795,0.059,0.546,0.809,0.806,0.458,0.443,0.527,0.465,0.272,0.792,0.783,0.806,0.752,0.813,0.578,0.797,0.819,0.565,0.706,0.731,0.608,0.281,0.795,0.804,0.413,0.784,0.696,0.596,0.514,0.451,0.755,0.804,0.809,0.755,0.571,0.520
7PNB_r_4_BGC;0.822,0.813,0.648,0.659,0.819,0.784,0.824,0.648,0.675,0.778,0.811,0.669,0.613,0.514,0.514,0.533,0.520,0.619,0.813,0.792,0.553,0.669,0.792,0.675,0.553,0.553,0.811,0.625,0.797,0.758,0.758,0.755,0.789,0.778,0.778,0.659,0.012,0.752,0.527,0.800,0.493,0.540,0.822,0.559,0.571,0.553,0.759,0.816,0.792,0.800,0.565,0.822,0.514,0.619,0.761,0.675,0.520,0.500,0.653,0.749,0.817,0.507,0.565,0.822,0.792,0.798,0.813,0.608,0.778,0.669,0.817,0.648,0.746,0.746,0.808,0.759,0.685,0.507,0.012,0.546,0.546,0.789,0.493,0.749,0.507,0.540,0.527,0.540,0.811,0.507,0.669,0.685,0.520,0.781,0.486,0.036,0.750,0.664,0.749,0.613,0.758,0.811,0.540,0.752,0.024,0.520,0.546,0.553,0.787,0.559,0.819,0.571,0.533,0.784,0.749,0.565,0.527,0.659,0.775,0.659,0.752,0.553,0.743,0.625,0.625,0.648,0.486,0.619,0.781,0.619,0.675,0.781,0.507,0.625,0.778,0.608,0.625,0.755,0.559,0.759,0.571,0.000,0.559,0.740,0.613,0.565,0.675,0.613,0.507,0.778,0.755,0.755,0.775,0.565,0.822,0.608,0.565,0.787,0.664,0.631,0.546,0.565,0.507,0.816,0.781,0.669,0.819,0.559,0.559,0.743,0.659,0.602,0.816,0.507,0.507,0.819,0.500,0.625,0.619,0.546,0.472,0.520,0.619,0.625,0.746,0.669,0.000,0.012,0.613,0.743,0.565,0.743,0.648,0.778,0.740,0.486,0.696,0.546,0.653,0.024,0.553,0.514,0.648,0.659,0.775,0.758,0.507,0.520,0.746,0.659,0.811,0.619,0.680,0.527,0.514,0.808,0.792,0.781,0.565,0.514,0.789,0.798,0.546,0.553,0.565,0.559,0.479,0.778,0.797,0.746,0.781,0.759,0.012,0.800,0.813,0.625,0.659,0.669,0.675,0.486,0.781,0.759,0.571,0.743,0.602,0.653,0.520,0.553,0.775,0.750,0.758,0.778,0.631,0.533
7PNB_i_4_BGC;0.842,0.850,0.642,0.696,0.852,0.784,0.840,0.571,0.736,0.792,0.850,0.631,0.701,0.500,0.533,0.486,0.533,0.546,0.850,0.775,0.465,0.721,0.795,0.731,0.493,0.486,0.850,0.553,0.792,0.809,0.809,0.787,0.792,0.792,0.806,0.642,0.565,0.764,0.479,0.795,0.527,0.486,0.840,0.500,0.081,0.458,0.809,0.855,0.778,0.795,0.059,0.811,0.486,0.546,0.795,0.608,0.479,0.254,0.701,0.798,0.835,0.527,0.036,0.840,0.795,0.795,0.803,0.696,0.758,0.653,0.840,0.653,0.784,0.770,0.803,0.809,0.745,0.553,0.565,0.472,0.479,0.789,0.245,0.800,0.493,0.436,0.486,0.472,0.795,0.263,0.711,0.740,0.479,0.795,0.216,0.553,0.800,0.711,0.758,0.546,0.806,0.850,0.451,0.803,0.559,0.493,0.429,0.472,0.781,0.507,0.837,0.398,0.479,0.806,0.798,0.024,0.486,0.701,0.755,0.706,0.800,0.421,0.798,0.553,0.540,0.584,0.235,0.540,0.795,0.546,0.602,0.749,0.493,0.540,0.749,0.690,0.540,0.804,0.413,0.809,0.047,0.559,0.000,0.789,0.696,0.465,0.736,0.701,0.553,0.792,0.775,0.804,0.752,0.500,0.837,0.696,0.500,0.781,0.596,0.553,0.486,0.012,0.479,0.850,0.787,0.590,0.803,0.493,0.443,0.781,0.706,0.685,0.850,0.533,0.486,0.847,0.540,0.553,0.540,0.465,0.235,0.533,0.546,0.553,0.795,0.602,0.559,0.565,0.701,0.770,0.092,0.792,0.642,0.792,0.792,0.235,0.745,0.436,0.625,0.559,0.458,0.507,0.648,0.653,0.758,0.806,0.507,0.493,0.809,0.696,0.803,0.540,0.740,0.486,0.507,0.805,0.784,0.795,0.059,0.540,0.798,0.798,0.451,0.436,0.514,0.458,0.245,0.792,0.786,0.798,0.749,0.809,0.565,0.795,0.816,0.553,0.706,0.726,0.590,0.254,0.795,0.800,0.406,0.778,0.690,0.578,0.493,0.443,0.752,0.800,0.809,0.752,0.559,0.507
7PNB_u_2_NAG;0.727,0.751,0.822,0.798,0.755,0.616,0.732,0.798,0.842,0.556,0.751,0.822,0.814,0.740,0.755,0.737,0.758,0.809,0.749,0.634,0.755,0.842,0.644,0.842,0.752,0.746,0.751,0.814,0.626,0.624,0.626,0.496,0.636,0.558,0.667,0.819,0.740,0.514,0.740,0.633,0.728,0.740,0.729,0.755,0.795,0.755,0.879,0.755,0.626,0.634,0.792,0.723,0.737,0.809,0.493,0.811,0.740,0.775,0.792,0.616,0.723,0.755,0.792,0.729,0.639,0.634,0.725,0.814,0.634,0.819,0.725,0.819,0.490,0.511,0.711,0.879,0.847,0.755,0.740,0.743,0.743,0.647,0.773,0.109,0.737,0.749,0.737,0.749,0.711,0.775,0.806,0.845,0.740,0.556,0.770,0.743,0.872,0.800,0.499,0.809,0.629,0.749,0.743,0.634,0.743,0.740,0.749,0.746,0.626,0.755,0.725,0.775,0.737,0.659,0.099,0.792,0.740,0.798,0.639,0.792,0.621,0.773,0.074,0.809,0.811,0.800,0.770,0.814,0.558,0.814,0.811,0.634,0.731,0.811,0.644,0.806,0.809,0.877,0.775,0.879,0.795,0.740,0.789,0.000,0.814,0.746,0.842,0.811,0.749,0.553,0.511,0.874,0.649,0.758,0.723,0.811,0.758,0.626,0.806,0.814,0.749,0.792,0.734,0.753,0.619,0.809,0.729,0.749,0.773,0.496,0.800,0.809,0.749,0.755,0.731,0.734,0.752,0.809,0.814,0.755,0.764,0.758,0.811,0.811,0.109,0.809,0.740,0.740,0.814,0.514,0.792,0.053,0.819,0.550,0.084,0.770,0.850,0.775,0.817,0.743,0.740,0.737,0.822,0.819,0.634,0.629,0.731,0.737,0.624,0.798,0.716,0.809,0.845,0.740,0.737,0.720,0.624,0.564,0.792,0.758,0.654,0.642,0.770,0.775,0.755,0.752,0.767,0.553,0.685,0.114,0.642,0.877,0.740,0.709,0.720,0.806,0.798,0.840,0.811,0.770,0.561,0.877,0.773,0.124,0.811,0.800,0.740,0.767,0.642,0.872,0.632,0.629,0.817,0.740
7PNB_u_4_BGC;0.809,0.808,0.726,0.669,0.805,0.806,0.806,0.721,0.690,0.787,0.808,0.726,0.024,0.680,0.648,0.690,0.659,0.690,0.808,0.803,0.690,0.685,0.795,0.685,0.690,0.675,0.808,0.701,0.805,0.795,0.800,0.787,0.800,0.789,0.806,0.716,0.608,0.800,0.675,0.805,0.653,0.669,0.803,0.690,0.696,0.696,0.764,0.805,0.809,0.798,0.690,0.792,0.669,0.690,0.778,0.721,0.653,0.690,0.664,0.798,0.811,0.659,0.701,0.806,0.792,0.792,0.800,0.012,0.811,0.721,0.806,0.716,0.789,0.806,0.792,0.764,0.701,0.642,0.608,0.669,0.690,0.792,0.696,0.819,0.680,0.701,0.680,0.701,0.797,0.680,0.680,0.706,0.675,0.789,0.685,0.608,0.769,0.664,0.809,0.706,0.795,0.808,0.685,0.792,0.602,0.685,0.696,0.685,0.800,0.690,0.803,0.685,0.664,0.798,0.811,0.701,0.653,0.669,0.809,0.664,0.795,0.669,0.814,0.690,0.701,0.711,0.690,0.706,0.789,0.721,0.716,0.811,0.669,0.701,0.809,0.059,0.696,0.764,0.675,0.764,0.701,0.613,0.696,0.814,0.000,0.680,0.690,0.047,0.642,0.784,0.792,0.769,0.809,0.690,0.814,0.036,0.690,0.798,0.706,0.696,0.690,0.701,0.669,0.808,0.800,0.721,0.795,0.690,0.685,0.800,0.675,0.036,0.808,0.653,0.669,0.809,0.642,0.690,0.706,0.690,0.685,0.659,0.716,0.696,0.811,0.711,0.613,0.608,0.047,0.795,0.690,0.814,0.726,0.789,0.814,0.690,0.706,0.680,0.736,0.602,0.680,0.680,0.721,0.726,0.806,0.800,0.664,0.685,0.792,0.669,0.795,0.701,0.701,0.653,0.680,0.797,0.806,0.789,0.690,0.648,0.792,0.795,0.680,0.675,0.696,0.696,0.685,0.789,0.800,0.817,0.809,0.769,0.608,0.775,0.800,0.696,0.659,0.685,0.721,0.680,0.789,0.773,0.680,0.814,0.024,0.721,0.685,0.680,0.809,0.769,0.792,0.809,0.690,0.685
7PNB_i_6_MAN;0.817,0.837,0.642,0.631,0.842,0.781,0.817,0.578,0.721,0.781,0.834,0.636,0.685,0.333,0.443,0.235,0.458,0.648,0.840,0.770,0.125,0.711,0.792,0.721,0.443,0.254,0.834,0.596,0.789,0.795,0.789,0.749,0.789,0.781,0.795,0.648,0.571,0.743,0.358,0.792,0.390,0.254,0.814,0.451,0.486,0.146,0.773,0.842,0.784,0.787,0.479,0.811,0.342,0.648,0.764,0.602,0.254,0.465,0.625,0.798,0.811,0.436,0.486,0.814,0.795,0.789,0.800,0.680,0.778,0.648,0.814,0.653,0.752,0.743,0.800,0.773,0.726,0.465,0.571,0.245,0.421,0.784,0.458,0.755,0.342,0.125,0.333,0.290,0.795,0.472,0.648,0.721,0.366,0.784,0.443,0.559,0.764,0.636,0.743,0.590,0.798,0.837,0.059,0.792,0.565,0.325,0.125,0.226,0.781,0.443,0.811,0.299,0.245,0.787,0.755,0.479,0.254,0.625,0.775,0.631,0.795,0.308,0.755,0.648,0.590,0.571,0.458,0.596,0.784,0.596,0.602,0.764,0.366,0.590,0.770,0.675,0.642,0.769,0.325,0.773,0.486,0.565,0.465,0.746,0.680,0.000,0.716,0.685,0.451,0.781,0.749,0.769,0.767,0.443,0.814,0.680,0.443,0.784,0.596,0.642,0.436,0.472,0.333,0.834,0.784,0.596,0.809,0.436,0.342,0.752,0.642,0.669,0.840,0.443,0.350,0.822,0.443,0.648,0.596,0.136,0.458,0.458,0.590,0.648,0.752,0.602,0.565,0.571,0.685,0.746,0.479,0.749,0.642,0.775,0.749,0.458,0.736,0.374,0.631,0.565,0.047,0.333,0.631,0.653,0.778,0.798,0.358,0.333,0.795,0.631,0.803,0.590,0.726,0.254,0.333,0.803,0.784,0.784,0.472,0.451,0.787,0.784,0.350,0.350,0.451,0.059,0.465,0.775,0.792,0.752,0.767,0.773,0.571,0.786,0.808,0.653,0.631,0.716,0.596,0.472,0.784,0.764,0.308,0.740,0.675,0.584,0.325,0.342,0.773,0.764,0.798,0.758,0.648,0.325
7PNB_z_3_YZT;0.842,0.837,0.584,0.721,0.842,0.837,0.842,0.740,0.059,0.857,0.837,0.602,0.680,0.716,0.711,0.731,0.716,0.578,0.837,0.840,0.740,0.114,0.830,0.047,0.711,0.740,0.837,0.608,0.847,0.847,0.855,0.840,0.834,0.855,0.845,0.584,0.669,0.842,0.716,0.852,0.696,0.736,0.842,0.706,0.740,0.740,0.764,0.840,0.837,0.837,0.736,0.840,0.716,0.571,0.835,0.745,0.721,0.721,0.716,0.850,0.850,0.716,0.740,0.842,0.824,0.827,0.840,0.685,0.852,0.602,0.845,0.584,0.835,0.840,0.834,0.764,0.103,0.696,0.669,0.740,0.711,0.830,0.721,0.847,0.716,0.726,0.721,0.726,0.832,0.716,0.731,0.081,0.716,0.857,0.716,0.675,0.773,0.726,0.845,0.619,0.850,0.834,0.721,0.850,0.664,0.721,0.731,0.740,0.837,0.706,0.845,0.736,0.731,0.830,0.845,0.740,0.726,0.721,0.852,0.716,0.847,0.726,0.847,0.571,0.608,0.736,0.716,0.608,0.857,0.625,0.736,0.847,0.711,0.608,0.852,0.675,0.584,0.759,0.731,0.764,0.740,0.675,0.736,0.842,0.690,0.716,0.000,0.675,0.701,0.857,0.837,0.764,0.850,0.706,0.850,0.680,0.706,0.824,0.740,0.571,0.716,0.740,0.721,0.840,0.832,0.731,0.842,0.711,0.731,0.840,0.726,0.685,0.840,0.711,0.716,0.847,0.706,0.571,0.619,0.745,0.716,0.716,0.619,0.565,0.845,0.731,0.675,0.669,0.675,0.835,0.736,0.842,0.584,0.857,0.842,0.716,0.114,0.726,0.590,0.664,0.706,0.716,0.578,0.602,0.852,0.852,0.706,0.721,0.840,0.721,0.842,0.613,0.059,0.726,0.706,0.832,0.835,0.857,0.736,0.711,0.822,0.832,0.726,0.731,0.706,0.726,0.711,0.857,0.837,0.847,0.855,0.764,0.669,0.829,0.834,0.578,0.716,0.059,0.731,0.711,0.857,0.769,0.736,0.842,0.685,0.740,0.721,0.721,0.852,0.769,0.852,0.847,0.559,0.721
7PNB_k_4_BGC;0.803,0.805,0.731,0.653,0.803,0.806,0.800,0.731,0.675,0.792,0.805,0.731,0.047,0.680,0.648,0.690,0.669,0.701,0.805,0.806,0.696,0.685,0.798,0.669,0.685,0.675,0.805,0.706,0.808,0.789,0.798,0.784,0.803,0.795,0.814,0.721,0.608,0.800,0.675,0.811,0.648,0.669,0.798,0.685,0.701,0.701,0.769,0.803,0.811,0.803,0.696,0.789,0.669,0.701,0.773,0.731,0.653,0.696,0.642,0.795,0.806,0.659,0.706,0.800,0.795,0.795,0.800,0.059,0.817,0.726,0.806,0.721,0.789,0.806,0.789,0.769,0.685,0.636,0.608,0.669,0.690,0.795,0.701,0.814,0.680,0.706,0.680,0.701,0.800,0.685,0.664,0.690,0.675,0.795,0.690,0.608,0.778,0.648,0.809,0.711,0.792,0.805,0.690,0.789,0.602,0.685,0.701,0.685,0.803,0.685,0.803,0.690,0.664,0.800,0.806,0.706,0.653,0.653,0.809,0.642,0.792,0.669,0.811,0.701,0.706,0.721,0.696,0.711,0.795,0.726,0.726,0.817,0.669,0.706,0.809,0.036,0.706,0.769,0.680,0.769,0.706,0.613,0.701,0.811,0.047,0.685,0.675,0.000,0.642,0.789,0.792,0.773,0.809,0.685,0.809,0.036,0.685,0.800,0.716,0.706,0.690,0.706,0.669,0.805,0.800,0.731,0.789,0.685,0.685,0.798,0.659,0.059,0.805,0.653,0.669,0.803,0.642,0.701,0.711,0.696,0.690,0.669,0.721,0.706,0.806,0.721,0.613,0.608,0.024,0.795,0.696,0.809,0.731,0.795,0.811,0.696,0.690,0.680,0.740,0.602,0.685,0.680,0.726,0.731,0.811,0.798,0.664,0.685,0.789,0.653,0.792,0.706,0.685,0.653,0.675,0.795,0.806,0.795,0.696,0.659,0.795,0.798,0.680,0.675,0.690,0.701,0.690,0.795,0.803,0.811,0.809,0.773,0.608,0.778,0.797,0.706,0.642,0.675,0.731,0.685,0.795,0.778,0.685,0.811,0.047,0.731,0.685,0.680,0.809,0.778,0.789,0.814,0.701,0.685
7PNB_S_6_MAN;0.819,0.811,0.659,0.642,0.816,0.787,0.819,0.625,0.696,0.787,0.808,0.675,0.642,0.333,0.059,0.413,0.081,0.648,0.808,0.778,0.436,0.690,0.784,0.696,0.429,0.413,0.808,0.619,0.792,0.781,0.789,0.764,0.789,0.787,0.773,0.664,0.507,0.749,0.358,0.797,0.333,0.398,0.819,0.436,0.571,0.451,0.740,0.816,0.789,0.784,0.565,0.798,0.342,0.648,0.773,0.653,0.366,0.533,0.642,0.778,0.814,0.092,0.559,0.822,0.784,0.784,0.797,0.636,0.767,0.675,0.822,0.653,0.758,0.749,0.792,0.740,0.701,0.047,0.507,0.390,0.406,0.770,0.527,0.761,0.342,0.436,0.358,0.366,0.792,0.533,0.653,0.701,0.350,0.789,0.533,0.500,0.736,0.648,0.752,0.631,0.789,0.808,0.429,0.784,0.507,0.333,0.429,0.406,0.789,0.443,0.819,0.413,0.374,0.781,0.758,0.559,0.366,0.648,0.764,0.642,0.778,0.398,0.761,0.648,0.625,0.631,0.527,0.631,0.789,0.625,0.653,0.764,0.350,0.625,0.758,0.625,0.648,0.736,0.406,0.740,0.565,0.507,0.553,0.749,0.642,0.451,0.701,0.642,0.000,0.787,0.761,0.740,0.755,0.443,0.819,0.636,0.443,0.775,0.636,0.653,0.421,0.559,0.350,0.811,0.789,0.653,0.798,0.421,0.421,0.761,0.648,0.625,0.811,0.070,0.333,0.827,0.070,0.648,0.631,0.443,0.527,0.081,0.648,0.653,0.758,0.648,0.507,0.507,0.642,0.749,0.565,0.752,0.648,0.781,0.752,0.527,0.716,0.406,0.648,0.507,0.436,0.342,0.659,0.669,0.764,0.787,0.350,0.325,0.778,0.642,0.798,0.625,0.706,0.366,0.342,0.795,0.787,0.789,0.565,0.081,0.778,0.775,0.398,0.413,0.451,0.443,0.520,0.781,0.758,0.755,0.758,0.745,0.507,0.786,0.797,0.653,0.642,0.690,0.653,0.527,0.789,0.736,0.406,0.749,0.631,0.625,0.350,0.398,0.758,0.736,0.787,0.758,0.653,0.342
7PNB_S_2_NAG;0.736,0.774,0.814,0.803,0.774,0.654,0.743,0.830,0.860,0.016,0.774,0.814,0.787,0.789,0.784,0.775,0.784,0.795,0.774,0.652,0.778,0.852,0.676,0.857,0.789,0.778,0.774,0.817,0.649,0.662,0.662,0.471,0.661,0.043,0.679,0.817,0.778,0.520,0.781,0.656,0.775,0.778,0.738,0.792,0.789,0.778,0.867,0.778,0.654,0.662,0.787,0.725,0.778,0.795,0.474,0.832,0.775,0.795,0.803,0.667,0.734,0.784,0.792,0.738,0.676,0.672,0.709,0.784,0.642,0.817,0.734,0.814,0.502,0.502,0.718,0.867,0.865,0.784,0.778,0.778,0.789,0.659,0.792,0.575,0.787,0.781,0.778,0.789,0.709,0.792,0.806,0.865,0.784,0.022,0.787,0.778,0.865,0.803,0.493,0.817,0.672,0.774,0.778,0.667,0.778,0.789,0.784,0.784,0.647,0.792,0.736,0.778,0.778,0.681,0.567,0.792,0.775,0.803,0.657,0.800,0.664,0.778,0.567,0.795,0.814,0.827,0.789,0.814,0.016,0.817,0.835,0.654,0.775,0.814,0.659,0.787,0.795,0.870,0.778,0.867,0.792,0.778,0.792,0.553,0.784,0.781,0.857,0.789,0.787,0.000,0.499,0.867,0.659,0.792,0.732,0.784,0.792,0.647,0.830,0.792,0.787,0.795,0.775,0.774,0.654,0.835,0.723,0.792,0.775,0.486,0.803,0.784,0.774,0.784,0.775,0.740,0.781,0.795,0.814,0.778,0.787,0.784,0.817,0.795,0.575,0.835,0.778,0.778,0.787,0.523,0.787,0.550,0.811,0.053,0.561,0.789,0.865,0.775,0.809,0.778,0.778,0.787,0.814,0.817,0.652,0.669,0.775,0.789,0.679,0.803,0.723,0.811,0.865,0.775,0.792,0.718,0.657,0.027,0.789,0.784,0.688,0.659,0.773,0.775,0.795,0.781,0.789,0.064,0.692,0.578,0.659,0.865,0.778,0.713,0.718,0.795,0.803,0.855,0.837,0.792,0.027,0.870,0.781,0.564,0.781,0.830,0.787,0.773,0.662,0.865,0.667,0.652,0.795,0.784
7PNB_n_2_NAG;0.721,0.774,0.822,0.806,0.776,0.644,0.734,0.814,0.840,0.499,0.772,0.824,0.795,0.758,0.758,0.749,0.761,0.806,0.772,0.657,0.749,0.837,0.679,0.840,0.758,0.758,0.772,0.809,0.661,0.637,0.632,0.143,0.661,0.496,0.662,0.819,0.758,0.104,0.755,0.659,0.746,0.755,0.729,0.761,0.789,0.758,0.870,0.776,0.664,0.667,0.784,0.700,0.755,0.806,0.166,0.824,0.749,0.767,0.806,0.639,0.723,0.758,0.778,0.732,0.679,0.684,0.690,0.795,0.662,0.822,0.729,0.822,0.143,0.089,0.685,0.870,0.842,0.761,0.758,0.758,0.752,0.672,0.764,0.505,0.752,0.752,0.752,0.755,0.681,0.764,0.811,0.840,0.758,0.502,0.764,0.761,0.867,0.814,0.189,0.800,0.642,0.772,0.749,0.639,0.758,0.758,0.752,0.755,0.654,0.761,0.729,0.755,0.752,0.672,0.490,0.778,0.752,0.806,0.669,0.809,0.634,0.755,0.511,0.806,0.806,0.819,0.767,0.803,0.505,0.803,0.822,0.649,0.749,0.806,0.669,0.789,0.806,0.867,0.755,0.870,0.784,0.755,0.775,0.511,0.792,0.749,0.837,0.792,0.761,0.499,0.000,0.870,0.664,0.761,0.718,0.789,0.761,0.657,0.819,0.809,0.755,0.778,0.752,0.776,0.647,0.817,0.698,0.758,0.755,0.143,0.809,0.792,0.770,0.755,0.752,0.738,0.758,0.806,0.803,0.755,0.761,0.761,0.800,0.806,0.493,0.819,0.755,0.758,0.792,0.089,0.792,0.496,0.819,0.493,0.508,0.767,0.845,0.758,0.814,0.758,0.746,0.755,0.819,0.824,0.674,0.634,0.746,0.755,0.647,0.806,0.695,0.803,0.842,0.752,0.755,0.683,0.634,0.505,0.787,0.755,0.691,0.664,0.758,0.761,0.764,0.755,0.764,0.483,0.702,0.499,0.669,0.872,0.758,0.685,0.688,0.809,0.811,0.837,0.819,0.767,0.499,0.872,0.755,0.493,0.789,0.814,0.755,0.755,0.672,0.867,0.644,0.654,0.811,0.755
7PNB_U_3_YZT;0.865,0.850,0.764,0.740,0.852,0.872,0.862,0.813,0.764,0.867,0.845,0.764,0.773,0.764,0.750,0.764,0.750,0.736,0.847,0.874,0.759,0.759,0.860,0.759,0.764,0.764,0.845,0.711,0.877,0.867,0.870,0.870,0.874,0.865,0.865,0.759,0.750,0.872,0.764,0.888,0.750,0.759,0.860,0.769,0.804,0.769,0.047,0.852,0.872,0.857,0.800,0.893,0.759,0.736,0.872,0.813,0.750,0.773,0.745,0.865,0.860,0.750,0.809,0.860,0.862,0.860,0.886,0.773,0.865,0.764,0.862,0.759,0.867,0.872,0.886,0.047,0.764,0.736,0.750,0.764,0.769,0.860,0.778,0.877,0.755,0.764,0.764,0.769,0.888,0.764,0.750,0.769,0.764,0.867,0.782,0.750,0.036,0.740,0.870,0.726,0.870,0.847,0.764,0.867,0.750,0.769,0.764,0.769,0.882,0.769,0.857,0.745,0.755,0.850,0.877,0.809,0.755,0.740,0.865,0.745,0.870,0.731,0.874,0.731,0.726,0.813,0.778,0.721,0.867,0.716,0.817,0.865,0.759,0.721,0.865,0.773,0.740,0.024,0.740,0.047,0.809,0.755,0.804,0.874,0.769,0.769,0.764,0.773,0.740,0.867,0.870,0.000,0.865,0.769,0.862,0.769,0.769,0.855,0.817,0.745,0.769,0.809,0.764,0.850,0.872,0.821,0.896,0.764,0.736,0.870,0.745,0.773,0.847,0.750,0.759,0.867,0.745,0.731,0.721,0.759,0.778,0.750,0.726,0.740,0.874,0.813,0.755,0.750,0.769,0.862,0.804,0.874,0.759,0.865,0.872,0.778,0.773,0.740,0.745,0.750,0.769,0.764,0.764,0.764,0.867,0.870,0.755,0.764,0.865,0.740,0.893,0.716,0.769,0.755,0.755,0.888,0.874,0.867,0.800,0.750,0.857,0.857,0.736,0.731,0.769,0.769,0.773,0.865,0.852,0.874,0.865,0.024,0.750,0.886,0.888,0.740,0.740,0.755,0.821,0.769,0.867,0.024,0.745,0.870,0.769,0.813,0.759,0.736,0.865,0.024,0.870,0.862,0.736,0.759
7PNB_n_1_NAG;0.721,0.782,0.798,0.824,0.780,0.634,0.729,0.792,0.852,0.662,0.778,0.809,0.814,0.758,0.752,0.770,0.758,0.806,0.780,0.616,0.767,0.840,0.573,0.847,0.752,0.770,0.778,0.806,0.626,0.669,0.679,0.676,0.646,0.667,0.567,0.795,0.773,0.667,0.761,0.602,0.761,0.767,0.718,0.755,0.755,0.764,0.870,0.780,0.624,0.553,0.755,0.674,0.758,0.806,0.676,0.803,0.761,0.767,0.822,0.664,0.723,0.755,0.755,0.723,0.578,0.567,0.683,0.811,0.207,0.800,0.721,0.800,0.669,0.659,0.666,0.870,0.857,0.755,0.773,0.767,0.749,0.550,0.764,0.664,0.758,0.761,0.764,0.749,0.664,0.770,0.830,0.855,0.761,0.667,0.758,0.770,0.862,0.827,0.654,0.806,0.676,0.780,0.764,0.669,0.773,0.755,0.758,0.764,0.597,0.758,0.721,0.752,0.764,0.589,0.657,0.755,0.764,0.827,0.119,0.819,0.667,0.755,0.662,0.806,0.806,0.798,0.761,0.803,0.664,0.800,0.803,0.246,0.761,0.806,0.104,0.809,0.803,0.867,0.758,0.870,0.755,0.775,0.752,0.649,0.809,0.767,0.850,0.809,0.755,0.659,0.664,0.865,0.000,0.755,0.718,0.806,0.755,0.564,0.803,0.803,0.749,0.752,0.755,0.778,0.624,0.792,0.679,0.755,0.764,0.662,0.827,0.809,0.776,0.755,0.758,0.729,0.749,0.806,0.803,0.761,0.758,0.758,0.809,0.806,0.667,0.800,0.775,0.773,0.809,0.662,0.752,0.644,0.798,0.662,0.662,0.761,0.852,0.764,0.798,0.773,0.761,0.761,0.803,0.798,0.185,0.676,0.764,0.755,0.669,0.824,0.664,0.806,0.855,0.764,0.767,0.688,0.632,0.669,0.752,0.758,0.589,0.556,0.761,0.764,0.758,0.761,0.761,0.659,0.668,0.669,0.099,0.867,0.773,0.681,0.690,0.806,0.824,0.845,0.798,0.764,0.669,0.862,0.761,0.649,0.803,0.792,0.755,0.764,0.109,0.862,0.669,0.216,0.806,0.758
7PNB_S_5_MAN;0.811,0.792,0.659,0.613,0.795,0.778,0.817,0.664,0.711,0.792,0.792,0.659,0.701,0.342,0.458,0.443,0.458,0.631,0.792,0.778,0.443,0.690,0.789,0.706,0.024,0.451,0.792,0.636,0.789,0.787,0.789,0.767,0.789,0.792,0.792,0.648,0.565,0.755,0.443,0.786,0.436,0.451,0.814,0.012,0.520,0.451,0.778,0.792,0.784,0.784,0.514,0.778,0.436,0.631,0.764,0.675,0.421,0.546,0.602,0.795,0.809,0.451,0.520,0.814,0.787,0.789,0.781,0.696,0.764,0.653,0.817,0.659,0.755,0.752,0.775,0.778,0.716,0.436,0.565,0.443,0.059,0.773,0.540,0.770,0.333,0.436,0.443,0.358,0.778,0.546,0.619,0.711,0.451,0.795,0.527,0.565,0.773,0.608,0.755,0.642,0.798,0.792,0.421,0.789,0.559,0.350,0.421,0.436,0.778,0.024,0.814,0.413,0.429,0.781,0.764,0.514,0.421,0.608,0.758,0.602,0.792,0.358,0.764,0.636,0.642,0.664,0.540,0.642,0.795,0.631,0.685,0.764,0.451,0.642,0.764,0.685,0.636,0.773,0.374,0.778,0.514,0.565,0.500,0.758,0.690,0.443,0.706,0.685,0.443,0.792,0.761,0.769,0.755,0.000,0.809,0.696,0.000,0.781,0.685,0.619,0.036,0.507,0.429,0.789,0.787,0.675,0.781,0.036,0.390,0.764,0.613,0.690,0.792,0.458,0.443,0.819,0.458,0.636,0.642,0.451,0.527,0.458,0.642,0.625,0.761,0.675,0.565,0.565,0.696,0.752,0.514,0.761,0.659,0.792,0.758,0.540,0.711,0.390,0.636,0.559,0.421,0.350,0.659,0.664,0.761,0.795,0.436,0.350,0.787,0.613,0.784,0.642,0.716,0.421,0.333,0.772,0.789,0.795,0.507,0.465,0.789,0.784,0.374,0.390,0.036,0.429,0.533,0.792,0.805,0.767,0.761,0.773,0.565,0.763,0.775,0.636,0.602,0.701,0.675,0.540,0.795,0.764,0.390,0.749,0.690,0.669,0.350,0.374,0.755,0.773,0.798,0.770,0.613,0.366
7PNB_t_1_NAG;0.043,0.725,0.855,0.798,0.725,0.736,0.124,0.847,0.855,0.736,0.722,0.855,0.809,0.814,0.822,0.817,0.824,0.832,0.722,0.745,0.811,0.855,0.740,0.855,0.811,0.827,0.722,0.850,0.740,0.721,0.732,0.732,0.740,0.732,0.743,0.850,0.822,0.729,0.809,0.729,0.803,0.822,0.079,0.809,0.840,0.819,0.862,0.725,0.753,0.716,0.837,0.758,0.806,0.832,0.725,0.850,0.817,0.835,0.798,0.721,0.064,0.822,0.840,0.094,0.740,0.736,0.747,0.811,0.718,0.852,0.089,0.852,0.734,0.725,0.744,0.862,0.855,0.817,0.822,0.824,0.814,0.734,0.832,0.716,0.809,0.817,0.806,0.819,0.744,0.832,0.798,0.852,0.809,0.736,0.832,0.822,0.865,0.800,0.725,0.850,0.725,0.722,0.809,0.725,0.822,0.817,0.811,0.827,0.734,0.809,0.099,0.822,0.819,0.738,0.714,0.842,0.819,0.800,0.718,0.798,0.725,0.811,0.721,0.830,0.850,0.845,0.835,0.847,0.736,0.850,0.852,0.716,0.806,0.850,0.716,0.811,0.835,0.865,0.817,0.862,0.840,0.822,0.837,0.723,0.814,0.814,0.850,0.809,0.819,0.732,0.718,0.862,0.718,0.809,0.000,0.809,0.809,0.721,0.852,0.835,0.814,0.840,0.803,0.725,0.740,0.852,0.760,0.811,0.814,0.734,0.798,0.811,0.722,0.822,0.806,0.119,0.817,0.830,0.847,0.814,0.830,0.824,0.850,0.835,0.712,0.850,0.822,0.822,0.806,0.718,0.840,0.712,0.852,0.740,0.718,0.835,0.850,0.814,0.852,0.822,0.809,0.811,0.857,0.857,0.727,0.727,0.798,0.814,0.732,0.798,0.738,0.850,0.855,0.819,0.806,0.751,0.743,0.736,0.835,0.822,0.743,0.721,0.817,0.817,0.809,0.814,0.832,0.736,0.751,0.714,0.723,0.860,0.822,0.753,0.757,0.835,0.798,0.855,0.852,0.835,0.734,0.865,0.819,0.716,0.811,0.850,0.811,0.811,0.723,0.865,0.727,0.721,0.832,0.811
7PNB_f_4_BGC;0.803,0.808,0.731,0.659,0.805,0.803,0.800,0.726,0.680,0.787,0.808,0.736,0.036,0.680,0.642,0.690,0.664,0.696,0.808,0.806,0.690,0.685,0.798,0.675,0.696,0.675,0.808,0.706,0.805,0.789,0.795,0.781,0.800,0.789,0.809,0.721,0.602,0.798,0.675,0.811,0.653,0.669,0.798,0.696,0.696,0.696,0.764,0.805,0.809,0.800,0.690,0.792,0.669,0.696,0.773,0.731,0.653,0.690,0.653,0.792,0.806,0.653,0.701,0.800,0.795,0.795,0.797,0.047,0.817,0.726,0.800,0.721,0.787,0.803,0.789,0.764,0.690,0.636,0.602,0.669,0.690,0.795,0.696,0.814,0.680,0.701,0.680,0.701,0.797,0.680,0.669,0.696,0.675,0.789,0.685,0.602,0.769,0.653,0.806,0.711,0.789,0.808,0.685,0.787,0.596,0.685,0.696,0.685,0.800,0.696,0.798,0.685,0.664,0.803,0.806,0.701,0.653,0.659,0.809,0.653,0.789,0.675,0.811,0.696,0.706,0.716,0.690,0.711,0.789,0.726,0.721,0.814,0.669,0.706,0.806,0.047,0.701,0.764,0.680,0.764,0.701,0.608,0.696,0.811,0.036,0.680,0.680,0.036,0.636,0.784,0.789,0.769,0.806,0.696,0.809,0.000,0.696,0.800,0.711,0.701,0.696,0.701,0.669,0.808,0.798,0.726,0.792,0.696,0.690,0.795,0.664,0.047,0.808,0.648,0.669,0.803,0.636,0.696,0.711,0.690,0.685,0.664,0.721,0.701,0.806,0.716,0.608,0.602,0.012,0.792,0.690,0.809,0.726,0.789,0.811,0.690,0.696,0.685,0.736,0.596,0.680,0.680,0.726,0.731,0.809,0.795,0.664,0.685,0.787,0.659,0.792,0.706,0.690,0.653,0.680,0.795,0.803,0.789,0.690,0.653,0.795,0.798,0.685,0.680,0.701,0.696,0.685,0.789,0.795,0.811,0.806,0.769,0.602,0.775,0.800,0.701,0.648,0.675,0.726,0.680,0.789,0.773,0.685,0.811,0.012,0.726,0.685,0.685,0.809,0.769,0.787,0.811,0.696,0.685
7PNB_X_5_MAN;0.811,0.792,0.659,0.613,0.795,0.778,0.817,0.664,0.711,0.792,0.792,0.659,0.701,0.342,0.458,0.443,0.458,0.631,0.792,0.778,0.443,0.690,0.789,0.706,0.024,0.451,0.792,0.636,0.789,0.787,0.789,0.767,0.789,0.792,0.792,0.648,0.565,0.755,0.443,0.786,0.436,0.451,0.814,0.012,0.520,0.451,0.778,0.792,0.784,0.784,0.514,0.778,0.436,0.631,0.764,0.675,0.421,0.546,0.602,0.795,0.809,0.451,0.520,0.814,0.787,0.789,0.781,0.696,0.764,0.653,0.817,0.659,0.755,0.752,0.775,0.778,0.716,0.436,0.565,0.443,0.059,0.773,0.540,0.770,0.333,0.436,0.443,0.358,0.778,0.546,0.619,0.711,0.451,0.795,0.527,0.565,0.773,0.608,0.755,0.642,0.798,0.792,0.421,0.789,0.559,0.350,0.421,0.436,0.778,0.024,0.814,0.413,0.429,0.781,0.764,0.514,0.421,0.608,0.758,0.602,0.792,0.358,0.764,0.636,0.642,0.664,0.540,0.642,0.795,0.631,0.685,0.764,0.451,0.642,0.764,0.685,0.636,0.773,0.374,0.778,0.514,0.565,0.500,0.758,0.690,0.443,0.706,0.685,0.443,0.792,0.761,0.769,0.755,0.000,0.809,0.696,0.000,0.781,0.685,0.619,0.036,0.507,0.429,0.789,0.787,0.675,0.781,0.036,0.390,0.764,0.613,0.690,0.792,0.458,0.443,0.819,0.458,0.636,0.642,0.451,0.527,0.458,0.642,0.625,0.761,0.675,0.565,0.565,0.696,0.752,0.514,0.761,0.659,0.792,0.758,0.540,0.711,0.390,0.636,0.559,0.421,0.350,0.659,0.664,0.761,0.795,0.436,0.350,0.787,0.613,0.784,0.642,0.716,0.421,0.333,0.772,0.789,0.795,0.507,0.465,0.789,0.784,0.374,0.390,0.036,0.429,0.533,0.792,0.805,0.767,0.761,0.773,0.565,0.763,0.775,0.636,0.602,0.701,0.675,0.540,0.795,0.764,0.390,0.749,0.690,0.669,0.350,0.374,0.755,0.773,0.798,0.770,0.613,0.366
7PNB_1_1_NAG;0.716,0.761,0.824,0.792,0.764,0.657,0.727,0.798,0.827,0.652,0.764,0.822,0.798,0.784,0.775,0.784,0.770,0.809,0.761,0.659,0.792,0.824,0.143,0.822,0.781,0.795,0.764,0.814,0.656,0.649,0.659,0.659,0.668,0.649,0.600,0.822,0.784,0.662,0.778,0.676,0.775,0.789,0.723,0.781,0.787,0.792,0.857,0.761,0.647,0.211,0.784,0.698,0.775,0.809,0.652,0.806,0.784,0.784,0.787,0.639,0.725,0.773,0.787,0.727,0.148,0.119,0.692,0.795,0.505,0.824,0.723,0.819,0.657,0.659,0.685,0.857,0.832,0.773,0.784,0.792,0.778,0.275,0.784,0.629,0.784,0.789,0.784,0.792,0.690,0.784,0.795,0.830,0.778,0.652,0.781,0.784,0.855,0.789,0.662,0.811,0.647,0.761,0.781,0.644,0.784,0.784,0.789,0.795,0.657,0.784,0.725,0.792,0.787,0.295,0.634,0.784,0.789,0.789,0.547,0.784,0.634,0.795,0.621,0.809,0.814,0.798,0.781,0.809,0.649,0.811,0.803,0.526,0.775,0.814,0.547,0.800,0.809,0.857,0.792,0.857,0.787,0.787,0.781,0.626,0.798,0.784,0.824,0.800,0.775,0.647,0.657,0.855,0.564,0.781,0.721,0.800,0.781,0.000,0.806,0.806,0.781,0.784,0.775,0.764,0.657,0.798,0.698,0.781,0.795,0.657,0.795,0.795,0.761,0.773,0.775,0.734,0.770,0.809,0.809,0.787,0.778,0.770,0.809,0.809,0.632,0.798,0.787,0.784,0.800,0.649,0.784,0.629,0.819,0.654,0.624,0.781,0.832,0.795,0.822,0.784,0.781,0.787,0.824,0.824,0.532,0.649,0.778,0.784,0.659,0.792,0.667,0.814,0.830,0.789,0.784,0.685,0.657,0.652,0.784,0.770,0.202,0.202,0.792,0.795,0.787,0.784,0.778,0.649,0.718,0.637,0.561,0.855,0.784,0.671,0.692,0.811,0.784,0.824,0.803,0.778,0.654,0.857,0.792,0.637,0.798,0.798,0.784,0.795,0.558,0.855,0.639,0.505,0.806,0.789
7PNB_V_5_MAN;0.850,0.837,0.731,0.745,0.837,0.798,0.850,0.197,0.726,0.827,0.834,0.721,0.711,0.636,0.636,0.625,0.636,0.721,0.840,0.803,0.625,0.731,0.806,0.731,0.680,0.613,0.834,0.701,0.811,0.814,0.814,0.811,0.805,0.827,0.809,0.731,0.664,0.814,0.625,0.827,0.636,0.608,0.850,0.685,0.619,0.625,0.813,0.837,0.795,0.809,0.613,0.789,0.619,0.721,0.819,0.092,0.613,0.608,0.740,0.806,0.852,0.642,0.596,0.850,0.803,0.811,0.786,0.711,0.809,0.736,0.847,0.736,0.809,0.814,0.783,0.813,0.726,0.653,0.664,0.608,0.664,0.811,0.608,0.809,0.642,0.608,0.619,0.619,0.775,0.602,0.759,0.731,0.631,0.832,0.596,0.659,0.813,0.750,0.811,0.711,0.806,0.837,0.602,0.806,0.659,0.631,0.613,0.613,0.811,0.685,0.847,0.625,0.602,0.824,0.806,0.602,0.619,0.745,0.809,0.740,0.803,0.636,0.809,0.716,0.696,0.156,0.602,0.711,0.830,0.721,0.070,0.795,0.619,0.696,0.803,0.716,0.716,0.813,0.642,0.813,0.613,0.664,0.596,0.806,0.706,0.596,0.740,0.716,0.636,0.830,0.819,0.817,0.803,0.685,0.852,0.711,0.685,0.806,0.000,0.721,0.675,0.602,0.619,0.834,0.800,0.114,0.789,0.675,0.653,0.809,0.755,0.711,0.837,0.636,0.613,0.852,0.636,0.716,0.711,0.619,0.602,0.636,0.711,0.721,0.806,0.092,0.664,0.664,0.716,0.819,0.613,0.803,0.726,0.827,0.806,0.602,0.745,0.648,0.740,0.659,0.596,0.636,0.726,0.736,0.803,0.809,0.631,0.625,0.803,0.745,0.787,0.696,0.731,0.619,0.636,0.781,0.798,0.830,0.613,0.631,0.800,0.811,0.648,0.642,0.685,0.608,0.602,0.827,0.795,0.811,0.803,0.817,0.664,0.766,0.792,0.726,0.740,0.726,0.103,0.602,0.832,0.817,0.631,0.803,0.711,0.207,0.636,0.642,0.806,0.813,0.806,0.800,0.726,0.625
7PNB_1_3_YZT;0.840,0.865,0.436,0.721,0.869,0.803,0.840,0.716,0.571,0.792,0.867,0.406,0.696,0.613,0.659,0.659,0.659,0.059,0.865,0.792,0.631,0.559,0.817,0.565,0.613,0.659,0.867,0.358,0.803,0.835,0.840,0.806,0.811,0.792,0.817,0.421,0.636,0.814,0.664,0.811,0.659,0.659,0.835,0.619,0.565,0.642,0.745,0.869,0.792,0.817,0.559,0.832,0.659,0.047,0.803,0.726,0.642,0.590,0.721,0.830,0.835,0.659,0.559,0.837,0.817,0.817,0.821,0.690,0.803,0.429,0.837,0.413,0.806,0.814,0.827,0.740,0.578,0.653,0.636,0.659,0.602,0.817,0.584,0.824,0.608,0.642,0.664,0.625,0.824,0.584,0.731,0.578,0.664,0.795,0.565,0.636,0.731,0.731,0.809,0.374,0.837,0.865,0.625,0.832,0.631,0.613,0.642,0.659,0.789,0.619,0.835,0.625,0.653,0.817,0.822,0.559,0.642,0.726,0.803,0.721,0.835,0.625,0.822,0.059,0.350,0.716,0.578,0.333,0.795,0.342,0.731,0.800,0.659,0.358,0.803,0.690,0.059,0.745,0.625,0.745,0.565,0.631,0.553,0.814,0.696,0.642,0.571,0.706,0.653,0.792,0.809,0.745,0.803,0.619,0.835,0.701,0.619,0.806,0.721,0.000,0.608,0.559,0.653,0.867,0.803,0.736,0.830,0.613,0.625,0.803,0.726,0.690,0.867,0.659,0.659,0.840,0.653,0.059,0.358,0.636,0.565,0.659,0.366,0.024,0.819,0.726,0.631,0.636,0.706,0.811,0.559,0.817,0.413,0.795,0.817,0.578,0.571,0.625,0.406,0.631,0.631,0.613,0.443,0.443,0.803,0.840,0.659,0.619,0.832,0.721,0.835,0.366,0.578,0.642,0.619,0.824,0.800,0.795,0.559,0.659,0.819,0.819,0.625,0.631,0.625,0.631,0.571,0.795,0.819,0.822,0.809,0.745,0.636,0.816,0.832,0.059,0.721,0.559,0.736,0.578,0.795,0.750,0.625,0.811,0.696,0.716,0.608,0.625,0.806,0.740,0.837,0.803,0.024,0.613
7PNB_h_5_MAN;0.817,0.797,0.648,0.619,0.800,0.773,0.819,0.659,0.716,0.787,0.797,0.648,0.701,0.333,0.436,0.436,0.436,0.619,0.797,0.773,0.436,0.696,0.789,0.711,0.012,0.443,0.797,0.625,0.783,0.789,0.789,0.761,0.783,0.787,0.787,0.636,0.546,0.749,0.436,0.781,0.421,0.443,0.817,0.024,0.507,0.443,0.778,0.797,0.778,0.784,0.500,0.778,0.429,0.619,0.764,0.669,0.413,0.527,0.608,0.795,0.811,0.429,0.507,0.817,0.787,0.789,0.781,0.696,0.758,0.642,0.817,0.648,0.752,0.746,0.775,0.778,0.721,0.421,0.546,0.436,0.024,0.773,0.520,0.761,0.325,0.429,0.436,0.350,0.778,0.527,0.631,0.716,0.429,0.789,0.514,0.546,0.764,0.613,0.749,0.631,0.798,0.797,0.413,0.789,0.546,0.342,0.413,0.429,0.773,0.036,0.814,0.406,0.421,0.781,0.755,0.500,0.413,0.613,0.752,0.608,0.792,0.358,0.755,0.625,0.631,0.659,0.520,0.631,0.789,0.619,0.680,0.758,0.429,0.631,0.758,0.685,0.625,0.773,0.366,0.778,0.500,0.546,0.486,0.749,0.690,0.436,0.716,0.690,0.421,0.787,0.755,0.769,0.749,0.036,0.814,0.696,0.036,0.781,0.675,0.608,0.000,0.493,0.421,0.795,0.781,0.669,0.781,0.024,0.390,0.758,0.625,0.690,0.797,0.436,0.421,0.824,0.436,0.625,0.631,0.443,0.507,0.436,0.631,0.613,0.752,0.669,0.546,0.546,0.701,0.749,0.500,0.752,0.648,0.787,0.749,0.520,0.721,0.390,0.625,0.546,0.413,0.342,0.648,0.653,0.755,0.795,0.429,0.342,0.787,0.619,0.784,0.631,0.721,0.413,0.342,0.772,0.784,0.789,0.493,0.443,0.789,0.784,0.374,0.390,0.047,0.421,0.514,0.787,0.800,0.758,0.755,0.773,0.546,0.763,0.775,0.625,0.608,0.706,0.669,0.520,0.789,0.764,0.382,0.740,0.690,0.664,0.342,0.374,0.749,0.764,0.798,0.764,0.608,0.358
7PNB_T_4_BGC;0.845,0.852,0.648,0.701,0.855,0.787,0.842,0.578,0.740,0.795,0.852,0.636,0.706,0.507,0.540,0.479,0.540,0.553,0.852,0.778,0.458,0.726,0.798,0.736,0.500,0.479,0.852,0.559,0.795,0.811,0.811,0.789,0.795,0.795,0.809,0.648,0.571,0.767,0.486,0.797,0.533,0.479,0.842,0.507,0.070,0.465,0.813,0.857,0.781,0.798,0.070,0.814,0.493,0.553,0.798,0.613,0.486,0.263,0.706,0.800,0.837,0.533,0.024,0.842,0.798,0.798,0.805,0.701,0.758,0.659,0.842,0.659,0.787,0.773,0.805,0.813,0.750,0.559,0.571,0.479,0.486,0.792,0.254,0.803,0.500,0.443,0.493,0.479,0.797,0.272,0.716,0.745,0.486,0.798,0.226,0.559,0.804,0.716,0.761,0.553,0.809,0.852,0.458,0.806,0.565,0.500,0.436,0.465,0.784,0.514,0.840,0.406,0.486,0.809,0.800,0.012,0.493,0.706,0.755,0.711,0.803,0.429,0.800,0.559,0.546,0.590,0.245,0.546,0.798,0.553,0.608,0.749,0.500,0.546,0.749,0.696,0.546,0.809,0.421,0.813,0.036,0.565,0.012,0.792,0.701,0.472,0.740,0.706,0.559,0.795,0.778,0.809,0.752,0.507,0.840,0.701,0.507,0.784,0.602,0.559,0.493,0.000,0.486,0.852,0.789,0.596,0.806,0.500,0.451,0.784,0.711,0.690,0.852,0.540,0.493,0.850,0.546,0.559,0.546,0.458,0.245,0.540,0.553,0.559,0.798,0.608,0.565,0.571,0.706,0.773,0.081,0.795,0.648,0.795,0.795,0.245,0.750,0.443,0.631,0.565,0.465,0.514,0.653,0.659,0.758,0.809,0.514,0.500,0.811,0.701,0.806,0.546,0.745,0.493,0.514,0.808,0.787,0.798,0.070,0.546,0.800,0.800,0.458,0.443,0.520,0.451,0.254,0.795,0.786,0.800,0.749,0.813,0.571,0.797,0.819,0.559,0.711,0.731,0.596,0.263,0.798,0.804,0.413,0.781,0.696,0.584,0.500,0.451,0.752,0.804,0.811,0.752,0.565,0.514
7PNB_f_6_MAN;0.803,0.816,0.642,0.642,0.819,0.778,0.809,0.590,0.721,0.775,0.811,0.653,0.680,0.308,0.350,0.272,0.358,0.642,0.813,0.770,0.342,0.711,0.784,0.721,0.429,0.263,0.811,0.608,0.783,0.773,0.778,0.755,0.783,0.775,0.781,0.648,0.507,0.743,0.047,0.795,0.114,0.245,0.803,0.436,0.493,0.308,0.773,0.821,0.787,0.778,0.486,0.811,0.012,0.642,0.761,0.631,0.207,0.472,0.648,0.767,0.800,0.350,0.493,0.806,0.787,0.781,0.805,0.675,0.767,0.653,0.806,0.648,0.752,0.743,0.800,0.773,0.726,0.374,0.507,0.235,0.406,0.770,0.465,0.749,0.308,0.299,0.059,0.316,0.795,0.472,0.659,0.726,0.047,0.778,0.451,0.500,0.759,0.659,0.740,0.619,0.775,0.813,0.308,0.770,0.500,0.299,0.290,0.254,0.789,0.436,0.803,0.382,0.216,0.784,0.743,0.486,0.207,0.648,0.764,0.653,0.770,0.390,0.746,0.642,0.608,0.596,0.465,0.619,0.778,0.613,0.625,0.758,0.059,0.608,0.758,0.664,0.636,0.769,0.390,0.773,0.486,0.507,0.479,0.734,0.669,0.333,0.721,0.669,0.350,0.775,0.752,0.764,0.755,0.429,0.803,0.669,0.429,0.775,0.619,0.653,0.421,0.486,0.000,0.813,0.781,0.619,0.809,0.421,0.406,0.755,0.653,0.664,0.813,0.350,0.036,0.811,0.342,0.642,0.619,0.325,0.451,0.358,0.631,0.648,0.743,0.613,0.507,0.507,0.675,0.743,0.486,0.737,0.648,0.775,0.740,0.465,0.740,0.366,0.636,0.500,0.325,0.308,0.636,0.648,0.764,0.773,0.070,0.290,0.778,0.642,0.800,0.608,0.731,0.207,0.308,0.803,0.775,0.778,0.486,0.358,0.781,0.773,0.374,0.382,0.443,0.333,0.458,0.775,0.783,0.746,0.755,0.769,0.507,0.786,0.808,0.642,0.653,0.716,0.619,0.465,0.778,0.759,0.374,0.734,0.664,0.590,0.308,0.374,0.761,0.759,0.778,0.758,0.659,0.299
7PNB_K_2_NAG;0.722,0.022,0.869,0.789,0.022,0.764,0.733,0.832,0.847,0.772,0.022,0.874,0.811,0.821,0.816,0.840,0.813,0.869,0.027,0.770,0.840,0.845,0.753,0.847,0.792,0.840,0.022,0.867,0.763,0.738,0.742,0.786,0.765,0.776,0.776,0.865,0.813,0.776,0.816,0.763,0.805,0.837,0.729,0.789,0.852,0.840,0.852,0.048,0.764,0.766,0.850,0.753,0.811,0.869,0.780,0.832,0.827,0.847,0.783,0.740,0.727,0.816,0.852,0.727,0.755,0.759,0.761,0.811,0.784,0.867,0.727,0.867,0.780,0.778,0.755,0.850,0.850,0.808,0.813,0.840,0.795,0.751,0.850,0.755,0.824,0.832,0.816,0.837,0.748,0.842,0.786,0.850,0.816,0.774,0.852,0.813,0.852,0.783,0.784,0.872,0.747,0.022,0.829,0.738,0.813,0.824,0.832,0.842,0.764,0.792,0.731,0.829,0.834,0.753,0.751,0.852,0.832,0.789,0.784,0.781,0.736,0.821,0.749,0.867,0.869,0.829,0.850,0.872,0.776,0.867,0.834,0.772,0.811,0.869,0.784,0.808,0.872,0.855,0.824,0.852,0.850,0.816,0.850,0.753,0.808,0.834,0.840,0.805,0.811,0.774,0.776,0.850,0.778,0.789,0.725,0.808,0.789,0.764,0.834,0.867,0.795,0.852,0.813,0.000,0.766,0.834,0.747,0.792,0.827,0.782,0.789,0.813,0.033,0.819,0.811,0.729,0.813,0.867,0.872,0.842,0.850,0.813,0.872,0.869,0.751,0.832,0.816,0.813,0.805,0.768,0.850,0.749,0.867,0.780,0.757,0.850,0.840,0.827,0.867,0.813,0.832,0.824,0.867,0.869,0.776,0.742,0.808,0.821,0.736,0.789,0.751,0.869,0.847,0.832,0.819,0.753,0.772,0.778,0.850,0.816,0.757,0.761,0.824,0.824,0.792,0.832,0.847,0.776,0.733,0.751,0.780,0.847,0.813,0.748,0.761,0.872,0.783,0.847,0.834,0.845,0.778,0.855,0.827,0.757,0.808,0.829,0.827,0.821,0.784,0.855,0.736,0.782,0.865,0.821
7PNB_k_1_NAG;0.745,0.761,0.819,0.830,0.768,0.089,0.753,0.806,0.835,0.654,0.761,0.819,0.795,0.789,0.789,0.787,0.787,0.800,0.761,0.258,0.795,0.832,0.674,0.830,0.784,0.798,0.761,0.817,0.126,0.712,0.721,0.647,0.150,0.649,0.659,0.822,0.784,0.652,0.778,0.187,0.775,0.795,0.747,0.787,0.798,0.792,0.874,0.764,0.148,0.647,0.795,0.718,0.778,0.800,0.642,0.809,0.792,0.787,0.827,0.714,0.745,0.792,0.789,0.749,0.681,0.672,0.722,0.798,0.595,0.822,0.747,0.819,0.647,0.652,0.713,0.874,0.835,0.792,0.784,0.795,0.778,0.652,0.784,0.611,0.789,0.784,0.784,0.795,0.709,0.787,0.837,0.832,0.781,0.654,0.784,0.787,0.870,0.832,0.639,0.817,0.714,0.759,0.778,0.714,0.784,0.789,0.784,0.798,0.166,0.789,0.747,0.784,0.795,0.693,0.611,0.792,0.792,0.830,0.619,0.827,0.707,0.784,0.619,0.800,0.814,0.798,0.781,0.817,0.652,0.817,0.803,0.595,0.775,0.814,0.626,0.795,0.800,0.874,0.787,0.874,0.795,0.781,0.787,0.619,0.800,0.784,0.832,0.800,0.789,0.654,0.647,0.872,0.624,0.787,0.740,0.798,0.787,0.657,0.800,0.803,0.781,0.789,0.781,0.766,0.000,0.809,0.714,0.784,0.792,0.654,0.835,0.798,0.761,0.789,0.775,0.756,0.789,0.800,0.817,0.792,0.784,0.787,0.817,0.800,0.605,0.803,0.781,0.784,0.800,0.644,0.795,0.605,0.819,0.654,0.619,0.781,0.832,0.789,0.819,0.784,0.781,0.792,0.822,0.822,0.619,0.714,0.778,0.789,0.709,0.830,0.714,0.814,0.832,0.792,0.795,0.731,0.237,0.652,0.792,0.787,0.688,0.654,0.792,0.792,0.789,0.781,0.781,0.652,0.659,0.626,0.634,0.872,0.784,0.722,0.729,0.803,0.827,0.827,0.806,0.784,0.657,0.874,0.787,0.624,0.800,0.809,0.789,0.789,0.626,0.870,0.714,0.586,0.806,0.789
7PNB_f_5_MAN;0.850,0.837,0.716,0.755,0.837,0.803,0.850,0.114,0.716,0.832,0.834,0.721,0.726,0.631,0.653,0.619,0.653,0.736,0.840,0.803,0.625,0.721,0.800,0.721,0.675,0.608,0.834,0.711,0.819,0.822,0.822,0.817,0.813,0.832,0.809,0.721,0.669,0.811,0.619,0.832,0.636,0.602,0.850,0.680,0.613,0.619,0.817,0.837,0.803,0.803,0.608,0.795,0.619,0.736,0.824,0.092,0.608,0.619,0.750,0.814,0.852,0.659,0.596,0.850,0.798,0.806,0.800,0.726,0.798,0.721,0.847,0.731,0.811,0.811,0.786,0.817,0.716,0.669,0.669,0.602,0.659,0.811,0.619,0.809,0.625,0.602,0.613,0.602,0.778,0.613,0.769,0.721,0.631,0.837,0.608,0.664,0.817,0.759,0.811,0.721,0.814,0.837,0.602,0.814,0.664,0.625,0.608,0.608,0.817,0.680,0.847,0.613,0.596,0.819,0.809,0.596,0.613,0.755,0.798,0.750,0.811,0.631,0.809,0.731,0.706,0.103,0.613,0.721,0.835,0.711,0.047,0.784,0.619,0.706,0.792,0.731,0.731,0.817,0.636,0.817,0.608,0.669,0.590,0.809,0.721,0.596,0.731,0.731,0.653,0.835,0.817,0.821,0.792,0.675,0.852,0.726,0.675,0.798,0.114,0.736,0.669,0.596,0.619,0.834,0.809,0.000,0.798,0.669,0.642,0.814,0.764,0.726,0.837,0.653,0.619,0.852,0.653,0.731,0.721,0.619,0.613,0.653,0.721,0.736,0.809,0.047,0.669,0.669,0.731,0.817,0.608,0.806,0.721,0.832,0.806,0.613,0.740,0.642,0.726,0.664,0.596,0.631,0.711,0.721,0.792,0.817,0.625,0.619,0.811,0.755,0.792,0.711,0.721,0.613,0.631,0.792,0.800,0.835,0.608,0.648,0.795,0.806,0.642,0.636,0.680,0.608,0.613,0.832,0.800,0.811,0.792,0.821,0.669,0.772,0.800,0.740,0.750,0.716,0.024,0.613,0.837,0.821,0.625,0.806,0.726,0.114,0.619,0.636,0.795,0.817,0.814,0.789,0.740,0.619
7PNB_l_1_NAG;0.751,0.753,0.862,0.824,0.749,0.714,0.760,0.809,0.840,0.725,0.749,0.860,0.798,0.798,0.800,0.814,0.809,0.835,0.751,0.705,0.814,0.842,0.691,0.837,0.781,0.811,0.749,0.847,0.709,0.681,0.688,0.705,0.718,0.725,0.729,0.857,0.817,0.691,0.809,0.706,0.800,0.811,0.756,0.781,0.809,0.819,0.893,0.744,0.716,0.693,0.806,0.129,0.809,0.835,0.691,0.789,0.806,0.822,0.822,0.686,0.764,0.806,0.806,0.758,0.702,0.700,0.196,0.798,0.693,0.862,0.756,0.857,0.686,0.698,0.187,0.893,0.845,0.795,0.817,0.811,0.787,0.698,0.822,0.732,0.795,0.819,0.814,0.800,0.155,0.819,0.827,0.845,0.811,0.727,0.819,0.817,0.896,0.827,0.705,0.852,0.684,0.751,0.811,0.688,0.814,0.800,0.817,0.814,0.698,0.778,0.760,0.806,0.809,0.695,0.725,0.806,0.803,0.824,0.681,0.824,0.684,0.798,0.738,0.832,0.847,0.803,0.822,0.847,0.725,0.852,0.795,0.688,0.806,0.847,0.681,0.792,0.837,0.893,0.798,0.893,0.809,0.819,0.803,0.729,0.795,0.809,0.842,0.789,0.798,0.723,0.698,0.896,0.679,0.781,0.760,0.792,0.781,0.698,0.789,0.830,0.781,0.806,0.809,0.747,0.714,0.798,0.000,0.784,0.800,0.693,0.827,0.792,0.747,0.803,0.806,0.758,0.798,0.832,0.847,0.817,0.819,0.809,0.852,0.832,0.723,0.792,0.819,0.817,0.792,0.691,0.806,0.723,0.857,0.727,0.732,0.822,0.845,0.803,0.860,0.814,0.809,0.798,0.860,0.862,0.693,0.684,0.806,0.798,0.688,0.824,0.224,0.850,0.845,0.803,0.800,0.209,0.702,0.727,0.806,0.806,0.698,0.684,0.800,0.803,0.778,0.814,0.819,0.725,0.747,0.729,0.684,0.896,0.817,0.293,0.209,0.837,0.824,0.840,0.795,0.819,0.732,0.898,0.803,0.725,0.792,0.809,0.798,0.798,0.676,0.896,0.686,0.691,0.827,0.795
7PNB_w_5_MAN;0.814,0.795,0.653,0.619,0.797,0.775,0.817,0.659,0.711,0.792,0.795,0.653,0.701,0.333,0.451,0.436,0.451,0.625,0.795,0.775,0.436,0.690,0.789,0.706,0.012,0.443,0.795,0.631,0.786,0.787,0.789,0.764,0.786,0.792,0.792,0.642,0.559,0.752,0.436,0.783,0.413,0.443,0.814,0.024,0.514,0.443,0.773,0.795,0.781,0.784,0.507,0.781,0.429,0.625,0.764,0.669,0.413,0.533,0.608,0.795,0.809,0.443,0.514,0.814,0.787,0.787,0.783,0.696,0.764,0.648,0.817,0.653,0.752,0.749,0.778,0.773,0.716,0.429,0.559,0.436,0.024,0.773,0.527,0.761,0.325,0.429,0.436,0.350,0.781,0.533,0.631,0.711,0.429,0.795,0.520,0.559,0.769,0.613,0.752,0.636,0.798,0.795,0.413,0.789,0.559,0.342,0.413,0.429,0.775,0.036,0.814,0.421,0.421,0.781,0.755,0.507,0.413,0.613,0.758,0.608,0.792,0.366,0.755,0.631,0.636,0.659,0.527,0.636,0.795,0.625,0.680,0.764,0.429,0.636,0.764,0.685,0.631,0.769,0.382,0.773,0.507,0.559,0.493,0.749,0.690,0.436,0.711,0.685,0.421,0.792,0.758,0.764,0.755,0.036,0.811,0.696,0.036,0.781,0.675,0.613,0.024,0.500,0.421,0.792,0.784,0.669,0.784,0.000,0.390,0.761,0.625,0.690,0.795,0.451,0.421,0.822,0.451,0.631,0.636,0.443,0.514,0.451,0.636,0.619,0.752,0.669,0.559,0.559,0.696,0.749,0.507,0.752,0.653,0.792,0.749,0.527,0.716,0.390,0.631,0.559,0.413,0.342,0.653,0.659,0.761,0.795,0.429,0.342,0.787,0.619,0.787,0.636,0.716,0.413,0.325,0.775,0.787,0.795,0.500,0.458,0.787,0.781,0.374,0.390,0.047,0.421,0.520,0.792,0.803,0.758,0.761,0.769,0.559,0.766,0.778,0.631,0.608,0.701,0.669,0.527,0.795,0.759,0.382,0.740,0.690,0.664,0.342,0.374,0.755,0.769,0.798,0.770,0.608,0.358
7PNB_b_6_MAN;0.817,0.829,0.648,0.636,0.834,0.789,0.819,0.636,0.731,0.775,0.827,0.653,0.690,0.290,0.429,0.342,0.421,0.625,0.832,0.775,0.299,0.721,0.811,0.731,0.390,0.350,0.827,0.631,0.789,0.781,0.784,0.770,0.797,0.775,0.778,0.653,0.565,0.752,0.413,0.792,0.413,0.350,0.814,0.398,0.451,0.299,0.740,0.832,0.787,0.803,0.443,0.800,0.413,0.625,0.773,0.642,0.299,0.479,0.642,0.784,0.811,0.413,0.451,0.817,0.811,0.811,0.800,0.685,0.761,0.664,0.819,0.648,0.767,0.752,0.792,0.740,0.736,0.406,0.565,0.333,0.398,0.800,0.472,0.784,0.299,0.308,0.390,0.316,0.795,0.465,0.648,0.731,0.421,0.778,0.458,0.559,0.736,0.648,0.761,0.648,0.789,0.829,0.342,0.781,0.559,0.299,0.325,0.333,0.784,0.398,0.817,0.092,0.325,0.795,0.781,0.443,0.308,0.642,0.761,0.642,0.787,0.081,0.781,0.631,0.636,0.631,0.472,0.631,0.778,0.625,0.653,0.767,0.429,0.636,0.767,0.680,0.631,0.736,0.059,0.740,0.451,0.559,0.443,0.773,0.685,0.342,0.731,0.685,0.421,0.775,0.755,0.736,0.764,0.390,0.814,0.690,0.390,0.795,0.653,0.625,0.390,0.451,0.406,0.827,0.792,0.642,0.800,0.390,0.000,0.767,0.636,0.675,0.832,0.421,0.421,0.822,0.429,0.631,0.631,0.316,0.458,0.421,0.653,0.631,0.778,0.642,0.559,0.565,0.690,0.755,0.458,0.775,0.648,0.775,0.775,0.472,0.745,0.081,0.636,0.559,0.350,0.281,0.653,0.659,0.764,0.789,0.398,0.316,0.787,0.636,0.800,0.642,0.736,0.308,0.272,0.800,0.792,0.778,0.451,0.429,0.809,0.800,0.047,0.047,0.406,0.342,0.465,0.775,0.795,0.781,0.767,0.740,0.565,0.792,0.805,0.631,0.642,0.726,0.642,0.472,0.778,0.731,0.070,0.767,0.685,0.636,0.299,0.047,0.761,0.736,0.789,0.761,0.625,0.299
7PNB_T_2_NAG;0.736,0.780,0.817,0.800,0.782,0.652,0.747,0.811,0.842,0.490,0.778,0.822,0.803,0.764,0.761,0.752,0.767,0.803,0.778,0.662,0.752,0.840,0.676,0.842,0.761,0.761,0.778,0.811,0.666,0.629,0.624,0.114,0.666,0.483,0.674,0.819,0.746,0.129,0.761,0.664,0.752,0.758,0.740,0.764,0.789,0.761,0.870,0.782,0.667,0.669,0.787,0.700,0.758,0.803,0.148,0.814,0.758,0.767,0.798,0.632,0.738,0.761,0.781,0.745,0.679,0.681,0.688,0.803,0.662,0.819,0.743,0.819,0.079,0.114,0.685,0.870,0.845,0.764,0.746,0.761,0.755,0.676,0.764,0.508,0.758,0.755,0.758,0.758,0.681,0.764,0.806,0.842,0.764,0.490,0.764,0.752,0.867,0.806,0.133,0.806,0.634,0.778,0.749,0.632,0.746,0.764,0.758,0.758,0.657,0.764,0.743,0.767,0.758,0.669,0.493,0.781,0.758,0.798,0.664,0.800,0.629,0.767,0.502,0.803,0.809,0.811,0.767,0.803,0.493,0.811,0.814,0.654,0.755,0.809,0.667,0.795,0.803,0.867,0.767,0.870,0.787,0.743,0.781,0.496,0.800,0.752,0.840,0.798,0.761,0.486,0.143,0.870,0.662,0.764,0.734,0.795,0.764,0.657,0.809,0.803,0.758,0.784,0.755,0.782,0.654,0.814,0.693,0.761,0.767,0.000,0.803,0.798,0.776,0.758,0.755,0.749,0.761,0.803,0.803,0.758,0.764,0.767,0.800,0.800,0.493,0.814,0.743,0.746,0.798,0.152,0.787,0.490,0.814,0.496,0.502,0.767,0.847,0.770,0.814,0.746,0.749,0.761,0.819,0.819,0.674,0.629,0.752,0.761,0.637,0.800,0.693,0.806,0.845,0.758,0.761,0.685,0.637,0.493,0.789,0.761,0.691,0.667,0.770,0.773,0.767,0.755,0.767,0.486,0.697,0.499,0.667,0.872,0.746,0.681,0.690,0.806,0.803,0.840,0.817,0.770,0.486,0.872,0.767,0.496,0.795,0.809,0.761,0.767,0.669,0.867,0.637,0.654,0.806,0.758
7PNB_e_4_MAN;0.792,0.789,0.759,0.024,0.795,0.822,0.803,0.745,0.731,0.803,0.789,0.759,0.669,0.648,0.653,0.664,0.664,0.736,0.789,0.832,0.631,0.740,0.792,0.731,0.619,0.659,0.789,0.731,0.834,0.798,0.806,0.806,0.832,0.803,0.824,0.755,0.653,0.817,0.659,0.840,0.642,0.653,0.795,0.613,0.706,0.642,0.755,0.795,0.832,0.795,0.701,0.824,0.653,0.736,0.800,0.750,0.636,0.706,0.070,0.809,0.798,0.659,0.711,0.798,0.795,0.798,0.837,0.675,0.832,0.755,0.798,0.755,0.806,0.811,0.824,0.755,0.731,0.636,0.653,0.659,0.631,0.789,0.706,0.800,0.642,0.642,0.653,0.664,0.832,0.701,0.024,0.731,0.659,0.806,0.701,0.653,0.750,0.059,0.811,0.726,0.814,0.789,0.636,0.806,0.648,0.653,0.642,0.659,0.827,0.613,0.800,0.659,0.648,0.798,0.800,0.711,0.642,0.036,0.827,0.092,0.806,0.636,0.803,0.736,0.731,0.740,0.706,0.716,0.806,0.736,0.759,0.830,0.653,0.731,0.824,0.659,0.740,0.750,0.642,0.755,0.706,0.659,0.706,0.800,0.675,0.642,0.726,0.659,0.648,0.803,0.809,0.745,0.827,0.613,0.798,0.664,0.613,0.795,0.755,0.726,0.625,0.711,0.653,0.789,0.835,0.764,0.827,0.625,0.636,0.803,0.000,0.669,0.792,0.659,0.653,0.789,0.648,0.736,0.716,0.636,0.701,0.664,0.731,0.731,0.800,0.755,0.659,0.653,0.659,0.806,0.706,0.798,0.750,0.806,0.795,0.706,0.726,0.625,0.740,0.648,0.636,0.648,0.759,0.759,0.827,0.814,0.648,0.653,0.809,0.036,0.822,0.731,0.726,0.642,0.636,0.824,0.830,0.806,0.701,0.664,0.798,0.787,0.631,0.631,0.619,0.648,0.701,0.806,0.803,0.795,0.827,0.750,0.653,0.827,0.827,0.740,0.092,0.736,0.764,0.701,0.806,0.750,0.653,0.798,0.669,0.745,0.648,0.636,0.827,0.750,0.803,0.822,0.721,0.653
7PNB_V_4_BGC;0.806,0.811,0.721,0.664,0.811,0.806,0.803,0.726,0.685,0.787,0.813,0.721,0.036,0.675,0.631,0.675,0.653,0.685,0.811,0.803,0.680,0.680,0.795,0.680,0.690,0.669,0.813,0.696,0.805,0.789,0.792,0.784,0.797,0.789,0.806,0.716,0.596,0.800,0.669,0.805,0.648,0.664,0.800,0.690,0.690,0.685,0.769,0.811,0.809,0.798,0.685,0.795,0.664,0.685,0.775,0.726,0.648,0.680,0.659,0.789,0.809,0.642,0.690,0.803,0.792,0.792,0.797,0.024,0.811,0.721,0.803,0.711,0.789,0.806,0.795,0.769,0.696,0.625,0.596,0.664,0.690,0.792,0.685,0.814,0.675,0.690,0.675,0.696,0.800,0.669,0.675,0.701,0.669,0.789,0.675,0.596,0.773,0.659,0.809,0.701,0.787,0.811,0.675,0.787,0.590,0.680,0.685,0.680,0.800,0.690,0.800,0.680,0.659,0.798,0.806,0.690,0.648,0.664,0.806,0.659,0.787,0.664,0.809,0.685,0.696,0.716,0.680,0.701,0.789,0.716,0.721,0.817,0.664,0.696,0.806,0.047,0.690,0.769,0.669,0.769,0.696,0.602,0.685,0.809,0.036,0.669,0.685,0.059,0.625,0.784,0.792,0.773,0.809,0.690,0.811,0.047,0.690,0.795,0.711,0.690,0.690,0.690,0.664,0.813,0.798,0.726,0.792,0.690,0.675,0.798,0.669,0.000,0.813,0.636,0.664,0.806,0.625,0.685,0.701,0.680,0.675,0.653,0.711,0.690,0.806,0.716,0.602,0.596,0.059,0.795,0.685,0.809,0.721,0.789,0.809,0.680,0.701,0.669,0.731,0.590,0.669,0.675,0.716,0.726,0.809,0.792,0.659,0.680,0.787,0.664,0.798,0.696,0.696,0.648,0.675,0.800,0.806,0.789,0.685,0.642,0.792,0.795,0.669,0.664,0.696,0.685,0.675,0.789,0.797,0.811,0.809,0.773,0.596,0.781,0.803,0.690,0.653,0.680,0.726,0.669,0.789,0.778,0.675,0.809,0.036,0.726,0.680,0.669,0.806,0.773,0.787,0.809,0.685,0.680
7PNB_Z_2_NAG;0.720,0.033,0.872,0.792,0.022,0.759,0.731,0.832,0.847,0.772,0.022,0.877,0.811,0.824,0.816,0.842,0.813,0.867,0.016,0.770,0.842,0.845,0.751,0.847,0.795,0.842,0.022,0.867,0.761,0.733,0.738,0.780,0.761,0.776,0.774,0.867,0.813,0.770,0.816,0.761,0.805,0.840,0.727,0.792,0.852,0.842,0.850,0.059,0.761,0.764,0.850,0.753,0.811,0.867,0.774,0.834,0.829,0.845,0.786,0.736,0.725,0.816,0.852,0.725,0.753,0.757,0.761,0.811,0.782,0.869,0.725,0.869,0.774,0.772,0.755,0.847,0.850,0.808,0.813,0.842,0.797,0.749,0.847,0.751,0.827,0.837,0.816,0.840,0.748,0.840,0.789,0.850,0.816,0.774,0.850,0.816,0.850,0.786,0.778,0.872,0.742,0.022,0.834,0.736,0.813,0.827,0.834,0.845,0.761,0.795,0.729,0.834,0.837,0.751,0.747,0.852,0.834,0.792,0.782,0.783,0.731,0.827,0.744,0.865,0.869,0.832,0.847,0.872,0.776,0.867,0.837,0.770,0.811,0.869,0.782,0.808,0.869,0.852,0.829,0.850,0.850,0.816,0.850,0.749,0.808,0.840,0.840,0.805,0.811,0.774,0.770,0.847,0.776,0.792,0.722,0.808,0.792,0.761,0.837,0.867,0.797,0.852,0.813,0.033,0.761,0.837,0.747,0.795,0.832,0.776,0.792,0.813,0.000,0.819,0.811,0.727,0.813,0.865,0.872,0.845,0.847,0.813,0.872,0.867,0.747,0.834,0.816,0.813,0.805,0.761,0.850,0.744,0.867,0.780,0.753,0.847,0.840,0.832,0.867,0.813,0.837,0.827,0.869,0.872,0.774,0.738,0.808,0.824,0.731,0.792,0.751,0.869,0.847,0.834,0.821,0.753,0.768,0.778,0.850,0.816,0.755,0.759,0.829,0.829,0.795,0.837,0.845,0.776,0.735,0.747,0.778,0.845,0.813,0.748,0.761,0.869,0.786,0.847,0.837,0.842,0.778,0.852,0.832,0.753,0.808,0.829,0.829,0.827,0.782,0.852,0.733,0.780,0.865,0.824
7PNB_r_6_MAN;0.822,0.819,0.653,0.653,0.824,0.787,0.822,0.625,0.706,0.784,0.816,0.669,0.653,0.358,0.012,0.406,0.036,0.659,0.816,0.781,0.421,0.701,0.789,0.706,0.443,0.406,0.816,0.625,0.792,0.789,0.795,0.758,0.789,0.784,0.764,0.664,0.507,0.746,0.350,0.800,0.350,0.390,0.822,0.451,0.546,0.436,0.750,0.824,0.789,0.784,0.540,0.803,0.342,0.659,0.770,0.653,0.374,0.507,0.653,0.784,0.817,0.024,0.533,0.824,0.787,0.792,0.800,0.648,0.761,0.669,0.824,0.653,0.755,0.746,0.795,0.750,0.711,0.070,0.507,0.382,0.436,0.775,0.500,0.764,0.366,0.421,0.358,0.358,0.792,0.507,0.664,0.711,0.342,0.787,0.507,0.500,0.745,0.659,0.749,0.636,0.795,0.816,0.421,0.789,0.507,0.350,0.421,0.398,0.792,0.458,0.822,0.374,0.366,0.781,0.764,0.533,0.374,0.659,0.758,0.653,0.787,0.413,0.764,0.659,0.619,0.631,0.500,0.636,0.787,0.631,0.653,0.761,0.350,0.619,0.755,0.636,0.653,0.745,0.398,0.750,0.540,0.507,0.533,0.755,0.653,0.443,0.711,0.653,0.070,0.784,0.755,0.750,0.755,0.458,0.822,0.648,0.458,0.773,0.636,0.659,0.436,0.540,0.350,0.819,0.789,0.653,0.803,0.451,0.421,0.758,0.659,0.636,0.819,0.000,0.333,0.830,0.047,0.659,0.636,0.429,0.500,0.036,0.653,0.659,0.761,0.653,0.507,0.507,0.653,0.749,0.540,0.758,0.642,0.778,0.758,0.500,0.726,0.406,0.648,0.507,0.429,0.366,0.653,0.664,0.761,0.792,0.366,0.342,0.784,0.653,0.798,0.619,0.716,0.374,0.366,0.800,0.787,0.787,0.546,0.012,0.787,0.781,0.398,0.413,0.465,0.436,0.493,0.778,0.761,0.761,0.755,0.755,0.507,0.786,0.803,0.664,0.653,0.701,0.653,0.500,0.787,0.745,0.398,0.755,0.642,0.625,0.366,0.398,0.758,0.745,0.792,0.755,0.664,0.358
7PNB_p_6_MAN;0.806,0.813,0.648,0.642,0.816,0.778,0.811,0.590,0.716,0.775,0.808,0.659,0.680,0.325,0.333,0.290,0.342,0.648,0.811,0.770,0.358,0.706,0.784,0.716,0.429,0.281,0.808,0.613,0.778,0.775,0.784,0.755,0.778,0.775,0.781,0.653,0.507,0.743,0.036,0.795,0.081,0.263,0.806,0.436,0.500,0.333,0.769,0.819,0.781,0.778,0.493,0.809,0.024,0.648,0.761,0.631,0.226,0.458,0.648,0.770,0.803,0.333,0.500,0.809,0.789,0.784,0.803,0.675,0.770,0.659,0.809,0.653,0.752,0.743,0.797,0.769,0.721,0.358,0.507,0.254,0.406,0.770,0.451,0.746,0.325,0.316,0.059,0.333,0.792,0.458,0.659,0.721,0.036,0.778,0.458,0.500,0.755,0.659,0.740,0.625,0.778,0.811,0.325,0.775,0.507,0.316,0.308,0.272,0.789,0.436,0.806,0.398,0.235,0.787,0.740,0.493,0.226,0.648,0.767,0.653,0.773,0.406,0.743,0.648,0.613,0.596,0.451,0.625,0.778,0.619,0.625,0.761,0.024,0.613,0.761,0.664,0.642,0.764,0.406,0.769,0.493,0.507,0.486,0.731,0.669,0.350,0.716,0.669,0.333,0.775,0.752,0.759,0.758,0.443,0.806,0.669,0.443,0.775,0.613,0.659,0.421,0.493,0.036,0.811,0.775,0.619,0.806,0.421,0.421,0.755,0.653,0.664,0.811,0.333,0.000,0.814,0.325,0.648,0.625,0.350,0.451,0.342,0.636,0.653,0.740,0.613,0.507,0.507,0.675,0.743,0.493,0.734,0.653,0.775,0.737,0.451,0.736,0.382,0.642,0.507,0.342,0.325,0.642,0.653,0.767,0.775,0.070,0.308,0.784,0.642,0.798,0.613,0.726,0.226,0.325,0.800,0.770,0.778,0.493,0.342,0.784,0.773,0.398,0.406,0.443,0.350,0.443,0.775,0.778,0.743,0.758,0.764,0.507,0.783,0.805,0.648,0.653,0.711,0.619,0.451,0.778,0.755,0.390,0.731,0.664,0.590,0.325,0.390,0.764,0.755,0.781,0.761,0.664,0.316
7PNB_j_1_NAG;0.099,0.729,0.865,0.789,0.729,0.751,0.069,0.850,0.850,0.745,0.727,0.865,0.803,0.824,0.830,0.827,0.832,0.837,0.727,0.764,0.817,0.852,0.753,0.852,0.822,0.832,0.727,0.855,0.757,0.725,0.732,0.747,0.759,0.743,0.745,0.860,0.817,0.749,0.817,0.747,0.811,0.827,0.084,0.819,0.850,0.824,0.867,0.729,0.768,0.736,0.847,0.756,0.814,0.837,0.740,0.850,0.822,0.840,0.789,0.725,0.129,0.830,0.847,0.069,0.756,0.749,0.747,0.806,0.732,0.862,0.084,0.862,0.747,0.745,0.749,0.867,0.850,0.824,0.817,0.830,0.824,0.743,0.840,0.729,0.819,0.822,0.814,0.830,0.744,0.835,0.789,0.847,0.817,0.745,0.840,0.817,0.870,0.795,0.745,0.857,0.732,0.727,0.817,0.729,0.817,0.827,0.819,0.832,0.749,0.819,0.094,0.830,0.824,0.751,0.727,0.850,0.824,0.792,0.729,0.792,0.729,0.822,0.732,0.837,0.855,0.847,0.842,0.852,0.745,0.857,0.852,0.732,0.814,0.855,0.727,0.806,0.840,0.870,0.824,0.867,0.847,0.819,0.847,0.734,0.809,0.822,0.847,0.803,0.827,0.740,0.738,0.867,0.729,0.819,0.119,0.803,0.819,0.734,0.852,0.840,0.824,0.850,0.811,0.729,0.756,0.852,0.758,0.822,0.822,0.749,0.789,0.806,0.727,0.830,0.814,0.000,0.824,0.837,0.852,0.819,0.837,0.832,0.857,0.840,0.725,0.850,0.819,0.817,0.800,0.743,0.850,0.725,0.862,0.749,0.732,0.842,0.847,0.822,0.862,0.817,0.817,0.822,0.865,0.867,0.738,0.734,0.806,0.827,0.732,0.789,0.738,0.855,0.850,0.824,0.817,0.755,0.760,0.747,0.847,0.830,0.760,0.736,0.824,0.824,0.822,0.822,0.840,0.747,0.751,0.725,0.734,0.865,0.817,0.755,0.761,0.840,0.792,0.852,0.852,0.840,0.745,0.870,0.827,0.729,0.806,0.850,0.822,0.819,0.736,0.870,0.732,0.732,0.837,0.822
7PNB_X_6_MAN;0.817,0.813,0.653,0.642,0.819,0.787,0.817,0.625,0.701,0.781,0.811,0.669,0.642,0.358,0.036,0.406,0.081,0.653,0.811,0.778,0.429,0.696,0.781,0.701,0.443,0.406,0.811,0.619,0.792,0.787,0.795,0.761,0.789,0.781,0.764,0.664,0.500,0.749,0.342,0.800,0.342,0.390,0.817,0.451,0.559,0.436,0.745,0.821,0.789,0.778,0.553,0.800,0.333,0.653,0.770,0.653,0.358,0.520,0.642,0.781,0.811,0.047,0.546,0.819,0.778,0.784,0.795,0.636,0.761,0.669,0.819,0.653,0.758,0.749,0.795,0.745,0.706,0.047,0.500,0.382,0.436,0.767,0.514,0.764,0.366,0.421,0.350,0.374,0.789,0.520,0.653,0.706,0.333,0.784,0.520,0.493,0.740,0.648,0.752,0.631,0.792,0.811,0.421,0.787,0.500,0.350,0.413,0.398,0.792,0.458,0.817,0.398,0.366,0.778,0.761,0.546,0.358,0.648,0.758,0.642,0.781,0.413,0.764,0.653,0.619,0.631,0.514,0.631,0.784,0.625,0.653,0.755,0.342,0.619,0.749,0.625,0.648,0.740,0.406,0.745,0.553,0.500,0.540,0.752,0.642,0.443,0.706,0.642,0.070,0.781,0.758,0.745,0.749,0.458,0.817,0.636,0.458,0.770,0.636,0.653,0.436,0.546,0.342,0.813,0.789,0.653,0.798,0.451,0.429,0.761,0.648,0.625,0.813,0.047,0.325,0.824,0.000,0.653,0.631,0.429,0.514,0.081,0.648,0.653,0.761,0.648,0.500,0.500,0.642,0.749,0.553,0.755,0.642,0.775,0.755,0.514,0.721,0.413,0.648,0.500,0.429,0.366,0.653,0.664,0.758,0.789,0.358,0.342,0.784,0.642,0.798,0.619,0.711,0.358,0.366,0.797,0.787,0.784,0.553,0.059,0.778,0.773,0.406,0.421,0.465,0.436,0.507,0.775,0.758,0.758,0.749,0.750,0.500,0.783,0.800,0.659,0.642,0.696,0.653,0.514,0.784,0.740,0.406,0.752,0.631,0.625,0.366,0.406,0.752,0.740,0.789,0.749,0.659,0.358
7PNB_c_3_YZT;0.837,0.865,0.443,0.731,0.869,0.800,0.835,0.716,0.571,0.795,0.865,0.413,0.690,0.625,0.659,0.653,0.659,0.024,0.862,0.792,0.636,0.559,0.819,0.565,0.631,0.659,0.865,0.342,0.803,0.830,0.835,0.803,0.805,0.795,0.814,0.429,0.631,0.811,0.653,0.811,0.642,0.659,0.832,0.636,0.565,0.642,0.740,0.872,0.795,0.817,0.559,0.835,0.648,0.012,0.803,0.726,0.642,0.584,0.731,0.824,0.830,0.659,0.559,0.832,0.819,0.819,0.824,0.685,0.806,0.436,0.832,0.421,0.806,0.811,0.829,0.736,0.578,0.648,0.631,0.659,0.619,0.819,0.578,0.819,0.619,0.642,0.653,0.642,0.827,0.578,0.740,0.578,0.653,0.798,0.559,0.631,0.726,0.740,0.806,0.374,0.832,0.862,0.631,0.830,0.625,0.631,0.642,0.659,0.795,0.636,0.830,0.631,0.653,0.822,0.817,0.559,0.642,0.736,0.806,0.731,0.830,0.625,0.817,0.000,0.333,0.716,0.571,0.333,0.798,0.342,0.726,0.798,0.648,0.342,0.803,0.685,0.036,0.731,0.631,0.740,0.565,0.625,0.553,0.809,0.690,0.648,0.571,0.701,0.648,0.795,0.806,0.731,0.806,0.636,0.830,0.696,0.636,0.809,0.716,0.059,0.625,0.559,0.642,0.867,0.800,0.731,0.832,0.631,0.631,0.803,0.736,0.685,0.865,0.659,0.648,0.837,0.653,0.000,0.358,0.636,0.559,0.659,0.366,0.059,0.814,0.721,0.625,0.631,0.701,0.809,0.559,0.811,0.429,0.795,0.811,0.571,0.571,0.631,0.421,0.625,0.636,0.625,0.451,0.451,0.806,0.835,0.642,0.625,0.827,0.731,0.835,0.350,0.578,0.642,0.631,0.827,0.798,0.798,0.559,0.659,0.822,0.822,0.631,0.636,0.636,0.636,0.565,0.795,0.813,0.817,0.809,0.731,0.631,0.824,0.834,0.024,0.731,0.559,0.731,0.571,0.798,0.736,0.636,0.806,0.690,0.716,0.625,0.631,0.809,0.726,0.835,0.803,0.047,0.619
7PNB_n_3_YZT;0.852,0.869,0.465,0.711,0.874,0.811,0.850,0.701,0.619,0.814,0.872,0.436,0.706,0.625,0.636,0.625,0.636,0.358,0.869,0.800,0.596,0.602,0.814,0.619,0.636,0.636,0.872,0.092,0.816,0.830,0.835,0.798,0.819,0.814,0.819,0.451,0.625,0.800,0.631,0.821,0.642,0.631,0.847,0.642,0.553,0.608,0.721,0.877,0.806,0.817,0.546,0.850,0.625,0.366,0.806,0.711,0.608,0.553,0.711,0.824,0.842,0.636,0.546,0.847,0.817,0.814,0.840,0.701,0.806,0.479,0.847,0.465,0.806,0.803,0.842,0.716,0.631,0.636,0.625,0.625,0.625,0.817,0.546,0.824,0.619,0.602,0.631,0.619,0.837,0.546,0.721,0.625,0.631,0.817,0.527,0.613,0.706,0.721,0.800,0.059,0.830,0.869,0.590,0.827,0.619,0.619,0.602,0.619,0.811,0.642,0.845,0.619,0.613,0.824,0.822,0.546,0.613,0.716,0.806,0.711,0.827,0.625,0.822,0.358,0.114,0.701,0.540,0.059,0.817,0.146,0.716,0.792,0.636,0.114,0.803,0.696,0.350,0.721,0.625,0.721,0.553,0.619,0.540,0.814,0.706,0.596,0.619,0.711,0.631,0.814,0.803,0.721,0.803,0.642,0.847,0.711,0.642,0.809,0.711,0.358,0.631,0.546,0.619,0.872,0.817,0.721,0.847,0.636,0.631,0.803,0.716,0.701,0.872,0.636,0.625,0.852,0.631,0.358,0.000,0.596,0.527,0.636,0.114,0.374,0.819,0.711,0.619,0.625,0.716,0.800,0.546,0.817,0.465,0.811,0.817,0.540,0.642,0.631,0.443,0.619,0.596,0.625,0.465,0.472,0.806,0.832,0.636,0.613,0.830,0.711,0.845,0.103,0.625,0.613,0.625,0.840,0.814,0.817,0.546,0.636,0.814,0.814,0.631,0.636,0.642,0.596,0.533,0.811,0.805,0.822,0.803,0.721,0.625,0.840,0.842,0.374,0.711,0.608,0.721,0.540,0.817,0.716,0.625,0.803,0.706,0.701,0.613,0.631,0.803,0.716,0.830,0.798,0.374,0.608
7PNB_n_6_MAN;0.814,0.845,0.636,0.636,0.847,0.789,0.817,0.602,0.750,0.778,0.842,0.631,0.696,0.325,0.436,0.207,0.443,0.636,0.845,0.778,0.024,0.740,0.798,0.750,0.451,0.197,0.842,0.596,0.795,0.784,0.784,0.758,0.795,0.778,0.787,0.642,0.553,0.752,0.358,0.803,0.374,0.197,0.811,0.458,0.458,0.059,0.764,0.850,0.789,0.789,0.465,0.819,0.333,0.636,0.773,0.625,0.216,0.443,0.636,0.784,0.811,0.421,0.458,0.814,0.800,0.795,0.805,0.690,0.770,0.642,0.814,0.648,0.761,0.749,0.808,0.764,0.755,0.458,0.553,0.207,0.429,0.787,0.436,0.764,0.333,0.092,0.333,0.299,0.805,0.451,0.648,0.750,0.358,0.781,0.421,0.540,0.755,0.642,0.749,0.608,0.787,0.845,0.114,0.778,0.546,0.316,0.092,0.167,0.792,0.458,0.811,0.290,0.207,0.787,0.764,0.451,0.216,0.642,0.767,0.636,0.784,0.316,0.764,0.636,0.590,0.602,0.436,0.596,0.781,0.590,0.625,0.761,0.366,0.590,0.764,0.685,0.631,0.759,0.316,0.764,0.458,0.546,0.465,0.755,0.690,0.136,0.745,0.696,0.443,0.778,0.755,0.759,0.761,0.451,0.814,0.690,0.451,0.787,0.619,0.636,0.443,0.458,0.325,0.842,0.792,0.619,0.817,0.443,0.316,0.758,0.636,0.680,0.845,0.429,0.350,0.819,0.429,0.636,0.596,0.000,0.436,0.443,0.613,0.642,0.761,0.625,0.546,0.553,0.696,0.755,0.458,0.758,0.642,0.773,0.758,0.436,0.764,0.333,0.625,0.546,0.146,0.325,0.631,0.648,0.767,0.787,0.358,0.325,0.789,0.636,0.814,0.590,0.755,0.216,0.325,0.808,0.789,0.781,0.472,0.436,0.792,0.787,0.299,0.316,0.465,0.092,0.443,0.773,0.783,0.761,0.761,0.764,0.553,0.797,0.813,0.642,0.636,0.745,0.619,0.451,0.781,0.755,0.299,0.749,0.685,0.602,0.316,0.316,0.767,0.755,0.787,0.752,0.642,0.308
7PNB_l_4_BGC;0.835,0.850,0.642,0.696,0.852,0.787,0.832,0.590,0.711,0.787,0.847,0.631,0.690,0.486,0.507,0.465,0.507,0.553,0.847,0.775,0.436,0.706,0.792,0.711,0.514,0.458,0.847,0.540,0.797,0.781,0.778,0.764,0.789,0.787,0.792,0.636,0.472,0.752,0.458,0.797,0.493,0.458,0.830,0.520,0.254,0.443,0.782,0.855,0.787,0.798,0.254,0.824,0.458,0.553,0.770,0.619,0.436,0.047,0.690,0.775,0.827,0.500,0.235,0.830,0.795,0.795,0.808,0.685,0.764,0.653,0.830,0.648,0.764,0.758,0.811,0.782,0.721,0.527,0.472,0.443,0.500,0.792,0.036,0.775,0.479,0.436,0.458,0.465,0.805,0.059,0.706,0.721,0.451,0.789,0.024,0.472,0.773,0.701,0.752,0.527,0.781,0.847,0.429,0.781,0.479,0.479,0.436,0.458,0.784,0.520,0.827,0.429,0.436,0.800,0.773,0.245,0.443,0.696,0.761,0.690,0.778,0.458,0.773,0.559,0.527,0.602,0.024,0.527,0.789,0.533,0.613,0.758,0.465,0.527,0.755,0.680,0.546,0.778,0.443,0.782,0.263,0.472,0.235,0.764,0.685,0.458,0.716,0.690,0.527,0.787,0.761,0.778,0.758,0.527,0.830,0.685,0.527,0.778,0.602,0.565,0.507,0.245,0.451,0.850,0.784,0.613,0.819,0.514,0.458,0.764,0.701,0.675,0.847,0.500,0.451,0.837,0.514,0.559,0.527,0.436,0.000,0.507,0.527,0.559,0.770,0.613,0.472,0.472,0.690,0.758,0.254,0.767,0.642,0.787,0.767,0.024,0.736,0.421,0.625,0.479,0.443,0.486,0.642,0.653,0.761,0.784,0.479,0.479,0.775,0.696,0.811,0.520,0.721,0.443,0.486,0.808,0.784,0.789,0.245,0.507,0.795,0.800,0.436,0.436,0.527,0.443,0.012,0.787,0.769,0.773,0.758,0.782,0.472,0.792,0.816,0.559,0.690,0.706,0.613,0.024,0.789,0.773,0.436,0.761,0.680,0.596,0.479,0.436,0.761,0.773,0.789,0.764,0.571,0.486
7PNB_h_6_MAN;0.824,0.813,0.653,0.659,0.819,0.784,0.824,0.625,0.711,0.784,0.811,0.669,0.659,0.366,0.047,0.413,0.000,0.659,0.811,0.778,0.436,0.706,0.787,0.711,0.443,0.413,0.811,0.625,0.789,0.792,0.798,0.767,0.786,0.784,0.764,0.664,0.520,0.752,0.358,0.797,0.358,0.398,0.824,0.451,0.546,0.443,0.755,0.819,0.787,0.781,0.540,0.806,0.350,0.659,0.778,0.653,0.382,0.514,0.659,0.787,0.819,0.036,0.533,0.827,0.784,0.789,0.805,0.653,0.758,0.669,0.827,0.653,0.761,0.752,0.797,0.755,0.716,0.081,0.520,0.390,0.436,0.773,0.507,0.767,0.374,0.429,0.366,0.366,0.792,0.514,0.669,0.716,0.350,0.787,0.514,0.514,0.745,0.664,0.755,0.636,0.798,0.811,0.436,0.792,0.520,0.358,0.429,0.406,0.789,0.458,0.824,0.374,0.374,0.778,0.767,0.533,0.382,0.664,0.761,0.659,0.789,0.413,0.767,0.659,0.619,0.631,0.507,0.636,0.787,0.631,0.653,0.758,0.358,0.619,0.758,0.653,0.653,0.750,0.398,0.755,0.540,0.520,0.533,0.758,0.659,0.458,0.716,0.669,0.081,0.784,0.761,0.750,0.758,0.458,0.824,0.664,0.458,0.770,0.636,0.659,0.436,0.540,0.358,0.813,0.787,0.653,0.809,0.451,0.421,0.767,0.664,0.653,0.813,0.036,0.342,0.832,0.081,0.659,0.636,0.443,0.507,0.000,0.653,0.659,0.764,0.653,0.520,0.520,0.669,0.755,0.540,0.761,0.642,0.778,0.761,0.507,0.731,0.406,0.648,0.520,0.443,0.374,0.653,0.664,0.758,0.795,0.374,0.350,0.787,0.659,0.803,0.619,0.721,0.382,0.374,0.803,0.784,0.787,0.546,0.024,0.784,0.778,0.398,0.413,0.465,0.451,0.500,0.778,0.761,0.764,0.758,0.755,0.520,0.786,0.805,0.664,0.659,0.706,0.653,0.507,0.787,0.745,0.398,0.758,0.659,0.625,0.374,0.398,0.761,0.745,0.795,0.752,0.664,0.366
7PNB_d_3_YZT;0.857,0.869,0.479,0.721,0.874,0.811,0.852,0.696,0.619,0.817,0.872,0.458,0.716,0.636,0.653,0.625,0.653,0.366,0.869,0.803,0.613,0.613,0.814,0.619,0.636,0.653,0.872,0.146,0.816,0.832,0.832,0.795,0.819,0.817,0.824,0.465,0.625,0.798,0.642,0.821,0.659,0.648,0.852,0.642,0.571,0.625,0.726,0.877,0.806,0.819,0.565,0.855,0.636,0.374,0.803,0.711,0.625,0.553,0.711,0.824,0.845,0.653,0.559,0.850,0.817,0.814,0.845,0.711,0.811,0.486,0.850,0.486,0.803,0.800,0.847,0.721,0.631,0.653,0.625,0.642,0.625,0.819,0.546,0.822,0.631,0.613,0.642,0.631,0.842,0.553,0.736,0.625,0.642,0.819,0.533,0.613,0.711,0.726,0.798,0.092,0.830,0.869,0.584,0.827,0.625,0.631,0.608,0.636,0.811,0.642,0.847,0.636,0.631,0.827,0.819,0.559,0.631,0.716,0.811,0.716,0.827,0.631,0.819,0.366,0.136,0.696,0.540,0.081,0.819,0.103,0.716,0.795,0.648,0.125,0.809,0.706,0.358,0.726,0.636,0.726,0.565,0.619,0.546,0.811,0.716,0.590,0.619,0.721,0.648,0.817,0.800,0.726,0.809,0.642,0.850,0.721,0.642,0.809,0.711,0.366,0.631,0.553,0.631,0.872,0.817,0.721,0.852,0.636,0.653,0.800,0.731,0.711,0.872,0.653,0.636,0.857,0.648,0.366,0.114,0.613,0.527,0.653,0.000,0.382,0.817,0.711,0.619,0.625,0.726,0.798,0.565,0.814,0.486,0.814,0.814,0.540,0.642,0.648,0.458,0.625,0.590,0.636,0.479,0.486,0.811,0.832,0.648,0.625,0.824,0.721,0.847,0.136,0.625,0.631,0.636,0.845,0.817,0.819,0.559,0.653,0.814,0.817,0.648,0.653,0.642,0.590,0.533,0.814,0.813,0.819,0.809,0.726,0.625,0.842,0.847,0.382,0.716,0.608,0.721,0.540,0.819,0.721,0.636,0.800,0.716,0.701,0.625,0.642,0.809,0.721,0.830,0.803,0.382,0.625
7PNB_S_3_YZT;0.840,0.867,0.436,0.726,0.872,0.800,0.840,0.721,0.565,0.795,0.867,0.406,0.696,0.619,0.659,0.664,0.659,0.059,0.865,0.795,0.636,0.553,0.819,0.559,0.619,0.664,0.867,0.374,0.805,0.835,0.840,0.803,0.808,0.795,0.817,0.421,0.631,0.811,0.659,0.813,0.653,0.664,0.835,0.625,0.565,0.648,0.740,0.872,0.795,0.819,0.559,0.835,0.653,0.047,0.800,0.731,0.648,0.584,0.726,0.830,0.835,0.659,0.559,0.837,0.819,0.819,0.824,0.690,0.806,0.429,0.837,0.413,0.803,0.811,0.829,0.736,0.571,0.653,0.631,0.664,0.608,0.819,0.578,0.822,0.613,0.648,0.659,0.631,0.827,0.578,0.736,0.571,0.659,0.798,0.559,0.636,0.726,0.736,0.806,0.390,0.837,0.865,0.631,0.835,0.625,0.619,0.648,0.664,0.792,0.625,0.835,0.631,0.659,0.819,0.819,0.559,0.648,0.731,0.806,0.726,0.835,0.631,0.819,0.059,0.366,0.721,0.571,0.350,0.798,0.358,0.731,0.803,0.653,0.374,0.806,0.690,0.059,0.740,0.631,0.740,0.565,0.625,0.553,0.811,0.696,0.648,0.565,0.706,0.653,0.795,0.806,0.740,0.806,0.625,0.835,0.701,0.625,0.809,0.721,0.024,0.613,0.559,0.648,0.869,0.800,0.736,0.832,0.619,0.631,0.800,0.731,0.690,0.867,0.659,0.653,0.840,0.653,0.059,0.374,0.642,0.559,0.659,0.382,0.000,0.817,0.726,0.625,0.631,0.706,0.809,0.559,0.814,0.413,0.798,0.814,0.571,0.565,0.631,0.406,0.625,0.636,0.619,0.443,0.443,0.806,0.840,0.653,0.625,0.832,0.726,0.837,0.382,0.571,0.648,0.625,0.827,0.798,0.798,0.559,0.659,0.822,0.822,0.631,0.636,0.631,0.636,0.565,0.798,0.819,0.819,0.811,0.740,0.631,0.819,0.834,0.059,0.726,0.553,0.736,0.571,0.798,0.745,0.631,0.809,0.696,0.721,0.613,0.631,0.809,0.736,0.840,0.806,0.047,0.619
7PNB_V_2_NAG;0.714,0.749,0.835,0.798,0.753,0.600,0.723,0.798,0.845,0.578,0.749,0.835,0.809,0.746,0.764,0.743,0.764,0.814,0.747,0.629,0.761,0.845,0.657,0.845,0.755,0.752,0.749,0.819,0.628,0.624,0.621,0.483,0.631,0.581,0.669,0.832,0.746,0.499,0.749,0.633,0.737,0.746,0.721,0.758,0.800,0.761,0.879,0.753,0.624,0.632,0.798,0.716,0.746,0.814,0.490,0.811,0.746,0.778,0.792,0.613,0.712,0.761,0.798,0.721,0.647,0.647,0.718,0.811,0.647,0.830,0.716,0.832,0.486,0.496,0.702,0.879,0.845,0.764,0.746,0.749,0.746,0.644,0.775,0.043,0.743,0.755,0.746,0.755,0.702,0.778,0.806,0.842,0.749,0.578,0.775,0.749,0.872,0.800,0.499,0.814,0.629,0.747,0.749,0.629,0.749,0.746,0.755,0.752,0.624,0.758,0.716,0.781,0.743,0.652,0.074,0.798,0.746,0.798,0.657,0.792,0.619,0.778,0.089,0.814,0.817,0.800,0.775,0.819,0.581,0.819,0.811,0.652,0.740,0.817,0.664,0.800,0.814,0.877,0.781,0.879,0.800,0.746,0.795,0.109,0.811,0.752,0.845,0.806,0.758,0.575,0.493,0.874,0.667,0.761,0.712,0.806,0.761,0.632,0.806,0.819,0.752,0.798,0.743,0.751,0.605,0.809,0.723,0.752,0.778,0.493,0.800,0.806,0.747,0.761,0.740,0.725,0.761,0.814,0.819,0.761,0.770,0.764,0.817,0.817,0.000,0.809,0.746,0.746,0.809,0.499,0.798,0.099,0.832,0.573,0.089,0.775,0.847,0.781,0.830,0.749,0.746,0.743,0.835,0.832,0.652,0.624,0.740,0.743,0.619,0.798,0.705,0.814,0.845,0.746,0.743,0.713,0.611,0.586,0.798,0.764,0.662,0.639,0.775,0.781,0.761,0.758,0.773,0.575,0.673,0.079,0.664,0.877,0.746,0.704,0.713,0.817,0.798,0.842,0.811,0.775,0.584,0.877,0.778,0.124,0.809,0.800,0.746,0.773,0.662,0.872,0.624,0.644,0.822,0.746
7PNB_Q_5_MAN;0.847,0.834,0.726,0.745,0.834,0.798,0.847,0.136,0.716,0.832,0.832,0.726,0.716,0.631,0.653,0.631,0.653,0.726,0.837,0.800,0.631,0.721,0.800,0.721,0.675,0.619,0.832,0.701,0.813,0.819,0.819,0.817,0.808,0.832,0.809,0.721,0.669,0.814,0.619,0.829,0.636,0.613,0.847,0.680,0.625,0.631,0.809,0.834,0.798,0.803,0.619,0.789,0.613,0.726,0.822,0.081,0.608,0.625,0.740,0.811,0.850,0.659,0.608,0.847,0.798,0.806,0.792,0.716,0.806,0.731,0.845,0.736,0.809,0.814,0.781,0.809,0.716,0.664,0.669,0.613,0.659,0.806,0.625,0.809,0.625,0.613,0.613,0.613,0.772,0.613,0.759,0.721,0.631,0.837,0.613,0.664,0.809,0.750,0.814,0.711,0.811,0.834,0.608,0.811,0.664,0.625,0.619,0.619,0.811,0.680,0.845,0.619,0.602,0.819,0.809,0.608,0.613,0.745,0.806,0.740,0.809,0.631,0.809,0.721,0.696,0.103,0.619,0.711,0.835,0.711,0.024,0.792,0.619,0.696,0.800,0.721,0.721,0.809,0.636,0.809,0.619,0.669,0.602,0.809,0.711,0.602,0.731,0.721,0.648,0.835,0.819,0.813,0.800,0.675,0.850,0.716,0.675,0.798,0.092,0.726,0.669,0.608,0.613,0.832,0.803,0.047,0.792,0.669,0.642,0.814,0.755,0.716,0.834,0.653,0.613,0.850,0.648,0.721,0.711,0.625,0.613,0.653,0.711,0.726,0.809,0.000,0.669,0.669,0.721,0.819,0.619,0.806,0.731,0.832,0.806,0.619,0.740,0.642,0.731,0.664,0.602,0.631,0.721,0.731,0.800,0.814,0.625,0.619,0.809,0.745,0.787,0.701,0.721,0.613,0.631,0.783,0.798,0.835,0.619,0.648,0.795,0.806,0.642,0.636,0.680,0.613,0.613,0.832,0.803,0.811,0.800,0.813,0.669,0.763,0.792,0.731,0.740,0.716,0.036,0.613,0.837,0.813,0.625,0.806,0.716,0.146,0.619,0.636,0.803,0.809,0.811,0.798,0.731,0.619
7PNB_c_4_BGC;0.822,0.813,0.648,0.659,0.819,0.784,0.824,0.648,0.675,0.778,0.811,0.669,0.613,0.514,0.514,0.533,0.520,0.619,0.813,0.792,0.553,0.669,0.792,0.675,0.553,0.553,0.811,0.625,0.797,0.758,0.758,0.755,0.789,0.778,0.778,0.659,0.012,0.752,0.527,0.800,0.493,0.540,0.822,0.559,0.571,0.553,0.759,0.816,0.792,0.800,0.565,0.822,0.514,0.619,0.761,0.675,0.520,0.500,0.653,0.749,0.817,0.507,0.565,0.822,0.792,0.798,0.813,0.608,0.778,0.669,0.817,0.648,0.746,0.746,0.808,0.759,0.685,0.507,0.012,0.546,0.546,0.789,0.493,0.749,0.507,0.540,0.527,0.540,0.811,0.507,0.669,0.685,0.520,0.781,0.486,0.036,0.750,0.664,0.749,0.613,0.758,0.811,0.540,0.752,0.024,0.520,0.546,0.553,0.787,0.559,0.819,0.571,0.533,0.784,0.749,0.565,0.527,0.659,0.775,0.659,0.752,0.553,0.743,0.625,0.625,0.648,0.486,0.619,0.781,0.619,0.675,0.781,0.507,0.625,0.778,0.608,0.625,0.755,0.559,0.759,0.571,0.000,0.559,0.740,0.613,0.565,0.675,0.613,0.507,0.778,0.755,0.755,0.775,0.565,0.822,0.608,0.565,0.787,0.664,0.631,0.546,0.565,0.507,0.816,0.781,0.669,0.819,0.559,0.559,0.743,0.659,0.602,0.816,0.507,0.507,0.819,0.500,0.625,0.619,0.546,0.472,0.520,0.619,0.625,0.746,0.669,0.000,0.012,0.613,0.743,0.565,0.743,0.648,0.778,0.740,0.486,0.696,0.546,0.653,0.024,0.553,0.514,0.648,0.659,0.775,0.758,0.507,0.520,0.746,0.659,0.811,0.619,0.680,0.527,0.514,0.808,0.792,0.781,0.565,0.514,0.789,0.798,0.546,0.553,0.565,0.559,0.479,0.778,0.797,0.746,0.781,0.759,0.012,0.800,0.813,0.625,0.659,0.669,0.675,0.486,0.781,0.759,0.571,0.743,0.602,0.653,0.520,0.553,0.775,0.750,0.758,0.778,0.631,0.533
7PNB_h_4_BGC;0.819,0.811,0.653,0.653,0.816,0.787,0.822,0.648,0.669,0.778,0.808,0.675,0.608,0.520,0.514,0.540,0.520,0.625,0.811,0.795,0.559,0.664,0.789,0.669,0.553,0.553,0.808,0.631,0.800,0.755,0.755,0.758,0.792,0.778,0.781,0.664,0.000,0.755,0.527,0.803,0.493,0.540,0.819,0.559,0.578,0.559,0.755,0.813,0.795,0.798,0.571,0.819,0.514,0.625,0.764,0.675,0.520,0.500,0.648,0.746,0.817,0.507,0.571,0.819,0.789,0.795,0.811,0.602,0.775,0.675,0.814,0.653,0.749,0.749,0.805,0.755,0.680,0.507,0.000,0.546,0.546,0.787,0.493,0.749,0.514,0.546,0.527,0.546,0.808,0.507,0.664,0.680,0.520,0.781,0.486,0.024,0.745,0.659,0.752,0.619,0.755,0.808,0.546,0.749,0.012,0.527,0.553,0.559,0.789,0.559,0.817,0.578,0.533,0.781,0.749,0.571,0.527,0.653,0.773,0.653,0.749,0.559,0.743,0.631,0.631,0.648,0.486,0.625,0.781,0.625,0.675,0.781,0.507,0.631,0.775,0.602,0.631,0.750,0.565,0.755,0.578,0.012,0.565,0.740,0.608,0.571,0.669,0.608,0.507,0.778,0.758,0.750,0.773,0.565,0.822,0.602,0.565,0.784,0.664,0.636,0.546,0.571,0.507,0.813,0.784,0.669,0.817,0.559,0.565,0.746,0.653,0.596,0.813,0.507,0.507,0.817,0.500,0.631,0.625,0.553,0.472,0.520,0.625,0.631,0.746,0.669,0.012,0.000,0.608,0.746,0.571,0.743,0.653,0.778,0.740,0.486,0.690,0.546,0.659,0.012,0.559,0.520,0.653,0.664,0.773,0.755,0.507,0.527,0.743,0.653,0.809,0.625,0.675,0.527,0.520,0.805,0.795,0.781,0.571,0.514,0.787,0.795,0.546,0.553,0.565,0.565,0.479,0.778,0.795,0.746,0.778,0.755,0.000,0.797,0.811,0.631,0.653,0.664,0.675,0.486,0.781,0.755,0.578,0.743,0.596,0.653,0.527,0.553,0.773,0.745,0.755,0.778,0.636,0.540
7PNB_p_4_BGC;0.800,0.805,0.736,0.653,0.803,0.806,0.798,0.731,0.675,0.789,0.805,0.740,0.047,0.685,0.648,0.696,0.669,0.701,0.805,0.809,0.696,0.685,0.798,0.669,0.696,0.680,0.805,0.711,0.808,0.787,0.795,0.784,0.803,0.792,0.811,0.726,0.608,0.800,0.680,0.813,0.653,0.675,0.795,0.696,0.701,0.701,0.764,0.803,0.811,0.803,0.696,0.792,0.675,0.701,0.773,0.736,0.659,0.696,0.648,0.792,0.803,0.659,0.706,0.798,0.795,0.795,0.800,0.059,0.819,0.731,0.803,0.726,0.789,0.806,0.789,0.764,0.685,0.636,0.608,0.675,0.696,0.795,0.701,0.817,0.685,0.706,0.685,0.706,0.800,0.685,0.664,0.690,0.680,0.792,0.690,0.608,0.773,0.648,0.809,0.716,0.789,0.805,0.690,0.787,0.602,0.690,0.701,0.690,0.803,0.696,0.800,0.690,0.669,0.803,0.809,0.706,0.659,0.653,0.811,0.648,0.789,0.675,0.814,0.701,0.711,0.721,0.696,0.716,0.792,0.731,0.726,0.817,0.675,0.711,0.809,0.059,0.706,0.764,0.685,0.764,0.706,0.613,0.701,0.814,0.047,0.685,0.675,0.024,0.642,0.787,0.792,0.769,0.809,0.696,0.806,0.012,0.696,0.800,0.716,0.706,0.701,0.706,0.675,0.805,0.800,0.731,0.792,0.696,0.690,0.798,0.659,0.059,0.805,0.653,0.675,0.800,0.642,0.701,0.716,0.696,0.690,0.669,0.726,0.706,0.809,0.721,0.613,0.608,0.000,0.795,0.696,0.811,0.731,0.792,0.814,0.696,0.690,0.685,0.740,0.602,0.685,0.685,0.731,0.736,0.811,0.795,0.669,0.690,0.787,0.653,0.792,0.711,0.685,0.659,0.680,0.795,0.806,0.792,0.696,0.659,0.795,0.798,0.685,0.680,0.701,0.701,0.690,0.792,0.797,0.814,0.809,0.769,0.608,0.778,0.800,0.706,0.642,0.675,0.731,0.685,0.792,0.773,0.690,0.814,0.024,0.731,0.690,0.685,0.811,0.773,0.787,0.814,0.701,0.690
7PNB_s_2_NAG;0.721,0.766,0.827,0.800,0.768,0.642,0.736,0.814,0.840,0.526,0.764,0.832,0.798,0.752,0.752,0.746,0.755,0.809,0.764,0.657,0.749,0.835,0.669,0.837,0.749,0.755,0.764,0.806,0.659,0.629,0.624,0.202,0.659,0.508,0.664,0.827,0.746,0.074,0.746,0.656,0.740,0.752,0.727,0.752,0.781,0.755,0.862,0.768,0.662,0.654,0.775,0.698,0.746,0.809,0.216,0.824,0.746,0.764,0.800,0.632,0.723,0.752,0.773,0.729,0.674,0.676,0.692,0.798,0.659,0.830,0.727,0.827,0.138,0.074,0.683,0.862,0.842,0.752,0.746,0.755,0.746,0.664,0.761,0.511,0.746,0.746,0.743,0.749,0.676,0.761,0.806,0.840,0.749,0.526,0.761,0.749,0.862,0.806,0.133,0.798,0.634,0.764,0.746,0.632,0.746,0.752,0.746,0.752,0.652,0.752,0.727,0.755,0.749,0.669,0.496,0.773,0.746,0.800,0.667,0.800,0.626,0.749,0.517,0.809,0.806,0.819,0.764,0.800,0.529,0.800,0.822,0.642,0.740,0.806,0.667,0.792,0.809,0.860,0.752,0.862,0.778,0.743,0.770,0.514,0.795,0.746,0.835,0.795,0.749,0.523,0.089,0.862,0.662,0.752,0.718,0.792,0.752,0.649,0.819,0.811,0.749,0.773,0.743,0.768,0.644,0.817,0.691,0.749,0.755,0.152,0.806,0.795,0.761,0.749,0.743,0.743,0.749,0.809,0.800,0.755,0.758,0.755,0.798,0.809,0.499,0.819,0.743,0.746,0.795,0.000,0.784,0.496,0.824,0.517,0.514,0.764,0.842,0.758,0.822,0.746,0.743,0.749,0.824,0.830,0.672,0.626,0.737,0.749,0.639,0.800,0.693,0.803,0.842,0.746,0.746,0.688,0.634,0.517,0.778,0.749,0.684,0.649,0.758,0.761,0.755,0.752,0.761,0.508,0.690,0.499,0.667,0.865,0.746,0.685,0.692,0.811,0.803,0.835,0.819,0.764,0.517,0.865,0.752,0.493,0.792,0.814,0.749,0.752,0.669,0.862,0.637,0.647,0.811,0.749
7PNB_J_4_BGC;0.842,0.850,0.648,0.701,0.852,0.787,0.845,0.596,0.740,0.787,0.850,0.636,0.696,0.520,0.546,0.479,0.540,0.553,0.850,0.781,0.458,0.721,0.800,0.731,0.507,0.479,0.850,0.559,0.795,0.806,0.811,0.792,0.795,0.787,0.806,0.648,0.571,0.781,0.486,0.797,0.527,0.479,0.840,0.514,0.012,0.465,0.813,0.855,0.784,0.800,0.036,0.809,0.493,0.553,0.800,0.625,0.486,0.272,0.706,0.803,0.837,0.533,0.081,0.842,0.800,0.800,0.805,0.690,0.755,0.653,0.842,0.659,0.792,0.787,0.803,0.813,0.750,0.565,0.571,0.479,0.493,0.798,0.263,0.806,0.507,0.458,0.493,0.479,0.795,0.272,0.711,0.745,0.486,0.789,0.235,0.559,0.800,0.706,0.773,0.559,0.811,0.850,0.472,0.803,0.565,0.514,0.465,0.465,0.784,0.507,0.840,0.429,0.486,0.806,0.800,0.070,0.493,0.706,0.752,0.701,0.809,0.465,0.800,0.559,0.546,0.608,0.254,0.546,0.789,0.559,0.619,0.752,0.500,0.546,0.749,0.685,0.546,0.809,0.443,0.813,0.047,0.565,0.092,0.792,0.690,0.479,0.736,0.696,0.565,0.787,0.792,0.804,0.752,0.514,0.840,0.690,0.514,0.784,0.613,0.559,0.500,0.081,0.486,0.850,0.795,0.608,0.806,0.507,0.458,0.787,0.706,0.685,0.850,0.540,0.493,0.850,0.553,0.559,0.546,0.458,0.254,0.540,0.565,0.559,0.798,0.619,0.565,0.571,0.696,0.784,0.000,0.795,0.648,0.787,0.795,0.254,0.745,0.451,0.631,0.565,0.486,0.520,0.653,0.659,0.755,0.814,0.514,0.514,0.809,0.701,0.803,0.546,0.745,0.493,0.520,0.803,0.787,0.789,0.036,0.546,0.806,0.803,0.465,0.451,0.514,0.472,0.263,0.787,0.781,0.803,0.749,0.809,0.571,0.792,0.813,0.559,0.701,0.726,0.608,0.272,0.789,0.800,0.436,0.781,0.685,0.596,0.507,0.465,0.752,0.800,0.809,0.755,0.565,0.514
7PNB_f_2_NAG;0.714,0.747,0.824,0.795,0.751,0.603,0.723,0.795,0.842,0.553,0.747,0.824,0.811,0.743,0.758,0.740,0.761,0.811,0.744,0.626,0.758,0.845,0.644,0.842,0.755,0.749,0.747,0.817,0.615,0.624,0.626,0.483,0.626,0.553,0.664,0.822,0.743,0.502,0.743,0.620,0.731,0.743,0.721,0.758,0.798,0.758,0.879,0.751,0.616,0.629,0.795,0.716,0.740,0.811,0.486,0.809,0.743,0.778,0.789,0.613,0.712,0.758,0.795,0.721,0.639,0.637,0.718,0.814,0.629,0.822,0.716,0.822,0.483,0.493,0.704,0.879,0.845,0.758,0.743,0.746,0.746,0.642,0.775,0.109,0.740,0.752,0.740,0.752,0.702,0.778,0.803,0.842,0.743,0.553,0.773,0.746,0.872,0.798,0.486,0.811,0.629,0.744,0.746,0.634,0.746,0.743,0.752,0.749,0.613,0.758,0.716,0.778,0.740,0.657,0.079,0.795,0.743,0.795,0.634,0.789,0.619,0.775,0.104,0.811,0.814,0.798,0.773,0.817,0.556,0.817,0.809,0.632,0.734,0.814,0.639,0.803,0.811,0.877,0.778,0.879,0.798,0.743,0.792,0.053,0.814,0.749,0.842,0.809,0.752,0.550,0.496,0.874,0.644,0.761,0.712,0.809,0.761,0.629,0.803,0.817,0.752,0.795,0.737,0.749,0.605,0.806,0.723,0.752,0.775,0.490,0.798,0.809,0.744,0.758,0.734,0.725,0.755,0.811,0.817,0.758,0.767,0.761,0.814,0.814,0.099,0.806,0.743,0.743,0.811,0.496,0.795,0.000,0.822,0.547,0.084,0.773,0.847,0.778,0.819,0.746,0.743,0.740,0.824,0.822,0.634,0.629,0.734,0.740,0.621,0.795,0.709,0.811,0.842,0.743,0.740,0.713,0.608,0.561,0.795,0.761,0.654,0.632,0.773,0.778,0.758,0.755,0.770,0.547,0.678,0.119,0.639,0.877,0.743,0.704,0.713,0.809,0.795,0.840,0.809,0.773,0.558,0.877,0.775,0.143,0.811,0.798,0.743,0.770,0.637,0.872,0.629,0.624,0.819,0.743
7PNB_g_3_YZT;0.860,0.865,0.070,0.745,0.867,0.817,0.855,0.706,0.584,0.811,0.867,0.103,0.726,0.636,0.642,0.653,0.642,0.429,0.865,0.795,0.636,0.571,0.827,0.584,0.653,0.669,0.867,0.451,0.805,0.852,0.857,0.817,0.819,0.811,0.830,0.114,0.653,0.822,0.653,0.803,0.669,0.659,0.855,0.659,0.653,0.636,0.764,0.865,0.809,0.824,0.648,0.852,0.653,0.436,0.824,0.726,0.642,0.659,0.740,0.847,0.852,0.642,0.648,0.855,0.824,0.830,0.852,0.721,0.792,0.114,0.855,0.059,0.822,0.817,0.847,0.759,0.590,0.653,0.653,0.653,0.648,0.832,0.653,0.827,0.636,0.631,0.659,0.636,0.852,0.659,0.755,0.590,0.653,0.814,0.636,0.648,0.750,0.750,0.811,0.486,0.855,0.865,0.619,0.850,0.648,0.631,0.631,0.653,0.803,0.659,0.852,0.631,0.648,0.830,0.827,0.648,0.648,0.745,0.795,0.740,0.852,0.642,0.830,0.429,0.458,0.716,0.648,0.465,0.814,0.436,0.731,0.784,0.659,0.458,0.795,0.726,0.421,0.759,0.642,0.764,0.653,0.648,0.642,0.819,0.726,0.642,0.584,0.731,0.648,0.811,0.819,0.759,0.798,0.659,0.852,0.726,0.659,0.819,0.726,0.413,0.648,0.648,0.648,0.867,0.819,0.721,0.857,0.653,0.648,0.814,0.750,0.721,0.867,0.642,0.653,0.862,0.642,0.429,0.465,0.642,0.642,0.642,0.486,0.413,0.832,0.731,0.648,0.653,0.731,0.824,0.648,0.822,0.000,0.811,0.824,0.648,0.596,0.648,0.125,0.648,0.642,0.636,0.092,0.081,0.795,0.857,0.664,0.625,0.845,0.745,0.852,0.458,0.590,0.648,0.642,0.845,0.817,0.814,0.648,0.642,0.824,0.832,0.648,0.653,0.659,0.631,0.648,0.811,0.821,0.827,0.800,0.759,0.653,0.832,0.847,0.429,0.740,0.571,0.726,0.653,0.814,0.755,0.636,0.824,0.721,0.706,0.631,0.648,0.798,0.755,0.855,0.784,0.421,0.625
7PNB_w_2_NAG;0.745,0.780,0.814,0.806,0.780,0.654,0.751,0.827,0.860,0.048,0.780,0.814,0.792,0.789,0.778,0.775,0.778,0.795,0.780,0.644,0.773,0.852,0.681,0.857,0.789,0.778,0.780,0.814,0.651,0.664,0.664,0.474,0.659,0.074,0.681,0.817,0.778,0.526,0.781,0.649,0.773,0.778,0.747,0.792,0.789,0.773,0.870,0.784,0.654,0.669,0.787,0.727,0.778,0.795,0.474,0.827,0.775,0.795,0.806,0.672,0.738,0.778,0.792,0.747,0.681,0.679,0.713,0.789,0.647,0.817,0.743,0.814,0.505,0.508,0.720,0.870,0.865,0.781,0.778,0.778,0.789,0.667,0.792,0.575,0.787,0.775,0.778,0.787,0.709,0.792,0.809,0.865,0.784,0.043,0.787,0.773,0.862,0.806,0.493,0.814,0.674,0.780,0.773,0.669,0.778,0.787,0.778,0.784,0.644,0.792,0.745,0.775,0.778,0.686,0.564,0.792,0.775,0.806,0.659,0.803,0.667,0.778,0.567,0.795,0.811,0.827,0.789,0.811,0.038,0.814,0.832,0.652,0.775,0.811,0.659,0.792,0.792,0.867,0.775,0.870,0.792,0.778,0.792,0.550,0.789,0.775,0.857,0.795,0.781,0.053,0.493,0.865,0.662,0.792,0.740,0.789,0.792,0.654,0.827,0.795,0.787,0.795,0.775,0.780,0.654,0.832,0.727,0.792,0.775,0.496,0.806,0.789,0.780,0.778,0.775,0.749,0.775,0.795,0.811,0.773,0.787,0.778,0.814,0.798,0.573,0.832,0.778,0.778,0.792,0.517,0.787,0.547,0.811,0.000,0.556,0.789,0.865,0.775,0.809,0.778,0.773,0.787,0.814,0.817,0.654,0.672,0.775,0.787,0.684,0.806,0.732,0.809,0.865,0.775,0.792,0.720,0.649,0.059,0.789,0.778,0.693,0.667,0.773,0.775,0.795,0.775,0.789,0.022,0.685,0.578,0.659,0.867,0.778,0.718,0.720,0.795,0.806,0.855,0.835,0.792,0.059,0.867,0.778,0.558,0.787,0.827,0.784,0.773,0.664,0.862,0.669,0.652,0.798,0.781
7PNB_k_2_NAG;0.723,0.755,0.827,0.792,0.759,0.616,0.729,0.795,0.842,0.561,0.755,0.827,0.814,0.743,0.758,0.740,0.761,0.811,0.753,0.632,0.758,0.842,0.644,0.842,0.752,0.749,0.755,0.817,0.633,0.632,0.634,0.493,0.636,0.564,0.674,0.824,0.740,0.517,0.746,0.636,0.734,0.743,0.727,0.755,0.798,0.758,0.877,0.759,0.629,0.634,0.795,0.725,0.743,0.811,0.502,0.809,0.743,0.778,0.787,0.624,0.718,0.758,0.795,0.727,0.639,0.634,0.722,0.814,0.647,0.822,0.723,0.824,0.499,0.511,0.713,0.877,0.847,0.758,0.740,0.746,0.743,0.642,0.775,0.089,0.737,0.752,0.743,0.749,0.713,0.778,0.800,0.845,0.746,0.567,0.773,0.743,0.870,0.795,0.505,0.811,0.639,0.753,0.746,0.642,0.743,0.743,0.752,0.749,0.624,0.755,0.723,0.778,0.740,0.659,0.119,0.795,0.743,0.792,0.649,0.787,0.626,0.775,0.064,0.811,0.814,0.798,0.773,0.817,0.564,0.817,0.809,0.647,0.737,0.814,0.654,0.806,0.811,0.874,0.778,0.877,0.798,0.740,0.792,0.084,0.814,0.749,0.842,0.811,0.752,0.561,0.508,0.872,0.662,0.758,0.718,0.811,0.758,0.624,0.806,0.817,0.749,0.795,0.740,0.757,0.619,0.806,0.732,0.749,0.775,0.502,0.795,0.809,0.753,0.758,0.737,0.732,0.755,0.811,0.817,0.758,0.767,0.761,0.814,0.814,0.089,0.806,0.740,0.740,0.814,0.514,0.795,0.084,0.824,0.556,0.000,0.773,0.850,0.778,0.822,0.743,0.743,0.740,0.827,0.824,0.644,0.637,0.737,0.740,0.632,0.792,0.714,0.811,0.845,0.743,0.740,0.722,0.619,0.570,0.795,0.761,0.654,0.642,0.773,0.778,0.755,0.755,0.770,0.558,0.681,0.104,0.654,0.874,0.740,0.711,0.722,0.814,0.792,0.840,0.809,0.773,0.573,0.874,0.775,0.124,0.811,0.798,0.740,0.770,0.652,0.870,0.637,0.642,0.819,0.743
7PNB_b_4_BGC;0.840,0.850,0.648,0.701,0.852,0.789,0.837,0.590,0.711,0.789,0.847,0.636,0.696,0.500,0.507,0.465,0.507,0.565,0.847,0.778,0.436,0.706,0.795,0.711,0.527,0.458,0.847,0.553,0.795,0.787,0.784,0.767,0.786,0.789,0.795,0.648,0.486,0.758,0.458,0.800,0.493,0.458,0.835,0.533,0.254,0.443,0.782,0.855,0.784,0.800,0.254,0.827,0.458,0.565,0.775,0.619,0.451,0.024,0.696,0.781,0.832,0.500,0.235,0.835,0.798,0.798,0.811,0.690,0.767,0.659,0.835,0.659,0.770,0.764,0.813,0.782,0.721,0.527,0.486,0.443,0.514,0.795,0.012,0.781,0.493,0.436,0.458,0.472,0.808,0.059,0.711,0.721,0.451,0.792,0.024,0.486,0.773,0.706,0.755,0.540,0.787,0.847,0.429,0.787,0.493,0.493,0.436,0.458,0.787,0.533,0.832,0.443,0.451,0.803,0.778,0.245,0.458,0.701,0.764,0.696,0.784,0.472,0.778,0.571,0.540,0.602,0.000,0.540,0.792,0.546,0.613,0.761,0.465,0.540,0.758,0.685,0.559,0.778,0.458,0.782,0.263,0.486,0.235,0.770,0.690,0.458,0.716,0.696,0.527,0.789,0.767,0.778,0.761,0.540,0.835,0.690,0.540,0.781,0.602,0.578,0.520,0.245,0.465,0.850,0.781,0.613,0.822,0.527,0.472,0.767,0.706,0.680,0.847,0.500,0.451,0.842,0.514,0.571,0.540,0.436,0.024,0.507,0.540,0.571,0.775,0.619,0.486,0.486,0.696,0.764,0.254,0.773,0.648,0.789,0.773,0.000,0.736,0.436,0.636,0.493,0.443,0.500,0.648,0.659,0.764,0.789,0.479,0.493,0.781,0.701,0.814,0.533,0.721,0.458,0.500,0.811,0.781,0.792,0.245,0.507,0.798,0.803,0.451,0.451,0.540,0.443,0.012,0.789,0.766,0.778,0.761,0.782,0.486,0.795,0.819,0.571,0.696,0.706,0.613,0.024,0.792,0.773,0.451,0.767,0.685,0.596,0.493,0.451,0.764,0.773,0.795,0.767,0.584,0.500
7PNB_k_3_YZT;0.842,0.837,0.602,0.726,0.842,0.835,0.847,0.740,0.146,0.865,0.837,0.608,0.696,0.731,0.726,0.750,0.731,0.578,0.837,0.845,0.759,0.136,0.837,0.125,0.716,0.759,0.837,0.631,0.847,0.855,0.860,0.847,0.834,0.862,0.850,0.602,0.690,0.850,0.736,0.850,0.721,0.755,0.845,0.711,0.750,0.759,0.773,0.840,0.840,0.840,0.745,0.842,0.736,0.571,0.840,0.755,0.740,0.736,0.721,0.862,0.852,0.731,0.750,0.845,0.827,0.830,0.845,0.701,0.855,0.613,0.847,0.596,0.842,0.847,0.845,0.773,0.103,0.711,0.690,0.759,0.716,0.827,0.736,0.852,0.731,0.745,0.740,0.740,0.842,0.726,0.731,0.103,0.736,0.865,0.736,0.696,0.782,0.731,0.852,0.642,0.860,0.834,0.740,0.855,0.685,0.736,0.750,0.759,0.835,0.711,0.847,0.750,0.750,0.832,0.850,0.750,0.745,0.726,0.855,0.721,0.857,0.740,0.855,0.571,0.631,0.736,0.736,0.631,0.865,0.648,0.745,0.852,0.731,0.631,0.855,0.690,0.584,0.769,0.745,0.773,0.750,0.696,0.745,0.850,0.706,0.736,0.114,0.690,0.716,0.865,0.845,0.773,0.852,0.711,0.850,0.696,0.711,0.832,0.745,0.571,0.721,0.750,0.740,0.840,0.832,0.740,0.845,0.716,0.745,0.847,0.726,0.701,0.840,0.726,0.736,0.847,0.721,0.571,0.642,0.764,0.736,0.731,0.642,0.565,0.847,0.740,0.696,0.690,0.690,0.842,0.745,0.847,0.596,0.865,0.850,0.736,0.000,0.740,0.608,0.685,0.726,0.731,0.602,0.619,0.855,0.857,0.726,0.736,0.850,0.726,0.845,0.636,0.103,0.745,0.721,0.840,0.837,0.865,0.745,0.726,0.830,0.835,0.740,0.745,0.711,0.745,0.731,0.865,0.842,0.850,0.857,0.773,0.690,0.837,0.840,0.578,0.721,0.146,0.740,0.731,0.865,0.778,0.750,0.847,0.701,0.740,0.736,0.736,0.855,0.778,0.857,0.852,0.559,0.731
7PNB_l_6_MAN;0.817,0.829,0.648,0.625,0.834,0.787,0.819,0.631,0.721,0.775,0.827,0.653,0.685,0.290,0.413,0.358,0.406,0.625,0.832,0.775,0.325,0.711,0.811,0.721,0.390,0.350,0.827,0.631,0.786,0.778,0.781,0.773,0.795,0.775,0.784,0.653,0.546,0.755,0.366,0.789,0.374,0.350,0.814,0.398,0.443,0.316,0.745,0.832,0.784,0.803,0.436,0.803,0.374,0.625,0.775,0.642,0.299,0.443,0.636,0.781,0.811,0.398,0.443,0.817,0.811,0.811,0.803,0.680,0.761,0.664,0.819,0.648,0.770,0.755,0.795,0.745,0.726,0.390,0.546,0.333,0.398,0.800,0.436,0.787,0.299,0.325,0.358,0.316,0.797,0.436,0.636,0.726,0.374,0.778,0.421,0.540,0.740,0.642,0.764,0.642,0.787,0.829,0.358,0.778,0.540,0.299,0.342,0.350,0.781,0.398,0.817,0.156,0.325,0.795,0.784,0.436,0.308,0.631,0.761,0.636,0.784,0.125,0.784,0.631,0.636,0.631,0.436,0.631,0.778,0.625,0.653,0.773,0.390,0.636,0.767,0.675,0.631,0.740,0.103,0.745,0.443,0.546,0.436,0.775,0.680,0.374,0.726,0.680,0.406,0.775,0.758,0.740,0.764,0.390,0.814,0.685,0.390,0.795,0.648,0.625,0.390,0.443,0.366,0.827,0.789,0.642,0.803,0.390,0.081,0.770,0.625,0.669,0.832,0.406,0.382,0.822,0.413,0.631,0.631,0.333,0.421,0.406,0.648,0.631,0.781,0.642,0.546,0.546,0.685,0.758,0.451,0.778,0.648,0.775,0.778,0.436,0.740,0.000,0.636,0.540,0.366,0.290,0.653,0.659,0.764,0.787,0.366,0.316,0.784,0.625,0.800,0.636,0.731,0.308,0.281,0.800,0.792,0.778,0.443,0.413,0.809,0.800,0.047,0.047,0.406,0.358,0.429,0.775,0.786,0.784,0.767,0.745,0.546,0.795,0.805,0.631,0.636,0.716,0.642,0.436,0.778,0.736,0.114,0.770,0.680,0.631,0.299,0.059,0.761,0.740,0.787,0.764,0.625,0.299
7PNB_W_3_YZT;0.860,0.865,0.092,0.736,0.869,0.817,0.855,0.711,0.590,0.809,0.867,0.177,0.736,0.631,0.648,0.648,0.648,0.421,0.865,0.800,0.625,0.578,0.830,0.590,0.631,0.664,0.867,0.429,0.808,0.850,0.855,0.814,0.819,0.809,0.837,0.092,0.659,0.819,0.642,0.811,0.653,0.653,0.855,0.636,0.636,0.631,0.750,0.869,0.809,0.827,0.631,0.855,0.642,0.421,0.819,0.731,0.631,0.648,0.736,0.845,0.852,0.648,0.631,0.855,0.830,0.830,0.852,0.731,0.795,0.136,0.855,0.103,0.819,0.814,0.847,0.745,0.596,0.653,0.659,0.648,0.625,0.835,0.642,0.824,0.631,0.625,0.648,0.636,0.850,0.642,0.745,0.596,0.642,0.811,0.625,0.653,0.736,0.740,0.811,0.458,0.852,0.865,0.608,0.847,0.653,0.625,0.625,0.648,0.811,0.636,0.852,0.631,0.636,0.830,0.824,0.631,0.636,0.736,0.798,0.736,0.850,0.636,0.827,0.421,0.443,0.721,0.636,0.443,0.811,0.406,0.736,0.789,0.648,0.443,0.800,0.726,0.413,0.745,0.631,0.750,0.636,0.653,0.625,0.817,0.736,0.631,0.590,0.740,0.648,0.809,0.814,0.745,0.798,0.636,0.852,0.736,0.636,0.822,0.740,0.406,0.625,0.631,0.636,0.867,0.819,0.726,0.860,0.631,0.636,0.814,0.740,0.731,0.867,0.648,0.642,0.862,0.648,0.421,0.443,0.625,0.625,0.648,0.458,0.406,0.830,0.731,0.653,0.659,0.740,0.822,0.631,0.819,0.125,0.809,0.822,0.636,0.608,0.636,0.000,0.653,0.631,0.631,0.103,0.125,0.798,0.855,0.648,0.625,0.845,0.736,0.855,0.443,0.596,0.636,0.636,0.845,0.819,0.811,0.631,0.648,0.824,0.832,0.636,0.642,0.636,0.619,0.631,0.809,0.824,0.824,0.803,0.745,0.659,0.829,0.845,0.413,0.736,0.578,0.731,0.636,0.811,0.740,0.631,0.819,0.731,0.711,0.625,0.636,0.798,0.740,0.852,0.789,0.413,0.625
7PNB_S_4_BGC;0.819,0.811,0.648,0.648,0.816,0.787,0.822,0.642,0.664,0.778,0.808,0.669,0.602,0.514,0.514,0.533,0.520,0.619,0.811,0.795,0.553,0.659,0.789,0.664,0.553,0.546,0.808,0.625,0.800,0.755,0.755,0.758,0.792,0.778,0.781,0.659,0.012,0.755,0.520,0.803,0.493,0.533,0.819,0.559,0.571,0.553,0.755,0.813,0.795,0.798,0.565,0.817,0.507,0.619,0.764,0.669,0.514,0.507,0.642,0.746,0.817,0.507,0.565,0.819,0.789,0.795,0.808,0.596,0.775,0.669,0.814,0.648,0.749,0.749,0.803,0.755,0.675,0.507,0.012,0.540,0.546,0.787,0.500,0.752,0.507,0.540,0.520,0.540,0.805,0.514,0.659,0.675,0.520,0.781,0.479,0.036,0.745,0.653,0.752,0.619,0.755,0.808,0.540,0.749,0.000,0.520,0.546,0.553,0.789,0.559,0.817,0.571,0.527,0.781,0.752,0.565,0.520,0.648,0.773,0.648,0.749,0.553,0.746,0.625,0.625,0.642,0.493,0.619,0.781,0.619,0.669,0.781,0.507,0.625,0.775,0.596,0.625,0.750,0.559,0.755,0.571,0.024,0.559,0.743,0.602,0.565,0.664,0.602,0.507,0.778,0.758,0.750,0.773,0.559,0.822,0.596,0.559,0.784,0.659,0.631,0.546,0.565,0.500,0.813,0.784,0.664,0.814,0.559,0.559,0.746,0.648,0.590,0.813,0.507,0.507,0.817,0.500,0.625,0.619,0.546,0.479,0.520,0.625,0.625,0.749,0.664,0.024,0.012,0.602,0.746,0.565,0.746,0.648,0.778,0.743,0.493,0.685,0.540,0.653,0.000,0.553,0.514,0.648,0.659,0.773,0.755,0.500,0.520,0.743,0.648,0.806,0.625,0.669,0.520,0.514,0.803,0.795,0.781,0.565,0.514,0.787,0.795,0.540,0.546,0.565,0.559,0.486,0.778,0.795,0.749,0.778,0.755,0.012,0.795,0.808,0.625,0.648,0.659,0.669,0.493,0.781,0.755,0.571,0.746,0.590,0.648,0.520,0.546,0.773,0.745,0.755,0.778,0.631,0.533
7PNB_T_6_MAN;0.811,0.834,0.642,0.625,0.840,0.778,0.811,0.578,0.711,0.778,0.832,0.636,0.685,0.316,0.429,0.226,0.443,0.636,0.837,0.767,0.136,0.701,0.789,0.711,0.421,0.245,0.832,0.596,0.786,0.789,0.784,0.746,0.786,0.778,0.792,0.648,0.559,0.740,0.350,0.789,0.382,0.245,0.809,0.429,0.493,0.156,0.773,0.840,0.781,0.784,0.486,0.811,0.333,0.636,0.761,0.602,0.245,0.451,0.619,0.792,0.806,0.421,0.479,0.809,0.792,0.787,0.800,0.680,0.773,0.648,0.809,0.653,0.749,0.740,0.800,0.773,0.716,0.451,0.559,0.235,0.398,0.781,0.443,0.749,0.333,0.125,0.325,0.290,0.795,0.465,0.642,0.711,0.358,0.781,0.429,0.546,0.764,0.631,0.740,0.590,0.792,0.834,0.070,0.787,0.553,0.308,0.125,0.216,0.778,0.436,0.806,0.299,0.235,0.784,0.749,0.472,0.245,0.619,0.770,0.625,0.789,0.308,0.749,0.636,0.590,0.571,0.443,0.596,0.781,0.596,0.602,0.761,0.358,0.590,0.764,0.675,0.631,0.769,0.325,0.773,0.479,0.553,0.458,0.740,0.680,0.047,0.706,0.685,0.436,0.778,0.746,0.769,0.761,0.421,0.809,0.680,0.421,0.781,0.596,0.631,0.413,0.465,0.325,0.832,0.781,0.596,0.809,0.413,0.350,0.749,0.636,0.669,0.837,0.429,0.342,0.817,0.429,0.636,0.596,0.146,0.443,0.443,0.590,0.636,0.746,0.602,0.553,0.559,0.685,0.743,0.486,0.743,0.642,0.773,0.743,0.443,0.726,0.366,0.631,0.553,0.000,0.325,0.631,0.653,0.773,0.792,0.350,0.316,0.789,0.625,0.803,0.590,0.716,0.245,0.325,0.800,0.781,0.781,0.479,0.436,0.784,0.781,0.342,0.358,0.443,0.059,0.451,0.773,0.783,0.746,0.761,0.773,0.559,0.786,0.805,0.642,0.625,0.706,0.596,0.458,0.781,0.764,0.308,0.734,0.675,0.584,0.316,0.333,0.767,0.764,0.792,0.755,0.636,0.316
7PNB_q_5_MAN;0.814,0.827,0.648,0.648,0.829,0.787,0.817,0.602,0.711,0.787,0.824,0.648,0.690,0.012,0.366,0.299,0.374,0.619,0.827,0.778,0.308,0.706,0.800,0.716,0.350,0.281,0.824,0.608,0.792,0.792,0.792,0.767,0.800,0.789,0.778,0.648,0.520,0.749,0.325,0.800,0.316,0.263,0.814,0.358,0.527,0.316,0.769,0.829,0.789,0.792,0.520,0.798,0.316,0.619,0.770,0.642,0.226,0.507,0.648,0.795,0.809,0.358,0.527,0.814,0.800,0.800,0.800,0.685,0.770,0.653,0.814,0.642,0.758,0.746,0.786,0.769,0.716,0.358,0.520,0.254,0.325,0.781,0.500,0.746,0.036,0.333,0.299,0.092,0.789,0.514,0.659,0.711,0.333,0.789,0.486,0.520,0.759,0.653,0.761,0.619,0.798,0.827,0.325,0.789,0.514,0.024,0.316,0.254,0.787,0.358,0.811,0.325,0.235,0.795,0.746,0.520,0.226,0.653,0.764,0.648,0.795,0.290,0.746,0.625,0.613,0.608,0.500,0.625,0.789,0.608,0.642,0.767,0.333,0.613,0.764,0.675,0.625,0.764,0.299,0.769,0.527,0.514,0.507,0.737,0.680,0.333,0.716,0.680,0.342,0.787,0.755,0.764,0.761,0.350,0.811,0.680,0.350,0.787,0.636,0.613,0.342,0.514,0.308,0.824,0.792,0.631,0.798,0.342,0.281,0.761,0.648,0.675,0.827,0.366,0.325,0.822,0.366,0.625,0.625,0.325,0.486,0.374,0.636,0.619,0.743,0.631,0.514,0.520,0.685,0.749,0.520,0.740,0.636,0.787,0.740,0.500,0.731,0.290,0.631,0.514,0.325,0.000,0.642,0.648,0.764,0.798,0.308,0.047,0.795,0.648,0.789,0.613,0.716,0.226,0.024,0.792,0.787,0.789,0.514,0.374,0.795,0.789,0.281,0.299,0.366,0.333,0.493,0.787,0.797,0.743,0.767,0.769,0.520,0.778,0.797,0.625,0.648,0.711,0.631,0.500,0.789,0.759,0.299,0.743,0.675,0.608,0.036,0.281,0.767,0.759,0.798,0.767,0.613,0.047
7PNB_q_3_YZT;0.862,0.865,0.036,0.755,0.867,0.822,0.857,0.696,0.584,0.814,0.869,0.136,0.721,0.642,0.653,0.636,0.653,0.458,0.867,0.798,0.631,0.571,0.832,0.584,0.653,0.653,0.869,0.443,0.813,0.855,0.857,0.817,0.824,0.814,0.835,0.081,0.653,0.822,0.642,0.811,0.659,0.642,0.857,0.659,0.659,0.625,0.769,0.865,0.817,0.830,0.653,0.855,0.642,0.458,0.824,0.711,0.625,0.659,0.750,0.850,0.857,0.653,0.653,0.857,0.830,0.832,0.857,0.716,0.798,0.103,0.857,0.070,0.822,0.817,0.850,0.764,0.590,0.664,0.653,0.636,0.653,0.837,0.653,0.830,0.642,0.619,0.642,0.636,0.855,0.659,0.764,0.590,0.642,0.817,0.636,0.648,0.755,0.759,0.817,0.472,0.857,0.867,0.613,0.852,0.648,0.636,0.619,0.636,0.811,0.659,0.855,0.642,0.631,0.835,0.830,0.653,0.631,0.755,0.800,0.750,0.855,0.648,0.832,0.451,0.451,0.706,0.648,0.465,0.817,0.429,0.721,0.792,0.648,0.451,0.803,0.721,0.451,0.764,0.648,0.769,0.659,0.648,0.648,0.822,0.721,0.631,0.578,0.726,0.659,0.814,0.819,0.764,0.803,0.659,0.857,0.726,0.659,0.824,0.726,0.443,0.648,0.653,0.636,0.867,0.822,0.711,0.860,0.653,0.653,0.819,0.759,0.716,0.869,0.653,0.642,0.865,0.653,0.451,0.465,0.631,0.642,0.653,0.479,0.443,0.835,0.721,0.648,0.653,0.731,0.824,0.653,0.824,0.092,0.814,0.827,0.648,0.602,0.653,0.103,0.648,0.631,0.642,0.000,0.070,0.803,0.860,0.653,0.631,0.847,0.755,0.855,0.451,0.590,0.631,0.648,0.850,0.819,0.817,0.653,0.653,0.827,0.835,0.653,0.659,0.659,0.625,0.648,0.814,0.824,0.830,0.806,0.764,0.653,0.834,0.847,0.451,0.750,0.571,0.716,0.653,0.817,0.759,0.642,0.824,0.721,0.696,0.636,0.653,0.800,0.759,0.857,0.792,0.451,0.631
7PNB_l_3_YZT;0.865,0.867,0.036,0.755,0.869,0.822,0.860,0.706,0.602,0.817,0.872,0.114,0.731,0.648,0.664,0.659,0.664,0.458,0.869,0.800,0.648,0.590,0.827,0.602,0.659,0.669,0.872,0.458,0.811,0.857,0.862,0.822,0.821,0.817,0.835,0.059,0.664,0.827,0.653,0.808,0.669,0.659,0.860,0.664,0.664,0.642,0.769,0.867,0.814,0.824,0.659,0.857,0.653,0.458,0.830,0.721,0.642,0.669,0.745,0.852,0.857,0.664,0.659,0.860,0.824,0.827,0.857,0.726,0.795,0.059,0.860,0.047,0.827,0.822,0.852,0.764,0.608,0.675,0.664,0.653,0.659,0.832,0.664,0.827,0.648,0.636,0.659,0.648,0.857,0.669,0.764,0.608,0.653,0.819,0.648,0.659,0.755,0.759,0.817,0.486,0.860,0.869,0.631,0.855,0.659,0.642,0.636,0.653,0.811,0.664,0.857,0.648,0.648,0.830,0.827,0.659,0.648,0.755,0.792,0.745,0.857,0.653,0.830,0.451,0.465,0.716,0.659,0.472,0.819,0.436,0.731,0.787,0.659,0.465,0.795,0.731,0.451,0.764,0.653,0.769,0.664,0.659,0.653,0.819,0.726,0.653,0.602,0.731,0.669,0.817,0.824,0.764,0.798,0.664,0.857,0.731,0.664,0.824,0.736,0.443,0.653,0.659,0.648,0.869,0.822,0.721,0.862,0.659,0.659,0.819,0.759,0.726,0.872,0.664,0.653,0.867,0.664,0.451,0.472,0.648,0.653,0.664,0.486,0.443,0.832,0.731,0.659,0.664,0.736,0.830,0.659,0.822,0.081,0.817,0.824,0.659,0.619,0.659,0.125,0.659,0.653,0.648,0.070,0.000,0.795,0.862,0.664,0.636,0.850,0.755,0.857,0.465,0.608,0.648,0.653,0.852,0.822,0.819,0.659,0.664,0.822,0.830,0.659,0.664,0.664,0.642,0.659,0.817,0.827,0.827,0.800,0.764,0.664,0.837,0.850,0.451,0.750,0.590,0.726,0.664,0.819,0.759,0.648,0.824,0.726,0.706,0.642,0.659,0.795,0.759,0.860,0.789,0.451,0.636
7PNB_T_1_NAG;0.732,0.776,0.798,0.827,0.778,0.624,0.734,0.792,0.855,0.654,0.776,0.806,0.809,0.761,0.761,0.767,0.758,0.806,0.774,0.616,0.773,0.842,0.547,0.850,0.758,0.773,0.776,0.806,0.618,0.684,0.698,0.684,0.628,0.657,0.558,0.795,0.773,0.679,0.770,0.594,0.767,0.770,0.725,0.761,0.758,0.770,0.872,0.778,0.616,0.529,0.758,0.684,0.767,0.806,0.684,0.803,0.767,0.770,0.824,0.676,0.732,0.761,0.758,0.729,0.547,0.538,0.695,0.806,0.211,0.798,0.727,0.798,0.674,0.669,0.676,0.872,0.860,0.764,0.773,0.770,0.755,0.529,0.767,0.654,0.761,0.770,0.773,0.764,0.671,0.773,0.832,0.857,0.770,0.659,0.761,0.770,0.865,0.830,0.657,0.809,0.684,0.774,0.775,0.679,0.773,0.758,0.770,0.767,0.592,0.764,0.725,0.755,0.767,0.573,0.647,0.758,0.773,0.830,0.119,0.822,0.681,0.761,0.649,0.806,0.806,0.798,0.764,0.806,0.657,0.800,0.803,0.315,0.770,0.806,0.119,0.809,0.803,0.870,0.761,0.872,0.758,0.775,0.758,0.634,0.806,0.778,0.852,0.811,0.764,0.652,0.674,0.867,0.185,0.761,0.727,0.809,0.761,0.532,0.803,0.803,0.755,0.758,0.764,0.776,0.619,0.792,0.693,0.761,0.764,0.674,0.827,0.809,0.774,0.761,0.767,0.738,0.758,0.806,0.806,0.767,0.761,0.758,0.811,0.806,0.652,0.800,0.775,0.773,0.811,0.672,0.755,0.634,0.795,0.654,0.644,0.764,0.855,0.764,0.798,0.773,0.773,0.764,0.803,0.795,0.000,0.693,0.773,0.758,0.681,0.827,0.674,0.806,0.857,0.773,0.770,0.697,0.634,0.659,0.758,0.758,0.553,0.535,0.761,0.764,0.767,0.773,0.764,0.652,0.656,0.659,0.143,0.870,0.773,0.683,0.699,0.806,0.827,0.847,0.798,0.767,0.662,0.865,0.764,0.637,0.806,0.792,0.758,0.767,0.129,0.865,0.684,0.233,0.806,0.761
7PNB_l_2_NAG;0.727,0.742,0.857,0.811,0.742,0.716,0.732,0.814,0.850,0.674,0.740,0.865,0.798,0.800,0.795,0.784,0.795,0.835,0.738,0.718,0.789,0.845,0.649,0.847,0.795,0.789,0.740,0.840,0.722,0.109,0.094,0.649,0.720,0.672,0.698,0.855,0.755,0.632,0.781,0.716,0.773,0.789,0.732,0.795,0.814,0.787,0.870,0.742,0.718,0.642,0.809,0.686,0.775,0.835,0.637,0.817,0.787,0.787,0.814,0.133,0.727,0.792,0.809,0.732,0.667,0.654,0.681,0.798,0.672,0.865,0.727,0.857,0.624,0.629,0.676,0.870,0.850,0.789,0.755,0.789,0.792,0.642,0.789,0.634,0.798,0.787,0.781,0.806,0.690,0.787,0.819,0.852,0.781,0.672,0.787,0.755,0.870,0.814,0.632,0.832,0.064,0.738,0.792,0.069,0.755,0.803,0.787,0.795,0.716,0.795,0.729,0.792,0.787,0.664,0.632,0.809,0.784,0.814,0.684,0.811,0.064,0.784,0.632,0.835,0.840,0.811,0.789,0.832,0.672,0.840,0.817,0.681,0.775,0.840,0.686,0.798,0.837,0.872,0.789,0.870,0.811,0.758,0.806,0.629,0.800,0.798,0.852,0.798,0.787,0.669,0.634,0.870,0.676,0.795,0.727,0.795,0.795,0.649,0.809,0.840,0.795,0.809,0.773,0.742,0.714,0.817,0.684,0.795,0.789,0.629,0.814,0.792,0.738,0.792,0.775,0.734,0.789,0.835,0.832,0.787,0.784,0.795,0.832,0.840,0.624,0.814,0.758,0.755,0.795,0.626,0.814,0.629,0.857,0.672,0.637,0.789,0.857,0.787,0.855,0.755,0.792,0.798,0.860,0.862,0.693,0.000,0.773,0.800,0.175,0.811,0.679,0.837,0.857,0.784,0.795,0.676,0.718,0.676,0.811,0.795,0.657,0.637,0.781,0.787,0.798,0.798,0.787,0.672,0.711,0.632,0.679,0.867,0.755,0.683,0.685,0.835,0.814,0.847,0.817,0.784,0.674,0.872,0.792,0.619,0.795,0.817,0.803,0.781,0.684,0.870,0.059,0.672,0.837,0.803
7PNB_V_6_MAN;0.798,0.811,0.659,0.636,0.813,0.781,0.803,0.602,0.706,0.775,0.805,0.669,0.675,0.316,0.366,0.272,0.374,0.642,0.808,0.773,0.358,0.696,0.787,0.706,0.436,0.263,0.805,0.625,0.781,0.773,0.778,0.752,0.781,0.775,0.778,0.659,0.507,0.743,0.059,0.797,0.081,0.245,0.798,0.443,0.520,0.333,0.764,0.816,0.784,0.781,0.514,0.809,0.059,0.642,0.758,0.642,0.226,0.486,0.642,0.767,0.795,0.366,0.520,0.800,0.789,0.784,0.805,0.669,0.775,0.669,0.800,0.659,0.749,0.743,0.797,0.764,0.711,0.374,0.507,0.254,0.413,0.773,0.479,0.746,0.316,0.316,0.036,0.342,0.795,0.486,0.653,0.711,0.070,0.778,0.479,0.500,0.750,0.653,0.743,0.636,0.775,0.808,0.333,0.770,0.500,0.316,0.308,0.272,0.792,0.443,0.798,0.398,0.235,0.784,0.740,0.514,0.226,0.642,0.773,0.648,0.770,0.390,0.743,0.642,0.631,0.608,0.479,0.636,0.778,0.631,0.636,0.770,0.047,0.631,0.770,0.659,0.642,0.759,0.390,0.764,0.514,0.507,0.507,0.731,0.664,0.358,0.706,0.664,0.350,0.775,0.746,0.755,0.764,0.436,0.798,0.664,0.436,0.778,0.631,0.659,0.429,0.514,0.070,0.808,0.778,0.625,0.806,0.429,0.398,0.752,0.648,0.659,0.808,0.366,0.070,0.806,0.358,0.642,0.636,0.358,0.479,0.374,0.648,0.653,0.740,0.625,0.507,0.507,0.669,0.737,0.514,0.734,0.664,0.775,0.737,0.479,0.726,0.366,0.648,0.500,0.350,0.308,0.653,0.664,0.773,0.773,0.000,0.308,0.778,0.636,0.798,0.631,0.716,0.226,0.308,0.800,0.773,0.778,0.514,0.374,0.784,0.775,0.382,0.390,0.451,0.358,0.472,0.775,0.789,0.743,0.767,0.759,0.507,0.786,0.805,0.642,0.648,0.701,0.625,0.479,0.778,0.759,0.390,0.734,0.659,0.602,0.325,0.366,0.770,0.750,0.778,0.770,0.659,0.316
7PNB_g_5_MAN;0.819,0.824,0.636,0.653,0.827,0.784,0.819,0.590,0.716,0.789,0.821,0.636,0.696,0.036,0.342,0.272,0.350,0.631,0.824,0.770,0.316,0.711,0.798,0.721,0.350,0.263,0.821,0.596,0.786,0.795,0.795,0.764,0.795,0.792,0.781,0.636,0.527,0.749,0.308,0.792,0.316,0.245,0.819,0.358,0.520,0.316,0.769,0.827,0.787,0.787,0.514,0.798,0.299,0.631,0.770,0.631,0.207,0.500,0.653,0.798,0.811,0.333,0.514,0.817,0.798,0.798,0.797,0.690,0.764,0.642,0.817,0.631,0.758,0.746,0.786,0.769,0.721,0.350,0.527,0.235,0.325,0.778,0.493,0.746,0.047,0.308,0.290,0.103,0.786,0.507,0.664,0.716,0.316,0.792,0.479,0.520,0.759,0.659,0.758,0.608,0.803,0.824,0.308,0.795,0.520,0.024,0.290,0.235,0.784,0.366,0.814,0.316,0.216,0.792,0.746,0.507,0.207,0.659,0.758,0.653,0.798,0.299,0.746,0.625,0.602,0.596,0.493,0.613,0.792,0.596,0.631,0.758,0.316,0.602,0.758,0.680,0.625,0.764,0.308,0.769,0.514,0.520,0.493,0.737,0.685,0.333,0.721,0.685,0.325,0.789,0.755,0.764,0.755,0.350,0.814,0.685,0.350,0.784,0.625,0.619,0.342,0.500,0.290,0.821,0.789,0.619,0.798,0.342,0.316,0.761,0.653,0.680,0.824,0.342,0.308,0.827,0.342,0.625,0.613,0.325,0.479,0.350,0.625,0.625,0.743,0.619,0.520,0.527,0.690,0.749,0.514,0.740,0.625,0.787,0.740,0.493,0.736,0.316,0.625,0.520,0.316,0.047,0.631,0.636,0.758,0.800,0.308,0.000,0.798,0.653,0.789,0.602,0.721,0.207,0.070,0.792,0.784,0.792,0.507,0.350,0.792,0.787,0.308,0.325,0.366,0.325,0.486,0.787,0.789,0.743,0.761,0.769,0.527,0.778,0.797,0.636,0.653,0.716,0.619,0.493,0.792,0.759,0.299,0.743,0.680,0.596,0.047,0.316,0.761,0.759,0.803,0.761,0.625,0.036
7PNB_0_2_NAG;0.732,0.736,0.845,0.806,0.736,0.712,0.729,0.809,0.837,0.684,0.733,0.852,0.789,0.798,0.787,0.787,0.787,0.827,0.731,0.718,0.789,0.840,0.657,0.835,0.787,0.798,0.733,0.835,0.720,0.166,0.152,0.657,0.722,0.684,0.693,0.842,0.743,0.644,0.789,0.713,0.775,0.798,0.732,0.787,0.809,0.789,0.865,0.736,0.714,0.662,0.806,0.684,0.781,0.827,0.649,0.809,0.792,0.781,0.800,0.166,0.732,0.784,0.809,0.732,0.672,0.662,0.681,0.789,0.662,0.850,0.725,0.845,0.634,0.644,0.673,0.865,0.840,0.781,0.743,0.798,0.784,0.662,0.784,0.626,0.795,0.789,0.787,0.803,0.681,0.781,0.814,0.842,0.787,0.684,0.778,0.743,0.865,0.803,0.652,0.830,0.175,0.731,0.787,0.180,0.743,0.800,0.789,0.803,0.707,0.787,0.729,0.792,0.795,0.669,0.624,0.811,0.789,0.803,0.672,0.798,0.180,0.784,0.626,0.827,0.835,0.809,0.781,0.830,0.684,0.835,0.811,0.676,0.784,0.835,0.679,0.789,0.830,0.867,0.787,0.865,0.809,0.746,0.809,0.624,0.792,0.795,0.840,0.789,0.778,0.679,0.647,0.865,0.669,0.787,0.732,0.787,0.787,0.659,0.803,0.832,0.787,0.811,0.778,0.736,0.709,0.811,0.688,0.787,0.787,0.637,0.809,0.787,0.731,0.784,0.784,0.732,0.784,0.827,0.830,0.789,0.775,0.787,0.824,0.832,0.619,0.809,0.746,0.743,0.787,0.639,0.809,0.621,0.845,0.684,0.632,0.781,0.850,0.784,0.845,0.743,0.789,0.795,0.847,0.850,0.681,0.175,0.778,0.798,0.000,0.806,0.662,0.832,0.842,0.789,0.792,0.673,0.714,0.688,0.806,0.787,0.664,0.654,0.778,0.784,0.789,0.792,0.778,0.684,0.690,0.624,0.676,0.862,0.743,0.673,0.676,0.827,0.800,0.835,0.811,0.775,0.686,0.867,0.789,0.616,0.787,0.811,0.800,0.778,0.674,0.865,0.175,0.664,0.830,0.800
7PNB_j_4_MAN;0.792,0.789,0.755,0.012,0.795,0.817,0.798,0.736,0.721,0.803,0.789,0.755,0.664,0.648,0.648,0.664,0.659,0.731,0.789,0.827,0.631,0.731,0.789,0.721,0.613,0.659,0.789,0.726,0.829,0.800,0.806,0.803,0.827,0.803,0.822,0.750,0.653,0.811,0.648,0.834,0.642,0.653,0.789,0.613,0.701,0.642,0.750,0.795,0.827,0.792,0.696,0.822,0.642,0.731,0.798,0.740,0.636,0.701,0.059,0.806,0.792,0.653,0.701,0.792,0.792,0.795,0.832,0.669,0.830,0.750,0.792,0.750,0.803,0.809,0.819,0.750,0.721,0.631,0.653,0.659,0.625,0.787,0.701,0.798,0.642,0.631,0.642,0.659,0.827,0.696,0.047,0.721,0.648,0.806,0.696,0.653,0.745,0.059,0.806,0.721,0.811,0.789,0.625,0.803,0.648,0.653,0.631,0.659,0.822,0.613,0.795,0.648,0.648,0.795,0.798,0.701,0.642,0.024,0.824,0.092,0.803,0.625,0.800,0.731,0.726,0.731,0.701,0.711,0.806,0.731,0.750,0.827,0.642,0.726,0.822,0.653,0.736,0.745,0.631,0.750,0.696,0.659,0.696,0.798,0.669,0.631,0.721,0.653,0.642,0.803,0.806,0.740,0.824,0.613,0.798,0.659,0.613,0.792,0.745,0.721,0.619,0.701,0.642,0.789,0.830,0.755,0.824,0.619,0.636,0.800,0.036,0.664,0.792,0.653,0.642,0.789,0.642,0.731,0.711,0.636,0.696,0.659,0.721,0.726,0.798,0.745,0.659,0.653,0.653,0.800,0.701,0.795,0.745,0.806,0.792,0.701,0.726,0.625,0.736,0.648,0.625,0.648,0.755,0.755,0.827,0.811,0.636,0.653,0.806,0.000,0.819,0.726,0.716,0.642,0.636,0.819,0.824,0.806,0.696,0.659,0.795,0.784,0.631,0.631,0.619,0.636,0.696,0.806,0.803,0.792,0.824,0.745,0.653,0.821,0.824,0.736,0.092,0.726,0.755,0.696,0.806,0.745,0.642,0.795,0.664,0.736,0.648,0.625,0.824,0.745,0.800,0.819,0.716,0.653
7PNB_0_1_NAG;0.732,0.757,0.857,0.819,0.753,0.718,0.738,0.800,0.842,0.727,0.753,0.860,0.798,0.789,0.798,0.806,0.803,0.837,0.755,0.714,0.811,0.845,0.674,0.840,0.784,0.809,0.753,0.845,0.711,0.672,0.684,0.707,0.725,0.732,0.723,0.852,0.809,0.695,0.800,0.713,0.795,0.809,0.736,0.784,0.806,0.817,0.891,0.749,0.712,0.667,0.806,0.175,0.800,0.837,0.695,0.787,0.803,0.817,0.814,0.667,0.743,0.800,0.809,0.736,0.681,0.672,0.285,0.798,0.667,0.857,0.734,0.855,0.688,0.698,0.178,0.891,0.845,0.795,0.809,0.809,0.787,0.667,0.817,0.714,0.787,0.817,0.806,0.792,0.231,0.817,0.824,0.842,0.803,0.729,0.811,0.809,0.893,0.822,0.707,0.847,0.669,0.755,0.806,0.676,0.806,0.792,0.811,0.811,0.705,0.781,0.738,0.803,0.806,0.681,0.712,0.809,0.800,0.819,0.669,0.817,0.676,0.795,0.718,0.835,0.845,0.795,0.814,0.845,0.727,0.847,0.789,0.681,0.798,0.845,0.672,0.795,0.840,0.891,0.798,0.891,0.809,0.811,0.803,0.716,0.795,0.803,0.842,0.792,0.798,0.723,0.695,0.893,0.664,0.784,0.738,0.792,0.784,0.667,0.787,0.835,0.784,0.806,0.800,0.751,0.714,0.792,0.224,0.787,0.800,0.693,0.822,0.798,0.751,0.798,0.798,0.738,0.798,0.835,0.845,0.814,0.811,0.803,0.847,0.837,0.705,0.787,0.811,0.809,0.792,0.693,0.803,0.709,0.852,0.732,0.714,0.814,0.845,0.800,0.855,0.806,0.803,0.789,0.855,0.857,0.674,0.679,0.798,0.789,0.662,0.819,0.000,0.847,0.842,0.800,0.792,0.227,0.705,0.732,0.800,0.798,0.681,0.662,0.800,0.803,0.781,0.809,0.811,0.732,0.744,0.714,0.669,0.893,0.809,0.301,0.235,0.840,0.817,0.842,0.789,0.811,0.732,0.896,0.803,0.714,0.792,0.803,0.789,0.798,0.669,0.893,0.679,0.676,0.832,0.789
7PNB_T_3_YZT;0.855,0.867,0.458,0.726,0.872,0.809,0.852,0.690,0.613,0.811,0.869,0.429,0.701,0.613,0.619,0.608,0.619,0.350,0.867,0.798,0.590,0.608,0.819,0.613,0.636,0.619,0.869,0.036,0.816,0.835,0.840,0.798,0.819,0.811,0.819,0.451,0.625,0.800,0.619,0.821,0.636,0.613,0.850,0.642,0.553,0.602,0.726,0.874,0.806,0.819,0.546,0.852,0.613,0.358,0.809,0.701,0.596,0.546,0.726,0.827,0.845,0.619,0.546,0.850,0.822,0.819,0.845,0.696,0.806,0.472,0.850,0.465,0.806,0.803,0.845,0.721,0.625,0.631,0.625,0.608,0.625,0.822,0.540,0.819,0.608,0.596,0.619,0.602,0.837,0.540,0.736,0.619,0.619,0.814,0.527,0.613,0.711,0.736,0.803,0.070,0.835,0.867,0.584,0.830,0.625,0.608,0.596,0.602,0.811,0.642,0.847,0.619,0.596,0.830,0.817,0.546,0.602,0.731,0.806,0.726,0.832,0.631,0.817,0.350,0.047,0.690,0.533,0.092,0.814,0.146,0.706,0.789,0.625,0.036,0.800,0.690,0.342,0.716,0.631,0.726,0.553,0.619,0.540,0.809,0.701,0.590,0.613,0.706,0.625,0.811,0.803,0.716,0.806,0.642,0.850,0.706,0.642,0.814,0.696,0.366,0.631,0.546,0.608,0.869,0.814,0.711,0.850,0.636,0.642,0.806,0.731,0.696,0.869,0.619,0.613,0.855,0.619,0.350,0.103,0.590,0.520,0.619,0.136,0.382,0.814,0.701,0.619,0.625,0.711,0.803,0.546,0.811,0.458,0.809,0.811,0.533,0.636,0.636,0.443,0.625,0.590,0.613,0.451,0.465,0.806,0.837,0.631,0.602,0.832,0.726,0.847,0.000,0.619,0.602,0.613,0.845,0.811,0.814,0.546,0.619,0.819,0.819,0.636,0.642,0.642,0.590,0.527,0.809,0.797,0.817,0.803,0.716,0.625,0.837,0.847,0.366,0.726,0.602,0.711,0.533,0.814,0.711,0.625,0.800,0.701,0.690,0.602,0.636,0.806,0.711,0.835,0.795,0.366,0.596
7PNB_L_3_YZT;0.847,0.845,0.590,0.716,0.850,0.837,0.842,0.731,0.047,0.865,0.845,0.608,0.690,0.716,0.716,0.740,0.721,0.584,0.845,0.842,0.750,0.146,0.835,0.070,0.716,0.750,0.845,0.613,0.850,0.852,0.860,0.845,0.837,0.862,0.852,0.590,0.675,0.845,0.726,0.857,0.706,0.745,0.845,0.716,0.750,0.750,0.769,0.847,0.840,0.842,0.745,0.842,0.726,0.578,0.837,0.736,0.731,0.726,0.711,0.852,0.852,0.721,0.745,0.845,0.830,0.832,0.845,0.696,0.857,0.608,0.847,0.590,0.840,0.845,0.840,0.769,0.047,0.701,0.675,0.750,0.716,0.835,0.726,0.847,0.716,0.736,0.731,0.726,0.837,0.721,0.731,0.024,0.726,0.865,0.721,0.680,0.778,0.726,0.847,0.625,0.855,0.842,0.731,0.855,0.669,0.721,0.740,0.750,0.840,0.716,0.847,0.740,0.740,0.835,0.845,0.745,0.736,0.716,0.857,0.716,0.852,0.731,0.850,0.578,0.613,0.726,0.721,0.613,0.865,0.631,0.726,0.852,0.721,0.613,0.857,0.685,0.590,0.764,0.736,0.769,0.745,0.680,0.740,0.845,0.701,0.726,0.059,0.685,0.706,0.865,0.842,0.769,0.855,0.716,0.855,0.690,0.716,0.830,0.731,0.578,0.721,0.745,0.731,0.847,0.832,0.721,0.845,0.716,0.736,0.845,0.726,0.696,0.847,0.716,0.726,0.850,0.711,0.578,0.625,0.755,0.721,0.721,0.625,0.571,0.845,0.721,0.680,0.675,0.685,0.842,0.745,0.842,0.590,0.865,0.845,0.721,0.103,0.731,0.596,0.669,0.716,0.716,0.590,0.608,0.857,0.857,0.716,0.721,0.842,0.716,0.842,0.619,0.000,0.736,0.706,0.837,0.835,0.865,0.745,0.716,0.827,0.837,0.731,0.736,0.716,0.736,0.716,0.865,0.837,0.847,0.860,0.769,0.675,0.834,0.837,0.584,0.716,0.092,0.721,0.716,0.865,0.773,0.740,0.845,0.696,0.731,0.721,0.726,0.857,0.773,0.857,0.852,0.565,0.721
7PNB_x_5_MAN;0.819,0.834,0.642,0.642,0.837,0.792,0.822,0.596,0.726,0.775,0.832,0.648,0.664,0.226,0.374,0.146,0.382,0.642,0.834,0.773,0.226,0.716,0.795,0.726,0.421,0.070,0.832,0.602,0.792,0.781,0.781,0.758,0.795,0.775,0.784,0.648,0.527,0.743,0.226,0.803,0.263,0.070,0.817,0.429,0.500,0.187,0.759,0.840,0.792,0.789,0.493,0.806,0.216,0.642,0.764,0.625,0.024,0.465,0.642,0.778,0.817,0.366,0.500,0.819,0.798,0.792,0.803,0.659,0.775,0.653,0.819,0.648,0.752,0.743,0.795,0.759,0.731,0.390,0.527,0.036,0.398,0.784,0.458,0.749,0.216,0.207,0.197,0.235,0.792,0.465,0.653,0.731,0.235,0.778,0.443,0.514,0.750,0.648,0.749,0.613,0.787,0.834,0.226,0.778,0.520,0.216,0.197,0.081,0.792,0.429,0.817,0.299,0.036,0.789,0.749,0.493,0.000,0.648,0.773,0.642,0.781,0.299,0.749,0.642,0.602,0.596,0.458,0.613,0.778,0.608,0.625,0.770,0.235,0.602,0.767,0.648,0.636,0.755,0.308,0.759,0.500,0.527,0.486,0.740,0.653,0.254,0.726,0.653,0.366,0.775,0.752,0.755,0.764,0.421,0.819,0.653,0.421,0.789,0.619,0.642,0.413,0.493,0.207,0.832,0.792,0.613,0.803,0.413,0.308,0.758,0.642,0.648,0.834,0.374,0.226,0.824,0.358,0.642,0.613,0.216,0.443,0.382,0.631,0.648,0.746,0.613,0.527,0.527,0.659,0.746,0.493,0.743,0.648,0.775,0.743,0.458,0.745,0.308,0.636,0.520,0.245,0.226,0.631,0.648,0.773,0.784,0.226,0.207,0.789,0.642,0.800,0.602,0.736,0.000,0.226,0.797,0.784,0.778,0.493,0.382,0.789,0.784,0.281,0.299,0.436,0.254,0.451,0.775,0.783,0.746,0.764,0.759,0.527,0.781,0.803,0.648,0.642,0.721,0.613,0.458,0.778,0.750,0.290,0.740,0.648,0.596,0.216,0.290,0.770,0.750,0.787,0.764,0.648,0.207
7PNB_l_5_MAN;0.809,0.821,0.653,0.636,0.824,0.789,0.811,0.602,0.701,0.792,0.819,0.653,0.690,0.036,0.366,0.299,0.374,0.625,0.821,0.781,0.308,0.696,0.798,0.706,0.333,0.281,0.819,0.608,0.797,0.787,0.789,0.767,0.803,0.792,0.778,0.653,0.520,0.749,0.325,0.805,0.308,0.263,0.809,0.342,0.527,0.316,0.759,0.824,0.792,0.789,0.520,0.800,0.316,0.625,0.767,0.642,0.226,0.507,0.636,0.792,0.803,0.358,0.527,0.809,0.798,0.798,0.803,0.685,0.775,0.659,0.811,0.648,0.755,0.746,0.789,0.759,0.706,0.350,0.520,0.254,0.325,0.778,0.500,0.746,0.059,0.333,0.299,0.114,0.792,0.514,0.648,0.701,0.333,0.795,0.486,0.520,0.759,0.642,0.761,0.619,0.795,0.821,0.325,0.787,0.514,0.047,0.316,0.254,0.789,0.342,0.809,0.325,0.235,0.792,0.746,0.520,0.226,0.642,0.770,0.636,0.792,0.281,0.746,0.631,0.613,0.608,0.500,0.625,0.795,0.608,0.642,0.770,0.333,0.613,0.770,0.675,0.631,0.755,0.299,0.759,0.527,0.514,0.507,0.737,0.680,0.333,0.706,0.675,0.342,0.792,0.755,0.755,0.767,0.333,0.806,0.680,0.333,0.784,0.636,0.619,0.342,0.514,0.308,0.819,0.795,0.631,0.800,0.325,0.272,0.761,0.636,0.675,0.821,0.366,0.325,0.817,0.366,0.631,0.625,0.325,0.486,0.374,0.636,0.625,0.743,0.631,0.514,0.520,0.680,0.746,0.520,0.740,0.642,0.792,0.740,0.500,0.721,0.281,0.636,0.514,0.325,0.024,0.648,0.653,0.770,0.795,0.308,0.070,0.792,0.636,0.792,0.613,0.706,0.226,0.000,0.795,0.789,0.795,0.514,0.374,0.792,0.787,0.272,0.290,0.350,0.333,0.493,0.792,0.797,0.743,0.773,0.759,0.520,0.781,0.800,0.631,0.636,0.701,0.631,0.500,0.795,0.750,0.299,0.743,0.675,0.608,0.059,0.272,0.773,0.759,0.795,0.770,0.613,0.070
7PNB_W_1_NAG;0.744,0.759,0.852,0.819,0.755,0.731,0.753,0.800,0.832,0.722,0.755,0.850,0.800,0.792,0.797,0.808,0.803,0.829,0.757,0.727,0.805,0.832,0.695,0.829,0.772,0.805,0.755,0.842,0.724,0.671,0.676,0.695,0.731,0.725,0.736,0.845,0.805,0.690,0.803,0.722,0.797,0.805,0.749,0.772,0.805,0.813,0.886,0.748,0.729,0.688,0.805,0.131,0.803,0.829,0.683,0.781,0.797,0.813,0.816,0.676,0.749,0.803,0.805,0.751,0.699,0.692,0.171,0.800,0.692,0.850,0.749,0.847,0.681,0.692,0.099,0.886,0.837,0.792,0.805,0.805,0.775,0.690,0.813,0.722,0.789,0.813,0.808,0.792,0.212,0.811,0.824,0.837,0.805,0.725,0.808,0.805,0.888,0.821,0.706,0.845,0.676,0.757,0.803,0.678,0.803,0.795,0.811,0.808,0.718,0.769,0.753,0.803,0.803,0.706,0.716,0.808,0.797,0.819,0.692,0.819,0.673,0.797,0.729,0.827,0.842,0.795,0.811,0.840,0.722,0.847,0.783,0.706,0.800,0.842,0.690,0.797,0.832,0.886,0.797,0.886,0.808,0.808,0.805,0.720,0.797,0.803,0.832,0.795,0.795,0.718,0.683,0.888,0.688,0.772,0.751,0.795,0.772,0.685,0.781,0.824,0.772,0.808,0.803,0.753,0.731,0.792,0.209,0.775,0.800,0.685,0.824,0.800,0.753,0.800,0.800,0.755,0.797,0.827,0.840,0.808,0.808,0.803,0.845,0.827,0.713,0.783,0.808,0.805,0.795,0.688,0.803,0.713,0.845,0.720,0.722,0.811,0.840,0.800,0.845,0.803,0.800,0.792,0.850,0.852,0.697,0.676,0.800,0.792,0.673,0.819,0.227,0.845,0.837,0.797,0.795,0.000,0.725,0.727,0.803,0.800,0.702,0.681,0.797,0.803,0.769,0.805,0.808,0.718,0.742,0.722,0.690,0.888,0.805,0.203,0.089,0.832,0.819,0.829,0.786,0.808,0.727,0.891,0.803,0.713,0.795,0.803,0.792,0.795,0.688,0.888,0.678,0.695,0.821,0.789
7PNB_f_1_NAG;0.747,0.768,0.819,0.824,0.774,0.267,0.758,0.798,0.837,0.654,0.768,0.817,0.800,0.784,0.787,0.781,0.784,0.798,0.768,0.180,0.792,0.837,0.662,0.835,0.787,0.787,0.768,0.814,0.273,0.718,0.725,0.629,0.301,0.649,0.662,0.822,0.795,0.639,0.773,0.309,0.770,0.784,0.751,0.789,0.789,0.789,0.877,0.770,0.229,0.649,0.787,0.709,0.773,0.798,0.624,0.806,0.784,0.787,0.824,0.718,0.749,0.789,0.789,0.753,0.679,0.672,0.722,0.803,0.611,0.822,0.751,0.819,0.629,0.642,0.709,0.877,0.837,0.789,0.795,0.784,0.781,0.654,0.784,0.619,0.784,0.781,0.775,0.787,0.697,0.787,0.832,0.835,0.775,0.654,0.784,0.798,0.872,0.830,0.624,0.814,0.718,0.766,0.778,0.716,0.795,0.784,0.781,0.787,0.242,0.792,0.751,0.784,0.784,0.688,0.613,0.789,0.784,0.827,0.632,0.824,0.709,0.784,0.624,0.798,0.811,0.789,0.781,0.814,0.652,0.814,0.800,0.595,0.770,0.811,0.634,0.800,0.798,0.877,0.787,0.877,0.787,0.792,0.784,0.624,0.806,0.784,0.835,0.806,0.787,0.657,0.634,0.874,0.632,0.789,0.743,0.803,0.789,0.657,0.798,0.800,0.784,0.787,0.775,0.772,0.237,0.800,0.702,0.787,0.792,0.637,0.830,0.806,0.768,0.787,0.770,0.760,0.787,0.798,0.814,0.789,0.784,0.784,0.817,0.798,0.611,0.798,0.792,0.795,0.806,0.634,0.787,0.608,0.817,0.649,0.619,0.781,0.837,0.792,0.819,0.795,0.781,0.787,0.819,0.822,0.634,0.718,0.773,0.784,0.714,0.824,0.705,0.811,0.835,0.784,0.789,0.725,0.000,0.654,0.784,0.784,0.676,0.657,0.792,0.792,0.792,0.781,0.781,0.649,0.671,0.629,0.642,0.874,0.795,0.718,0.725,0.800,0.824,0.832,0.800,0.784,0.659,0.877,0.787,0.629,0.806,0.800,0.784,0.789,0.637,0.872,0.716,0.608,0.803,0.784
7PNB_m_2_NAG;0.740,0.778,0.817,0.806,0.778,0.652,0.749,0.832,0.860,0.032,0.778,0.817,0.792,0.792,0.787,0.778,0.787,0.798,0.778,0.649,0.781,0.852,0.681,0.857,0.792,0.781,0.778,0.819,0.646,0.669,0.669,0.467,0.659,0.016,0.684,0.819,0.781,0.514,0.784,0.654,0.778,0.781,0.743,0.795,0.792,0.781,0.867,0.782,0.652,0.667,0.789,0.734,0.781,0.798,0.474,0.832,0.778,0.798,0.806,0.676,0.740,0.787,0.795,0.743,0.679,0.676,0.718,0.789,0.652,0.819,0.738,0.817,0.502,0.502,0.727,0.867,0.865,0.787,0.781,0.781,0.792,0.664,0.795,0.586,0.789,0.784,0.781,0.792,0.718,0.795,0.809,0.865,0.787,0.027,0.789,0.781,0.865,0.806,0.486,0.819,0.679,0.778,0.781,0.674,0.781,0.792,0.787,0.787,0.644,0.795,0.740,0.781,0.781,0.684,0.578,0.795,0.778,0.806,0.667,0.803,0.672,0.781,0.578,0.798,0.817,0.830,0.792,0.817,0.022,0.819,0.835,0.659,0.778,0.817,0.669,0.792,0.798,0.870,0.781,0.867,0.795,0.781,0.795,0.564,0.789,0.784,0.857,0.795,0.789,0.027,0.505,0.867,0.669,0.795,0.736,0.789,0.795,0.652,0.830,0.795,0.789,0.798,0.778,0.778,0.652,0.835,0.727,0.795,0.778,0.493,0.806,0.789,0.778,0.787,0.778,0.747,0.784,0.798,0.817,0.781,0.789,0.787,0.819,0.798,0.586,0.835,0.781,0.781,0.792,0.517,0.789,0.561,0.814,0.059,0.570,0.792,0.865,0.778,0.811,0.781,0.781,0.789,0.817,0.819,0.659,0.676,0.778,0.792,0.688,0.806,0.732,0.814,0.865,0.778,0.795,0.727,0.654,0.000,0.792,0.787,0.693,0.664,0.775,0.778,0.798,0.784,0.792,0.059,0.690,0.584,0.669,0.865,0.781,0.720,0.727,0.798,0.806,0.855,0.837,0.795,0.011,0.870,0.784,0.567,0.787,0.832,0.789,0.775,0.672,0.865,0.674,0.657,0.798,0.787
7PNB_s_4_BGC;0.840,0.850,0.648,0.696,0.852,0.784,0.840,0.590,0.740,0.789,0.850,0.636,0.696,0.514,0.546,0.486,0.546,0.553,0.850,0.778,0.472,0.721,0.798,0.731,0.500,0.493,0.850,0.559,0.792,0.803,0.809,0.795,0.792,0.789,0.809,0.648,0.571,0.775,0.486,0.795,0.527,0.493,0.837,0.507,0.024,0.465,0.809,0.855,0.781,0.798,0.024,0.809,0.493,0.553,0.803,0.625,0.486,0.263,0.701,0.800,0.832,0.540,0.092,0.837,0.798,0.798,0.805,0.690,0.758,0.653,0.837,0.659,0.795,0.781,0.803,0.809,0.750,0.565,0.571,0.479,0.486,0.795,0.254,0.806,0.500,0.458,0.493,0.472,0.795,0.272,0.706,0.745,0.486,0.792,0.226,0.559,0.796,0.701,0.767,0.553,0.809,0.850,0.465,0.800,0.565,0.507,0.451,0.479,0.781,0.500,0.835,0.421,0.486,0.809,0.800,0.081,0.493,0.701,0.755,0.696,0.806,0.443,0.800,0.559,0.546,0.602,0.245,0.546,0.792,0.553,0.619,0.752,0.500,0.546,0.749,0.685,0.546,0.804,0.436,0.809,0.059,0.565,0.059,0.792,0.690,0.472,0.736,0.696,0.565,0.789,0.787,0.800,0.752,0.507,0.835,0.690,0.507,0.784,0.613,0.559,0.493,0.070,0.486,0.850,0.792,0.608,0.806,0.500,0.451,0.789,0.701,0.685,0.850,0.546,0.493,0.847,0.553,0.559,0.546,0.472,0.245,0.546,0.559,0.559,0.798,0.619,0.565,0.571,0.696,0.778,0.036,0.795,0.648,0.789,0.795,0.245,0.745,0.443,0.631,0.565,0.479,0.514,0.653,0.659,0.758,0.811,0.514,0.507,0.806,0.696,0.800,0.546,0.745,0.493,0.514,0.803,0.784,0.792,0.000,0.553,0.803,0.800,0.458,0.443,0.507,0.479,0.254,0.789,0.781,0.803,0.749,0.804,0.571,0.792,0.813,0.559,0.696,0.726,0.608,0.263,0.792,0.796,0.429,0.781,0.685,0.596,0.500,0.458,0.752,0.796,0.806,0.755,0.565,0.514
7PNB_m_6_MAN;0.822,0.816,0.653,0.659,0.821,0.784,0.822,0.619,0.706,0.784,0.813,0.669,0.648,0.366,0.024,0.413,0.024,0.659,0.813,0.778,0.429,0.701,0.787,0.706,0.451,0.413,0.813,0.625,0.789,0.792,0.798,0.761,0.786,0.784,0.761,0.664,0.514,0.746,0.358,0.797,0.358,0.398,0.822,0.458,0.553,0.443,0.750,0.821,0.787,0.781,0.546,0.803,0.350,0.659,0.773,0.648,0.382,0.514,0.659,0.787,0.817,0.036,0.540,0.824,0.784,0.789,0.803,0.642,0.758,0.669,0.824,0.653,0.755,0.746,0.795,0.750,0.711,0.081,0.514,0.390,0.443,0.773,0.507,0.767,0.374,0.429,0.366,0.366,0.789,0.514,0.669,0.711,0.350,0.787,0.514,0.507,0.745,0.664,0.749,0.636,0.798,0.813,0.429,0.792,0.514,0.358,0.429,0.406,0.789,0.465,0.822,0.382,0.374,0.778,0.767,0.540,0.382,0.664,0.761,0.659,0.789,0.421,0.767,0.659,0.619,0.625,0.507,0.636,0.787,0.631,0.648,0.758,0.358,0.619,0.758,0.642,0.653,0.745,0.406,0.750,0.546,0.514,0.540,0.758,0.648,0.451,0.711,0.659,0.081,0.784,0.755,0.750,0.758,0.465,0.822,0.653,0.465,0.770,0.631,0.659,0.443,0.546,0.358,0.816,0.787,0.648,0.806,0.458,0.429,0.761,0.664,0.642,0.816,0.012,0.342,0.830,0.059,0.659,0.636,0.436,0.507,0.024,0.653,0.659,0.764,0.648,0.514,0.514,0.659,0.749,0.546,0.761,0.642,0.778,0.761,0.507,0.726,0.413,0.648,0.514,0.436,0.374,0.653,0.664,0.758,0.795,0.374,0.350,0.787,0.659,0.798,0.619,0.716,0.382,0.374,0.800,0.784,0.787,0.553,0.000,0.784,0.778,0.406,0.421,0.472,0.443,0.500,0.778,0.761,0.764,0.758,0.755,0.514,0.783,0.803,0.664,0.659,0.701,0.648,0.507,0.787,0.745,0.406,0.758,0.648,0.619,0.374,0.406,0.761,0.745,0.795,0.752,0.664,0.366
7PNB_X_1_NAG;0.738,0.755,0.827,0.795,0.757,0.686,0.751,0.795,0.824,0.691,0.757,0.824,0.795,0.792,0.784,0.789,0.784,0.822,0.755,0.681,0.798,0.822,0.109,0.819,0.789,0.795,0.757,0.819,0.685,0.654,0.664,0.688,0.690,0.688,0.613,0.819,0.787,0.695,0.789,0.695,0.784,0.789,0.747,0.789,0.809,0.798,0.857,0.755,0.684,0.287,0.806,0.705,0.781,0.822,0.681,0.798,0.784,0.800,0.787,0.647,0.745,0.787,0.806,0.751,0.104,0.124,0.699,0.792,0.532,0.822,0.747,0.822,0.686,0.695,0.699,0.857,0.830,0.781,0.787,0.792,0.787,0.323,0.800,0.659,0.792,0.795,0.789,0.800,0.692,0.800,0.798,0.827,0.787,0.691,0.798,0.787,0.857,0.787,0.691,0.817,0.652,0.755,0.784,0.649,0.787,0.792,0.792,0.795,0.676,0.792,0.749,0.809,0.787,0.207,0.657,0.803,0.789,0.792,0.567,0.778,0.639,0.803,0.657,0.822,0.819,0.792,0.798,0.814,0.688,0.819,0.800,0.538,0.784,0.819,0.564,0.798,0.822,0.857,0.809,0.857,0.809,0.789,0.798,0.654,0.792,0.787,0.822,0.795,0.778,0.688,0.691,0.857,0.589,0.789,0.743,0.795,0.789,0.202,0.800,0.819,0.789,0.800,0.781,0.757,0.688,0.795,0.698,0.787,0.809,0.691,0.798,0.792,0.755,0.787,0.784,0.760,0.778,0.822,0.814,0.792,0.795,0.784,0.814,0.822,0.662,0.795,0.789,0.787,0.795,0.684,0.806,0.654,0.824,0.693,0.654,0.798,0.830,0.809,0.824,0.787,0.784,0.795,0.827,0.822,0.553,0.657,0.784,0.792,0.664,0.795,0.681,0.819,0.827,0.789,0.792,0.702,0.676,0.693,0.803,0.784,0.000,0.254,0.806,0.809,0.795,0.787,0.795,0.686,0.731,0.662,0.584,0.857,0.787,0.688,0.704,0.824,0.781,0.822,0.800,0.795,0.695,0.860,0.806,0.662,0.792,0.795,0.792,0.809,0.573,0.857,0.647,0.523,0.819,0.798
7PNB_c_1_NAG;0.716,0.759,0.835,0.784,0.761,0.654,0.725,0.800,0.835,0.664,0.761,0.832,0.798,0.787,0.778,0.784,0.778,0.822,0.759,0.654,0.792,0.827,0.202,0.830,0.784,0.789,0.761,0.819,0.664,0.642,0.649,0.672,0.676,0.659,0.589,0.827,0.795,0.672,0.775,0.668,0.773,0.784,0.721,0.784,0.806,0.792,0.860,0.759,0.652,0.053,0.803,0.679,0.773,0.822,0.662,0.809,0.781,0.803,0.778,0.632,0.721,0.781,0.806,0.725,0.246,0.194,0.685,0.795,0.523,0.830,0.721,0.830,0.664,0.662,0.678,0.860,0.835,0.775,0.795,0.787,0.781,0.171,0.803,0.642,0.787,0.789,0.781,0.795,0.673,0.803,0.787,0.832,0.775,0.664,0.803,0.795,0.857,0.778,0.662,0.817,0.639,0.759,0.781,0.637,0.795,0.787,0.787,0.789,0.654,0.787,0.723,0.803,0.781,0.357,0.644,0.803,0.784,0.784,0.541,0.770,0.624,0.800,0.647,0.822,0.819,0.798,0.803,0.814,0.662,0.819,0.811,0.544,0.773,0.819,0.541,0.800,0.822,0.860,0.800,0.860,0.806,0.798,0.798,0.642,0.795,0.784,0.832,0.798,0.775,0.659,0.664,0.857,0.556,0.784,0.721,0.798,0.784,0.202,0.811,0.819,0.784,0.800,0.773,0.761,0.654,0.806,0.684,0.781,0.800,0.667,0.787,0.795,0.759,0.781,0.773,0.736,0.773,0.822,0.814,0.787,0.800,0.778,0.817,0.822,0.639,0.806,0.798,0.795,0.798,0.649,0.803,0.632,0.832,0.667,0.642,0.803,0.835,0.800,0.832,0.795,0.781,0.789,0.835,0.830,0.535,0.637,0.775,0.787,0.654,0.784,0.662,0.819,0.837,0.784,0.787,0.681,0.657,0.664,0.800,0.778,0.254,0.000,0.798,0.800,0.789,0.784,0.800,0.659,0.706,0.642,0.558,0.857,0.795,0.678,0.688,0.824,0.773,0.832,0.811,0.800,0.667,0.860,0.798,0.647,0.795,0.800,0.787,0.800,0.553,0.857,0.626,0.508,0.819,0.792
7PNB_W_6_MAN;0.819,0.827,0.648,0.631,0.832,0.789,0.822,0.636,0.721,0.773,0.824,0.653,0.685,0.281,0.406,0.333,0.398,0.625,0.829,0.775,0.299,0.711,0.809,0.721,0.374,0.325,0.824,0.631,0.789,0.773,0.775,0.773,0.797,0.773,0.778,0.653,0.546,0.755,0.390,0.792,0.390,0.325,0.817,0.382,0.458,0.281,0.740,0.829,0.787,0.800,0.451,0.800,0.382,0.625,0.775,0.642,0.272,0.458,0.636,0.775,0.814,0.390,0.458,0.819,0.809,0.809,0.800,0.680,0.758,0.664,0.822,0.648,0.770,0.755,0.792,0.740,0.726,0.382,0.546,0.308,0.382,0.798,0.451,0.781,0.290,0.299,0.374,0.308,0.795,0.451,0.642,0.726,0.390,0.775,0.436,0.540,0.736,0.642,0.764,0.642,0.781,0.827,0.333,0.773,0.540,0.290,0.316,0.325,0.784,0.382,0.819,0.125,0.299,0.792,0.778,0.451,0.281,0.636,0.758,0.636,0.778,0.092,0.778,0.631,0.636,0.631,0.451,0.631,0.775,0.625,0.653,0.767,0.406,0.636,0.764,0.675,0.631,0.736,0.070,0.740,0.458,0.546,0.451,0.770,0.680,0.350,0.726,0.680,0.398,0.773,0.758,0.736,0.761,0.374,0.817,0.685,0.374,0.792,0.648,0.625,0.374,0.458,0.374,0.824,0.792,0.642,0.800,0.374,0.047,0.770,0.631,0.669,0.829,0.398,0.398,0.824,0.406,0.631,0.631,0.299,0.436,0.398,0.648,0.631,0.775,0.642,0.546,0.546,0.685,0.758,0.465,0.773,0.648,0.773,0.773,0.451,0.740,0.047,0.636,0.540,0.342,0.281,0.653,0.659,0.761,0.781,0.382,0.308,0.778,0.631,0.800,0.636,0.731,0.281,0.272,0.797,0.792,0.775,0.458,0.406,0.806,0.798,0.000,0.024,0.390,0.333,0.443,0.773,0.789,0.778,0.764,0.740,0.546,0.792,0.803,0.631,0.636,0.716,0.642,0.451,0.775,0.731,0.081,0.764,0.680,0.636,0.290,0.024,0.758,0.736,0.781,0.761,0.625,0.290
7PNB_g_6_MAN;0.819,0.827,0.653,0.631,0.832,0.789,0.822,0.631,0.726,0.775,0.824,0.659,0.680,0.299,0.421,0.350,0.413,0.631,0.829,0.775,0.316,0.716,0.811,0.726,0.390,0.342,0.824,0.636,0.789,0.778,0.781,0.775,0.797,0.775,0.784,0.659,0.553,0.758,0.390,0.792,0.398,0.342,0.817,0.398,0.443,0.299,0.736,0.829,0.787,0.803,0.436,0.803,0.390,0.631,0.778,0.636,0.290,0.458,0.636,0.781,0.814,0.406,0.443,0.819,0.811,0.811,0.803,0.675,0.761,0.669,0.822,0.653,0.773,0.758,0.795,0.736,0.731,0.398,0.553,0.325,0.398,0.800,0.451,0.787,0.308,0.316,0.382,0.325,0.797,0.443,0.642,0.731,0.390,0.778,0.436,0.546,0.731,0.642,0.767,0.648,0.787,0.827,0.350,0.778,0.546,0.308,0.333,0.342,0.784,0.398,0.819,0.125,0.316,0.795,0.784,0.436,0.299,0.636,0.761,0.636,0.784,0.092,0.784,0.636,0.642,0.625,0.451,0.636,0.778,0.631,0.648,0.770,0.413,0.642,0.767,0.669,0.636,0.731,0.070,0.736,0.443,0.553,0.436,0.775,0.675,0.350,0.731,0.675,0.413,0.775,0.761,0.731,0.764,0.390,0.817,0.680,0.390,0.795,0.642,0.631,0.390,0.443,0.382,0.824,0.792,0.636,0.803,0.390,0.047,0.773,0.631,0.664,0.829,0.413,0.406,0.824,0.421,0.636,0.636,0.316,0.436,0.413,0.653,0.636,0.781,0.636,0.553,0.553,0.680,0.761,0.451,0.778,0.653,0.775,0.778,0.451,0.745,0.047,0.642,0.546,0.358,0.299,0.659,0.664,0.764,0.787,0.390,0.325,0.784,0.631,0.803,0.642,0.736,0.299,0.290,0.803,0.792,0.778,0.443,0.421,0.809,0.800,0.024,0.000,0.406,0.350,0.443,0.775,0.792,0.784,0.767,0.736,0.553,0.795,0.808,0.636,0.636,0.721,0.636,0.451,0.778,0.726,0.081,0.770,0.675,0.631,0.308,0.047,0.761,0.731,0.787,0.764,0.631,0.308
7PNB_r_5_MAN;0.814,0.795,0.659,0.619,0.797,0.781,0.817,0.669,0.711,0.795,0.795,0.659,0.706,0.366,0.465,0.451,0.465,0.636,0.795,0.778,0.458,0.690,0.795,0.706,0.036,0.465,0.795,0.636,0.789,0.789,0.792,0.770,0.789,0.795,0.795,0.648,0.565,0.758,0.458,0.786,0.436,0.465,0.817,0.024,0.520,0.465,0.778,0.795,0.787,0.787,0.514,0.775,0.451,0.636,0.767,0.680,0.436,0.546,0.608,0.798,0.809,0.458,0.533,0.814,0.792,0.795,0.778,0.701,0.770,0.653,0.817,0.659,0.758,0.755,0.772,0.778,0.716,0.443,0.565,0.458,0.070,0.778,0.540,0.767,0.350,0.458,0.458,0.366,0.775,0.546,0.625,0.711,0.451,0.798,0.533,0.565,0.773,0.613,0.758,0.642,0.800,0.795,0.436,0.792,0.565,0.374,0.443,0.451,0.781,0.012,0.814,0.436,0.443,0.787,0.764,0.527,0.436,0.613,0.761,0.608,0.795,0.382,0.761,0.636,0.642,0.669,0.540,0.642,0.798,0.631,0.690,0.764,0.451,0.642,0.767,0.690,0.642,0.773,0.398,0.778,0.527,0.565,0.514,0.755,0.696,0.451,0.706,0.690,0.451,0.795,0.764,0.769,0.758,0.036,0.809,0.701,0.036,0.787,0.685,0.625,0.047,0.520,0.443,0.792,0.789,0.680,0.778,0.047,0.406,0.767,0.619,0.696,0.795,0.465,0.443,0.822,0.465,0.636,0.642,0.465,0.527,0.465,0.642,0.631,0.761,0.680,0.565,0.565,0.701,0.755,0.514,0.758,0.659,0.795,0.755,0.540,0.711,0.406,0.636,0.565,0.443,0.366,0.659,0.664,0.767,0.798,0.451,0.366,0.789,0.619,0.781,0.642,0.716,0.436,0.350,0.769,0.792,0.798,0.507,0.472,0.795,0.789,0.390,0.406,0.000,0.451,0.533,0.795,0.808,0.767,0.764,0.773,0.565,0.763,0.772,0.642,0.608,0.701,0.680,0.540,0.798,0.764,0.413,0.749,0.696,0.675,0.366,0.390,0.758,0.773,0.800,0.775,0.619,0.374
7PNB_Y_6_MAN;0.817,0.834,0.631,0.636,0.840,0.778,0.817,0.590,0.731,0.781,0.832,0.625,0.701,0.325,0.436,0.216,0.451,0.636,0.837,0.767,0.081,0.721,0.792,0.731,0.429,0.235,0.832,0.596,0.783,0.795,0.789,0.755,0.783,0.781,0.792,0.636,0.565,0.749,0.358,0.786,0.390,0.235,0.814,0.436,0.479,0.125,0.773,0.840,0.778,0.787,0.486,0.817,0.342,0.636,0.770,0.613,0.254,0.451,0.631,0.795,0.811,0.429,0.465,0.814,0.795,0.789,0.803,0.696,0.773,0.636,0.814,0.642,0.758,0.749,0.805,0.773,0.736,0.458,0.565,0.245,0.406,0.784,0.443,0.761,0.342,0.092,0.333,0.299,0.803,0.465,0.653,0.731,0.366,0.784,0.429,0.553,0.764,0.642,0.746,0.602,0.798,0.834,0.036,0.789,0.559,0.316,0.092,0.207,0.775,0.443,0.811,0.290,0.245,0.787,0.761,0.458,0.254,0.631,0.770,0.636,0.795,0.299,0.761,0.636,0.590,0.584,0.443,0.596,0.784,0.584,0.613,0.758,0.366,0.590,0.764,0.690,0.631,0.769,0.316,0.773,0.465,0.559,0.458,0.752,0.696,0.059,0.726,0.701,0.443,0.781,0.755,0.769,0.761,0.429,0.814,0.696,0.429,0.784,0.608,0.631,0.421,0.451,0.333,0.832,0.781,0.608,0.814,0.421,0.342,0.755,0.648,0.685,0.837,0.436,0.350,0.822,0.436,0.636,0.596,0.092,0.443,0.451,0.590,0.636,0.758,0.613,0.559,0.565,0.701,0.752,0.472,0.755,0.631,0.775,0.755,0.443,0.745,0.358,0.619,0.559,0.059,0.333,0.625,0.642,0.773,0.798,0.358,0.325,0.792,0.636,0.809,0.590,0.736,0.254,0.333,0.805,0.781,0.784,0.479,0.443,0.787,0.784,0.333,0.350,0.451,0.000,0.451,0.775,0.789,0.758,0.761,0.773,0.565,0.792,0.811,0.642,0.636,0.726,0.608,0.458,0.784,0.764,0.299,0.746,0.690,0.596,0.325,0.325,0.767,0.764,0.798,0.752,0.636,0.325
7PNB_g_4_BGC;0.837,0.847,0.648,0.696,0.850,0.789,0.835,0.590,0.706,0.789,0.845,0.636,0.690,0.493,0.500,0.472,0.500,0.559,0.845,0.778,0.443,0.701,0.792,0.706,0.520,0.465,0.845,0.546,0.795,0.784,0.781,0.767,0.786,0.789,0.792,0.642,0.479,0.755,0.451,0.800,0.486,0.465,0.832,0.527,0.263,0.451,0.778,0.852,0.784,0.798,0.263,0.824,0.451,0.559,0.773,0.619,0.443,0.036,0.690,0.778,0.830,0.493,0.245,0.832,0.795,0.795,0.808,0.685,0.767,0.659,0.832,0.653,0.767,0.761,0.811,0.778,0.716,0.520,0.479,0.451,0.507,0.792,0.024,0.778,0.486,0.443,0.451,0.472,0.805,0.047,0.706,0.716,0.443,0.792,0.036,0.479,0.769,0.701,0.755,0.533,0.784,0.845,0.436,0.784,0.486,0.486,0.443,0.465,0.787,0.527,0.830,0.436,0.443,0.800,0.775,0.254,0.451,0.696,0.764,0.690,0.781,0.465,0.775,0.565,0.533,0.602,0.012,0.533,0.792,0.540,0.613,0.761,0.458,0.533,0.758,0.680,0.553,0.773,0.451,0.778,0.272,0.479,0.245,0.767,0.685,0.465,0.711,0.690,0.520,0.789,0.764,0.773,0.761,0.533,0.832,0.685,0.533,0.778,0.602,0.571,0.514,0.254,0.458,0.847,0.781,0.613,0.819,0.520,0.465,0.767,0.701,0.675,0.845,0.493,0.443,0.840,0.507,0.565,0.533,0.443,0.012,0.500,0.533,0.565,0.773,0.613,0.479,0.479,0.690,0.761,0.263,0.770,0.648,0.789,0.770,0.012,0.731,0.429,0.631,0.486,0.451,0.493,0.648,0.659,0.764,0.787,0.472,0.486,0.778,0.696,0.811,0.527,0.716,0.451,0.493,0.808,0.781,0.792,0.254,0.500,0.795,0.800,0.443,0.443,0.533,0.451,0.000,0.789,0.766,0.775,0.761,0.778,0.479,0.792,0.816,0.565,0.690,0.701,0.613,0.012,0.792,0.769,0.443,0.764,0.680,0.596,0.486,0.443,0.764,0.769,0.792,0.767,0.578,0.493
7PNB_r_2_NAG;0.740,0.776,0.814,0.806,0.776,0.652,0.749,0.827,0.860,0.059,0.776,0.814,0.792,0.789,0.778,0.775,0.778,0.795,0.776,0.644,0.773,0.852,0.674,0.857,0.789,0.778,0.776,0.814,0.649,0.664,0.664,0.464,0.659,0.064,0.672,0.817,0.778,0.517,0.781,0.646,0.773,0.778,0.745,0.792,0.789,0.773,0.870,0.780,0.652,0.664,0.787,0.725,0.778,0.795,0.464,0.827,0.775,0.795,0.806,0.672,0.736,0.778,0.792,0.745,0.672,0.674,0.711,0.789,0.644,0.817,0.740,0.814,0.496,0.499,0.718,0.870,0.865,0.781,0.778,0.778,0.789,0.662,0.792,0.575,0.787,0.775,0.778,0.787,0.706,0.792,0.809,0.865,0.784,0.053,0.787,0.773,0.862,0.806,0.483,0.814,0.674,0.776,0.773,0.669,0.778,0.787,0.778,0.784,0.639,0.792,0.743,0.775,0.778,0.679,0.564,0.792,0.775,0.806,0.657,0.803,0.667,0.778,0.567,0.795,0.811,0.827,0.789,0.811,0.048,0.814,0.832,0.649,0.775,0.811,0.657,0.792,0.792,0.867,0.775,0.870,0.792,0.778,0.792,0.553,0.789,0.775,0.857,0.795,0.781,0.064,0.483,0.865,0.659,0.792,0.736,0.789,0.792,0.649,0.827,0.795,0.787,0.795,0.775,0.776,0.652,0.832,0.725,0.792,0.775,0.486,0.806,0.789,0.776,0.778,0.775,0.747,0.775,0.795,0.811,0.773,0.787,0.778,0.814,0.798,0.575,0.832,0.778,0.778,0.792,0.508,0.787,0.547,0.811,0.022,0.558,0.789,0.865,0.775,0.809,0.778,0.773,0.787,0.814,0.817,0.652,0.672,0.775,0.787,0.684,0.806,0.732,0.809,0.865,0.775,0.792,0.718,0.649,0.059,0.789,0.778,0.686,0.659,0.773,0.775,0.795,0.775,0.789,0.000,0.681,0.578,0.657,0.867,0.778,0.716,0.718,0.795,0.806,0.855,0.835,0.792,0.059,0.867,0.778,0.561,0.787,0.827,0.784,0.773,0.662,0.862,0.669,0.649,0.798,0.781
7E6X_E_2_NAG;0.751,0.735,0.824,0.803,0.740,0.664,0.747,0.792,0.834,0.690,0.735,0.827,0.795,0.795,0.758,0.786,0.761,0.816,0.733,0.668,0.783,0.840,0.722,0.834,0.803,0.789,0.735,0.803,0.675,0.695,0.702,0.699,0.675,0.683,0.695,0.832,0.795,0.690,0.783,0.680,0.781,0.786,0.742,0.805,0.781,0.786,0.857,0.742,0.673,0.702,0.783,0.744,0.781,0.816,0.699,0.797,0.781,0.772,0.805,0.702,0.749,0.761,0.783,0.742,0.729,0.727,0.733,0.797,0.654,0.824,0.740,0.824,0.692,0.692,0.740,0.857,0.837,0.763,0.795,0.783,0.797,0.704,0.769,0.678,0.797,0.786,0.786,0.797,0.731,0.769,0.808,0.837,0.786,0.692,0.769,0.792,0.850,0.805,0.688,0.805,0.709,0.733,0.789,0.706,0.795,0.792,0.786,0.789,0.671,0.808,0.742,0.783,0.783,0.742,0.681,0.786,0.783,0.805,0.668,0.803,0.702,0.789,0.685,0.813,0.797,0.797,0.766,0.805,0.690,0.805,0.803,0.646,0.783,0.797,0.661,0.795,0.813,0.855,0.792,0.857,0.783,0.797,0.786,0.685,0.800,0.792,0.837,0.803,0.758,0.692,0.702,0.852,0.668,0.805,0.751,0.795,0.805,0.718,0.795,0.819,0.800,0.786,0.783,0.733,0.659,0.800,0.747,0.803,0.795,0.697,0.803,0.797,0.735,0.761,0.778,0.751,0.758,0.813,0.805,0.783,0.769,0.761,0.813,0.819,0.673,0.803,0.797,0.795,0.797,0.690,0.781,0.678,0.821,0.685,0.681,0.766,0.842,0.786,0.824,0.795,0.783,0.797,0.824,0.827,0.656,0.711,0.789,0.789,0.690,0.803,0.744,0.797,0.837,0.783,0.797,0.742,0.671,0.690,0.781,0.761,0.731,0.706,0.789,0.792,0.808,0.789,0.766,0.681,0.000,0.678,0.668,0.855,0.795,0.726,0.748,0.819,0.803,0.832,0.803,0.769,0.692,0.850,0.789,0.678,0.797,0.792,0.795,0.792,0.664,0.850,0.709,0.644,0.821,0.786
7PNB_a_2_NAG;0.718,0.749,0.830,0.792,0.753,0.619,0.721,0.798,0.847,0.581,0.749,0.830,0.814,0.746,0.761,0.749,0.764,0.817,0.747,0.644,0.761,0.847,0.659,0.847,0.761,0.752,0.749,0.822,0.636,0.629,0.629,0.483,0.646,0.578,0.672,0.827,0.746,0.502,0.752,0.641,0.740,0.746,0.716,0.764,0.806,0.761,0.877,0.753,0.642,0.639,0.803,0.723,0.749,0.817,0.490,0.814,0.746,0.781,0.787,0.621,0.712,0.761,0.800,0.716,0.649,0.649,0.725,0.817,0.652,0.824,0.712,0.827,0.490,0.496,0.713,0.877,0.847,0.761,0.746,0.749,0.752,0.652,0.778,0.069,0.740,0.755,0.749,0.752,0.711,0.781,0.800,0.845,0.752,0.581,0.778,0.749,0.872,0.795,0.502,0.817,0.637,0.747,0.749,0.637,0.749,0.746,0.755,0.752,0.634,0.764,0.712,0.784,0.743,0.664,0.089,0.800,0.746,0.792,0.662,0.787,0.624,0.781,0.114,0.817,0.819,0.800,0.778,0.822,0.584,0.822,0.814,0.654,0.743,0.819,0.667,0.806,0.817,0.874,0.784,0.877,0.806,0.746,0.798,0.114,0.817,0.752,0.847,0.811,0.755,0.578,0.499,0.874,0.669,0.767,0.714,0.811,0.767,0.637,0.811,0.822,0.758,0.800,0.746,0.751,0.626,0.811,0.729,0.758,0.781,0.499,0.795,0.811,0.747,0.761,0.743,0.725,0.758,0.817,0.822,0.761,0.773,0.764,0.819,0.819,0.079,0.811,0.746,0.746,0.814,0.499,0.803,0.119,0.827,0.578,0.104,0.778,0.850,0.784,0.824,0.749,0.746,0.743,0.830,0.827,0.659,0.632,0.743,0.743,0.624,0.792,0.714,0.817,0.847,0.746,0.743,0.722,0.629,0.584,0.803,0.764,0.662,0.642,0.778,0.784,0.767,0.758,0.775,0.578,0.678,0.000,0.664,0.877,0.746,0.711,0.722,0.814,0.792,0.845,0.814,0.778,0.581,0.877,0.781,0.109,0.814,0.800,0.743,0.775,0.664,0.872,0.632,0.647,0.824,0.746
7PNB_s_1_NAG;0.725,0.784,0.800,0.824,0.782,0.637,0.732,0.792,0.857,0.662,0.780,0.811,0.814,0.764,0.752,0.764,0.758,0.809,0.782,0.624,0.767,0.845,0.573,0.852,0.758,0.764,0.780,0.806,0.636,0.674,0.686,0.679,0.641,0.667,0.570,0.800,0.778,0.672,0.761,0.610,0.764,0.761,0.721,0.761,0.752,0.764,0.870,0.782,0.626,0.556,0.752,0.676,0.758,0.809,0.681,0.803,0.761,0.767,0.822,0.669,0.727,0.755,0.755,0.725,0.575,0.564,0.688,0.811,0.220,0.803,0.723,0.806,0.674,0.664,0.668,0.870,0.862,0.758,0.778,0.761,0.755,0.553,0.764,0.662,0.764,0.761,0.764,0.752,0.666,0.770,0.830,0.860,0.761,0.667,0.758,0.773,0.862,0.827,0.654,0.806,0.676,0.782,0.764,0.672,0.778,0.761,0.758,0.758,0.611,0.764,0.723,0.752,0.758,0.595,0.652,0.752,0.764,0.827,0.119,0.819,0.669,0.758,0.659,0.809,0.803,0.798,0.761,0.803,0.664,0.800,0.803,0.283,0.761,0.803,0.069,0.809,0.806,0.867,0.761,0.870,0.752,0.781,0.749,0.642,0.809,0.767,0.855,0.809,0.758,0.659,0.669,0.865,0.099,0.761,0.723,0.806,0.761,0.561,0.803,0.809,0.755,0.749,0.755,0.780,0.634,0.792,0.684,0.761,0.767,0.667,0.827,0.809,0.778,0.755,0.758,0.734,0.749,0.809,0.803,0.761,0.758,0.758,0.809,0.811,0.664,0.800,0.781,0.778,0.809,0.667,0.749,0.639,0.800,0.659,0.654,0.761,0.857,0.767,0.803,0.778,0.761,0.767,0.806,0.800,0.143,0.679,0.767,0.761,0.676,0.824,0.669,0.803,0.860,0.764,0.773,0.690,0.642,0.669,0.749,0.758,0.584,0.558,0.764,0.767,0.764,0.761,0.761,0.657,0.668,0.664,0.000,0.867,0.778,0.685,0.692,0.809,0.824,0.850,0.798,0.764,0.669,0.862,0.761,0.642,0.803,0.792,0.761,0.767,0.099,0.862,0.672,0.220,0.811,0.764
7PNB_e_3_YZT;0.862,0.847,0.764,0.745,0.850,0.872,0.860,0.817,0.764,0.865,0.842,0.764,0.773,0.769,0.755,0.769,0.755,0.736,0.845,0.874,0.764,0.759,0.860,0.759,0.769,0.769,0.842,0.711,0.877,0.865,0.867,0.872,0.874,0.862,0.862,0.759,0.755,0.874,0.769,0.888,0.755,0.764,0.857,0.773,0.809,0.773,0.047,0.850,0.872,0.857,0.804,0.893,0.764,0.736,0.874,0.817,0.755,0.778,0.750,0.865,0.862,0.755,0.813,0.857,0.862,0.860,0.886,0.773,0.867,0.764,0.860,0.759,0.870,0.874,0.886,0.024,0.764,0.740,0.755,0.769,0.773,0.860,0.782,0.879,0.759,0.769,0.769,0.773,0.888,0.769,0.755,0.769,0.769,0.865,0.787,0.755,0.036,0.745,0.872,0.726,0.867,0.845,0.769,0.865,0.755,0.773,0.769,0.773,0.882,0.773,0.855,0.750,0.759,0.847,0.879,0.813,0.759,0.745,0.867,0.750,0.867,0.736,0.877,0.731,0.726,0.813,0.782,0.721,0.865,0.716,0.817,0.867,0.764,0.721,0.867,0.773,0.740,0.047,0.745,0.047,0.813,0.759,0.809,0.877,0.769,0.773,0.764,0.773,0.745,0.865,0.872,0.024,0.867,0.773,0.860,0.769,0.773,0.855,0.817,0.745,0.773,0.813,0.769,0.847,0.872,0.821,0.896,0.769,0.740,0.872,0.750,0.773,0.845,0.755,0.764,0.865,0.750,0.731,0.721,0.764,0.782,0.755,0.726,0.740,0.877,0.813,0.759,0.755,0.769,0.865,0.809,0.877,0.759,0.867,0.874,0.782,0.773,0.745,0.745,0.755,0.773,0.769,0.764,0.764,0.870,0.867,0.759,0.769,0.862,0.745,0.893,0.716,0.769,0.759,0.759,0.888,0.874,0.865,0.804,0.755,0.857,0.857,0.740,0.736,0.773,0.773,0.778,0.867,0.855,0.877,0.867,0.000,0.755,0.886,0.888,0.740,0.745,0.755,0.821,0.773,0.865,0.047,0.750,0.872,0.769,0.817,0.764,0.740,0.867,0.047,0.867,0.865,0.736,0.764
7PNB_X_4_BGC;0.819,0.811,0.653,0.653,0.816,0.787,0.822,0.648,0.669,0.778,0.808,0.675,0.608,0.520,0.514,0.540,0.520,0.625,0.811,0.795,0.559,0.664,0.789,0.669,0.553,0.553,0.808,0.631,0.800,0.755,0.755,0.758,0.792,0.778,0.781,0.664,0.000,0.755,0.527,0.803,0.493,0.540,0.819,0.559,0.578,0.559,0.755,0.813,0.795,0.798,0.571,0.819,0.514,0.625,0.764,0.675,0.520,0.500,0.648,0.746,0.817,0.507,0.571,0.819,0.789,0.795,0.811,0.602,0.775,0.675,0.814,0.653,0.749,0.749,0.805,0.755,0.680,0.507,0.000,0.546,0.546,0.787,0.493,0.749,0.514,0.546,0.527,0.546,0.808,0.507,0.664,0.680,0.520,0.781,0.486,0.024,0.745,0.659,0.752,0.619,0.755,0.808,0.546,0.749,0.012,0.527,0.553,0.559,0.789,0.559,0.817,0.578,0.533,0.781,0.749,0.571,0.527,0.653,0.773,0.653,0.749,0.559,0.743,0.631,0.631,0.648,0.486,0.625,0.781,0.625,0.675,0.781,0.507,0.631,0.775,0.602,0.631,0.750,0.565,0.755,0.578,0.012,0.565,0.740,0.608,0.571,0.669,0.608,0.507,0.778,0.758,0.750,0.773,0.565,0.822,0.602,0.565,0.784,0.664,0.636,0.546,0.571,0.507,0.813,0.784,0.669,0.817,0.559,0.565,0.746,0.653,0.596,0.813,0.507,0.507,0.817,0.500,0.631,0.625,0.553,0.472,0.520,0.625,0.631,0.746,0.669,0.012,0.000,0.608,0.746,0.571,0.743,0.653,0.778,0.740,0.486,0.690,0.546,0.659,0.012,0.559,0.520,0.653,0.664,0.773,0.755,0.507,0.527,0.743,0.653,0.809,0.625,0.675,0.527,0.520,0.805,0.795,0.781,0.571,0.514,0.787,0.795,0.546,0.553,0.565,0.565,0.479,0.778,0.795,0.746,0.778,0.755,0.000,0.797,0.811,0.631,0.653,0.664,0.675,0.486,0.781,0.755,0.578,0.743,0.596,0.653,0.527,0.553,0.773,0.745,0.755,0.778,0.636,0.540
7PNB_v_1_NAG;0.744,0.755,0.837,0.821,0.750,0.727,0.755,0.775,0.829,0.716,0.750,0.834,0.778,0.778,0.786,0.795,0.786,0.824,0.753,0.722,0.795,0.827,0.685,0.827,0.763,0.792,0.750,0.834,0.715,0.676,0.681,0.692,0.720,0.718,0.736,0.829,0.797,0.685,0.786,0.717,0.781,0.789,0.751,0.763,0.795,0.803,0.884,0.746,0.727,0.683,0.795,0.265,0.786,0.824,0.683,0.766,0.781,0.797,0.816,0.678,0.757,0.789,0.797,0.755,0.685,0.683,0.229,0.778,0.681,0.829,0.749,0.834,0.676,0.690,0.221,0.884,0.834,0.783,0.797,0.789,0.766,0.678,0.797,0.709,0.775,0.803,0.792,0.781,0.255,0.792,0.829,0.834,0.789,0.720,0.792,0.797,0.886,0.821,0.702,0.842,0.681,0.753,0.786,0.685,0.795,0.778,0.800,0.795,0.711,0.761,0.753,0.789,0.786,0.688,0.706,0.797,0.781,0.819,0.683,0.819,0.683,0.786,0.713,0.824,0.834,0.769,0.795,0.840,0.718,0.842,0.769,0.692,0.783,0.834,0.683,0.778,0.824,0.884,0.786,0.884,0.797,0.800,0.795,0.709,0.775,0.786,0.829,0.778,0.786,0.713,0.685,0.886,0.681,0.763,0.753,0.775,0.763,0.671,0.766,0.816,0.763,0.797,0.786,0.748,0.722,0.772,0.293,0.766,0.792,0.681,0.827,0.781,0.748,0.786,0.783,0.755,0.783,0.824,0.840,0.797,0.792,0.786,0.842,0.819,0.704,0.763,0.800,0.797,0.778,0.685,0.792,0.704,0.832,0.718,0.711,0.795,0.837,0.795,0.829,0.795,0.786,0.778,0.834,0.837,0.683,0.683,0.786,0.778,0.673,0.821,0.301,0.837,0.834,0.781,0.781,0.203,0.718,0.720,0.792,0.783,0.688,0.678,0.792,0.795,0.763,0.792,0.792,0.716,0.726,0.711,0.685,0.886,0.797,0.000,0.225,0.824,0.819,0.824,0.766,0.792,0.722,0.888,0.789,0.709,0.775,0.778,0.775,0.789,0.683,0.886,0.685,0.685,0.816,0.772
7PNB_R_1_NAG;0.751,0.767,0.850,0.824,0.763,0.731,0.761,0.808,0.832,0.722,0.763,0.852,0.803,0.797,0.800,0.813,0.805,0.837,0.765,0.727,0.811,0.834,0.702,0.829,0.775,0.811,0.763,0.845,0.724,0.673,0.685,0.699,0.729,0.725,0.749,0.845,0.811,0.695,0.808,0.717,0.800,0.811,0.757,0.775,0.816,0.819,0.886,0.757,0.729,0.695,0.816,0.121,0.808,0.837,0.685,0.786,0.805,0.821,0.821,0.681,0.757,0.805,0.816,0.759,0.702,0.699,0.167,0.803,0.692,0.847,0.757,0.847,0.685,0.697,0.119,0.886,0.837,0.795,0.811,0.811,0.781,0.692,0.821,0.722,0.795,0.819,0.813,0.797,0.194,0.819,0.827,0.837,0.811,0.725,0.816,0.811,0.888,0.827,0.711,0.847,0.683,0.765,0.808,0.685,0.808,0.800,0.816,0.813,0.718,0.772,0.761,0.811,0.808,0.706,0.716,0.819,0.803,0.824,0.695,0.824,0.683,0.803,0.729,0.834,0.845,0.803,0.819,0.842,0.722,0.847,0.792,0.709,0.805,0.845,0.697,0.800,0.840,0.886,0.803,0.886,0.819,0.813,0.816,0.720,0.800,0.808,0.834,0.797,0.797,0.718,0.688,0.888,0.690,0.775,0.757,0.800,0.775,0.692,0.792,0.832,0.775,0.819,0.808,0.761,0.729,0.800,0.209,0.778,0.805,0.690,0.827,0.803,0.761,0.803,0.805,0.761,0.800,0.834,0.842,0.813,0.816,0.805,0.847,0.834,0.713,0.792,0.813,0.811,0.800,0.692,0.813,0.713,0.847,0.720,0.722,0.819,0.840,0.805,0.845,0.808,0.805,0.797,0.847,0.850,0.699,0.685,0.805,0.797,0.676,0.824,0.235,0.847,0.837,0.803,0.800,0.089,0.725,0.727,0.813,0.803,0.704,0.688,0.803,0.808,0.772,0.811,0.816,0.718,0.748,0.722,0.692,0.888,0.811,0.225,0.000,0.840,0.824,0.832,0.795,0.816,0.727,0.891,0.808,0.713,0.800,0.811,0.797,0.800,0.690,0.888,0.685,0.697,0.829,0.795
7PNB_X_3_YZT;0.840,0.869,0.443,0.736,0.874,0.803,0.840,0.726,0.578,0.795,0.869,0.413,0.696,0.625,0.664,0.664,0.664,0.024,0.867,0.798,0.642,0.565,0.822,0.571,0.631,0.664,0.869,0.358,0.803,0.830,0.835,0.806,0.808,0.795,0.817,0.429,0.631,0.814,0.653,0.811,0.642,0.664,0.835,0.636,0.565,0.648,0.750,0.877,0.798,0.822,0.559,0.840,0.648,0.012,0.803,0.736,0.648,0.584,0.736,0.824,0.835,0.664,0.559,0.837,0.822,0.822,0.829,0.690,0.806,0.436,0.837,0.421,0.809,0.814,0.834,0.745,0.584,0.653,0.631,0.664,0.619,0.822,0.578,0.817,0.619,0.648,0.653,0.642,0.832,0.578,0.745,0.584,0.653,0.798,0.559,0.631,0.736,0.745,0.809,0.390,0.832,0.867,0.636,0.830,0.625,0.631,0.648,0.664,0.798,0.636,0.835,0.636,0.659,0.824,0.814,0.559,0.648,0.740,0.806,0.736,0.830,0.631,0.819,0.024,0.350,0.726,0.571,0.350,0.798,0.358,0.736,0.800,0.648,0.358,0.803,0.690,0.036,0.740,0.631,0.750,0.565,0.625,0.553,0.806,0.696,0.653,0.578,0.706,0.653,0.795,0.809,0.740,0.806,0.636,0.835,0.701,0.636,0.811,0.726,0.059,0.625,0.559,0.642,0.872,0.803,0.740,0.837,0.631,0.631,0.806,0.740,0.690,0.869,0.664,0.648,0.840,0.659,0.024,0.374,0.642,0.559,0.664,0.382,0.059,0.817,0.731,0.625,0.631,0.706,0.811,0.559,0.809,0.429,0.795,0.814,0.571,0.578,0.631,0.413,0.625,0.642,0.625,0.451,0.451,0.806,0.835,0.642,0.636,0.827,0.736,0.840,0.366,0.584,0.648,0.631,0.832,0.800,0.798,0.559,0.664,0.824,0.824,0.631,0.636,0.642,0.642,0.565,0.795,0.819,0.814,0.809,0.740,0.631,0.824,0.840,0.000,0.736,0.565,0.740,0.571,0.798,0.745,0.636,0.803,0.696,0.726,0.625,0.631,0.809,0.736,0.835,0.803,0.047,0.631
7PNB_y_4_MAN;0.792,0.783,0.750,0.081,0.789,0.814,0.800,0.731,0.721,0.803,0.783,0.750,0.653,0.648,0.648,0.653,0.659,0.731,0.783,0.827,0.631,0.726,0.775,0.716,0.602,0.659,0.783,0.726,0.827,0.800,0.800,0.806,0.824,0.803,0.814,0.745,0.653,0.817,0.659,0.832,0.648,0.653,0.789,0.602,0.701,0.642,0.750,0.789,0.824,0.781,0.696,0.822,0.653,0.731,0.800,0.736,0.636,0.696,0.059,0.809,0.792,0.653,0.711,0.792,0.778,0.781,0.832,0.659,0.827,0.745,0.792,0.745,0.806,0.814,0.819,0.750,0.721,0.631,0.653,0.659,0.613,0.775,0.696,0.798,0.642,0.642,0.653,0.659,0.827,0.690,0.103,0.721,0.659,0.806,0.690,0.653,0.745,0.036,0.811,0.721,0.814,0.783,0.625,0.806,0.648,0.653,0.636,0.659,0.819,0.602,0.795,0.659,0.648,0.781,0.798,0.711,0.642,0.070,0.824,0.024,0.806,0.636,0.800,0.731,0.726,0.726,0.696,0.711,0.806,0.731,0.745,0.822,0.653,0.726,0.822,0.642,0.736,0.745,0.642,0.750,0.706,0.659,0.706,0.798,0.659,0.631,0.716,0.642,0.642,0.803,0.811,0.740,0.824,0.602,0.798,0.648,0.602,0.784,0.740,0.721,0.608,0.711,0.653,0.783,0.827,0.750,0.824,0.608,0.642,0.803,0.092,0.653,0.786,0.653,0.653,0.792,0.642,0.731,0.711,0.636,0.690,0.659,0.716,0.726,0.798,0.740,0.659,0.653,0.642,0.803,0.701,0.795,0.740,0.806,0.792,0.696,0.721,0.636,0.736,0.648,0.625,0.648,0.750,0.750,0.827,0.814,0.648,0.653,0.800,0.092,0.817,0.726,0.716,0.642,0.636,0.819,0.824,0.806,0.696,0.659,0.781,0.773,0.636,0.636,0.608,0.636,0.690,0.806,0.803,0.792,0.824,0.745,0.653,0.819,0.824,0.736,0.000,0.721,0.750,0.690,0.806,0.745,0.653,0.795,0.653,0.731,0.648,0.636,0.824,0.745,0.803,0.817,0.716,0.653
7PNB_a_3_YZT;0.847,0.845,0.571,0.726,0.850,0.832,0.845,0.726,0.047,0.855,0.845,0.590,0.675,0.711,0.701,0.731,0.706,0.565,0.845,0.837,0.740,0.059,0.830,0.024,0.701,0.736,0.845,0.596,0.842,0.842,0.850,0.840,0.829,0.852,0.845,0.571,0.664,0.842,0.711,0.847,0.690,0.731,0.845,0.701,0.731,0.740,0.755,0.847,0.832,0.835,0.726,0.837,0.711,0.559,0.837,0.731,0.716,0.711,0.721,0.845,0.852,0.706,0.731,0.845,0.824,0.827,0.834,0.680,0.847,0.590,0.845,0.571,0.835,0.840,0.832,0.755,0.092,0.685,0.664,0.736,0.701,0.830,0.711,0.845,0.711,0.726,0.716,0.721,0.827,0.706,0.740,0.092,0.711,0.855,0.706,0.669,0.764,0.731,0.845,0.608,0.845,0.842,0.721,0.847,0.659,0.716,0.731,0.740,0.832,0.701,0.845,0.731,0.726,0.830,0.842,0.731,0.721,0.726,0.847,0.721,0.845,0.721,0.845,0.559,0.596,0.721,0.706,0.602,0.855,0.619,0.721,0.842,0.706,0.596,0.847,0.669,0.571,0.750,0.726,0.755,0.731,0.669,0.726,0.840,0.685,0.716,0.059,0.675,0.690,0.855,0.837,0.755,0.845,0.701,0.855,0.675,0.701,0.824,0.726,0.559,0.706,0.731,0.716,0.847,0.827,0.716,0.840,0.701,0.726,0.840,0.736,0.680,0.847,0.701,0.711,0.852,0.696,0.559,0.608,0.745,0.706,0.706,0.608,0.553,0.842,0.716,0.669,0.664,0.675,0.835,0.726,0.840,0.571,0.855,0.840,0.706,0.146,0.716,0.578,0.659,0.706,0.711,0.571,0.590,0.847,0.847,0.701,0.716,0.835,0.726,0.842,0.602,0.092,0.721,0.701,0.829,0.832,0.855,0.726,0.701,0.822,0.832,0.716,0.721,0.701,0.726,0.701,0.855,0.832,0.845,0.850,0.755,0.664,0.824,0.832,0.565,0.721,0.000,0.716,0.701,0.855,0.759,0.731,0.840,0.680,0.726,0.716,0.711,0.847,0.759,0.847,0.842,0.546,0.716
7PNB_a_5_MAN;0.850,0.837,0.721,0.755,0.837,0.800,0.850,0.125,0.716,0.835,0.834,0.721,0.726,0.631,0.653,0.619,0.653,0.736,0.840,0.803,0.625,0.721,0.806,0.721,0.675,0.608,0.834,0.711,0.816,0.822,0.822,0.819,0.811,0.835,0.811,0.721,0.675,0.814,0.619,0.832,0.636,0.602,0.850,0.680,0.613,0.619,0.817,0.837,0.800,0.809,0.608,0.792,0.619,0.736,0.827,0.070,0.608,0.619,0.750,0.814,0.852,0.659,0.596,0.850,0.803,0.811,0.795,0.726,0.803,0.726,0.847,0.736,0.814,0.814,0.783,0.817,0.716,0.669,0.675,0.602,0.659,0.811,0.619,0.811,0.625,0.602,0.613,0.602,0.775,0.613,0.769,0.721,0.631,0.840,0.608,0.669,0.817,0.759,0.814,0.721,0.814,0.837,0.602,0.814,0.669,0.625,0.608,0.608,0.814,0.680,0.847,0.613,0.596,0.824,0.811,0.596,0.613,0.755,0.803,0.750,0.811,0.631,0.811,0.731,0.706,0.103,0.613,0.721,0.837,0.716,0.036,0.789,0.619,0.706,0.798,0.731,0.731,0.817,0.636,0.817,0.608,0.675,0.590,0.811,0.721,0.596,0.731,0.731,0.653,0.837,0.819,0.821,0.798,0.675,0.852,0.726,0.675,0.803,0.103,0.736,0.669,0.596,0.619,0.834,0.806,0.024,0.795,0.669,0.642,0.817,0.764,0.726,0.837,0.653,0.619,0.852,0.653,0.731,0.721,0.619,0.613,0.653,0.721,0.736,0.811,0.036,0.675,0.675,0.731,0.819,0.608,0.809,0.726,0.835,0.809,0.613,0.740,0.642,0.731,0.669,0.596,0.631,0.716,0.726,0.798,0.817,0.625,0.619,0.811,0.755,0.789,0.711,0.721,0.613,0.631,0.786,0.800,0.837,0.608,0.648,0.800,0.811,0.642,0.636,0.680,0.608,0.613,0.835,0.803,0.814,0.798,0.821,0.675,0.766,0.795,0.740,0.750,0.716,0.000,0.613,0.840,0.821,0.625,0.809,0.726,0.136,0.619,0.636,0.800,0.817,0.814,0.795,0.740,0.619
7PNB_R_4_BGC;0.837,0.845,0.653,0.696,0.847,0.792,0.835,0.590,0.706,0.792,0.842,0.642,0.685,0.500,0.507,0.479,0.507,0.565,0.842,0.781,0.451,0.701,0.792,0.706,0.527,0.472,0.842,0.553,0.797,0.781,0.778,0.770,0.789,0.792,0.795,0.648,0.486,0.758,0.458,0.803,0.493,0.472,0.832,0.533,0.272,0.458,0.773,0.850,0.787,0.798,0.272,0.824,0.458,0.565,0.775,0.619,0.451,0.024,0.690,0.775,0.832,0.500,0.254,0.832,0.795,0.795,0.808,0.680,0.770,0.664,0.832,0.659,0.770,0.764,0.811,0.773,0.716,0.527,0.486,0.458,0.514,0.792,0.036,0.781,0.493,0.451,0.458,0.479,0.805,0.036,0.706,0.716,0.451,0.795,0.047,0.486,0.764,0.701,0.758,0.540,0.781,0.842,0.443,0.781,0.493,0.493,0.451,0.472,0.789,0.533,0.830,0.443,0.451,0.803,0.778,0.263,0.458,0.696,0.767,0.690,0.778,0.472,0.778,0.571,0.540,0.602,0.024,0.540,0.795,0.546,0.613,0.764,0.465,0.540,0.761,0.675,0.559,0.769,0.458,0.773,0.281,0.486,0.254,0.770,0.680,0.472,0.711,0.685,0.527,0.792,0.767,0.769,0.764,0.540,0.835,0.680,0.540,0.778,0.602,0.578,0.520,0.263,0.465,0.845,0.784,0.613,0.819,0.527,0.472,0.770,0.701,0.669,0.842,0.500,0.451,0.840,0.514,0.571,0.540,0.451,0.024,0.507,0.540,0.571,0.775,0.613,0.486,0.486,0.685,0.764,0.272,0.773,0.653,0.792,0.773,0.024,0.731,0.436,0.636,0.493,0.458,0.500,0.653,0.664,0.767,0.784,0.479,0.493,0.775,0.696,0.811,0.533,0.716,0.458,0.500,0.808,0.784,0.795,0.263,0.507,0.795,0.800,0.451,0.451,0.540,0.458,0.012,0.792,0.769,0.778,0.764,0.773,0.486,0.792,0.816,0.571,0.690,0.701,0.613,0.000,0.795,0.764,0.451,0.767,0.675,0.596,0.493,0.451,0.767,0.764,0.789,0.770,0.584,0.500
7PNB_N_2_NAG;0.738,0.778,0.817,0.806,0.778,0.657,0.747,0.835,0.860,0.032,0.778,0.817,0.792,0.792,0.787,0.778,0.787,0.798,0.778,0.654,0.781,0.852,0.684,0.857,0.792,0.781,0.778,0.819,0.651,0.667,0.667,0.461,0.664,0.027,0.679,0.819,0.781,0.514,0.784,0.659,0.778,0.781,0.740,0.795,0.792,0.781,0.867,0.782,0.657,0.669,0.789,0.734,0.781,0.798,0.467,0.835,0.778,0.798,0.806,0.674,0.738,0.787,0.795,0.740,0.681,0.679,0.718,0.789,0.652,0.819,0.736,0.817,0.496,0.496,0.727,0.867,0.865,0.787,0.781,0.781,0.792,0.667,0.795,0.584,0.789,0.784,0.781,0.792,0.718,0.795,0.809,0.865,0.787,0.016,0.789,0.781,0.865,0.806,0.486,0.819,0.676,0.778,0.781,0.672,0.781,0.792,0.787,0.787,0.649,0.795,0.738,0.781,0.781,0.681,0.575,0.795,0.778,0.806,0.667,0.803,0.669,0.781,0.575,0.798,0.817,0.832,0.792,0.817,0.022,0.819,0.837,0.664,0.778,0.817,0.669,0.792,0.798,0.870,0.781,0.867,0.795,0.781,0.795,0.561,0.789,0.784,0.857,0.795,0.789,0.027,0.499,0.867,0.669,0.795,0.734,0.789,0.795,0.654,0.832,0.795,0.789,0.798,0.778,0.778,0.657,0.837,0.732,0.795,0.778,0.486,0.806,0.789,0.778,0.787,0.778,0.745,0.784,0.798,0.817,0.781,0.789,0.787,0.819,0.798,0.584,0.837,0.781,0.781,0.792,0.517,0.789,0.558,0.814,0.059,0.573,0.792,0.865,0.778,0.811,0.781,0.781,0.789,0.817,0.819,0.662,0.674,0.778,0.792,0.686,0.806,0.732,0.814,0.865,0.778,0.795,0.727,0.659,0.011,0.792,0.787,0.695,0.667,0.775,0.778,0.798,0.784,0.792,0.059,0.692,0.581,0.669,0.865,0.781,0.722,0.727,0.798,0.806,0.855,0.840,0.795,0.000,0.870,0.784,0.564,0.787,0.835,0.789,0.775,0.672,0.865,0.672,0.662,0.798,0.787
7PNB_y_3_YZT;0.867,0.855,0.759,0.745,0.857,0.874,0.865,0.813,0.769,0.870,0.850,0.759,0.778,0.759,0.745,0.769,0.745,0.740,0.852,0.877,0.755,0.764,0.862,0.764,0.759,0.769,0.850,0.706,0.879,0.870,0.872,0.872,0.877,0.867,0.867,0.755,0.755,0.870,0.759,0.891,0.755,0.764,0.862,0.764,0.800,0.764,0.047,0.857,0.874,0.860,0.796,0.896,0.755,0.740,0.874,0.813,0.745,0.769,0.750,0.867,0.862,0.745,0.804,0.862,0.865,0.862,0.888,0.778,0.862,0.759,0.865,0.755,0.870,0.870,0.888,0.070,0.769,0.731,0.755,0.759,0.764,0.862,0.773,0.879,0.750,0.759,0.759,0.764,0.891,0.759,0.755,0.773,0.759,0.870,0.778,0.755,0.059,0.745,0.867,0.721,0.872,0.852,0.759,0.870,0.755,0.764,0.759,0.764,0.884,0.764,0.860,0.740,0.750,0.852,0.879,0.804,0.750,0.745,0.862,0.750,0.872,0.726,0.877,0.736,0.721,0.813,0.773,0.716,0.870,0.711,0.817,0.862,0.764,0.716,0.862,0.778,0.745,0.024,0.736,0.047,0.804,0.759,0.800,0.877,0.773,0.764,0.769,0.778,0.736,0.870,0.872,0.024,0.862,0.764,0.865,0.773,0.764,0.857,0.817,0.750,0.764,0.804,0.759,0.855,0.874,0.821,0.898,0.759,0.731,0.872,0.750,0.778,0.852,0.745,0.755,0.870,0.740,0.736,0.716,0.755,0.773,0.745,0.721,0.745,0.877,0.813,0.759,0.755,0.773,0.865,0.800,0.877,0.755,0.867,0.874,0.773,0.778,0.736,0.740,0.755,0.764,0.759,0.759,0.759,0.865,0.872,0.759,0.759,0.867,0.745,0.896,0.711,0.773,0.750,0.750,0.891,0.877,0.870,0.796,0.745,0.860,0.860,0.731,0.726,0.764,0.764,0.769,0.867,0.850,0.877,0.862,0.047,0.755,0.888,0.891,0.745,0.745,0.759,0.821,0.764,0.870,0.000,0.740,0.872,0.773,0.813,0.755,0.731,0.862,0.024,0.872,0.860,0.740,0.755
7PNB_M_6_MAN;0.822,0.829,0.636,0.642,0.834,0.784,0.824,0.619,0.736,0.781,0.827,0.642,0.685,0.290,0.406,0.325,0.398,0.631,0.832,0.767,0.290,0.726,0.809,0.736,0.390,0.333,0.827,0.625,0.783,0.789,0.789,0.767,0.792,0.781,0.784,0.648,0.578,0.749,0.382,0.783,0.429,0.333,0.819,0.398,0.429,0.281,0.750,0.832,0.781,0.800,0.421,0.803,0.382,0.631,0.773,0.625,0.281,0.458,0.648,0.787,0.817,0.390,0.413,0.822,0.809,0.809,0.800,0.680,0.758,0.653,0.822,0.642,0.767,0.752,0.795,0.750,0.740,0.413,0.578,0.316,0.382,0.798,0.451,0.784,0.308,0.263,0.366,0.290,0.795,0.443,0.659,0.736,0.390,0.784,0.436,0.565,0.740,0.659,0.755,0.636,0.792,0.829,0.308,0.784,0.571,0.281,0.281,0.316,0.778,0.406,0.819,0.059,0.308,0.792,0.781,0.406,0.290,0.648,0.758,0.653,0.789,0.070,0.781,0.636,0.625,0.613,0.451,0.625,0.784,0.619,0.636,0.761,0.398,0.625,0.761,0.675,0.625,0.745,0.024,0.750,0.413,0.571,0.406,0.773,0.680,0.308,0.736,0.685,0.406,0.781,0.755,0.745,0.761,0.390,0.819,0.685,0.390,0.792,0.631,0.625,0.382,0.413,0.374,0.827,0.787,0.625,0.803,0.382,0.070,0.767,0.653,0.675,0.832,0.398,0.390,0.827,0.406,0.636,0.625,0.299,0.436,0.398,0.636,0.631,0.778,0.625,0.571,0.578,0.690,0.752,0.436,0.775,0.636,0.778,0.775,0.451,0.750,0.114,0.631,0.571,0.308,0.299,0.642,0.648,0.764,0.792,0.390,0.299,0.789,0.642,0.803,0.625,0.740,0.290,0.299,0.803,0.787,0.784,0.429,0.406,0.806,0.798,0.081,0.081,0.413,0.299,0.443,0.778,0.789,0.781,0.761,0.750,0.578,0.789,0.808,0.636,0.653,0.731,0.625,0.451,0.784,0.740,0.000,0.767,0.680,0.619,0.290,0.070,0.758,0.740,0.792,0.755,0.631,0.290
7PNB_z_2_NAG;0.721,0.755,0.824,0.795,0.759,0.619,0.727,0.792,0.842,0.564,0.755,0.827,0.814,0.746,0.755,0.731,0.758,0.806,0.753,0.637,0.749,0.840,0.657,0.842,0.743,0.740,0.755,0.806,0.631,0.619,0.619,0.480,0.636,0.561,0.669,0.822,0.743,0.493,0.740,0.633,0.728,0.737,0.723,0.746,0.784,0.749,0.874,0.759,0.632,0.637,0.781,0.718,0.737,0.806,0.483,0.809,0.740,0.770,0.789,0.603,0.716,0.755,0.781,0.723,0.647,0.647,0.720,0.814,0.639,0.824,0.718,0.824,0.483,0.490,0.706,0.874,0.845,0.755,0.743,0.740,0.734,0.647,0.767,0.138,0.740,0.743,0.740,0.743,0.706,0.767,0.803,0.842,0.740,0.564,0.767,0.743,0.867,0.798,0.490,0.798,0.624,0.753,0.740,0.624,0.746,0.746,0.743,0.740,0.629,0.746,0.718,0.770,0.734,0.664,0.129,0.781,0.740,0.795,0.639,0.789,0.611,0.767,0.152,0.806,0.803,0.795,0.767,0.803,0.567,0.806,0.809,0.634,0.731,0.803,0.644,0.806,0.806,0.872,0.770,0.874,0.784,0.743,0.778,0.124,0.814,0.740,0.842,0.811,0.749,0.564,0.493,0.870,0.649,0.749,0.716,0.811,0.749,0.637,0.803,0.811,0.740,0.781,0.734,0.757,0.624,0.806,0.725,0.740,0.767,0.496,0.798,0.809,0.753,0.755,0.731,0.729,0.752,0.806,0.803,0.749,0.761,0.758,0.800,0.809,0.124,0.806,0.743,0.743,0.814,0.493,0.781,0.143,0.824,0.558,0.124,0.767,0.847,0.770,0.819,0.746,0.734,0.743,0.824,0.824,0.637,0.619,0.734,0.743,0.616,0.795,0.714,0.800,0.845,0.740,0.743,0.713,0.629,0.567,0.781,0.758,0.662,0.647,0.764,0.770,0.749,0.746,0.764,0.561,0.678,0.109,0.642,0.872,0.743,0.709,0.713,0.803,0.795,0.840,0.809,0.767,0.564,0.872,0.767,0.000,0.811,0.795,0.743,0.761,0.642,0.867,0.619,0.629,0.814,0.743
7PNB_L_4_BGC;0.806,0.808,0.726,0.664,0.805,0.806,0.803,0.726,0.685,0.784,0.808,0.731,0.047,0.675,0.636,0.685,0.659,0.690,0.808,0.806,0.685,0.680,0.795,0.680,0.690,0.669,0.808,0.701,0.805,0.789,0.795,0.781,0.800,0.787,0.806,0.716,0.596,0.798,0.669,0.808,0.648,0.664,0.800,0.690,0.690,0.690,0.764,0.805,0.809,0.798,0.685,0.792,0.664,0.690,0.773,0.731,0.648,0.685,0.659,0.792,0.809,0.648,0.696,0.803,0.792,0.792,0.797,0.036,0.814,0.721,0.803,0.716,0.787,0.803,0.789,0.764,0.696,0.631,0.596,0.664,0.685,0.792,0.690,0.817,0.675,0.696,0.675,0.696,0.797,0.675,0.675,0.701,0.669,0.787,0.680,0.596,0.769,0.659,0.806,0.706,0.789,0.808,0.680,0.787,0.590,0.680,0.690,0.680,0.800,0.690,0.800,0.680,0.659,0.800,0.809,0.696,0.648,0.664,0.806,0.659,0.789,0.669,0.811,0.690,0.701,0.716,0.685,0.706,0.787,0.721,0.721,0.811,0.664,0.701,0.803,0.059,0.696,0.764,0.675,0.764,0.696,0.602,0.690,0.811,0.024,0.675,0.685,0.047,0.631,0.781,0.789,0.769,0.803,0.690,0.811,0.012,0.690,0.798,0.711,0.696,0.690,0.696,0.664,0.808,0.800,0.726,0.792,0.690,0.685,0.795,0.669,0.036,0.808,0.642,0.664,0.806,0.631,0.690,0.706,0.685,0.680,0.659,0.716,0.696,0.809,0.716,0.602,0.596,0.024,0.792,0.685,0.811,0.721,0.787,0.811,0.685,0.701,0.680,0.731,0.590,0.675,0.675,0.721,0.726,0.806,0.795,0.659,0.680,0.787,0.664,0.792,0.701,0.696,0.648,0.675,0.795,0.806,0.787,0.685,0.648,0.792,0.795,0.680,0.675,0.696,0.690,0.680,0.787,0.797,0.814,0.803,0.769,0.596,0.775,0.800,0.696,0.653,0.680,0.726,0.675,0.787,0.773,0.680,0.811,0.000,0.726,0.680,0.680,0.806,0.769,0.787,0.809,0.690,0.680
7PNB_z_5_MAN;0.847,0.832,0.701,0.736,0.829,0.803,0.847,0.024,0.726,0.827,0.829,0.701,0.726,0.608,0.625,0.608,0.625,0.721,0.832,0.803,0.608,0.726,0.798,0.731,0.669,0.596,0.829,0.690,0.816,0.824,0.819,0.811,0.816,0.830,0.811,0.706,0.653,0.809,0.596,0.829,0.613,0.584,0.847,0.675,0.602,0.608,0.813,0.832,0.803,0.798,0.596,0.806,0.590,0.721,0.819,0.156,0.590,0.596,0.731,0.809,0.847,0.631,0.584,0.847,0.798,0.803,0.808,0.726,0.798,0.706,0.845,0.716,0.806,0.809,0.797,0.813,0.721,0.642,0.653,0.584,0.653,0.803,0.596,0.803,0.602,0.596,0.590,0.584,0.789,0.584,0.750,0.726,0.608,0.835,0.590,0.648,0.809,0.740,0.806,0.701,0.817,0.832,0.584,0.814,0.648,0.602,0.596,0.596,0.817,0.675,0.845,0.608,0.578,0.819,0.803,0.584,0.596,0.736,0.798,0.731,0.811,0.625,0.803,0.716,0.685,0.070,0.596,0.701,0.832,0.690,0.146,0.787,0.596,0.685,0.792,0.731,0.716,0.809,0.631,0.813,0.596,0.653,0.578,0.800,0.721,0.584,0.740,0.731,0.625,0.830,0.814,0.813,0.792,0.669,0.850,0.726,0.669,0.798,0.207,0.716,0.664,0.584,0.590,0.829,0.809,0.114,0.809,0.664,0.636,0.809,0.745,0.726,0.829,0.625,0.590,0.850,0.625,0.716,0.701,0.602,0.596,0.625,0.701,0.721,0.800,0.146,0.653,0.653,0.731,0.814,0.596,0.798,0.706,0.827,0.798,0.596,0.740,0.631,0.711,0.648,0.584,0.608,0.696,0.706,0.792,0.817,0.602,0.596,0.811,0.736,0.803,0.690,0.731,0.596,0.608,0.803,0.800,0.832,0.596,0.619,0.795,0.800,0.636,0.631,0.675,0.596,0.596,0.827,0.792,0.800,0.792,0.817,0.653,0.778,0.811,0.726,0.731,0.726,0.136,0.596,0.835,0.813,0.619,0.795,0.726,0.000,0.596,0.631,0.795,0.809,0.814,0.789,0.721,0.590
7PNB_R_5_MAN;0.814,0.829,0.642,0.648,0.832,0.784,0.817,0.590,0.716,0.787,0.827,0.642,0.696,0.036,0.366,0.290,0.374,0.619,0.829,0.773,0.308,0.711,0.798,0.721,0.350,0.272,0.827,0.596,0.789,0.798,0.798,0.764,0.797,0.789,0.781,0.642,0.527,0.749,0.325,0.795,0.333,0.254,0.814,0.358,0.514,0.308,0.764,0.832,0.787,0.789,0.507,0.798,0.316,0.619,0.770,0.631,0.216,0.500,0.648,0.800,0.809,0.358,0.514,0.814,0.798,0.798,0.797,0.690,0.764,0.648,0.814,0.636,0.758,0.746,0.786,0.764,0.721,0.374,0.527,0.245,0.325,0.778,0.493,0.746,0.024,0.325,0.308,0.059,0.786,0.507,0.659,0.716,0.333,0.789,0.479,0.520,0.755,0.653,0.758,0.608,0.803,0.829,0.316,0.795,0.520,0.024,0.308,0.245,0.784,0.358,0.811,0.316,0.226,0.792,0.749,0.507,0.216,0.653,0.758,0.648,0.800,0.299,0.746,0.625,0.602,0.596,0.493,0.613,0.789,0.596,0.631,0.761,0.333,0.602,0.758,0.680,0.613,0.759,0.299,0.764,0.514,0.520,0.493,0.740,0.685,0.325,0.721,0.685,0.350,0.787,0.755,0.759,0.755,0.350,0.811,0.685,0.350,0.784,0.636,0.608,0.342,0.500,0.308,0.827,0.789,0.619,0.798,0.342,0.299,0.761,0.648,0.680,0.829,0.366,0.325,0.822,0.366,0.625,0.613,0.316,0.479,0.374,0.625,0.613,0.746,0.619,0.520,0.527,0.690,0.749,0.507,0.743,0.631,0.784,0.740,0.493,0.736,0.299,0.625,0.520,0.316,0.036,0.636,0.642,0.758,0.803,0.325,0.047,0.800,0.648,0.789,0.602,0.721,0.216,0.059,0.792,0.784,0.789,0.500,0.374,0.792,0.787,0.290,0.308,0.366,0.325,0.486,0.784,0.795,0.743,0.761,0.764,0.527,0.775,0.797,0.625,0.648,0.716,0.619,0.493,0.789,0.755,0.290,0.743,0.680,0.596,0.000,0.299,0.761,0.755,0.803,0.761,0.613,0.036
7PNB_q_6_MAN;0.814,0.824,0.648,0.625,0.829,0.787,0.817,0.631,0.716,0.773,0.821,0.653,0.685,0.290,0.406,0.342,0.398,0.625,0.827,0.773,0.299,0.706,0.811,0.716,0.374,0.333,0.821,0.631,0.786,0.775,0.778,0.770,0.795,0.773,0.778,0.653,0.553,0.749,0.382,0.789,0.398,0.333,0.811,0.382,0.458,0.299,0.740,0.827,0.784,0.803,0.451,0.798,0.382,0.625,0.773,0.636,0.281,0.458,0.631,0.775,0.809,0.390,0.451,0.814,0.811,0.811,0.797,0.680,0.761,0.664,0.817,0.648,0.767,0.752,0.789,0.740,0.721,0.382,0.553,0.316,0.382,0.800,0.451,0.778,0.299,0.290,0.358,0.308,0.792,0.451,0.642,0.721,0.390,0.775,0.436,0.546,0.736,0.642,0.758,0.642,0.781,0.824,0.325,0.773,0.546,0.299,0.308,0.333,0.781,0.382,0.814,0.114,0.308,0.795,0.775,0.443,0.290,0.631,0.761,0.636,0.778,0.081,0.775,0.631,0.636,0.625,0.451,0.631,0.775,0.625,0.648,0.770,0.398,0.636,0.767,0.675,0.631,0.736,0.059,0.740,0.451,0.553,0.443,0.767,0.680,0.342,0.721,0.680,0.398,0.773,0.755,0.736,0.764,0.374,0.811,0.685,0.374,0.795,0.642,0.625,0.374,0.451,0.374,0.821,0.789,0.636,0.798,0.374,0.047,0.767,0.636,0.669,0.827,0.398,0.390,0.819,0.406,0.631,0.631,0.316,0.436,0.398,0.642,0.631,0.773,0.636,0.553,0.553,0.685,0.752,0.465,0.770,0.648,0.773,0.770,0.451,0.736,0.059,0.636,0.546,0.333,0.281,0.653,0.659,0.767,0.781,0.366,0.316,0.778,0.625,0.798,0.636,0.726,0.290,0.272,0.795,0.789,0.775,0.458,0.406,0.809,0.800,0.024,0.047,0.390,0.325,0.443,0.773,0.792,0.775,0.767,0.740,0.553,0.789,0.800,0.631,0.636,0.711,0.636,0.451,0.775,0.731,0.070,0.761,0.680,0.631,0.299,0.000,0.761,0.736,0.781,0.764,0.625,0.299
7PNB_i_1_NAG;0.725,0.784,0.795,0.824,0.786,0.629,0.734,0.795,0.855,0.664,0.784,0.806,0.811,0.764,0.755,0.767,0.761,0.809,0.782,0.619,0.773,0.842,0.567,0.850,0.752,0.770,0.784,0.806,0.626,0.674,0.686,0.681,0.639,0.669,0.561,0.792,0.773,0.674,0.767,0.599,0.767,0.767,0.723,0.755,0.755,0.770,0.870,0.786,0.624,0.550,0.755,0.672,0.764,0.809,0.681,0.800,0.764,0.770,0.822,0.669,0.727,0.758,0.758,0.727,0.567,0.558,0.683,0.809,0.162,0.798,0.725,0.798,0.674,0.667,0.666,0.870,0.860,0.758,0.773,0.767,0.755,0.550,0.767,0.659,0.764,0.767,0.770,0.755,0.666,0.773,0.830,0.857,0.767,0.669,0.761,0.770,0.862,0.827,0.657,0.806,0.676,0.782,0.770,0.672,0.773,0.761,0.764,0.764,0.600,0.758,0.725,0.755,0.764,0.578,0.652,0.755,0.770,0.827,0.043,0.819,0.674,0.752,0.657,0.809,0.806,0.800,0.764,0.803,0.667,0.800,0.806,0.279,0.767,0.806,0.079,0.806,0.806,0.867,0.755,0.870,0.755,0.775,0.752,0.642,0.809,0.773,0.852,0.809,0.758,0.662,0.672,0.865,0.109,0.755,0.723,0.809,0.755,0.558,0.806,0.806,0.749,0.752,0.761,0.784,0.626,0.795,0.676,0.755,0.761,0.669,0.827,0.806,0.782,0.758,0.764,0.736,0.752,0.809,0.803,0.767,0.761,0.761,0.809,0.809,0.662,0.803,0.775,0.773,0.811,0.669,0.752,0.637,0.798,0.664,0.652,0.764,0.855,0.761,0.798,0.773,0.767,0.767,0.800,0.795,0.129,0.684,0.770,0.761,0.674,0.824,0.669,0.806,0.857,0.770,0.773,0.688,0.637,0.672,0.752,0.761,0.573,0.553,0.758,0.761,0.758,0.767,0.764,0.662,0.664,0.664,0.099,0.867,0.773,0.683,0.690,0.809,0.824,0.847,0.800,0.767,0.672,0.862,0.758,0.642,0.806,0.795,0.761,0.761,0.000,0.862,0.676,0.211,0.809,0.764
7PNB_P_3_YZT;0.867,0.855,0.759,0.745,0.857,0.870,0.865,0.809,0.769,0.865,0.850,0.759,0.773,0.759,0.745,0.759,0.745,0.731,0.852,0.872,0.755,0.764,0.860,0.764,0.769,0.759,0.850,0.706,0.874,0.870,0.870,0.867,0.872,0.862,0.862,0.755,0.745,0.870,0.759,0.886,0.750,0.755,0.862,0.773,0.800,0.764,0.047,0.857,0.870,0.857,0.796,0.893,0.755,0.731,0.872,0.809,0.745,0.769,0.750,0.865,0.862,0.745,0.804,0.862,0.862,0.860,0.886,0.773,0.862,0.759,0.862,0.755,0.867,0.870,0.886,0.070,0.769,0.736,0.745,0.759,0.764,0.860,0.773,0.874,0.750,0.759,0.759,0.764,0.888,0.759,0.755,0.773,0.759,0.865,0.778,0.745,0.036,0.745,0.867,0.721,0.870,0.852,0.759,0.867,0.745,0.764,0.759,0.764,0.879,0.773,0.857,0.740,0.750,0.850,0.874,0.804,0.750,0.745,0.862,0.750,0.870,0.731,0.872,0.726,0.721,0.809,0.773,0.716,0.865,0.711,0.813,0.862,0.755,0.716,0.862,0.773,0.736,0.024,0.736,0.047,0.804,0.750,0.800,0.872,0.769,0.764,0.769,0.778,0.736,0.865,0.867,0.024,0.862,0.773,0.865,0.769,0.773,0.855,0.813,0.740,0.764,0.804,0.759,0.855,0.870,0.817,0.896,0.769,0.736,0.867,0.750,0.773,0.852,0.745,0.755,0.870,0.740,0.726,0.716,0.755,0.773,0.745,0.721,0.736,0.872,0.809,0.750,0.745,0.773,0.862,0.800,0.872,0.755,0.862,0.870,0.773,0.778,0.740,0.740,0.745,0.764,0.759,0.759,0.759,0.865,0.870,0.750,0.759,0.865,0.745,0.893,0.711,0.773,0.750,0.759,0.888,0.872,0.865,0.796,0.745,0.857,0.857,0.736,0.731,0.773,0.764,0.769,0.862,0.850,0.872,0.862,0.047,0.745,0.886,0.888,0.736,0.745,0.759,0.817,0.764,0.865,0.024,0.740,0.867,0.769,0.809,0.755,0.736,0.862,0.000,0.870,0.860,0.736,0.755
7PNB_b_2_NAG;0.725,0.736,0.855,0.800,0.736,0.712,0.732,0.811,0.850,0.672,0.736,0.862,0.789,0.800,0.795,0.787,0.795,0.835,0.733,0.714,0.789,0.845,0.637,0.847,0.798,0.792,0.736,0.837,0.713,0.114,0.119,0.657,0.716,0.669,0.698,0.852,0.755,0.642,0.787,0.709,0.778,0.792,0.732,0.798,0.809,0.787,0.870,0.736,0.712,0.634,0.806,0.686,0.781,0.835,0.647,0.814,0.789,0.792,0.803,0.109,0.727,0.792,0.811,0.732,0.657,0.644,0.685,0.789,0.664,0.860,0.725,0.855,0.634,0.639,0.678,0.870,0.850,0.789,0.755,0.792,0.795,0.639,0.795,0.634,0.800,0.789,0.787,0.806,0.695,0.792,0.809,0.852,0.787,0.669,0.792,0.752,0.870,0.803,0.642,0.830,0.079,0.733,0.795,0.074,0.755,0.803,0.789,0.798,0.709,0.798,0.729,0.792,0.789,0.654,0.632,0.811,0.787,0.803,0.674,0.800,0.059,0.784,0.632,0.835,0.837,0.809,0.795,0.830,0.669,0.837,0.814,0.679,0.781,0.837,0.676,0.789,0.837,0.872,0.789,0.870,0.809,0.758,0.809,0.632,0.792,0.798,0.852,0.789,0.787,0.667,0.644,0.870,0.669,0.798,0.727,0.787,0.798,0.639,0.806,0.837,0.798,0.811,0.778,0.736,0.714,0.814,0.686,0.798,0.789,0.637,0.803,0.787,0.733,0.792,0.781,0.732,0.789,0.835,0.830,0.787,0.789,0.795,0.830,0.840,0.624,0.811,0.758,0.755,0.787,0.637,0.809,0.629,0.855,0.669,0.637,0.795,0.857,0.787,0.852,0.755,0.792,0.798,0.857,0.860,0.684,0.059,0.778,0.803,0.175,0.800,0.679,0.835,0.857,0.787,0.795,0.678,0.716,0.674,0.806,0.795,0.647,0.626,0.781,0.787,0.800,0.798,0.792,0.669,0.709,0.632,0.672,0.867,0.755,0.685,0.685,0.835,0.803,0.847,0.814,0.789,0.672,0.872,0.792,0.619,0.787,0.814,0.803,0.781,0.676,0.870,0.000,0.664,0.835,0.803
7PNB_Y_1_NAG;0.723,0.782,0.787,0.819,0.784,0.592,0.727,0.789,0.850,0.654,0.782,0.795,0.809,0.764,0.752,0.755,0.752,0.803,0.780,0.589,0.758,0.840,0.517,0.845,0.767,0.764,0.782,0.798,0.594,0.659,0.679,0.664,0.610,0.649,0.550,0.792,0.778,0.649,0.764,0.569,0.767,0.761,0.718,0.770,0.758,0.755,0.867,0.784,0.589,0.502,0.755,0.684,0.761,0.803,0.667,0.800,0.758,0.773,0.819,0.654,0.725,0.755,0.758,0.723,0.520,0.511,0.699,0.806,0.119,0.792,0.721,0.789,0.654,0.649,0.673,0.867,0.855,0.758,0.778,0.761,0.764,0.514,0.770,0.644,0.764,0.752,0.767,0.758,0.676,0.775,0.824,0.852,0.764,0.659,0.764,0.773,0.860,0.822,0.634,0.800,0.667,0.780,0.755,0.664,0.778,0.761,0.749,0.755,0.570,0.773,0.718,0.746,0.758,0.529,0.634,0.755,0.764,0.822,0.194,0.817,0.659,0.752,0.642,0.803,0.795,0.795,0.767,0.798,0.657,0.792,0.800,0.166,0.764,0.795,0.189,0.809,0.800,0.865,0.755,0.867,0.755,0.778,0.752,0.629,0.809,0.758,0.847,0.814,0.758,0.652,0.654,0.862,0.216,0.770,0.721,0.811,0.770,0.505,0.800,0.803,0.764,0.752,0.758,0.782,0.586,0.789,0.691,0.770,0.761,0.654,0.822,0.809,0.780,0.755,0.761,0.732,0.749,0.803,0.798,0.752,0.764,0.752,0.803,0.806,0.644,0.798,0.778,0.778,0.814,0.647,0.755,0.624,0.784,0.652,0.642,0.767,0.852,0.764,0.789,0.778,0.755,0.767,0.792,0.789,0.233,0.672,0.770,0.761,0.664,0.819,0.676,0.795,0.852,0.764,0.770,0.695,0.608,0.657,0.755,0.752,0.523,0.508,0.761,0.764,0.775,0.752,0.767,0.649,0.644,0.647,0.220,0.865,0.778,0.685,0.697,0.803,0.817,0.842,0.795,0.770,0.662,0.860,0.755,0.629,0.809,0.789,0.761,0.764,0.211,0.860,0.664,0.000,0.806,0.764
7PNB_N_3_YZT;0.837,0.862,0.443,0.716,0.867,0.806,0.837,0.721,0.559,0.795,0.865,0.413,0.690,0.613,0.664,0.664,0.664,0.047,0.862,0.795,0.636,0.546,0.817,0.553,0.608,0.664,0.865,0.358,0.805,0.832,0.837,0.809,0.813,0.795,0.819,0.429,0.636,0.817,0.669,0.813,0.659,0.664,0.832,0.613,0.571,0.648,0.745,0.867,0.795,0.817,0.565,0.830,0.664,0.036,0.803,0.731,0.648,0.596,0.716,0.827,0.832,0.664,0.565,0.835,0.817,0.817,0.821,0.685,0.806,0.436,0.835,0.421,0.806,0.817,0.824,0.740,0.565,0.653,0.636,0.664,0.602,0.817,0.590,0.827,0.608,0.648,0.669,0.631,0.824,0.590,0.726,0.565,0.669,0.798,0.571,0.636,0.736,0.726,0.811,0.390,0.835,0.862,0.631,0.830,0.631,0.619,0.648,0.664,0.792,0.613,0.832,0.631,0.659,0.817,0.824,0.565,0.648,0.721,0.806,0.716,0.832,0.625,0.824,0.047,0.350,0.721,0.584,0.350,0.798,0.358,0.736,0.803,0.664,0.358,0.806,0.685,0.059,0.736,0.625,0.745,0.571,0.631,0.559,0.817,0.690,0.648,0.559,0.701,0.653,0.795,0.811,0.736,0.806,0.613,0.832,0.696,0.613,0.806,0.726,0.024,0.608,0.565,0.659,0.865,0.806,0.740,0.827,0.608,0.625,0.806,0.721,0.685,0.865,0.664,0.664,0.837,0.659,0.047,0.374,0.642,0.571,0.664,0.382,0.047,0.822,0.731,0.631,0.636,0.701,0.811,0.565,0.819,0.421,0.798,0.819,0.584,0.559,0.625,0.413,0.631,0.636,0.613,0.451,0.451,0.806,0.837,0.659,0.625,0.830,0.716,0.832,0.366,0.565,0.648,0.613,0.821,0.803,0.798,0.565,0.664,0.819,0.819,0.625,0.631,0.619,0.636,0.578,0.798,0.821,0.824,0.811,0.736,0.636,0.816,0.829,0.047,0.716,0.546,0.740,0.584,0.798,0.740,0.631,0.814,0.690,0.721,0.613,0.625,0.809,0.736,0.835,0.806,0.000,0.619
7PNB_W_5_MAN;0.814,0.824,0.636,0.653,0.827,0.784,0.817,0.590,0.716,0.784,0.821,0.631,0.696,0.047,0.358,0.281,0.366,0.625,0.824,0.770,0.299,0.711,0.803,0.721,0.366,0.263,0.821,0.590,0.786,0.798,0.798,0.761,0.795,0.787,0.775,0.636,0.540,0.749,0.316,0.792,0.325,0.245,0.814,0.374,0.520,0.299,0.764,0.827,0.787,0.792,0.514,0.795,0.308,0.625,0.767,0.631,0.207,0.507,0.653,0.800,0.809,0.350,0.520,0.814,0.803,0.803,0.792,0.690,0.767,0.636,0.814,0.631,0.755,0.746,0.783,0.764,0.721,0.366,0.540,0.235,0.342,0.784,0.500,0.749,0.059,0.316,0.299,0.092,0.783,0.500,0.664,0.716,0.325,0.787,0.486,0.533,0.755,0.659,0.758,0.608,0.803,0.824,0.316,0.795,0.533,0.036,0.308,0.235,0.784,0.374,0.811,0.308,0.216,0.795,0.749,0.514,0.207,0.659,0.761,0.653,0.800,0.299,0.749,0.619,0.596,0.596,0.500,0.608,0.787,0.596,0.631,0.761,0.325,0.596,0.761,0.680,0.619,0.759,0.299,0.764,0.520,0.533,0.507,0.740,0.685,0.325,0.721,0.685,0.342,0.784,0.755,0.759,0.758,0.366,0.811,0.685,0.366,0.789,0.625,0.613,0.358,0.514,0.299,0.821,0.789,0.619,0.795,0.358,0.299,0.758,0.653,0.680,0.824,0.358,0.316,0.822,0.358,0.619,0.608,0.308,0.486,0.366,0.625,0.619,0.746,0.619,0.533,0.540,0.690,0.749,0.514,0.743,0.625,0.781,0.743,0.500,0.731,0.299,0.625,0.533,0.316,0.047,0.631,0.636,0.761,0.803,0.316,0.036,0.800,0.653,0.789,0.596,0.721,0.207,0.070,0.789,0.784,0.787,0.514,0.366,0.798,0.792,0.290,0.308,0.374,0.325,0.493,0.781,0.786,0.746,0.764,0.764,0.540,0.772,0.795,0.631,0.653,0.716,0.619,0.500,0.787,0.755,0.290,0.743,0.680,0.590,0.036,0.299,0.764,0.755,0.803,0.764,0.619,0.000
