7PNB_o_1_NAG;0.000,0.678,0.866,0.792,0.676,0.709,0.114,0.846,0.855,0.721,0.679,0.869,0.781,0.829,0.819,0.820,0.819,0.851,0.674,0.714,0.808,0.852,0.700,0.852,0.827,0.824,0.679,0.863,0.713,0.695,0.707,0.699,0.715,0.715,0.699,0.859,0.825,0.702,0.815,0.706,0.817,0.818,0.064,0.827,0.843,0.819,0.871,0.676,0.725,0.688,0.840,0.709,0.813,0.850,0.697,0.850,0.818,0.840,0.792,0.698,0.068,0.818,0.844,0.082,0.700,0.694,0.697,0.784,0.675,0.859,0.071,0.866,0.702,0.698,0.697,0.871,0.854,0.818,0.825,0.821,0.827,0.704,0.840,0.684,0.825,0.816,0.812,0.829,0.703,0.837,0.795,0.851,0.815,0.720,0.837,0.824,0.871,0.796,0.695,0.859,0.700,0.675,0.810,0.696,0.825,0.829,0.812,0.824,0.708,0.826,0.093,0.828,0.818,0.694,0.677,0.844,0.822,0.796,0.671,0.792,0.701,0.828,0.692,0.847,0.859,0.843,0.841,0.859,0.720,0.865,0.850,0.680,0.813,0.859,0.669,0.785,0.851,0.871,0.831,0.871,0.844,0.828,0.840,0.694,0.785,0.810,0.846,0.782,0.819,0.715,0.687,0.871,0.677,0.827,0.019,0.778,0.827,0.691,0.847,0.851,0.827,0.844,0.809,0.678,0.713,0.853,0.710,0.827,0.831,0.704,0.795,0.784,0.674,0.819,0.813,0.089,0.815,0.847,0.859,0.812,0.837,0.819,0.859,0.851,0.676,0.850,0.828,0.825,0.778,0.691,0.844,0.679,0.864,0.724,0.687,0.841,0.841,0.831,0.866,0.825,0.803,0.825,0.867,0.866,0.690,0.701,0.805,0.826,0.715,0.792,0.694,0.859,0.852,0.822,0.822,0.713,0.716,0.720,0.840,0.819,0.701,0.692,0.834,0.834,0.826,0.817,0.841,0.719,0.706,0.679,0.679,0.871,0.825,0.709,0.718,0.854,0.793,0.853,0.853,0.841,0.716,0.875,0.831,0.684,0.782,0.846,0.825,0.827,0.675,0.871,0.698,0.682,0.851,0.818
7PNB_P_2_NAG;0.678,0.000,0.861,0.801,0.023,0.702,0.687,0.808,0.842,0.734,0.019,0.867,0.798,0.810,0.795,0.825,0.791,0.859,0.016,0.710,0.829,0.839,0.699,0.839,0.787,0.833,0.019,0.860,0.700,0.711,0.710,0.738,0.708,0.738,0.737,0.857,0.789,0.734,0.800,0.712,0.793,0.827,0.679,0.787,0.844,0.828,0.869,0.046,0.702,0.714,0.841,0.709,0.793,0.859,0.735,0.808,0.819,0.837,0.792,0.711,0.681,0.794,0.841,0.676,0.696,0.704,0.715,0.801,0.734,0.857,0.674,0.860,0.733,0.733,0.710,0.869,0.845,0.794,0.789,0.830,0.787,0.693,0.837,0.686,0.814,0.817,0.801,0.822,0.699,0.834,0.804,0.842,0.800,0.736,0.842,0.792,0.869,0.792,0.740,0.864,0.713,0.012,0.810,0.706,0.789,0.810,0.817,0.833,0.705,0.790,0.679,0.821,0.827,0.684,0.686,0.841,0.827,0.801,0.736,0.784,0.701,0.821,0.681,0.856,0.861,0.804,0.838,0.868,0.739,0.867,0.812,0.729,0.793,0.861,0.738,0.794,0.859,0.869,0.824,0.869,0.841,0.792,0.837,0.690,0.802,0.811,0.833,0.799,0.795,0.738,0.732,0.869,0.738,0.787,0.681,0.799,0.787,0.700,0.809,0.856,0.787,0.841,0.797,0.023,0.699,0.816,0.693,0.787,0.832,0.735,0.804,0.805,0.035,0.795,0.793,0.681,0.791,0.856,0.868,0.829,0.842,0.791,0.864,0.856,0.682,0.812,0.792,0.789,0.799,0.726,0.841,0.685,0.858,0.743,0.693,0.838,0.831,0.832,0.861,0.789,0.808,0.814,0.858,0.860,0.728,0.704,0.794,0.806,0.708,0.801,0.703,0.861,0.842,0.827,0.810,0.712,0.713,0.742,0.841,0.791,0.697,0.711,0.832,0.832,0.790,0.814,0.838,0.738,0.702,0.682,0.747,0.869,0.789,0.692,0.724,0.862,0.785,0.840,0.815,0.838,0.742,0.873,0.824,0.697,0.803,0.808,0.814,0.828,0.737,0.869,0.701,0.740,0.856,0.807
7PNB_v_3_YZT;0.866,0.861,0.000,0.725,0.863,0.842,0.864,0.732,0.530,0.840,0.865,0.134,0.699,0.676,0.673,0.682,0.673,0.463,0.861,0.833,0.698,0.530,0.830,0.533,0.682,0.691,0.865,0.471,0.840,0.856,0.868,0.832,0.843,0.841,0.845,0.037,0.635,0.841,0.675,0.847,0.680,0.678,0.863,0.682,0.717,0.687,0.745,0.863,0.843,0.834,0.710,0.881,0.680,0.459,0.833,0.748,0.662,0.694,0.717,0.861,0.867,0.671,0.710,0.864,0.827,0.832,0.886,0.697,0.839,0.073,0.864,0.009,0.834,0.835,0.878,0.738,0.534,0.671,0.635,0.676,0.682,0.837,0.694,0.848,0.676,0.682,0.686,0.685,0.886,0.697,0.724,0.537,0.675,0.844,0.678,0.642,0.738,0.734,0.838,0.482,0.862,0.861,0.678,0.858,0.635,0.676,0.682,0.682,0.841,0.680,0.863,0.689,0.669,0.828,0.848,0.710,0.669,0.725,0.841,0.719,0.859,0.689,0.845,0.452,0.475,0.734,0.688,0.482,0.844,0.452,0.748,0.834,0.680,0.475,0.843,0.699,0.463,0.745,0.696,0.745,0.719,0.633,0.703,0.840,0.699,0.689,0.530,0.692,0.673,0.841,0.837,0.745,0.840,0.682,0.864,0.694,0.682,0.824,0.744,0.452,0.682,0.710,0.671,0.864,0.846,0.741,0.881,0.682,0.694,0.829,0.724,0.697,0.864,0.673,0.680,0.865,0.664,0.452,0.482,0.698,0.678,0.673,0.475,0.440,0.853,0.748,0.633,0.635,0.694,0.841,0.710,0.845,0.055,0.847,0.840,0.688,0.530,0.696,0.107,0.635,0.693,0.676,0.046,0.028,0.840,0.864,0.682,0.669,0.856,0.727,0.876,0.475,0.530,0.669,0.669,0.881,0.851,0.843,0.710,0.673,0.824,0.835,0.694,0.694,0.680,0.693,0.688,0.848,0.850,0.847,0.845,0.738,0.635,0.869,0.880,0.455,0.721,0.527,0.747,0.688,0.843,0.744,0.696,0.844,0.692,0.732,0.676,0.696,0.839,0.745,0.863,0.835,0.452,0.671
7PNB_U_4_MAN;0.792,0.801,0.725,0.000,0.808,0.801,0.792,0.709,0.722,0.806,0.801,0.728,0.662,0.644,0.611,0.631,0.621,0.720,0.796,0.828,0.606,0.730,0.804,0.723,0.621,0.641,0.801,0.715,0.823,0.816,0.825,0.810,0.818,0.807,0.829,0.725,0.640,0.819,0.614,0.842,0.619,0.626,0.786,0.621,0.669,0.614,0.750,0.812,0.818,0.805,0.661,0.837,0.609,0.718,0.815,0.727,0.618,0.664,0.065,0.817,0.799,0.608,0.661,0.787,0.805,0.810,0.847,0.669,0.838,0.717,0.784,0.724,0.812,0.817,0.838,0.750,0.718,0.608,0.640,0.634,0.621,0.813,0.664,0.803,0.644,0.598,0.617,0.644,0.839,0.667,0.011,0.720,0.614,0.810,0.667,0.647,0.750,0.086,0.808,0.698,0.823,0.797,0.594,0.814,0.640,0.644,0.598,0.641,0.832,0.618,0.786,0.617,0.626,0.798,0.803,0.661,0.626,0.022,0.836,0.116,0.820,0.617,0.804,0.711,0.709,0.702,0.667,0.698,0.810,0.711,0.727,0.836,0.609,0.709,0.838,0.642,0.720,0.750,0.625,0.750,0.661,0.647,0.654,0.803,0.671,0.597,0.727,0.655,0.611,0.807,0.815,0.750,0.839,0.621,0.796,0.657,0.621,0.798,0.722,0.711,0.621,0.661,0.609,0.801,0.818,0.736,0.833,0.621,0.633,0.807,0.011,0.659,0.800,0.611,0.609,0.784,0.600,0.711,0.698,0.606,0.667,0.621,0.700,0.711,0.801,0.727,0.647,0.640,0.657,0.812,0.672,0.800,0.712,0.814,0.799,0.667,0.722,0.625,0.709,0.640,0.592,0.644,0.727,0.724,0.842,0.821,0.612,0.636,0.820,0.011,0.832,0.709,0.722,0.626,0.636,0.841,0.819,0.809,0.661,0.621,0.806,0.802,0.633,0.633,0.618,0.612,0.667,0.815,0.804,0.798,0.840,0.750,0.640,0.843,0.844,0.725,0.105,0.725,0.734,0.667,0.809,0.757,0.625,0.803,0.664,0.709,0.644,0.625,0.838,0.750,0.812,0.830,0.711,0.639
7PNB_t_2_NAG;0.676,0.023,0.863,0.808,0.000,0.710,0.686,0.802,0.849,0.732,0.012,0.869,0.801,0.812,0.802,0.832,0.798,0.866,0.016,0.719,0.832,0.845,0.701,0.845,0.789,0.836,0.012,0.867,0.708,0.710,0.708,0.739,0.716,0.736,0.742,0.860,0.796,0.736,0.803,0.717,0.796,0.829,0.677,0.789,0.847,0.831,0.872,0.047,0.711,0.715,0.844,0.704,0.796,0.865,0.737,0.806,0.822,0.840,0.799,0.709,0.680,0.801,0.844,0.675,0.698,0.705,0.714,0.804,0.736,0.860,0.672,0.863,0.735,0.735,0.705,0.872,0.851,0.801,0.796,0.833,0.789,0.698,0.840,0.692,0.817,0.824,0.803,0.825,0.694,0.837,0.811,0.848,0.803,0.735,0.845,0.799,0.872,0.799,0.741,0.870,0.711,0.020,0.817,0.704,0.796,0.812,0.820,0.836,0.710,0.793,0.677,0.828,0.829,0.689,0.692,0.844,0.829,0.808,0.738,0.792,0.699,0.828,0.686,0.862,0.867,0.803,0.841,0.874,0.738,0.873,0.810,0.727,0.796,0.867,0.739,0.801,0.866,0.872,0.831,0.872,0.844,0.799,0.840,0.695,0.801,0.818,0.839,0.797,0.802,0.736,0.734,0.872,0.734,0.789,0.679,0.798,0.789,0.702,0.808,0.862,0.789,0.844,0.800,0.016,0.708,0.814,0.688,0.789,0.838,0.737,0.811,0.808,0.020,0.802,0.796,0.680,0.798,0.862,0.874,0.832,0.845,0.798,0.871,0.862,0.687,0.810,0.799,0.796,0.798,0.728,0.844,0.690,0.861,0.741,0.698,0.841,0.838,0.839,0.867,0.796,0.815,0.817,0.860,0.863,0.730,0.703,0.797,0.809,0.706,0.808,0.698,0.867,0.849,0.829,0.813,0.708,0.721,0.741,0.844,0.798,0.699,0.713,0.838,0.838,0.793,0.821,0.841,0.736,0.707,0.687,0.743,0.872,0.796,0.687,0.719,0.869,0.792,0.846,0.814,0.841,0.741,0.875,0.831,0.702,0.801,0.802,0.817,0.835,0.739,0.872,0.699,0.742,0.862,0.810
7PNB_p_1_NAG;0.709,0.702,0.842,0.801,0.710,0.000,0.728,0.811,0.842,0.633,0.703,0.844,0.794,0.793,0.783,0.788,0.779,0.833,0.702,0.238,0.804,0.842,0.618,0.839,0.779,0.797,0.703,0.830,0.099,0.673,0.695,0.605,0.134,0.626,0.632,0.842,0.793,0.619,0.788,0.164,0.785,0.790,0.717,0.779,0.819,0.808,0.875,0.707,0.144,0.609,0.816,0.684,0.789,0.832,0.603,0.815,0.790,0.812,0.797,0.689,0.719,0.786,0.816,0.721,0.625,0.619,0.694,0.797,0.565,0.834,0.718,0.841,0.612,0.615,0.685,0.875,0.841,0.786,0.793,0.793,0.779,0.612,0.812,0.556,0.793,0.792,0.793,0.797,0.684,0.809,0.804,0.837,0.792,0.635,0.809,0.797,0.875,0.805,0.609,0.826,0.684,0.699,0.785,0.680,0.793,0.793,0.797,0.797,0.146,0.782,0.720,0.792,0.790,0.644,0.560,0.816,0.794,0.801,0.600,0.797,0.679,0.792,0.578,0.829,0.827,0.804,0.813,0.830,0.632,0.833,0.815,0.562,0.785,0.827,0.620,0.790,0.833,0.875,0.795,0.875,0.816,0.793,0.812,0.580,0.798,0.782,0.836,0.795,0.783,0.634,0.610,0.875,0.618,0.779,0.712,0.795,0.779,0.608,0.813,0.829,0.779,0.816,0.785,0.709,0.085,0.819,0.674,0.779,0.803,0.618,0.804,0.801,0.701,0.783,0.785,0.725,0.783,0.829,0.830,0.804,0.809,0.779,0.827,0.829,0.547,0.815,0.793,0.793,0.795,0.608,0.816,0.562,0.835,0.635,0.564,0.813,0.831,0.795,0.838,0.793,0.779,0.797,0.842,0.841,0.605,0.682,0.786,0.790,0.683,0.801,0.682,0.827,0.838,0.794,0.794,0.701,0.253,0.631,0.816,0.779,0.641,0.618,0.803,0.799,0.782,0.789,0.813,0.634,0.622,0.563,0.626,0.875,0.793,0.693,0.699,0.835,0.798,0.839,0.819,0.813,0.638,0.879,0.795,0.577,0.799,0.811,0.793,0.799,0.608,0.875,0.675,0.561,0.829,0.786
7PNB_U_1_NAG;0.114,0.687,0.864,0.792,0.686,0.728,0.000,0.847,0.857,0.727,0.688,0.867,0.781,0.830,0.820,0.821,0.820,0.848,0.684,0.733,0.808,0.857,0.719,0.857,0.828,0.825,0.688,0.860,0.732,0.701,0.707,0.715,0.740,0.728,0.702,0.857,0.826,0.722,0.816,0.725,0.818,0.818,0.069,0.828,0.844,0.820,0.873,0.686,0.747,0.701,0.841,0.725,0.814,0.848,0.713,0.851,0.819,0.841,0.792,0.704,0.087,0.819,0.841,0.050,0.722,0.713,0.712,0.785,0.688,0.857,0.054,0.864,0.714,0.717,0.720,0.873,0.856,0.819,0.826,0.822,0.828,0.713,0.841,0.690,0.826,0.817,0.813,0.830,0.719,0.838,0.796,0.853,0.816,0.727,0.838,0.825,0.873,0.801,0.708,0.857,0.706,0.685,0.810,0.702,0.826,0.830,0.813,0.825,0.727,0.827,0.039,0.829,0.818,0.713,0.690,0.841,0.823,0.796,0.677,0.797,0.707,0.829,0.695,0.845,0.857,0.844,0.842,0.857,0.727,0.863,0.851,0.696,0.814,0.857,0.675,0.785,0.848,0.873,0.832,0.873,0.841,0.829,0.837,0.700,0.785,0.811,0.851,0.782,0.820,0.722,0.706,0.873,0.690,0.828,0.112,0.779,0.828,0.707,0.848,0.848,0.828,0.841,0.810,0.687,0.732,0.855,0.725,0.828,0.832,0.716,0.796,0.785,0.683,0.820,0.814,0.050,0.816,0.845,0.857,0.812,0.838,0.820,0.857,0.848,0.689,0.851,0.829,0.826,0.779,0.714,0.845,0.691,0.862,0.730,0.696,0.842,0.846,0.832,0.864,0.826,0.804,0.826,0.865,0.864,0.696,0.707,0.806,0.827,0.714,0.793,0.710,0.857,0.853,0.823,0.823,0.735,0.735,0.729,0.841,0.820,0.720,0.705,0.836,0.836,0.827,0.818,0.842,0.728,0.705,0.682,0.688,0.873,0.826,0.730,0.740,0.851,0.798,0.858,0.854,0.842,0.726,0.876,0.832,0.694,0.782,0.847,0.826,0.828,0.688,0.873,0.704,0.688,0.848,0.819
7PNB_u_5_MAN;0.846,0.808,0.732,0.709,0.802,0.811,0.847,0.000,0.720,0.837,0.800,0.735,0.699,0.603,0.612,0.642,0.602,0.744,0.803,0.818,0.639,0.720,0.803,0.722,0.632,0.642,0.800,0.739,0.829,0.819,0.823,0.817,0.824,0.842,0.823,0.732,0.620,0.822,0.594,0.837,0.590,0.627,0.850,0.632,0.616,0.647,0.824,0.806,0.817,0.800,0.608,0.803,0.590,0.742,0.818,0.121,0.619,0.600,0.700,0.820,0.853,0.609,0.597,0.850,0.804,0.813,0.815,0.697,0.820,0.732,0.851,0.739,0.811,0.820,0.801,0.824,0.717,0.609,0.620,0.624,0.632,0.799,0.600,0.822,0.603,0.632,0.597,0.603,0.803,0.592,0.716,0.719,0.604,0.848,0.603,0.628,0.824,0.718,0.823,0.731,0.818,0.804,0.606,0.817,0.620,0.603,0.632,0.632,0.831,0.630,0.850,0.629,0.617,0.809,0.814,0.597,0.627,0.709,0.822,0.702,0.814,0.629,0.815,0.735,0.732,0.032,0.603,0.739,0.845,0.744,0.121,0.814,0.590,0.732,0.825,0.707,0.744,0.824,0.636,0.824,0.608,0.618,0.589,0.814,0.690,0.609,0.726,0.701,0.612,0.842,0.822,0.824,0.818,0.632,0.851,0.703,0.632,0.801,0.139,0.735,0.632,0.597,0.590,0.803,0.820,0.121,0.804,0.632,0.644,0.818,0.716,0.705,0.799,0.612,0.579,0.851,0.602,0.735,0.739,0.639,0.603,0.602,0.732,0.735,0.811,0.121,0.618,0.620,0.703,0.826,0.608,0.811,0.728,0.845,0.810,0.603,0.712,0.636,0.741,0.620,0.604,0.603,0.726,0.739,0.817,0.816,0.603,0.595,0.811,0.711,0.799,0.732,0.720,0.627,0.595,0.800,0.814,0.844,0.608,0.602,0.801,0.805,0.644,0.644,0.630,0.624,0.603,0.846,0.832,0.817,0.818,0.824,0.620,0.786,0.807,0.748,0.704,0.724,0.131,0.603,0.848,0.823,0.636,0.810,0.701,0.000,0.603,0.636,0.816,0.824,0.814,0.816,0.735,0.588
7PNB_u_3_YZT;0.855,0.842,0.530,0.722,0.849,0.842,0.857,0.720,0.000,0.862,0.843,0.560,0.688,0.707,0.712,0.713,0.712,0.541,0.842,0.848,0.744,0.068,0.844,0.009,0.712,0.722,0.843,0.584,0.854,0.862,0.874,0.840,0.839,0.859,0.856,0.530,0.652,0.848,0.706,0.861,0.702,0.717,0.856,0.712,0.739,0.734,0.756,0.849,0.843,0.845,0.732,0.856,0.710,0.537,0.840,0.712,0.711,0.709,0.713,0.867,0.866,0.711,0.732,0.856,0.839,0.843,0.858,0.694,0.861,0.550,0.853,0.537,0.837,0.846,0.853,0.756,0.052,0.711,0.652,0.723,0.712,0.845,0.709,0.854,0.707,0.713,0.716,0.699,0.851,0.711,0.728,0.043,0.706,0.862,0.711,0.658,0.756,0.738,0.852,0.584,0.865,0.839,0.717,0.865,0.652,0.707,0.722,0.722,0.848,0.711,0.856,0.728,0.717,0.835,0.851,0.732,0.717,0.722,0.858,0.723,0.865,0.728,0.852,0.541,0.578,0.706,0.702,0.584,0.862,0.606,0.704,0.856,0.702,0.578,0.861,0.679,0.541,0.749,0.726,0.756,0.732,0.658,0.725,0.847,0.696,0.703,0.026,0.681,0.712,0.863,0.844,0.749,0.858,0.712,0.864,0.683,0.712,0.835,0.708,0.541,0.712,0.732,0.718,0.846,0.835,0.704,0.853,0.712,0.732,0.840,0.728,0.694,0.845,0.712,0.710,0.857,0.704,0.541,0.603,0.744,0.711,0.712,0.587,0.531,0.852,0.704,0.658,0.652,0.683,0.848,0.732,0.848,0.536,0.862,0.847,0.702,0.101,0.734,0.550,0.652,0.698,0.707,0.533,0.547,0.861,0.867,0.704,0.709,0.859,0.723,0.858,0.578,0.035,0.717,0.701,0.856,0.836,0.861,0.732,0.712,0.835,0.845,0.732,0.732,0.711,0.723,0.702,0.863,0.850,0.854,0.863,0.749,0.652,0.851,0.855,0.544,0.725,0.017,0.703,0.702,0.861,0.754,0.726,0.848,0.689,0.720,0.707,0.726,0.857,0.749,0.865,0.857,0.531,0.711
7PNB_X_2_NAG;0.721,0.734,0.840,0.806,0.732,0.633,0.727,0.837,0.862,0.000,0.731,0.843,0.808,0.807,0.805,0.802,0.805,0.823,0.730,0.634,0.797,0.858,0.623,0.859,0.801,0.802,0.731,0.840,0.633,0.632,0.641,0.429,0.646,0.051,0.668,0.840,0.815,0.473,0.806,0.640,0.799,0.804,0.726,0.801,0.821,0.801,0.875,0.739,0.640,0.625,0.818,0.686,0.803,0.823,0.421,0.845,0.800,0.823,0.806,0.652,0.715,0.804,0.822,0.723,0.623,0.616,0.673,0.807,0.642,0.837,0.718,0.840,0.453,0.463,0.684,0.875,0.868,0.804,0.815,0.803,0.801,0.617,0.823,0.543,0.803,0.802,0.802,0.803,0.673,0.819,0.806,0.865,0.810,0.020,0.815,0.818,0.875,0.806,0.462,0.836,0.655,0.731,0.791,0.651,0.815,0.807,0.802,0.806,0.632,0.800,0.723,0.806,0.804,0.635,0.551,0.822,0.799,0.806,0.656,0.803,0.645,0.806,0.537,0.819,0.837,0.838,0.819,0.836,0.012,0.835,0.845,0.651,0.799,0.837,0.658,0.808,0.823,0.875,0.809,0.875,0.826,0.814,0.819,0.530,0.803,0.787,0.853,0.804,0.805,0.020,0.454,0.875,0.659,0.801,0.718,0.801,0.801,0.593,0.842,0.819,0.801,0.822,0.799,0.734,0.634,0.845,0.673,0.801,0.804,0.450,0.806,0.807,0.730,0.805,0.799,0.728,0.801,0.819,0.836,0.801,0.815,0.805,0.837,0.819,0.551,0.845,0.814,0.815,0.801,0.479,0.818,0.529,0.834,0.043,0.518,0.819,0.855,0.813,0.833,0.815,0.784,0.803,0.837,0.840,0.661,0.649,0.799,0.804,0.661,0.807,0.680,0.837,0.862,0.799,0.804,0.686,0.637,0.039,0.818,0.805,0.642,0.619,0.809,0.813,0.800,0.794,0.819,0.058,0.657,0.550,0.660,0.875,0.815,0.685,0.681,0.822,0.804,0.859,0.848,0.819,0.039,0.878,0.809,0.540,0.800,0.837,0.803,0.805,0.664,0.875,0.649,0.646,0.819,0.796
7PNB_U_2_NAG;0.679,0.019,0.865,0.801,0.012,0.703,0.688,0.800,0.843,0.731,0.000,0.871,0.799,0.806,0.796,0.826,0.792,0.860,0.012,0.711,0.825,0.839,0.700,0.840,0.783,0.830,0.000,0.861,0.701,0.709,0.707,0.735,0.709,0.735,0.738,0.861,0.790,0.732,0.797,0.713,0.790,0.823,0.680,0.783,0.841,0.825,0.866,0.050,0.703,0.714,0.837,0.699,0.790,0.859,0.733,0.800,0.816,0.834,0.793,0.708,0.682,0.795,0.837,0.677,0.697,0.704,0.710,0.802,0.731,0.861,0.674,0.864,0.731,0.731,0.701,0.866,0.845,0.795,0.790,0.827,0.783,0.697,0.834,0.687,0.810,0.814,0.797,0.818,0.690,0.830,0.805,0.842,0.797,0.734,0.838,0.793,0.866,0.793,0.737,0.864,0.710,0.008,0.807,0.703,0.790,0.806,0.814,0.830,0.705,0.787,0.680,0.817,0.823,0.684,0.687,0.837,0.823,0.801,0.733,0.785,0.698,0.817,0.682,0.856,0.861,0.797,0.834,0.868,0.737,0.867,0.804,0.723,0.790,0.861,0.735,0.795,0.860,0.866,0.821,0.866,0.837,0.793,0.834,0.691,0.799,0.808,0.833,0.795,0.796,0.735,0.730,0.866,0.730,0.783,0.681,0.796,0.783,0.701,0.801,0.856,0.783,0.837,0.794,0.012,0.700,0.808,0.684,0.783,0.828,0.733,0.805,0.806,0.016,0.796,0.790,0.682,0.792,0.856,0.868,0.825,0.838,0.792,0.865,0.856,0.683,0.804,0.793,0.790,0.796,0.724,0.837,0.685,0.858,0.740,0.694,0.834,0.832,0.829,0.861,0.790,0.805,0.810,0.862,0.864,0.726,0.702,0.790,0.803,0.705,0.802,0.694,0.861,0.843,0.823,0.807,0.704,0.714,0.739,0.837,0.792,0.698,0.712,0.828,0.828,0.787,0.810,0.834,0.735,0.703,0.683,0.738,0.866,0.790,0.683,0.715,0.863,0.786,0.840,0.808,0.834,0.739,0.869,0.821,0.698,0.799,0.800,0.810,0.825,0.734,0.866,0.698,0.738,0.856,0.803
7PNB_0_3_YZT;0.869,0.867,0.134,0.728,0.869,0.844,0.867,0.735,0.560,0.843,0.871,0.000,0.710,0.678,0.702,0.694,0.702,0.427,0.867,0.835,0.692,0.560,0.832,0.563,0.685,0.703,0.871,0.424,0.846,0.869,0.877,0.838,0.849,0.843,0.844,0.100,0.673,0.851,0.695,0.857,0.699,0.689,0.866,0.685,0.702,0.699,0.748,0.869,0.849,0.836,0.695,0.887,0.699,0.435,0.839,0.752,0.673,0.679,0.720,0.874,0.869,0.700,0.695,0.866,0.830,0.834,0.881,0.708,0.849,0.117,0.867,0.126,0.843,0.845,0.884,0.741,0.564,0.700,0.673,0.687,0.685,0.840,0.679,0.850,0.678,0.694,0.697,0.696,0.892,0.671,0.727,0.567,0.695,0.846,0.662,0.680,0.741,0.737,0.847,0.436,0.875,0.867,0.671,0.871,0.673,0.678,0.694,0.694,0.843,0.682,0.866,0.701,0.680,0.830,0.850,0.695,0.680,0.728,0.850,0.722,0.872,0.701,0.847,0.427,0.429,0.729,0.671,0.436,0.846,0.427,0.752,0.844,0.699,0.429,0.853,0.710,0.427,0.748,0.707,0.748,0.704,0.671,0.688,0.842,0.710,0.682,0.559,0.703,0.702,0.843,0.842,0.748,0.854,0.685,0.867,0.713,0.685,0.826,0.747,0.427,0.685,0.695,0.691,0.870,0.848,0.752,0.883,0.685,0.705,0.839,0.727,0.708,0.870,0.702,0.699,0.867,0.693,0.427,0.436,0.692,0.662,0.702,0.429,0.415,0.855,0.752,0.671,0.673,0.713,0.850,0.695,0.847,0.116,0.850,0.842,0.671,0.550,0.707,0.183,0.673,0.687,0.678,0.142,0.109,0.849,0.877,0.701,0.671,0.869,0.730,0.882,0.429,0.560,0.680,0.671,0.883,0.850,0.845,0.695,0.702,0.826,0.837,0.705,0.705,0.682,0.687,0.671,0.851,0.860,0.849,0.858,0.741,0.673,0.867,0.886,0.431,0.724,0.556,0.750,0.671,0.845,0.747,0.707,0.850,0.712,0.735,0.678,0.707,0.853,0.748,0.875,0.845,0.427,0.664
7PNB_z_4_BGC;0.781,0.798,0.699,0.662,0.801,0.794,0.781,0.699,0.688,0.808,0.799,0.710,0.000,0.674,0.652,0.662,0.643,0.701,0.794,0.801,0.669,0.688,0.801,0.681,0.681,0.662,0.799,0.705,0.796,0.801,0.810,0.807,0.786,0.812,0.806,0.690,0.581,0.824,0.683,0.803,0.669,0.657,0.775,0.681,0.689,0.676,0.762,0.801,0.799,0.807,0.681,0.810,0.678,0.699,0.804,0.699,0.650,0.674,0.652,0.806,0.787,0.650,0.701,0.776,0.799,0.799,0.813,0.010,0.815,0.699,0.777,0.705,0.809,0.830,0.807,0.762,0.700,0.650,0.581,0.655,0.681,0.810,0.674,0.836,0.674,0.690,0.694,0.683,0.809,0.676,0.659,0.702,0.683,0.811,0.667,0.588,0.762,0.652,0.829,0.705,0.800,0.795,0.667,0.795,0.581,0.674,0.681,0.671,0.801,0.678,0.775,0.679,0.657,0.795,0.828,0.701,0.647,0.662,0.813,0.655,0.805,0.679,0.833,0.693,0.699,0.692,0.667,0.713,0.811,0.718,0.699,0.821,0.678,0.699,0.819,0.060,0.701,0.762,0.686,0.762,0.701,0.588,0.693,0.832,0.020,0.669,0.677,0.050,0.652,0.804,0.816,0.762,0.820,0.681,0.785,0.040,0.681,0.799,0.694,0.693,0.681,0.701,0.678,0.802,0.782,0.707,0.807,0.681,0.683,0.824,0.659,0.031,0.797,0.652,0.678,0.782,0.643,0.693,0.713,0.669,0.667,0.643,0.715,0.693,0.826,0.699,0.588,0.581,0.040,0.825,0.681,0.829,0.703,0.811,0.836,0.667,0.688,0.686,0.715,0.581,0.664,0.674,0.692,0.705,0.811,0.806,0.680,0.667,0.801,0.664,0.810,0.699,0.696,0.647,0.676,0.811,0.796,0.810,0.681,0.643,0.799,0.807,0.683,0.683,0.678,0.683,0.667,0.812,0.797,0.835,0.820,0.762,0.581,0.789,0.813,0.706,0.647,0.683,0.705,0.667,0.810,0.769,0.686,0.836,0.050,0.699,0.674,0.686,0.815,0.762,0.797,0.819,0.693,0.669
7PNB_M_5_MAN;0.829,0.810,0.676,0.644,0.812,0.793,0.830,0.603,0.707,0.807,0.806,0.678,0.674,0.000,0.290,0.279,0.306,0.650,0.806,0.792,0.321,0.707,0.805,0.709,0.274,0.245,0.806,0.646,0.808,0.817,0.829,0.799,0.806,0.812,0.801,0.685,0.535,0.786,0.327,0.823,0.309,0.225,0.829,0.274,0.482,0.314,0.752,0.812,0.807,0.798,0.473,0.805,0.324,0.648,0.799,0.624,0.216,0.478,0.644,0.834,0.832,0.283,0.473,0.829,0.806,0.811,0.817,0.671,0.794,0.676,0.830,0.673,0.792,0.789,0.803,0.752,0.712,0.283,0.535,0.218,0.274,0.789,0.478,0.782,0.022,0.311,0.318,0.065,0.813,0.482,0.641,0.705,0.327,0.811,0.469,0.543,0.752,0.654,0.797,0.646,0.832,0.806,0.339,0.819,0.535,0.000,0.295,0.228,0.813,0.283,0.829,0.272,0.208,0.795,0.778,0.473,0.208,0.654,0.787,0.647,0.828,0.272,0.775,0.650,0.639,0.595,0.482,0.655,0.811,0.650,0.624,0.787,0.324,0.639,0.790,0.645,0.650,0.752,0.265,0.752,0.473,0.532,0.464,0.770,0.664,0.345,0.704,0.647,0.290,0.808,0.795,0.752,0.787,0.274,0.830,0.660,0.274,0.795,0.619,0.641,0.274,0.473,0.309,0.806,0.810,0.624,0.802,0.274,0.275,0.795,0.641,0.662,0.805,0.290,0.324,0.831,0.290,0.650,0.655,0.321,0.469,0.306,0.667,0.641,0.776,0.624,0.532,0.535,0.660,0.787,0.473,0.775,0.662,0.811,0.770,0.482,0.707,0.298,0.658,0.535,0.342,0.022,0.669,0.673,0.790,0.830,0.330,0.011,0.833,0.647,0.809,0.639,0.707,0.208,0.033,0.810,0.803,0.810,0.473,0.306,0.803,0.803,0.275,0.291,0.283,0.349,0.482,0.812,0.809,0.777,0.791,0.752,0.535,0.804,0.809,0.655,0.649,0.711,0.621,0.482,0.810,0.750,0.265,0.775,0.657,0.603,0.022,0.282,0.789,0.752,0.828,0.798,0.641,0.043
7PNB_c_6_MAN;0.819,0.795,0.673,0.611,0.802,0.783,0.820,0.612,0.712,0.805,0.796,0.702,0.652,0.290,0.000,0.375,0.021,0.676,0.791,0.785,0.398,0.712,0.778,0.714,0.354,0.389,0.796,0.653,0.793,0.799,0.815,0.784,0.787,0.806,0.795,0.682,0.512,0.771,0.345,0.813,0.327,0.372,0.818,0.354,0.534,0.407,0.732,0.802,0.788,0.776,0.525,0.807,0.327,0.673,0.789,0.632,0.363,0.529,0.611,0.812,0.822,0.011,0.525,0.819,0.779,0.784,0.815,0.650,0.787,0.682,0.820,0.680,0.778,0.774,0.805,0.732,0.717,0.011,0.512,0.366,0.354,0.766,0.529,0.789,0.306,0.404,0.351,0.306,0.811,0.533,0.608,0.711,0.345,0.808,0.545,0.508,0.732,0.621,0.778,0.644,0.810,0.792,0.414,0.797,0.512,0.290,0.389,0.375,0.807,0.363,0.818,0.339,0.357,0.767,0.785,0.525,0.357,0.621,0.781,0.614,0.802,0.339,0.782,0.667,0.646,0.604,0.533,0.653,0.808,0.658,0.632,0.777,0.342,0.646,0.780,0.623,0.676,0.732,0.349,0.732,0.525,0.508,0.517,0.776,0.652,0.419,0.710,0.636,0.000,0.806,0.785,0.732,0.776,0.354,0.820,0.638,0.354,0.767,0.628,0.676,0.354,0.525,0.342,0.795,0.792,0.642,0.804,0.354,0.358,0.780,0.608,0.640,0.794,0.000,0.327,0.820,0.021,0.667,0.653,0.398,0.545,0.021,0.664,0.676,0.783,0.632,0.508,0.512,0.638,0.773,0.525,0.782,0.669,0.804,0.776,0.533,0.712,0.378,0.664,0.512,0.415,0.306,0.675,0.680,0.784,0.808,0.348,0.280,0.803,0.614,0.807,0.646,0.712,0.357,0.296,0.808,0.793,0.808,0.525,0.021,0.776,0.776,0.358,0.373,0.363,0.422,0.533,0.806,0.781,0.784,0.776,0.732,0.512,0.806,0.807,0.680,0.617,0.716,0.640,0.533,0.808,0.730,0.349,0.773,0.636,0.612,0.306,0.364,0.775,0.732,0.798,0.783,0.676,0.303
7PNB_i_5_MAN;0.820,0.825,0.682,0.631,0.832,0.788,0.821,0.642,0.713,0.802,0.826,0.694,0.662,0.279,0.375,0.000,0.389,0.667,0.821,0.791,0.175,0.713,0.792,0.715,0.360,0.065,0.826,0.643,0.807,0.804,0.808,0.777,0.801,0.803,0.797,0.691,0.543,0.773,0.290,0.823,0.271,0.065,0.820,0.360,0.491,0.186,0.733,0.836,0.802,0.789,0.496,0.817,0.287,0.664,0.782,0.652,0.115,0.473,0.609,0.817,0.824,0.369,0.496,0.821,0.797,0.794,0.820,0.659,0.801,0.691,0.821,0.689,0.775,0.775,0.814,0.733,0.718,0.369,0.543,0.096,0.360,0.793,0.473,0.782,0.262,0.202,0.264,0.245,0.816,0.478,0.628,0.712,0.290,0.806,0.464,0.540,0.733,0.620,0.783,0.634,0.819,0.822,0.200,0.806,0.543,0.279,0.184,0.065,0.812,0.355,0.820,0.265,0.085,0.781,0.777,0.496,0.105,0.620,0.799,0.612,0.816,0.265,0.775,0.657,0.636,0.634,0.478,0.643,0.806,0.648,0.652,0.791,0.271,0.636,0.798,0.632,0.667,0.733,0.275,0.733,0.496,0.540,0.500,0.769,0.662,0.190,0.703,0.645,0.375,0.803,0.777,0.733,0.799,0.360,0.821,0.657,0.360,0.790,0.647,0.667,0.360,0.496,0.271,0.825,0.805,0.652,0.810,0.360,0.267,0.777,0.628,0.650,0.825,0.375,0.287,0.822,0.360,0.657,0.643,0.175,0.464,0.389,0.636,0.667,0.775,0.652,0.540,0.543,0.657,0.770,0.482,0.775,0.687,0.806,0.769,0.478,0.713,0.308,0.673,0.543,0.206,0.279,0.667,0.689,0.802,0.817,0.262,0.269,0.812,0.634,0.817,0.636,0.713,0.105,0.269,0.818,0.803,0.805,0.496,0.389,0.790,0.790,0.267,0.284,0.355,0.192,0.478,0.807,0.813,0.777,0.794,0.733,0.543,0.811,0.816,0.671,0.615,0.717,0.649,0.478,0.805,0.740,0.275,0.761,0.655,0.642,0.262,0.275,0.793,0.733,0.816,0.793,0.667,0.260
7PNB_N_6_MAN;0.819,0.791,0.673,0.621,0.798,0.779,0.820,0.602,0.712,0.805,0.792,0.702,0.643,0.306,0.021,0.389,0.000,0.676,0.787,0.781,0.412,0.712,0.774,0.714,0.368,0.404,0.792,0.653,0.789,0.803,0.819,0.788,0.783,0.806,0.791,0.682,0.523,0.771,0.360,0.809,0.342,0.386,0.818,0.368,0.546,0.421,0.732,0.798,0.784,0.771,0.538,0.807,0.342,0.673,0.793,0.622,0.377,0.542,0.621,0.816,0.822,0.032,0.538,0.819,0.775,0.780,0.818,0.640,0.783,0.682,0.820,0.680,0.778,0.774,0.805,0.732,0.717,0.032,0.523,0.381,0.368,0.762,0.542,0.793,0.321,0.417,0.365,0.321,0.807,0.545,0.618,0.711,0.360,0.808,0.557,0.520,0.732,0.632,0.778,0.644,0.814,0.787,0.427,0.801,0.523,0.306,0.404,0.389,0.803,0.377,0.818,0.355,0.372,0.763,0.789,0.538,0.372,0.632,0.785,0.624,0.806,0.355,0.786,0.667,0.646,0.594,0.545,0.653,0.808,0.658,0.622,0.772,0.357,0.646,0.784,0.633,0.676,0.732,0.364,0.732,0.538,0.520,0.529,0.780,0.643,0.432,0.710,0.645,0.021,0.806,0.785,0.732,0.780,0.368,0.820,0.648,0.368,0.763,0.618,0.676,0.368,0.538,0.357,0.791,0.788,0.632,0.808,0.368,0.373,0.785,0.618,0.650,0.790,0.021,0.342,0.820,0.042,0.667,0.653,0.412,0.557,0.000,0.664,0.676,0.787,0.622,0.520,0.523,0.648,0.773,0.538,0.786,0.669,0.804,0.780,0.545,0.712,0.393,0.664,0.523,0.429,0.321,0.675,0.680,0.780,0.812,0.362,0.296,0.807,0.624,0.807,0.646,0.712,0.372,0.312,0.808,0.789,0.808,0.538,0.000,0.772,0.772,0.373,0.387,0.377,0.436,0.545,0.806,0.781,0.788,0.780,0.732,0.523,0.802,0.807,0.680,0.627,0.716,0.630,0.545,0.808,0.730,0.364,0.777,0.645,0.602,0.321,0.378,0.779,0.732,0.802,0.779,0.676,0.318
7PNB_h_3_YZT;0.851,0.859,0.463,0.720,0.866,0.833,0.848,0.744,0.541,0.823,0.860,0.427,0.701,0.650,0.676,0.667,0.676,0.000,0.856,0.820,0.655,0.550,0.839,0.544,0.639,0.657,0.860,0.323,0.839,0.847,0.859,0.827,0.838,0.824,0.840,0.440,0.664,0.836,0.687,0.846,0.682,0.662,0.847,0.639,0.581,0.662,0.733,0.869,0.831,0.840,0.574,0.862,0.682,0.010,0.827,0.744,0.655,0.577,0.720,0.852,0.851,0.673,0.574,0.848,0.837,0.841,0.854,0.699,0.841,0.440,0.848,0.459,0.828,0.837,0.859,0.725,0.544,0.673,0.664,0.660,0.639,0.836,0.577,0.850,0.641,0.667,0.689,0.650,0.857,0.580,0.718,0.547,0.687,0.827,0.558,0.662,0.725,0.737,0.832,0.336,0.854,0.856,0.653,0.849,0.664,0.650,0.667,0.667,0.832,0.636,0.847,0.655,0.662,0.830,0.846,0.574,0.653,0.728,0.839,0.722,0.850,0.655,0.843,0.019,0.287,0.737,0.569,0.309,0.827,0.311,0.744,0.836,0.682,0.301,0.838,0.693,0.000,0.725,0.652,0.733,0.585,0.662,0.566,0.839,0.701,0.655,0.540,0.703,0.676,0.824,0.831,0.725,0.842,0.639,0.848,0.705,0.639,0.830,0.739,0.038,0.639,0.574,0.673,0.863,0.837,0.752,0.852,0.639,0.650,0.831,0.718,0.699,0.859,0.676,0.682,0.849,0.667,0.019,0.349,0.655,0.558,0.676,0.328,0.057,0.844,0.744,0.662,0.664,0.705,0.835,0.574,0.843,0.437,0.827,0.839,0.569,0.531,0.652,0.429,0.664,0.651,0.650,0.467,0.471,0.842,0.856,0.684,0.653,0.854,0.722,0.858,0.315,0.541,0.653,0.643,0.863,0.835,0.826,0.574,0.676,0.841,0.844,0.650,0.650,0.636,0.660,0.569,0.828,0.837,0.846,0.843,0.717,0.664,0.857,0.865,0.019,0.724,0.547,0.750,0.569,0.826,0.731,0.652,0.835,0.703,0.744,0.641,0.652,0.841,0.725,0.854,0.845,0.019,0.646
7PNB_e_2_NAG;0.674,0.016,0.861,0.796,0.016,0.702,0.684,0.803,0.842,0.730,0.012,0.867,0.794,0.806,0.791,0.821,0.787,0.856,0.000,0.710,0.825,0.839,0.696,0.839,0.782,0.829,0.012,0.857,0.700,0.705,0.703,0.734,0.708,0.734,0.734,0.857,0.789,0.731,0.796,0.712,0.789,0.823,0.675,0.782,0.840,0.824,0.866,0.061,0.702,0.710,0.837,0.702,0.789,0.855,0.732,0.808,0.815,0.833,0.788,0.704,0.678,0.790,0.837,0.673,0.693,0.700,0.709,0.797,0.727,0.857,0.670,0.860,0.730,0.730,0.704,0.866,0.845,0.790,0.789,0.826,0.782,0.693,0.833,0.683,0.810,0.817,0.797,0.818,0.693,0.830,0.800,0.842,0.796,0.733,0.838,0.792,0.866,0.788,0.736,0.860,0.706,0.004,0.810,0.699,0.789,0.806,0.813,0.829,0.705,0.786,0.675,0.821,0.823,0.680,0.683,0.837,0.823,0.796,0.730,0.780,0.694,0.821,0.678,0.852,0.857,0.804,0.834,0.864,0.736,0.863,0.812,0.722,0.789,0.857,0.731,0.790,0.856,0.866,0.824,0.866,0.837,0.792,0.833,0.686,0.798,0.811,0.833,0.795,0.791,0.734,0.729,0.866,0.732,0.782,0.677,0.795,0.782,0.697,0.809,0.852,0.782,0.837,0.793,0.023,0.699,0.816,0.686,0.782,0.832,0.732,0.800,0.801,0.020,0.791,0.789,0.678,0.787,0.852,0.864,0.825,0.838,0.787,0.861,0.852,0.679,0.812,0.792,0.789,0.795,0.723,0.837,0.681,0.854,0.739,0.690,0.834,0.831,0.832,0.857,0.789,0.808,0.810,0.858,0.860,0.722,0.697,0.790,0.802,0.701,0.797,0.697,0.857,0.842,0.823,0.806,0.706,0.713,0.739,0.837,0.787,0.694,0.708,0.832,0.832,0.786,0.814,0.834,0.734,0.699,0.679,0.741,0.866,0.789,0.685,0.717,0.859,0.781,0.840,0.815,0.834,0.739,0.869,0.824,0.694,0.799,0.803,0.810,0.828,0.731,0.866,0.694,0.734,0.852,0.803
7PNB_z_1_NAG;0.714,0.710,0.833,0.828,0.719,0.238,0.733,0.818,0.848,0.634,0.711,0.835,0.801,0.792,0.785,0.791,0.781,0.820,0.710,0.000,0.799,0.848,0.620,0.845,0.790,0.787,0.711,0.818,0.218,0.678,0.693,0.611,0.273,0.632,0.637,0.833,0.800,0.621,0.786,0.234,0.784,0.784,0.722,0.790,0.810,0.798,0.878,0.719,0.190,0.615,0.806,0.685,0.788,0.820,0.604,0.818,0.780,0.799,0.828,0.684,0.724,0.789,0.802,0.726,0.634,0.617,0.699,0.800,0.583,0.833,0.723,0.833,0.614,0.624,0.687,0.878,0.854,0.789,0.800,0.783,0.790,0.614,0.799,0.589,0.792,0.787,0.787,0.800,0.683,0.795,0.831,0.851,0.790,0.637,0.791,0.799,0.878,0.836,0.614,0.818,0.683,0.708,0.784,0.685,0.800,0.792,0.791,0.791,0.173,0.793,0.725,0.786,0.784,0.653,0.589,0.802,0.780,0.832,0.609,0.828,0.670,0.786,0.599,0.816,0.818,0.811,0.795,0.821,0.633,0.820,0.818,0.575,0.784,0.818,0.618,0.801,0.820,0.878,0.789,0.878,0.806,0.799,0.799,0.604,0.801,0.780,0.842,0.801,0.785,0.639,0.619,0.878,0.612,0.790,0.717,0.802,0.790,0.613,0.815,0.820,0.790,0.802,0.784,0.717,0.235,0.822,0.676,0.790,0.797,0.627,0.831,0.804,0.713,0.785,0.784,0.730,0.785,0.816,0.821,0.799,0.791,0.781,0.822,0.820,0.581,0.818,0.799,0.800,0.802,0.617,0.806,0.591,0.827,0.633,0.585,0.795,0.844,0.794,0.833,0.800,0.778,0.796,0.830,0.833,0.607,0.680,0.784,0.788,0.684,0.828,0.680,0.818,0.848,0.780,0.792,0.702,0.154,0.636,0.806,0.781,0.646,0.619,0.797,0.793,0.793,0.787,0.795,0.632,0.628,0.599,0.621,0.878,0.800,0.698,0.701,0.823,0.829,0.845,0.822,0.795,0.643,0.881,0.789,0.602,0.801,0.818,0.792,0.794,0.617,0.878,0.677,0.579,0.820,0.785
7PNB_O_6_MAN;0.808,0.829,0.698,0.606,0.832,0.804,0.808,0.639,0.744,0.797,0.825,0.692,0.669,0.321,0.398,0.175,0.412,0.655,0.825,0.799,0.000,0.744,0.799,0.745,0.384,0.175,0.825,0.631,0.818,0.795,0.808,0.780,0.809,0.798,0.808,0.689,0.574,0.772,0.330,0.830,0.312,0.173,0.807,0.384,0.444,0.098,0.732,0.836,0.814,0.793,0.450,0.824,0.312,0.652,0.785,0.649,0.182,0.426,0.606,0.812,0.811,0.393,0.450,0.808,0.805,0.801,0.815,0.667,0.813,0.689,0.808,0.705,0.782,0.774,0.822,0.732,0.748,0.393,0.574,0.184,0.384,0.792,0.426,0.789,0.305,0.117,0.290,0.288,0.823,0.431,0.603,0.742,0.330,0.801,0.417,0.570,0.732,0.617,0.774,0.621,0.810,0.825,0.116,0.797,0.574,0.321,0.097,0.156,0.820,0.378,0.807,0.275,0.173,0.780,0.785,0.450,0.173,0.617,0.807,0.609,0.807,0.275,0.782,0.645,0.624,0.632,0.431,0.621,0.801,0.626,0.649,0.794,0.327,0.624,0.806,0.650,0.655,0.732,0.284,0.732,0.450,0.570,0.455,0.777,0.659,0.125,0.733,0.652,0.398,0.798,0.777,0.732,0.798,0.384,0.808,0.655,0.384,0.797,0.644,0.655,0.384,0.450,0.296,0.825,0.817,0.659,0.817,0.384,0.260,0.781,0.603,0.657,0.824,0.398,0.312,0.809,0.384,0.645,0.621,0.022,0.417,0.412,0.634,0.655,0.783,0.649,0.570,0.574,0.655,0.773,0.450,0.782,0.702,0.796,0.777,0.431,0.744,0.317,0.671,0.574,0.162,0.305,0.691,0.705,0.810,0.808,0.303,0.311,0.812,0.609,0.824,0.624,0.744,0.173,0.295,0.821,0.814,0.800,0.450,0.412,0.797,0.793,0.277,0.294,0.378,0.106,0.431,0.798,0.808,0.784,0.798,0.732,0.574,0.819,0.820,0.660,0.612,0.747,0.657,0.431,0.800,0.730,0.284,0.769,0.652,0.639,0.305,0.267,0.801,0.732,0.807,0.796,0.655,0.302
7PNB_f_3_YZT;0.852,0.839,0.530,0.730,0.845,0.842,0.857,0.720,0.068,0.858,0.839,0.560,0.688,0.707,0.712,0.713,0.712,0.550,0.839,0.848,0.744,0.000,0.844,0.060,0.704,0.722,0.839,0.594,0.851,0.862,0.870,0.840,0.835,0.855,0.852,0.530,0.660,0.848,0.706,0.854,0.702,0.717,0.852,0.704,0.730,0.734,0.763,0.845,0.843,0.841,0.724,0.856,0.710,0.547,0.840,0.720,0.711,0.709,0.722,0.867,0.863,0.711,0.732,0.853,0.835,0.839,0.858,0.686,0.857,0.550,0.850,0.537,0.837,0.846,0.853,0.763,0.102,0.711,0.660,0.723,0.704,0.837,0.709,0.858,0.707,0.713,0.716,0.699,0.851,0.711,0.736,0.093,0.706,0.858,0.719,0.667,0.763,0.738,0.852,0.594,0.865,0.835,0.717,0.861,0.660,0.707,0.722,0.722,0.845,0.703,0.852,0.728,0.717,0.832,0.854,0.732,0.717,0.730,0.855,0.723,0.865,0.728,0.852,0.550,0.587,0.706,0.711,0.603,0.858,0.624,0.712,0.856,0.702,0.587,0.858,0.679,0.550,0.756,0.726,0.763,0.732,0.667,0.725,0.847,0.688,0.703,0.076,0.681,0.712,0.859,0.844,0.756,0.854,0.704,0.860,0.683,0.704,0.835,0.716,0.550,0.704,0.732,0.718,0.842,0.839,0.712,0.853,0.704,0.732,0.840,0.736,0.686,0.842,0.712,0.710,0.857,0.704,0.550,0.594,0.744,0.719,0.712,0.596,0.541,0.852,0.712,0.667,0.660,0.683,0.844,0.724,0.852,0.536,0.858,0.847,0.711,0.101,0.734,0.550,0.660,0.698,0.707,0.533,0.547,0.858,0.864,0.704,0.709,0.859,0.731,0.858,0.587,0.101,0.717,0.701,0.856,0.840,0.858,0.724,0.712,0.835,0.842,0.732,0.732,0.703,0.723,0.711,0.859,0.854,0.854,0.859,0.756,0.660,0.851,0.855,0.554,0.725,0.051,0.711,0.711,0.858,0.762,0.726,0.844,0.681,0.720,0.707,0.726,0.854,0.756,0.862,0.857,0.541,0.711
7PNB_S_1_NAG;0.700,0.699,0.830,0.804,0.701,0.618,0.719,0.803,0.844,0.623,0.700,0.832,0.801,0.805,0.778,0.792,0.774,0.839,0.696,0.620,0.799,0.844,0.000,0.841,0.795,0.804,0.700,0.836,0.615,0.606,0.630,0.622,0.635,0.624,0.589,0.826,0.785,0.628,0.795,0.633,0.789,0.797,0.711,0.795,0.814,0.803,0.867,0.698,0.611,0.178,0.811,0.643,0.789,0.839,0.619,0.803,0.794,0.808,0.796,0.601,0.713,0.777,0.811,0.718,0.108,0.062,0.651,0.801,0.475,0.826,0.709,0.829,0.614,0.623,0.642,0.867,0.850,0.777,0.785,0.801,0.795,0.259,0.808,0.604,0.809,0.800,0.800,0.813,0.634,0.808,0.803,0.847,0.795,0.626,0.804,0.788,0.867,0.792,0.617,0.833,0.612,0.697,0.785,0.614,0.785,0.805,0.800,0.804,0.610,0.798,0.714,0.807,0.797,0.220,0.597,0.811,0.801,0.800,0.510,0.784,0.598,0.807,0.595,0.835,0.833,0.803,0.804,0.833,0.622,0.835,0.803,0.475,0.789,0.833,0.511,0.805,0.839,0.867,0.811,0.867,0.815,0.788,0.808,0.593,0.801,0.786,0.835,0.802,0.778,0.620,0.619,0.867,0.530,0.795,0.706,0.803,0.795,0.097,0.800,0.835,0.795,0.811,0.789,0.702,0.623,0.803,0.630,0.795,0.814,0.615,0.803,0.805,0.695,0.778,0.789,0.722,0.774,0.835,0.833,0.795,0.804,0.774,0.830,0.835,0.604,0.803,0.788,0.785,0.803,0.609,0.811,0.591,0.823,0.629,0.597,0.804,0.844,0.815,0.830,0.785,0.783,0.809,0.830,0.829,0.499,0.616,0.793,0.801,0.610,0.805,0.621,0.833,0.844,0.801,0.805,0.641,0.615,0.628,0.811,0.774,0.097,0.162,0.810,0.814,0.798,0.788,0.804,0.620,0.660,0.614,0.526,0.867,0.785,0.640,0.649,0.842,0.785,0.841,0.806,0.804,0.632,0.870,0.811,0.613,0.802,0.803,0.809,0.815,0.519,0.867,0.602,0.457,0.835,0.806
7PNB_p_3_YZT;0.852,0.839,0.533,0.723,0.845,0.839,0.857,0.722,0.009,0.859,0.840,0.563,0.681,0.709,0.714,0.715,0.714,0.544,0.839,0.845,0.745,0.060,0.841,0.000,0.714,0.723,0.840,0.587,0.851,0.859,0.871,0.840,0.836,0.856,0.853,0.533,0.654,0.849,0.708,0.858,0.704,0.719,0.853,0.714,0.732,0.736,0.750,0.845,0.840,0.842,0.725,0.856,0.712,0.541,0.841,0.714,0.712,0.711,0.715,0.864,0.863,0.712,0.734,0.853,0.835,0.840,0.858,0.688,0.858,0.553,0.850,0.540,0.838,0.846,0.854,0.750,0.060,0.712,0.654,0.725,0.714,0.841,0.711,0.851,0.709,0.715,0.718,0.701,0.852,0.712,0.730,0.052,0.708,0.858,0.712,0.660,0.750,0.731,0.852,0.587,0.862,0.836,0.719,0.862,0.654,0.709,0.723,0.723,0.845,0.712,0.853,0.730,0.719,0.832,0.848,0.734,0.719,0.723,0.855,0.717,0.862,0.730,0.849,0.544,0.581,0.708,0.704,0.587,0.858,0.609,0.706,0.853,0.704,0.581,0.858,0.673,0.544,0.743,0.728,0.750,0.734,0.660,0.727,0.844,0.689,0.704,0.017,0.675,0.714,0.859,0.844,0.743,0.855,0.714,0.861,0.677,0.714,0.832,0.710,0.544,0.714,0.734,0.720,0.843,0.832,0.706,0.853,0.714,0.734,0.841,0.730,0.688,0.842,0.714,0.712,0.858,0.706,0.544,0.605,0.745,0.712,0.714,0.590,0.534,0.849,0.706,0.660,0.654,0.677,0.845,0.725,0.845,0.539,0.858,0.844,0.704,0.092,0.736,0.553,0.654,0.700,0.709,0.536,0.550,0.858,0.864,0.706,0.711,0.856,0.725,0.859,0.581,0.043,0.719,0.703,0.857,0.833,0.858,0.725,0.714,0.832,0.842,0.734,0.734,0.712,0.725,0.704,0.859,0.847,0.851,0.859,0.743,0.654,0.851,0.856,0.547,0.719,0.009,0.704,0.704,0.858,0.749,0.728,0.845,0.683,0.722,0.709,0.728,0.854,0.743,0.862,0.854,0.534,0.712
7PNB_m_5_MAN;0.827,0.787,0.682,0.621,0.789,0.779,0.828,0.632,0.712,0.801,0.783,0.685,0.681,0.274,0.354,0.360,0.368,0.639,0.782,0.790,0.384,0.704,0.795,0.714,0.000,0.375,0.783,0.644,0.797,0.803,0.811,0.767,0.792,0.801,0.795,0.673,0.546,0.767,0.402,0.809,0.385,0.372,0.827,0.000,0.469,0.393,0.748,0.789,0.792,0.792,0.460,0.799,0.398,0.636,0.768,0.642,0.363,0.478,0.600,0.820,0.830,0.348,0.460,0.827,0.792,0.797,0.807,0.678,0.783,0.673,0.828,0.689,0.761,0.765,0.801,0.748,0.717,0.348,0.546,0.366,0.000,0.779,0.478,0.780,0.274,0.389,0.407,0.257,0.807,0.483,0.618,0.711,0.402,0.804,0.470,0.554,0.748,0.611,0.769,0.634,0.818,0.783,0.372,0.805,0.546,0.274,0.375,0.360,0.799,0.011,0.827,0.339,0.357,0.780,0.776,0.460,0.357,0.611,0.777,0.603,0.814,0.339,0.774,0.639,0.637,0.625,0.483,0.644,0.804,0.648,0.642,0.777,0.398,0.637,0.780,0.652,0.639,0.748,0.333,0.748,0.460,0.543,0.451,0.768,0.671,0.363,0.710,0.655,0.354,0.801,0.772,0.748,0.768,0.000,0.828,0.667,0.000,0.788,0.638,0.629,0.000,0.460,0.385,0.782,0.796,0.642,0.800,0.000,0.343,0.768,0.618,0.669,0.782,0.354,0.398,0.828,0.354,0.639,0.644,0.384,0.470,0.368,0.637,0.629,0.774,0.642,0.543,0.546,0.667,0.768,0.460,0.774,0.678,0.804,0.768,0.483,0.704,0.364,0.646,0.546,0.345,0.290,0.684,0.689,0.780,0.816,0.403,0.280,0.811,0.624,0.807,0.637,0.712,0.357,0.280,0.800,0.801,0.804,0.460,0.368,0.793,0.797,0.343,0.358,0.011,0.366,0.483,0.806,0.803,0.775,0.771,0.748,0.546,0.798,0.799,0.643,0.606,0.716,0.640,0.483,0.804,0.747,0.333,0.755,0.664,0.632,0.274,0.349,0.770,0.748,0.814,0.787,0.629,0.287
7PNB_Y_5_MAN;0.824,0.833,0.691,0.641,0.836,0.797,0.825,0.642,0.722,0.802,0.830,0.703,0.662,0.245,0.389,0.065,0.404,0.657,0.829,0.787,0.175,0.722,0.804,0.723,0.375,0.000,0.830,0.643,0.811,0.804,0.817,0.785,0.806,0.803,0.805,0.700,0.566,0.773,0.290,0.827,0.271,0.022,0.824,0.375,0.464,0.167,0.733,0.840,0.806,0.797,0.468,0.813,0.287,0.655,0.786,0.652,0.074,0.459,0.641,0.817,0.828,0.384,0.468,0.825,0.810,0.806,0.820,0.659,0.806,0.700,0.825,0.698,0.779,0.779,0.810,0.733,0.726,0.384,0.566,0.033,0.375,0.801,0.459,0.790,0.228,0.202,0.264,0.210,0.816,0.464,0.638,0.720,0.290,0.806,0.450,0.562,0.733,0.652,0.787,0.634,0.819,0.830,0.235,0.806,0.566,0.245,0.184,0.022,0.816,0.369,0.824,0.248,0.043,0.794,0.786,0.468,0.043,0.652,0.803,0.644,0.816,0.248,0.783,0.648,0.636,0.634,0.464,0.643,0.806,0.648,0.652,0.795,0.271,0.636,0.802,0.632,0.657,0.733,0.257,0.733,0.468,0.562,0.473,0.777,0.652,0.225,0.711,0.635,0.389,0.803,0.782,0.733,0.799,0.375,0.825,0.647,0.375,0.802,0.647,0.657,0.375,0.468,0.271,0.829,0.810,0.652,0.805,0.375,0.250,0.786,0.638,0.650,0.829,0.389,0.287,0.826,0.375,0.648,0.643,0.175,0.450,0.404,0.655,0.657,0.784,0.652,0.562,0.566,0.647,0.774,0.455,0.783,0.695,0.806,0.777,0.464,0.722,0.291,0.682,0.566,0.240,0.245,0.676,0.698,0.806,0.817,0.262,0.235,0.820,0.644,0.817,0.636,0.722,0.043,0.235,0.814,0.799,0.805,0.468,0.404,0.802,0.798,0.250,0.267,0.369,0.228,0.464,0.807,0.813,0.785,0.794,0.733,0.566,0.811,0.812,0.662,0.647,0.725,0.649,0.464,0.805,0.740,0.257,0.770,0.645,0.642,0.228,0.257,0.797,0.733,0.816,0.797,0.657,0.225
7PNB_j_2_NAG;0.679,0.019,0.865,0.801,0.012,0.703,0.688,0.800,0.843,0.731,0.000,0.871,0.799,0.806,0.796,0.826,0.792,0.860,0.012,0.711,0.825,0.839,0.700,0.840,0.783,0.830,0.000,0.861,0.701,0.709,0.707,0.735,0.709,0.735,0.738,0.861,0.790,0.732,0.797,0.713,0.790,0.823,0.680,0.783,0.841,0.825,0.866,0.050,0.703,0.714,0.837,0.699,0.790,0.859,0.733,0.800,0.816,0.834,0.793,0.708,0.682,0.795,0.837,0.677,0.697,0.704,0.710,0.802,0.731,0.861,0.674,0.864,0.731,0.731,0.701,0.866,0.845,0.795,0.790,0.827,0.783,0.697,0.834,0.687,0.810,0.814,0.797,0.818,0.690,0.830,0.805,0.842,0.797,0.734,0.838,0.793,0.866,0.793,0.737,0.864,0.710,0.008,0.807,0.703,0.790,0.806,0.814,0.830,0.705,0.787,0.680,0.817,0.823,0.684,0.687,0.837,0.823,0.801,0.733,0.785,0.698,0.817,0.682,0.856,0.861,0.797,0.834,0.868,0.737,0.867,0.804,0.723,0.790,0.861,0.735,0.795,0.860,0.866,0.821,0.866,0.837,0.793,0.834,0.691,0.799,0.808,0.833,0.795,0.796,0.735,0.730,0.866,0.730,0.783,0.681,0.796,0.783,0.701,0.801,0.856,0.783,0.837,0.794,0.012,0.700,0.808,0.684,0.783,0.828,0.733,0.805,0.806,0.016,0.796,0.790,0.682,0.792,0.856,0.868,0.825,0.838,0.792,0.865,0.856,0.683,0.804,0.793,0.790,0.796,0.724,0.837,0.685,0.858,0.740,0.694,0.834,0.832,0.829,0.861,0.790,0.805,0.810,0.862,0.864,0.726,0.702,0.790,0.803,0.705,0.802,0.694,0.861,0.843,0.823,0.807,0.704,0.714,0.739,0.837,0.792,0.698,0.712,0.828,0.828,0.787,0.810,0.834,0.735,0.703,0.683,0.738,0.866,0.790,0.683,0.715,0.863,0.786,0.840,0.808,0.834,0.739,0.869,0.821,0.698,0.799,0.800,0.810,0.825,0.734,0.866,0.698,0.738,0.856,0.803
7PNB_s_3_YZT;0.863,0.860,0.471,0.715,0.867,0.830,0.860,0.739,0.584,0.840,0.861,0.424,0.705,0.646,0.653,0.643,0.653,0.323,0.857,0.818,0.631,0.594,0.836,0.587,0.644,0.643,0.861,0.000,0.840,0.852,0.863,0.824,0.839,0.840,0.838,0.449,0.660,0.829,0.655,0.850,0.660,0.639,0.859,0.644,0.609,0.648,0.688,0.870,0.832,0.837,0.602,0.866,0.651,0.331,0.828,0.739,0.622,0.594,0.715,0.857,0.863,0.651,0.602,0.860,0.838,0.839,0.865,0.703,0.839,0.471,0.860,0.478,0.830,0.831,0.864,0.679,0.597,0.651,0.660,0.636,0.644,0.837,0.594,0.851,0.636,0.643,0.658,0.636,0.862,0.597,0.713,0.591,0.655,0.843,0.576,0.658,0.679,0.732,0.830,0.056,0.858,0.857,0.629,0.854,0.660,0.646,0.643,0.634,0.837,0.641,0.859,0.660,0.629,0.831,0.847,0.602,0.629,0.724,0.837,0.717,0.855,0.660,0.844,0.323,0.046,0.732,0.586,0.091,0.843,0.092,0.739,0.826,0.660,0.028,0.835,0.688,0.323,0.679,0.667,0.688,0.612,0.658,0.594,0.840,0.705,0.622,0.583,0.699,0.653,0.840,0.828,0.679,0.836,0.644,0.860,0.709,0.644,0.827,0.734,0.349,0.644,0.602,0.642,0.864,0.834,0.747,0.856,0.644,0.664,0.832,0.713,0.703,0.860,0.653,0.651,0.861,0.644,0.323,0.091,0.631,0.576,0.653,0.116,0.362,0.845,0.739,0.658,0.660,0.709,0.829,0.602,0.844,0.468,0.843,0.840,0.586,0.594,0.667,0.449,0.660,0.628,0.646,0.464,0.467,0.839,0.860,0.662,0.639,0.859,0.717,0.862,0.009,0.584,0.629,0.639,0.867,0.836,0.843,0.602,0.653,0.835,0.838,0.664,0.664,0.641,0.636,0.586,0.844,0.834,0.847,0.837,0.671,0.660,0.861,0.870,0.339,0.719,0.581,0.745,0.586,0.843,0.677,0.667,0.833,0.707,0.739,0.636,0.667,0.835,0.679,0.858,0.835,0.336,0.632
7PNB_Q_1_NAG;0.713,0.700,0.840,0.823,0.708,0.099,0.732,0.829,0.854,0.633,0.701,0.846,0.796,0.808,0.793,0.807,0.789,0.839,0.700,0.218,0.818,0.851,0.615,0.851,0.797,0.811,0.701,0.840,0.000,0.674,0.696,0.625,0.111,0.631,0.639,0.840,0.807,0.631,0.790,0.093,0.791,0.808,0.721,0.797,0.826,0.818,0.881,0.702,0.128,0.617,0.822,0.678,0.791,0.838,0.615,0.833,0.805,0.811,0.819,0.683,0.724,0.797,0.822,0.725,0.626,0.616,0.685,0.795,0.566,0.837,0.722,0.840,0.624,0.634,0.679,0.881,0.857,0.797,0.807,0.808,0.797,0.620,0.811,0.592,0.808,0.807,0.795,0.816,0.682,0.807,0.827,0.854,0.794,0.636,0.815,0.811,0.881,0.827,0.624,0.840,0.685,0.697,0.800,0.681,0.807,0.808,0.811,0.815,0.110,0.801,0.724,0.798,0.808,0.645,0.584,0.822,0.804,0.823,0.604,0.820,0.676,0.798,0.602,0.835,0.840,0.822,0.811,0.840,0.632,0.839,0.833,0.570,0.787,0.840,0.625,0.796,0.839,0.881,0.801,0.881,0.822,0.807,0.819,0.599,0.796,0.801,0.849,0.797,0.793,0.634,0.629,0.881,0.618,0.797,0.716,0.797,0.797,0.609,0.827,0.835,0.797,0.822,0.795,0.706,0.103,0.837,0.668,0.797,0.809,0.633,0.827,0.799,0.699,0.793,0.787,0.730,0.793,0.835,0.840,0.818,0.815,0.789,0.837,0.835,0.584,0.833,0.807,0.807,0.797,0.627,0.822,0.586,0.834,0.640,0.588,0.811,0.847,0.801,0.840,0.807,0.798,0.812,0.844,0.840,0.606,0.683,0.788,0.804,0.687,0.824,0.673,0.840,0.854,0.804,0.812,0.695,0.246,0.631,0.822,0.789,0.638,0.626,0.809,0.805,0.801,0.803,0.811,0.638,0.634,0.591,0.631,0.881,0.807,0.684,0.694,0.838,0.820,0.852,0.837,0.811,0.639,0.884,0.801,0.593,0.797,0.829,0.808,0.806,0.612,0.881,0.673,0.570,0.835,0.801
7PNB_M_2_NAG;0.695,0.711,0.856,0.816,0.710,0.673,0.701,0.819,0.862,0.632,0.709,0.869,0.801,0.817,0.799,0.804,0.803,0.847,0.705,0.678,0.795,0.862,0.606,0.859,0.803,0.804,0.709,0.852,0.674,0.000,0.125,0.616,0.675,0.633,0.673,0.852,0.780,0.599,0.799,0.662,0.788,0.805,0.703,0.803,0.815,0.794,0.871,0.713,0.683,0.605,0.811,0.620,0.793,0.847,0.609,0.811,0.806,0.812,0.820,0.121,0.692,0.798,0.819,0.704,0.624,0.611,0.621,0.801,0.618,0.859,0.695,0.859,0.596,0.602,0.618,0.871,0.869,0.798,0.780,0.805,0.803,0.607,0.812,0.586,0.813,0.800,0.800,0.805,0.632,0.812,0.816,0.869,0.799,0.631,0.804,0.779,0.871,0.816,0.604,0.844,0.096,0.705,0.801,0.120,0.780,0.817,0.800,0.808,0.672,0.802,0.700,0.799,0.805,0.614,0.586,0.819,0.801,0.820,0.632,0.813,0.106,0.799,0.585,0.843,0.849,0.815,0.808,0.844,0.631,0.854,0.811,0.630,0.793,0.849,0.638,0.801,0.847,0.871,0.803,0.871,0.819,0.784,0.816,0.582,0.801,0.798,0.860,0.798,0.799,0.625,0.605,0.871,0.631,0.803,0.695,0.795,0.803,0.611,0.808,0.847,0.803,0.819,0.788,0.711,0.670,0.815,0.621,0.803,0.798,0.594,0.816,0.797,0.704,0.799,0.793,0.705,0.795,0.843,0.844,0.795,0.804,0.803,0.849,0.847,0.582,0.811,0.784,0.780,0.795,0.599,0.815,0.585,0.853,0.627,0.590,0.808,0.866,0.807,0.856,0.780,0.795,0.813,0.860,0.859,0.648,0.093,0.793,0.814,0.157,0.817,0.622,0.849,0.866,0.801,0.810,0.621,0.687,0.637,0.811,0.803,0.614,0.602,0.798,0.802,0.802,0.805,0.808,0.629,0.651,0.585,0.640,0.871,0.780,0.616,0.615,0.846,0.814,0.860,0.814,0.808,0.633,0.875,0.803,0.576,0.794,0.819,0.813,0.799,0.626,0.871,0.092,0.611,0.847,0.810
7PNB_R_2_NAG;0.707,0.710,0.868,0.825,0.708,0.695,0.707,0.823,0.874,0.641,0.707,0.877,0.810,0.829,0.815,0.808,0.819,0.859,0.703,0.693,0.808,0.870,0.630,0.871,0.811,0.817,0.707,0.863,0.696,0.125,0.000,0.621,0.697,0.642,0.695,0.864,0.788,0.608,0.820,0.681,0.809,0.818,0.708,0.811,0.832,0.807,0.876,0.708,0.698,0.628,0.828,0.628,0.809,0.859,0.614,0.819,0.818,0.816,0.821,0.150,0.704,0.814,0.832,0.709,0.651,0.634,0.630,0.809,0.634,0.875,0.700,0.871,0.601,0.611,0.627,0.876,0.877,0.814,0.788,0.817,0.811,0.627,0.816,0.595,0.825,0.812,0.812,0.817,0.644,0.817,0.824,0.877,0.816,0.640,0.813,0.787,0.876,0.817,0.612,0.856,0.145,0.704,0.806,0.108,0.788,0.829,0.812,0.821,0.691,0.810,0.705,0.812,0.818,0.641,0.595,0.832,0.814,0.821,0.648,0.813,0.121,0.812,0.593,0.855,0.860,0.824,0.817,0.856,0.640,0.866,0.823,0.650,0.813,0.860,0.653,0.810,0.859,0.876,0.815,0.876,0.836,0.792,0.829,0.591,0.810,0.802,0.872,0.806,0.815,0.634,0.614,0.876,0.644,0.811,0.707,0.803,0.811,0.638,0.820,0.859,0.811,0.832,0.805,0.710,0.692,0.827,0.626,0.811,0.811,0.599,0.824,0.805,0.703,0.815,0.813,0.711,0.811,0.855,0.856,0.808,0.813,0.819,0.853,0.859,0.587,0.823,0.792,0.788,0.803,0.608,0.832,0.593,0.865,0.636,0.599,0.817,0.874,0.819,0.868,0.788,0.799,0.825,0.868,0.871,0.671,0.094,0.810,0.826,0.145,0.825,0.638,0.860,0.877,0.814,0.822,0.626,0.702,0.646,0.828,0.819,0.634,0.625,0.811,0.815,0.810,0.809,0.817,0.638,0.660,0.590,0.652,0.876,0.788,0.629,0.627,0.858,0.814,0.871,0.827,0.817,0.642,0.879,0.815,0.581,0.802,0.823,0.825,0.811,0.642,0.876,0.114,0.642,0.859,0.823
7PNB_Y_2_NAG;0.699,0.738,0.832,0.810,0.739,0.605,0.715,0.817,0.840,0.429,0.735,0.838,0.807,0.799,0.784,0.777,0.788,0.827,0.734,0.611,0.780,0.840,0.622,0.840,0.767,0.785,0.735,0.824,0.625,0.616,0.621,0.000,0.626,0.421,0.656,0.832,0.786,0.150,0.789,0.616,0.782,0.782,0.711,0.767,0.825,0.792,0.870,0.739,0.620,0.627,0.822,0.656,0.786,0.826,0.049,0.821,0.779,0.797,0.806,0.633,0.710,0.783,0.818,0.715,0.621,0.630,0.650,0.807,0.652,0.828,0.712,0.835,0.093,0.118,0.658,0.870,0.842,0.783,0.786,0.786,0.767,0.641,0.797,0.473,0.794,0.785,0.785,0.786,0.654,0.794,0.814,0.839,0.793,0.432,0.794,0.785,0.870,0.818,0.120,0.816,0.632,0.735,0.770,0.616,0.786,0.799,0.785,0.785,0.619,0.766,0.714,0.797,0.782,0.619,0.464,0.818,0.782,0.806,0.651,0.811,0.618,0.797,0.472,0.823,0.821,0.818,0.798,0.820,0.437,0.823,0.821,0.634,0.782,0.821,0.653,0.795,0.827,0.870,0.801,0.870,0.822,0.785,0.814,0.473,0.803,0.762,0.834,0.796,0.784,0.430,0.107,0.870,0.650,0.767,0.699,0.797,0.767,0.608,0.818,0.827,0.767,0.818,0.782,0.741,0.614,0.821,0.650,0.767,0.800,0.100,0.814,0.803,0.731,0.784,0.782,0.719,0.780,0.823,0.820,0.784,0.794,0.788,0.813,0.827,0.460,0.821,0.785,0.786,0.797,0.158,0.822,0.453,0.830,0.441,0.459,0.798,0.836,0.805,0.825,0.786,0.759,0.794,0.829,0.835,0.663,0.622,0.779,0.795,0.634,0.811,0.658,0.821,0.840,0.782,0.791,0.654,0.595,0.430,0.822,0.788,0.640,0.625,0.804,0.808,0.766,0.773,0.798,0.430,0.673,0.458,0.652,0.870,0.786,0.660,0.652,0.830,0.812,0.841,0.824,0.798,0.420,0.873,0.801,0.452,0.796,0.817,0.794,0.796,0.652,0.870,0.622,0.641,0.827,0.787
7PNB_V_1_NAG;0.715,0.708,0.843,0.818,0.716,0.134,0.740,0.824,0.839,0.646,0.709,0.849,0.786,0.806,0.787,0.801,0.783,0.838,0.708,0.273,0.809,0.835,0.635,0.836,0.792,0.806,0.709,0.839,0.111,0.675,0.697,0.626,0.000,0.640,0.641,0.843,0.798,0.632,0.788,0.142,0.785,0.803,0.726,0.792,0.820,0.808,0.877,0.710,0.162,0.637,0.817,0.686,0.790,0.837,0.620,0.828,0.799,0.805,0.814,0.688,0.729,0.791,0.821,0.730,0.642,0.632,0.687,0.785,0.591,0.839,0.731,0.842,0.626,0.635,0.688,0.877,0.842,0.791,0.798,0.802,0.792,0.633,0.805,0.612,0.806,0.797,0.793,0.814,0.687,0.801,0.821,0.839,0.792,0.649,0.810,0.801,0.877,0.822,0.622,0.835,0.687,0.706,0.790,0.683,0.798,0.806,0.801,0.810,0.164,0.795,0.729,0.796,0.803,0.661,0.601,0.821,0.799,0.818,0.621,0.814,0.678,0.796,0.618,0.834,0.835,0.817,0.806,0.835,0.645,0.838,0.828,0.596,0.785,0.835,0.634,0.786,0.838,0.877,0.800,0.877,0.817,0.797,0.818,0.616,0.786,0.791,0.833,0.787,0.787,0.647,0.631,0.877,0.642,0.792,0.718,0.788,0.792,0.625,0.822,0.834,0.792,0.821,0.794,0.715,0.137,0.832,0.677,0.792,0.808,0.635,0.821,0.790,0.707,0.787,0.785,0.734,0.787,0.834,0.835,0.809,0.810,0.783,0.832,0.834,0.597,0.828,0.797,0.798,0.788,0.628,0.817,0.603,0.840,0.645,0.597,0.806,0.832,0.800,0.843,0.798,0.788,0.810,0.847,0.842,0.615,0.685,0.786,0.803,0.689,0.818,0.688,0.835,0.839,0.799,0.807,0.700,0.282,0.644,0.817,0.783,0.650,0.642,0.808,0.804,0.795,0.794,0.806,0.647,0.636,0.611,0.640,0.877,0.798,0.686,0.695,0.840,0.815,0.836,0.832,0.806,0.651,0.880,0.800,0.606,0.787,0.824,0.806,0.804,0.622,0.877,0.674,0.587,0.834,0.799
7PNB_h_2_NAG;0.715,0.738,0.841,0.807,0.736,0.626,0.728,0.842,0.859,0.051,0.735,0.843,0.812,0.812,0.806,0.803,0.806,0.824,0.734,0.632,0.798,0.855,0.624,0.856,0.801,0.803,0.735,0.840,0.631,0.633,0.642,0.421,0.640,0.000,0.662,0.841,0.816,0.451,0.806,0.633,0.799,0.804,0.723,0.801,0.822,0.801,0.872,0.743,0.633,0.626,0.819,0.690,0.803,0.823,0.422,0.846,0.801,0.823,0.807,0.653,0.716,0.805,0.823,0.721,0.620,0.617,0.677,0.812,0.647,0.837,0.718,0.840,0.440,0.451,0.688,0.872,0.865,0.805,0.816,0.804,0.801,0.618,0.823,0.549,0.808,0.803,0.803,0.808,0.680,0.820,0.806,0.862,0.810,0.047,0.816,0.819,0.872,0.807,0.440,0.837,0.656,0.735,0.792,0.652,0.816,0.812,0.803,0.807,0.625,0.801,0.720,0.806,0.804,0.632,0.553,0.823,0.800,0.807,0.661,0.804,0.646,0.806,0.543,0.820,0.837,0.842,0.820,0.837,0.039,0.836,0.846,0.648,0.799,0.837,0.662,0.812,0.824,0.872,0.810,0.872,0.827,0.815,0.819,0.536,0.808,0.788,0.850,0.809,0.806,0.039,0.451,0.872,0.663,0.801,0.712,0.805,0.801,0.595,0.843,0.820,0.801,0.823,0.799,0.738,0.627,0.846,0.674,0.801,0.805,0.442,0.806,0.812,0.734,0.806,0.799,0.725,0.801,0.820,0.837,0.802,0.816,0.806,0.837,0.820,0.556,0.846,0.815,0.816,0.805,0.458,0.819,0.530,0.834,0.069,0.523,0.820,0.852,0.814,0.833,0.816,0.785,0.808,0.838,0.840,0.662,0.650,0.800,0.808,0.661,0.808,0.688,0.837,0.859,0.800,0.804,0.691,0.631,0.012,0.819,0.806,0.643,0.616,0.809,0.813,0.801,0.795,0.820,0.062,0.650,0.551,0.665,0.872,0.816,0.690,0.686,0.823,0.804,0.856,0.849,0.820,0.028,0.875,0.810,0.542,0.805,0.842,0.808,0.806,0.668,0.872,0.650,0.640,0.820,0.801
7E6X_E_1_NAG;0.699,0.737,0.845,0.829,0.742,0.632,0.702,0.823,0.856,0.668,0.738,0.844,0.806,0.801,0.795,0.797,0.791,0.840,0.734,0.637,0.808,0.852,0.589,0.853,0.795,0.805,0.738,0.838,0.639,0.673,0.695,0.656,0.641,0.662,0.000,0.842,0.801,0.645,0.816,0.631,0.805,0.802,0.697,0.795,0.828,0.808,0.868,0.745,0.631,0.568,0.820,0.680,0.813,0.840,0.657,0.819,0.799,0.825,0.829,0.689,0.710,0.795,0.824,0.701,0.588,0.589,0.691,0.805,0.537,0.842,0.702,0.845,0.645,0.647,0.685,0.868,0.862,0.795,0.801,0.805,0.795,0.571,0.825,0.650,0.797,0.809,0.813,0.801,0.684,0.821,0.828,0.859,0.816,0.664,0.821,0.801,0.868,0.821,0.648,0.838,0.684,0.735,0.806,0.697,0.801,0.801,0.809,0.805,0.623,0.795,0.697,0.800,0.802,0.589,0.647,0.824,0.806,0.829,0.516,0.818,0.689,0.800,0.652,0.837,0.838,0.820,0.821,0.838,0.668,0.840,0.819,0.537,0.809,0.838,0.513,0.810,0.840,0.868,0.803,0.868,0.828,0.801,0.821,0.650,0.806,0.803,0.847,0.811,0.795,0.666,0.636,0.868,0.535,0.795,0.702,0.807,0.795,0.589,0.817,0.840,0.795,0.824,0.813,0.740,0.640,0.819,0.688,0.795,0.799,0.647,0.828,0.809,0.736,0.795,0.813,0.703,0.791,0.837,0.838,0.808,0.821,0.791,0.838,0.840,0.646,0.819,0.801,0.801,0.807,0.637,0.824,0.645,0.839,0.664,0.654,0.821,0.849,0.808,0.849,0.801,0.804,0.797,0.842,0.845,0.534,0.692,0.810,0.798,0.683,0.829,0.678,0.838,0.856,0.806,0.794,0.694,0.654,0.670,0.824,0.791,0.593,0.569,0.799,0.803,0.795,0.810,0.821,0.652,0.659,0.646,0.536,0.868,0.801,0.703,0.706,0.843,0.814,0.853,0.819,0.821,0.663,0.871,0.803,0.651,0.807,0.823,0.797,0.799,0.524,0.868,0.692,0.524,0.840,0.790
7PNB_R_3_YZT;0.859,0.857,0.037,0.725,0.860,0.842,0.857,0.732,0.530,0.840,0.861,0.100,0.690,0.685,0.682,0.691,0.682,0.440,0.857,0.833,0.689,0.530,0.826,0.533,0.673,0.700,0.861,0.449,0.840,0.852,0.864,0.832,0.843,0.841,0.842,0.000,0.653,0.845,0.684,0.847,0.688,0.687,0.856,0.673,0.699,0.696,0.745,0.860,0.843,0.831,0.692,0.877,0.688,0.436,0.833,0.741,0.671,0.676,0.717,0.857,0.859,0.680,0.692,0.857,0.824,0.828,0.879,0.688,0.839,0.073,0.857,0.046,0.838,0.839,0.875,0.738,0.534,0.680,0.653,0.685,0.673,0.830,0.676,0.851,0.685,0.691,0.695,0.693,0.883,0.678,0.724,0.537,0.684,0.844,0.660,0.660,0.738,0.734,0.841,0.460,0.858,0.858,0.669,0.854,0.653,0.685,0.691,0.691,0.841,0.671,0.856,0.698,0.678,0.824,0.851,0.692,0.678,0.725,0.841,0.719,0.855,0.698,0.849,0.429,0.453,0.726,0.669,0.460,0.844,0.452,0.741,0.834,0.688,0.453,0.843,0.690,0.440,0.745,0.705,0.745,0.701,0.651,0.685,0.844,0.690,0.680,0.530,0.684,0.682,0.841,0.837,0.745,0.840,0.673,0.857,0.686,0.673,0.821,0.736,0.429,0.673,0.692,0.680,0.861,0.846,0.741,0.878,0.673,0.703,0.833,0.724,0.688,0.860,0.682,0.688,0.858,0.673,0.429,0.460,0.689,0.660,0.682,0.453,0.417,0.856,0.741,0.651,0.653,0.686,0.844,0.692,0.849,0.089,0.847,0.844,0.669,0.530,0.705,0.107,0.653,0.684,0.685,0.081,0.064,0.840,0.861,0.690,0.678,0.852,0.727,0.873,0.453,0.530,0.678,0.678,0.874,0.851,0.843,0.692,0.682,0.821,0.831,0.703,0.703,0.671,0.685,0.669,0.848,0.854,0.851,0.845,0.738,0.653,0.862,0.877,0.432,0.721,0.527,0.739,0.669,0.843,0.744,0.705,0.848,0.684,0.732,0.685,0.705,0.839,0.745,0.859,0.835,0.429,0.680
7PNB_N_4_BGC;0.825,0.789,0.635,0.640,0.796,0.793,0.826,0.620,0.652,0.815,0.790,0.673,0.581,0.535,0.512,0.543,0.523,0.664,0.789,0.800,0.574,0.660,0.785,0.654,0.546,0.566,0.790,0.660,0.807,0.780,0.788,0.786,0.798,0.816,0.801,0.653,0.000,0.787,0.550,0.811,0.523,0.550,0.824,0.546,0.581,0.581,0.753,0.792,0.803,0.786,0.573,0.817,0.534,0.662,0.791,0.640,0.543,0.529,0.630,0.785,0.832,0.508,0.573,0.825,0.782,0.791,0.812,0.578,0.802,0.653,0.822,0.642,0.776,0.785,0.811,0.753,0.665,0.508,0.000,0.558,0.546,0.785,0.529,0.795,0.535,0.566,0.553,0.535,0.812,0.533,0.637,0.658,0.550,0.818,0.508,0.010,0.753,0.650,0.784,0.651,0.783,0.785,0.550,0.778,0.000,0.535,0.577,0.566,0.801,0.543,0.824,0.585,0.550,0.770,0.795,0.573,0.550,0.640,0.792,0.642,0.779,0.585,0.784,0.664,0.653,0.613,0.521,0.660,0.818,0.655,0.640,0.796,0.534,0.653,0.795,0.570,0.664,0.753,0.581,0.753,0.584,0.010,0.565,0.787,0.581,0.554,0.650,0.563,0.512,0.816,0.795,0.753,0.791,0.546,0.829,0.566,0.546,0.774,0.636,0.655,0.546,0.573,0.523,0.793,0.794,0.640,0.806,0.546,0.578,0.774,0.637,0.567,0.792,0.512,0.534,0.822,0.500,0.664,0.660,0.574,0.508,0.523,0.662,0.655,0.793,0.640,0.010,0.000,0.566,0.779,0.573,0.793,0.631,0.818,0.783,0.521,0.660,0.581,0.653,0.000,0.550,0.535,0.638,0.642,0.799,0.785,0.538,0.539,0.776,0.642,0.813,0.653,0.652,0.550,0.528,0.814,0.807,0.818,0.573,0.523,0.778,0.791,0.578,0.578,0.543,0.569,0.521,0.820,0.805,0.790,0.795,0.753,0.000,0.804,0.813,0.669,0.645,0.656,0.647,0.521,0.818,0.759,0.581,0.784,0.563,0.620,0.535,0.581,0.785,0.753,0.784,0.802,0.655,0.543
7PNB_J_2_NAG;0.702,0.734,0.841,0.819,0.736,0.619,0.722,0.822,0.848,0.473,0.732,0.851,0.824,0.786,0.771,0.773,0.771,0.836,0.731,0.621,0.772,0.848,0.628,0.849,0.767,0.773,0.732,0.829,0.631,0.599,0.608,0.150,0.632,0.451,0.645,0.845,0.787,0.000,0.772,0.622,0.770,0.774,0.717,0.767,0.809,0.771,0.875,0.736,0.626,0.622,0.801,0.648,0.774,0.835,0.166,0.822,0.771,0.793,0.819,0.620,0.713,0.771,0.797,0.721,0.624,0.636,0.649,0.824,0.636,0.841,0.718,0.844,0.097,0.043,0.646,0.875,0.851,0.771,0.787,0.769,0.767,0.632,0.793,0.497,0.782,0.768,0.769,0.773,0.646,0.790,0.823,0.848,0.777,0.471,0.790,0.786,0.875,0.832,0.111,0.821,0.616,0.732,0.770,0.599,0.787,0.786,0.768,0.773,0.625,0.766,0.720,0.781,0.770,0.617,0.484,0.797,0.765,0.819,0.643,0.824,0.605,0.781,0.504,0.832,0.826,0.823,0.794,0.825,0.476,0.828,0.822,0.607,0.770,0.826,0.641,0.816,0.836,0.875,0.784,0.875,0.801,0.786,0.793,0.497,0.820,0.762,0.842,0.817,0.771,0.470,0.090,0.875,0.634,0.767,0.702,0.818,0.767,0.610,0.819,0.836,0.767,0.797,0.770,0.738,0.620,0.818,0.635,0.767,0.783,0.097,0.823,0.824,0.727,0.771,0.770,0.725,0.767,0.832,0.825,0.776,0.790,0.771,0.822,0.836,0.479,0.822,0.786,0.787,0.818,0.065,0.810,0.478,0.838,0.476,0.493,0.794,0.844,0.789,0.837,0.787,0.759,0.782,0.838,0.844,0.652,0.605,0.766,0.783,0.625,0.820,0.647,0.826,0.848,0.765,0.779,0.649,0.604,0.460,0.806,0.771,0.643,0.620,0.788,0.792,0.766,0.773,0.794,0.465,0.665,0.482,0.640,0.875,0.787,0.655,0.647,0.838,0.825,0.849,0.821,0.794,0.460,0.875,0.784,0.471,0.817,0.822,0.782,0.780,0.640,0.875,0.609,0.617,0.836,0.775
7PNB_L_6_MAN;0.815,0.800,0.675,0.614,0.803,0.788,0.816,0.594,0.706,0.806,0.797,0.695,0.683,0.327,0.345,0.290,0.360,0.687,0.796,0.786,0.330,0.706,0.795,0.708,0.402,0.290,0.797,0.655,0.790,0.799,0.820,0.789,0.788,0.806,0.816,0.684,0.550,0.772,0.000,0.814,0.041,0.271,0.815,0.402,0.487,0.292,0.758,0.807,0.793,0.789,0.478,0.812,0.041,0.685,0.790,0.625,0.262,0.470,0.624,0.808,0.818,0.354,0.478,0.816,0.805,0.801,0.815,0.681,0.805,0.684,0.816,0.682,0.783,0.775,0.809,0.758,0.711,0.354,0.550,0.264,0.402,0.788,0.470,0.790,0.327,0.290,0.052,0.327,0.811,0.474,0.621,0.704,0.021,0.809,0.487,0.546,0.758,0.644,0.783,0.646,0.810,0.797,0.303,0.801,0.550,0.327,0.274,0.274,0.811,0.397,0.815,0.375,0.255,0.793,0.785,0.478,0.255,0.624,0.803,0.637,0.807,0.375,0.787,0.678,0.649,0.586,0.474,0.655,0.809,0.660,0.625,0.794,0.021,0.649,0.801,0.655,0.687,0.758,0.384,0.758,0.478,0.546,0.470,0.777,0.674,0.309,0.696,0.657,0.345,0.806,0.785,0.758,0.794,0.402,0.816,0.669,0.402,0.789,0.620,0.687,0.402,0.478,0.061,0.796,0.793,0.625,0.805,0.402,0.393,0.785,0.621,0.671,0.795,0.345,0.021,0.817,0.345,0.678,0.655,0.330,0.487,0.360,0.658,0.687,0.788,0.625,0.546,0.550,0.669,0.774,0.478,0.783,0.680,0.809,0.781,0.474,0.706,0.355,0.667,0.550,0.321,0.327,0.669,0.682,0.805,0.808,0.051,0.318,0.815,0.617,0.808,0.649,0.706,0.255,0.318,0.813,0.794,0.808,0.478,0.360,0.797,0.789,0.393,0.378,0.397,0.327,0.474,0.810,0.799,0.785,0.794,0.758,0.550,0.807,0.811,0.682,0.640,0.710,0.622,0.474,0.808,0.756,0.384,0.774,0.667,0.594,0.327,0.384,0.797,0.758,0.807,0.801,0.687,0.324
7PNB_L_1_NAG;0.706,0.712,0.847,0.842,0.717,0.164,0.725,0.837,0.861,0.640,0.713,0.857,0.803,0.823,0.813,0.823,0.809,0.846,0.712,0.234,0.830,0.854,0.633,0.858,0.809,0.827,0.713,0.850,0.093,0.662,0.681,0.616,0.142,0.633,0.631,0.847,0.811,0.622,0.814,0.000,0.811,0.824,0.714,0.809,0.833,0.829,0.895,0.711,0.184,0.624,0.830,0.680,0.815,0.845,0.610,0.841,0.820,0.826,0.838,0.672,0.716,0.816,0.830,0.718,0.639,0.633,0.688,0.803,0.552,0.847,0.715,0.847,0.619,0.625,0.682,0.895,0.864,0.816,0.811,0.823,0.809,0.619,0.826,0.598,0.823,0.818,0.818,0.831,0.681,0.823,0.846,0.861,0.818,0.642,0.823,0.810,0.895,0.846,0.616,0.850,0.674,0.710,0.812,0.670,0.811,0.823,0.823,0.831,0.100,0.812,0.717,0.814,0.824,0.655,0.583,0.830,0.820,0.842,0.588,0.839,0.661,0.814,0.608,0.842,0.851,0.829,0.827,0.850,0.639,0.849,0.841,0.553,0.811,0.851,0.605,0.807,0.846,0.895,0.817,0.895,0.830,0.810,0.826,0.602,0.803,0.812,0.855,0.804,0.813,0.641,0.621,0.895,0.598,0.809,0.709,0.805,0.809,0.630,0.834,0.846,0.809,0.830,0.811,0.719,0.147,0.844,0.674,0.809,0.825,0.628,0.846,0.807,0.711,0.813,0.811,0.722,0.813,0.842,0.850,0.830,0.823,0.809,0.847,0.846,0.582,0.841,0.810,0.811,0.805,0.618,0.830,0.585,0.841,0.635,0.587,0.827,0.850,0.817,0.851,0.811,0.810,0.827,0.851,0.847,0.590,0.668,0.811,0.820,0.676,0.843,0.678,0.851,0.861,0.820,0.828,0.698,0.267,0.638,0.830,0.809,0.655,0.628,0.825,0.821,0.812,0.815,0.827,0.633,0.641,0.593,0.611,0.895,0.811,0.687,0.693,0.845,0.839,0.858,0.844,0.827,0.645,0.898,0.817,0.592,0.804,0.837,0.823,0.821,0.596,0.895,0.661,0.552,0.846,0.816
7PNB_Q_6_MAN;0.817,0.793,0.680,0.619,0.796,0.785,0.818,0.590,0.702,0.799,0.790,0.699,0.669,0.309,0.327,0.271,0.342,0.682,0.789,0.784,0.312,0.702,0.789,0.704,0.385,0.271,0.790,0.660,0.791,0.788,0.809,0.782,0.785,0.799,0.805,0.688,0.523,0.770,0.041,0.811,0.000,0.252,0.816,0.385,0.496,0.274,0.753,0.800,0.790,0.782,0.487,0.805,0.061,0.680,0.783,0.620,0.259,0.479,0.630,0.805,0.820,0.336,0.500,0.817,0.798,0.795,0.809,0.667,0.802,0.688,0.818,0.686,0.776,0.772,0.803,0.753,0.706,0.336,0.523,0.262,0.385,0.777,0.479,0.783,0.309,0.287,0.071,0.309,0.805,0.483,0.617,0.700,0.061,0.802,0.496,0.519,0.753,0.640,0.780,0.651,0.803,0.790,0.300,0.795,0.523,0.309,0.271,0.271,0.809,0.379,0.816,0.386,0.252,0.786,0.779,0.500,0.252,0.630,0.796,0.632,0.800,0.386,0.780,0.673,0.653,0.582,0.483,0.660,0.802,0.664,0.620,0.787,0.021,0.653,0.795,0.641,0.682,0.753,0.395,0.753,0.500,0.519,0.492,0.770,0.660,0.306,0.691,0.643,0.327,0.799,0.779,0.753,0.787,0.385,0.818,0.655,0.385,0.782,0.616,0.682,0.385,0.500,0.080,0.789,0.790,0.620,0.798,0.385,0.389,0.779,0.617,0.657,0.788,0.327,0.041,0.818,0.327,0.673,0.660,0.312,0.496,0.342,0.671,0.682,0.781,0.620,0.519,0.523,0.655,0.767,0.487,0.776,0.684,0.798,0.774,0.483,0.702,0.366,0.671,0.523,0.319,0.309,0.673,0.686,0.799,0.801,0.051,0.300,0.809,0.622,0.805,0.653,0.702,0.252,0.300,0.806,0.791,0.801,0.487,0.342,0.791,0.783,0.389,0.389,0.379,0.324,0.483,0.799,0.792,0.778,0.787,0.753,0.523,0.800,0.805,0.678,0.635,0.706,0.618,0.483,0.801,0.759,0.395,0.767,0.653,0.590,0.309,0.395,0.790,0.753,0.800,0.794,0.682,0.306
7PNB_d_5_MAN;0.818,0.827,0.678,0.626,0.829,0.790,0.818,0.627,0.717,0.804,0.823,0.689,0.657,0.225,0.372,0.065,0.386,0.662,0.823,0.784,0.173,0.717,0.797,0.719,0.372,0.022,0.823,0.639,0.808,0.805,0.818,0.782,0.803,0.804,0.802,0.687,0.550,0.774,0.271,0.824,0.252,0.000,0.817,0.372,0.473,0.184,0.728,0.833,0.803,0.791,0.478,0.814,0.269,0.660,0.787,0.647,0.053,0.469,0.626,0.818,0.821,0.366,0.478,0.818,0.803,0.799,0.821,0.655,0.803,0.687,0.818,0.685,0.780,0.777,0.811,0.728,0.722,0.366,0.550,0.033,0.372,0.794,0.469,0.783,0.208,0.200,0.245,0.208,0.817,0.474,0.623,0.715,0.271,0.807,0.460,0.547,0.728,0.636,0.785,0.629,0.820,0.823,0.216,0.808,0.550,0.225,0.182,0.022,0.814,0.366,0.817,0.262,0.022,0.787,0.779,0.478,0.043,0.636,0.801,0.629,0.817,0.262,0.776,0.653,0.632,0.619,0.474,0.639,0.807,0.643,0.647,0.792,0.252,0.632,0.799,0.628,0.662,0.728,0.272,0.728,0.478,0.547,0.482,0.770,0.647,0.223,0.706,0.630,0.372,0.804,0.779,0.728,0.796,0.372,0.818,0.643,0.372,0.795,0.642,0.662,0.372,0.478,0.252,0.823,0.807,0.647,0.807,0.372,0.265,0.783,0.623,0.645,0.822,0.372,0.269,0.819,0.357,0.653,0.639,0.173,0.460,0.386,0.651,0.662,0.777,0.647,0.547,0.550,0.643,0.771,0.464,0.776,0.682,0.807,0.770,0.474,0.717,0.305,0.669,0.550,0.238,0.225,0.662,0.685,0.803,0.818,0.243,0.216,0.822,0.629,0.818,0.632,0.717,0.043,0.216,0.815,0.796,0.806,0.478,0.386,0.795,0.791,0.265,0.282,0.366,0.225,0.474,0.808,0.810,0.778,0.792,0.728,0.550,0.809,0.814,0.667,0.632,0.720,0.644,0.474,0.806,0.735,0.272,0.767,0.640,0.627,0.208,0.272,0.794,0.728,0.817,0.794,0.662,0.206
7PNB_K_1_NAG;0.064,0.679,0.863,0.786,0.677,0.717,0.069,0.850,0.856,0.726,0.680,0.866,0.775,0.829,0.818,0.820,0.818,0.847,0.675,0.722,0.807,0.852,0.711,0.853,0.827,0.824,0.680,0.859,0.721,0.703,0.708,0.711,0.726,0.723,0.697,0.856,0.824,0.717,0.815,0.714,0.816,0.817,0.000,0.827,0.843,0.819,0.869,0.677,0.733,0.696,0.840,0.717,0.812,0.847,0.708,0.854,0.818,0.840,0.786,0.706,0.087,0.818,0.844,0.020,0.714,0.705,0.704,0.779,0.669,0.856,0.023,0.863,0.710,0.712,0.712,0.869,0.855,0.818,0.824,0.821,0.827,0.708,0.840,0.688,0.825,0.816,0.812,0.829,0.711,0.837,0.790,0.852,0.815,0.725,0.837,0.824,0.869,0.791,0.703,0.856,0.708,0.676,0.809,0.704,0.824,0.829,0.812,0.824,0.716,0.826,0.039,0.828,0.817,0.705,0.688,0.844,0.821,0.791,0.661,0.787,0.709,0.828,0.693,0.844,0.856,0.847,0.841,0.856,0.725,0.862,0.854,0.677,0.812,0.856,0.660,0.780,0.847,0.869,0.831,0.869,0.844,0.828,0.840,0.698,0.780,0.810,0.846,0.776,0.818,0.720,0.702,0.869,0.671,0.827,0.061,0.773,0.827,0.699,0.851,0.847,0.827,0.844,0.808,0.679,0.721,0.858,0.717,0.827,0.830,0.711,0.790,0.779,0.675,0.818,0.812,0.057,0.814,0.844,0.856,0.811,0.837,0.818,0.856,0.847,0.687,0.854,0.828,0.824,0.773,0.706,0.844,0.690,0.861,0.728,0.695,0.841,0.841,0.831,0.863,0.824,0.803,0.825,0.864,0.863,0.681,0.709,0.805,0.825,0.716,0.787,0.702,0.856,0.852,0.821,0.821,0.727,0.724,0.728,0.840,0.818,0.712,0.697,0.834,0.834,0.826,0.817,0.841,0.727,0.697,0.681,0.669,0.869,0.824,0.726,0.732,0.850,0.788,0.853,0.857,0.841,0.724,0.872,0.831,0.692,0.776,0.850,0.825,0.827,0.669,0.869,0.706,0.673,0.847,0.818
7PNB_1_5_MAN;0.827,0.787,0.682,0.621,0.789,0.779,0.828,0.632,0.712,0.801,0.783,0.685,0.681,0.274,0.354,0.360,0.368,0.639,0.782,0.790,0.384,0.704,0.795,0.714,0.000,0.375,0.783,0.644,0.797,0.803,0.811,0.767,0.792,0.801,0.795,0.673,0.546,0.767,0.402,0.809,0.385,0.372,0.827,0.000,0.469,0.393,0.748,0.789,0.792,0.792,0.460,0.799,0.398,0.636,0.768,0.642,0.363,0.478,0.600,0.820,0.830,0.348,0.460,0.827,0.792,0.797,0.807,0.678,0.783,0.673,0.828,0.689,0.761,0.765,0.801,0.748,0.717,0.348,0.546,0.366,0.000,0.779,0.478,0.780,0.274,0.389,0.407,0.257,0.807,0.483,0.618,0.711,0.402,0.804,0.470,0.554,0.748,0.611,0.769,0.634,0.818,0.783,0.372,0.805,0.546,0.274,0.375,0.360,0.799,0.011,0.827,0.339,0.357,0.780,0.776,0.460,0.357,0.611,0.777,0.603,0.814,0.339,0.774,0.639,0.637,0.625,0.483,0.644,0.804,0.648,0.642,0.777,0.398,0.637,0.780,0.652,0.639,0.748,0.333,0.748,0.460,0.543,0.451,0.768,0.671,0.363,0.710,0.655,0.354,0.801,0.772,0.748,0.768,0.000,0.828,0.667,0.000,0.788,0.638,0.629,0.000,0.460,0.385,0.782,0.796,0.642,0.800,0.000,0.343,0.768,0.618,0.669,0.782,0.354,0.398,0.828,0.354,0.639,0.644,0.384,0.470,0.368,0.637,0.629,0.774,0.642,0.543,0.546,0.667,0.768,0.460,0.774,0.678,0.804,0.768,0.483,0.704,0.364,0.646,0.546,0.345,0.290,0.684,0.689,0.780,0.816,0.403,0.280,0.811,0.624,0.807,0.637,0.712,0.357,0.280,0.800,0.801,0.804,0.460,0.368,0.793,0.797,0.343,0.358,0.011,0.366,0.483,0.806,0.803,0.775,0.771,0.748,0.546,0.798,0.799,0.643,0.606,0.716,0.640,0.483,0.804,0.747,0.333,0.755,0.664,0.632,0.274,0.349,0.770,0.748,0.814,0.787,0.629,0.287
7PNB_O_4_BGC;0.843,0.844,0.717,0.669,0.847,0.819,0.844,0.616,0.739,0.821,0.841,0.702,0.689,0.482,0.534,0.491,0.546,0.581,0.840,0.810,0.444,0.730,0.814,0.732,0.469,0.464,0.841,0.609,0.826,0.815,0.832,0.825,0.820,0.822,0.828,0.699,0.581,0.809,0.487,0.833,0.496,0.473,0.843,0.469,0.000,0.454,0.793,0.851,0.821,0.816,0.037,0.824,0.496,0.578,0.826,0.616,0.450,0.220,0.680,0.824,0.847,0.530,0.083,0.844,0.816,0.817,0.818,0.687,0.799,0.708,0.844,0.724,0.819,0.816,0.825,0.793,0.752,0.530,0.581,0.468,0.469,0.807,0.220,0.834,0.468,0.464,0.491,0.455,0.818,0.228,0.667,0.745,0.487,0.825,0.189,0.577,0.793,0.680,0.815,0.598,0.826,0.841,0.473,0.817,0.581,0.482,0.464,0.464,0.819,0.464,0.843,0.415,0.473,0.804,0.830,0.083,0.459,0.680,0.793,0.672,0.826,0.415,0.827,0.581,0.602,0.608,0.209,0.598,0.825,0.614,0.616,0.797,0.496,0.602,0.791,0.669,0.581,0.793,0.410,0.793,0.060,0.577,0.094,0.822,0.679,0.478,0.727,0.672,0.534,0.822,0.822,0.793,0.788,0.469,0.844,0.674,0.469,0.804,0.611,0.581,0.469,0.083,0.483,0.844,0.828,0.616,0.812,0.469,0.404,0.818,0.667,0.677,0.840,0.534,0.496,0.849,0.521,0.581,0.598,0.444,0.189,0.546,0.612,0.581,0.828,0.616,0.577,0.581,0.674,0.810,0.012,0.827,0.712,0.825,0.822,0.209,0.730,0.379,0.681,0.581,0.474,0.482,0.719,0.724,0.800,0.832,0.500,0.487,0.827,0.672,0.815,0.602,0.739,0.459,0.473,0.820,0.822,0.824,0.012,0.546,0.817,0.820,0.404,0.388,0.464,0.468,0.209,0.826,0.807,0.829,0.788,0.793,0.581,0.818,0.827,0.586,0.674,0.734,0.613,0.209,0.824,0.792,0.410,0.810,0.672,0.616,0.468,0.410,0.786,0.793,0.822,0.808,0.581,0.478
7PNB_J_6_MAN;0.819,0.828,0.687,0.614,0.831,0.808,0.820,0.647,0.734,0.801,0.825,0.699,0.676,0.314,0.407,0.186,0.421,0.662,0.824,0.798,0.098,0.734,0.803,0.736,0.393,0.167,0.825,0.648,0.818,0.794,0.807,0.792,0.808,0.801,0.808,0.696,0.581,0.771,0.292,0.829,0.274,0.184,0.819,0.393,0.454,0.000,0.747,0.835,0.813,0.796,0.444,0.828,0.274,0.660,0.793,0.657,0.173,0.435,0.614,0.812,0.822,0.402,0.459,0.819,0.808,0.805,0.823,0.674,0.812,0.696,0.820,0.694,0.786,0.778,0.825,0.747,0.739,0.402,0.581,0.156,0.393,0.795,0.435,0.793,0.298,0.066,0.267,0.282,0.827,0.440,0.611,0.732,0.276,0.804,0.426,0.578,0.747,0.625,0.782,0.638,0.810,0.825,0.126,0.796,0.581,0.314,0.044,0.167,0.819,0.387,0.819,0.250,0.165,0.788,0.789,0.459,0.146,0.625,0.806,0.617,0.806,0.250,0.786,0.652,0.641,0.639,0.440,0.638,0.804,0.643,0.657,0.794,0.290,0.641,0.805,0.657,0.662,0.747,0.260,0.747,0.459,0.578,0.450,0.780,0.667,0.135,0.723,0.659,0.407,0.801,0.784,0.747,0.797,0.393,0.820,0.662,0.393,0.801,0.652,0.662,0.393,0.459,0.257,0.824,0.816,0.657,0.820,0.393,0.253,0.789,0.611,0.664,0.824,0.407,0.290,0.821,0.393,0.652,0.638,0.077,0.426,0.421,0.650,0.662,0.787,0.657,0.578,0.581,0.662,0.777,0.459,0.786,0.691,0.800,0.780,0.440,0.734,0.294,0.678,0.581,0.172,0.314,0.680,0.694,0.809,0.808,0.280,0.305,0.811,0.617,0.827,0.641,0.734,0.146,0.305,0.828,0.814,0.804,0.444,0.421,0.801,0.797,0.235,0.253,0.387,0.137,0.440,0.801,0.811,0.788,0.797,0.747,0.581,0.826,0.827,0.667,0.620,0.738,0.654,0.440,0.804,0.745,0.260,0.772,0.659,0.647,0.298,0.260,0.800,0.747,0.806,0.796,0.662,0.295
7PNB_j_3_YZT;0.871,0.869,0.745,0.750,0.872,0.875,0.873,0.824,0.756,0.875,0.866,0.748,0.762,0.752,0.732,0.733,0.732,0.733,0.866,0.878,0.732,0.763,0.867,0.750,0.748,0.733,0.866,0.688,0.881,0.871,0.876,0.870,0.877,0.872,0.868,0.745,0.753,0.875,0.758,0.895,0.753,0.728,0.869,0.748,0.793,0.747,0.000,0.872,0.874,0.868,0.787,0.893,0.753,0.731,0.874,0.824,0.730,0.747,0.750,0.877,0.875,0.730,0.795,0.869,0.872,0.869,0.891,0.769,0.870,0.745,0.869,0.744,0.871,0.877,0.887,0.020,0.760,0.730,0.753,0.735,0.748,0.871,0.747,0.878,0.743,0.742,0.759,0.743,0.891,0.748,0.748,0.762,0.758,0.875,0.757,0.752,0.020,0.750,0.871,0.688,0.878,0.866,0.737,0.874,0.753,0.752,0.742,0.733,0.889,0.747,0.869,0.732,0.728,0.855,0.874,0.795,0.737,0.750,0.871,0.752,0.878,0.732,0.875,0.725,0.706,0.818,0.748,0.688,0.875,0.684,0.824,0.865,0.753,0.698,0.870,0.762,0.733,0.020,0.738,0.000,0.803,0.759,0.788,0.871,0.762,0.739,0.753,0.764,0.732,0.875,0.874,0.020,0.871,0.748,0.873,0.758,0.748,0.862,0.819,0.725,0.748,0.795,0.761,0.869,0.876,0.831,0.893,0.748,0.736,0.871,0.748,0.769,0.865,0.732,0.753,0.873,0.732,0.725,0.688,0.732,0.757,0.732,0.690,0.717,0.872,0.824,0.759,0.753,0.758,0.868,0.795,0.871,0.741,0.875,0.871,0.748,0.763,0.747,0.730,0.753,0.734,0.752,0.747,0.744,0.870,0.877,0.755,0.745,0.875,0.752,0.891,0.690,0.763,0.737,0.745,0.893,0.878,0.874,0.787,0.732,0.866,0.868,0.736,0.736,0.747,0.743,0.748,0.875,0.855,0.874,0.868,0.039,0.753,0.887,0.889,0.738,0.745,0.751,0.830,0.748,0.874,0.029,0.738,0.864,0.764,0.824,0.743,0.738,0.870,0.020,0.875,0.866,0.733,0.739
7PNB_y_2_NAG;0.676,0.046,0.863,0.812,0.047,0.707,0.686,0.806,0.849,0.739,0.050,0.869,0.801,0.812,0.802,0.836,0.798,0.869,0.061,0.719,0.836,0.845,0.698,0.845,0.789,0.840,0.050,0.870,0.702,0.713,0.708,0.739,0.710,0.743,0.745,0.860,0.792,0.736,0.807,0.711,0.800,0.833,0.677,0.789,0.851,0.835,0.872,0.000,0.707,0.712,0.848,0.701,0.800,0.869,0.737,0.806,0.826,0.844,0.804,0.709,0.680,0.801,0.848,0.675,0.695,0.702,0.714,0.804,0.736,0.860,0.672,0.863,0.735,0.735,0.702,0.872,0.851,0.801,0.792,0.837,0.789,0.692,0.844,0.692,0.817,0.824,0.808,0.825,0.698,0.841,0.815,0.848,0.807,0.741,0.849,0.795,0.872,0.804,0.741,0.874,0.711,0.057,0.817,0.701,0.792,0.812,0.824,0.840,0.703,0.793,0.677,0.824,0.833,0.689,0.692,0.848,0.833,0.812,0.738,0.796,0.699,0.824,0.686,0.866,0.871,0.803,0.845,0.877,0.744,0.877,0.810,0.727,0.800,0.871,0.739,0.805,0.869,0.872,0.827,0.872,0.848,0.795,0.844,0.695,0.801,0.818,0.839,0.797,0.802,0.743,0.734,0.872,0.734,0.789,0.679,0.798,0.789,0.699,0.808,0.866,0.789,0.848,0.804,0.054,0.701,0.814,0.688,0.789,0.834,0.737,0.815,0.808,0.050,0.802,0.800,0.680,0.802,0.866,0.877,0.836,0.849,0.798,0.874,0.866,0.687,0.810,0.795,0.792,0.798,0.728,0.848,0.690,0.861,0.748,0.698,0.845,0.838,0.835,0.871,0.792,0.815,0.817,0.860,0.863,0.730,0.703,0.801,0.809,0.706,0.812,0.695,0.871,0.849,0.833,0.813,0.705,0.715,0.747,0.848,0.798,0.695,0.710,0.834,0.834,0.793,0.821,0.845,0.743,0.714,0.687,0.743,0.872,0.792,0.687,0.716,0.872,0.796,0.846,0.814,0.845,0.747,0.875,0.827,0.702,0.801,0.806,0.817,0.831,0.739,0.872,0.699,0.742,0.866,0.810
7PNB_a_1_NAG;0.725,0.702,0.843,0.818,0.711,0.144,0.747,0.817,0.843,0.640,0.703,0.849,0.799,0.807,0.788,0.802,0.784,0.831,0.702,0.190,0.814,0.843,0.611,0.840,0.792,0.806,0.703,0.832,0.128,0.683,0.698,0.620,0.162,0.633,0.631,0.843,0.803,0.626,0.793,0.184,0.790,0.803,0.733,0.792,0.821,0.813,0.874,0.707,0.000,0.605,0.818,0.684,0.795,0.830,0.614,0.817,0.804,0.810,0.814,0.686,0.739,0.792,0.813,0.737,0.629,0.611,0.691,0.799,0.573,0.843,0.738,0.843,0.619,0.629,0.685,0.874,0.850,0.792,0.803,0.803,0.792,0.604,0.810,0.579,0.807,0.802,0.798,0.815,0.678,0.806,0.822,0.846,0.797,0.642,0.811,0.806,0.874,0.823,0.619,0.832,0.685,0.700,0.795,0.687,0.803,0.807,0.806,0.810,0.134,0.796,0.736,0.797,0.803,0.655,0.579,0.813,0.803,0.818,0.607,0.815,0.675,0.797,0.589,0.827,0.832,0.810,0.806,0.832,0.639,0.831,0.817,0.573,0.790,0.832,0.620,0.795,0.831,0.874,0.801,0.874,0.818,0.802,0.810,0.591,0.799,0.796,0.837,0.800,0.788,0.641,0.625,0.874,0.617,0.792,0.728,0.801,0.792,0.596,0.810,0.827,0.792,0.813,0.799,0.709,0.140,0.821,0.678,0.792,0.808,0.628,0.822,0.803,0.702,0.788,0.790,0.741,0.788,0.827,0.832,0.814,0.811,0.784,0.828,0.827,0.571,0.817,0.802,0.803,0.801,0.622,0.818,0.577,0.837,0.642,0.575,0.806,0.840,0.801,0.840,0.803,0.793,0.811,0.848,0.843,0.609,0.686,0.791,0.803,0.686,0.819,0.675,0.832,0.843,0.803,0.808,0.701,0.194,0.638,0.818,0.784,0.640,0.614,0.808,0.804,0.796,0.799,0.806,0.641,0.633,0.590,0.626,0.874,0.803,0.697,0.699,0.833,0.816,0.841,0.820,0.806,0.645,0.877,0.801,0.592,0.800,0.817,0.807,0.805,0.615,0.874,0.679,0.573,0.827,0.800
7PNB_h_1_NAG;0.688,0.714,0.834,0.805,0.715,0.609,0.701,0.800,0.845,0.625,0.714,0.836,0.807,0.798,0.776,0.789,0.771,0.840,0.710,0.615,0.793,0.841,0.178,0.842,0.792,0.797,0.714,0.837,0.617,0.605,0.628,0.627,0.637,0.626,0.568,0.831,0.786,0.622,0.789,0.624,0.782,0.791,0.696,0.792,0.816,0.796,0.868,0.712,0.605,0.000,0.812,0.642,0.782,0.840,0.628,0.804,0.791,0.809,0.801,0.599,0.698,0.775,0.812,0.703,0.234,0.176,0.650,0.806,0.483,0.831,0.694,0.834,0.616,0.618,0.640,0.868,0.848,0.775,0.786,0.794,0.792,0.123,0.809,0.595,0.802,0.793,0.793,0.806,0.643,0.810,0.805,0.845,0.789,0.628,0.810,0.789,0.868,0.797,0.619,0.834,0.606,0.711,0.782,0.609,0.786,0.798,0.793,0.797,0.616,0.795,0.699,0.805,0.791,0.321,0.603,0.812,0.795,0.805,0.500,0.790,0.596,0.805,0.597,0.836,0.834,0.801,0.810,0.834,0.624,0.836,0.804,0.496,0.782,0.834,0.506,0.810,0.840,0.868,0.808,0.868,0.816,0.789,0.809,0.595,0.807,0.783,0.836,0.807,0.776,0.619,0.617,0.868,0.520,0.792,0.694,0.808,0.792,0.188,0.801,0.836,0.792,0.812,0.782,0.717,0.614,0.804,0.646,0.792,0.811,0.617,0.805,0.810,0.710,0.776,0.782,0.714,0.771,0.836,0.834,0.788,0.810,0.771,0.834,0.836,0.591,0.804,0.789,0.786,0.808,0.604,0.812,0.594,0.828,0.631,0.595,0.810,0.841,0.812,0.834,0.786,0.780,0.802,0.835,0.834,0.497,0.607,0.787,0.795,0.616,0.806,0.619,0.834,0.845,0.795,0.799,0.643,0.621,0.627,0.812,0.771,0.243,0.040,0.807,0.811,0.795,0.786,0.810,0.626,0.647,0.605,0.524,0.868,0.786,0.642,0.651,0.843,0.791,0.842,0.807,0.810,0.630,0.871,0.808,0.607,0.807,0.800,0.802,0.812,0.517,0.868,0.596,0.460,0.836,0.799
7PNB_x_4_BGC;0.840,0.841,0.710,0.661,0.844,0.816,0.841,0.608,0.732,0.818,0.837,0.695,0.681,0.473,0.525,0.496,0.538,0.574,0.837,0.806,0.450,0.724,0.811,0.725,0.460,0.468,0.837,0.602,0.822,0.811,0.828,0.822,0.817,0.819,0.820,0.692,0.573,0.801,0.478,0.830,0.487,0.478,0.840,0.460,0.037,0.444,0.787,0.848,0.818,0.812,0.000,0.824,0.487,0.570,0.822,0.608,0.441,0.228,0.672,0.820,0.843,0.521,0.071,0.840,0.812,0.813,0.815,0.679,0.800,0.701,0.841,0.717,0.811,0.808,0.825,0.787,0.745,0.521,0.573,0.459,0.460,0.799,0.228,0.830,0.459,0.455,0.483,0.445,0.819,0.237,0.659,0.739,0.478,0.821,0.198,0.569,0.787,0.672,0.807,0.591,0.822,0.837,0.464,0.813,0.573,0.473,0.455,0.468,0.815,0.455,0.840,0.406,0.464,0.801,0.826,0.071,0.450,0.672,0.794,0.664,0.819,0.406,0.824,0.574,0.594,0.600,0.217,0.591,0.821,0.606,0.608,0.793,0.487,0.594,0.792,0.662,0.574,0.787,0.400,0.787,0.048,0.569,0.060,0.818,0.672,0.469,0.721,0.664,0.525,0.819,0.814,0.787,0.789,0.460,0.841,0.667,0.460,0.801,0.603,0.574,0.460,0.071,0.474,0.841,0.825,0.608,0.808,0.460,0.394,0.814,0.659,0.669,0.836,0.525,0.487,0.845,0.513,0.574,0.591,0.450,0.198,0.538,0.604,0.574,0.824,0.608,0.569,0.573,0.667,0.802,0.048,0.824,0.705,0.821,0.818,0.217,0.724,0.369,0.674,0.573,0.465,0.473,0.712,0.717,0.801,0.825,0.492,0.478,0.824,0.664,0.816,0.594,0.732,0.450,0.464,0.821,0.818,0.821,0.024,0.538,0.813,0.817,0.394,0.379,0.455,0.473,0.217,0.823,0.812,0.826,0.788,0.787,0.573,0.818,0.828,0.578,0.667,0.727,0.605,0.217,0.821,0.785,0.400,0.806,0.664,0.608,0.459,0.400,0.787,0.787,0.819,0.804,0.574,0.469
7PNB_g_1_NAG;0.709,0.709,0.881,0.837,0.704,0.684,0.725,0.803,0.856,0.686,0.699,0.887,0.810,0.805,0.807,0.817,0.807,0.862,0.702,0.685,0.824,0.856,0.643,0.856,0.799,0.813,0.699,0.866,0.678,0.620,0.628,0.656,0.686,0.690,0.680,0.877,0.817,0.648,0.812,0.680,0.805,0.814,0.717,0.799,0.824,0.828,0.893,0.701,0.684,0.642,0.824,0.000,0.809,0.862,0.639,0.791,0.815,0.833,0.833,0.626,0.722,0.807,0.824,0.721,0.654,0.644,0.145,0.809,0.630,0.881,0.715,0.880,0.638,0.651,0.052,0.893,0.862,0.807,0.817,0.814,0.799,0.641,0.833,0.678,0.801,0.829,0.817,0.801,0.098,0.833,0.840,0.862,0.816,0.688,0.829,0.821,0.893,0.841,0.655,0.863,0.625,0.703,0.822,0.631,0.817,0.805,0.825,0.817,0.679,0.799,0.723,0.820,0.814,0.644,0.668,0.824,0.810,0.837,0.633,0.837,0.630,0.820,0.679,0.858,0.863,0.800,0.829,0.866,0.685,0.873,0.791,0.656,0.805,0.863,0.635,0.806,0.862,0.893,0.824,0.893,0.824,0.821,0.821,0.674,0.806,0.815,0.854,0.803,0.807,0.680,0.643,0.893,0.632,0.799,0.721,0.803,0.799,0.648,0.788,0.858,0.799,0.824,0.809,0.702,0.684,0.795,0.119,0.799,0.827,0.643,0.840,0.809,0.695,0.807,0.805,0.719,0.807,0.858,0.866,0.824,0.829,0.807,0.863,0.858,0.667,0.791,0.821,0.817,0.803,0.644,0.820,0.666,0.875,0.681,0.674,0.829,0.859,0.828,0.877,0.817,0.812,0.805,0.878,0.880,0.639,0.626,0.810,0.802,0.638,0.837,0.148,0.863,0.859,0.810,0.806,0.085,0.674,0.691,0.820,0.807,0.651,0.632,0.827,0.831,0.799,0.826,0.829,0.680,0.700,0.674,0.630,0.893,0.817,0.193,0.092,0.865,0.838,0.857,0.795,0.829,0.691,0.896,0.824,0.668,0.803,0.803,0.801,0.824,0.627,0.893,0.630,0.641,0.858,0.799
7PNB_a_6_MAN;0.813,0.793,0.680,0.609,0.796,0.789,0.814,0.590,0.710,0.803,0.790,0.699,0.678,0.324,0.327,0.287,0.342,0.682,0.789,0.788,0.312,0.710,0.789,0.712,0.398,0.287,0.790,0.651,0.791,0.793,0.809,0.786,0.790,0.803,0.813,0.688,0.534,0.774,0.041,0.815,0.061,0.269,0.812,0.398,0.496,0.274,0.753,0.800,0.795,0.782,0.487,0.809,0.000,0.680,0.787,0.620,0.259,0.466,0.619,0.801,0.816,0.336,0.487,0.813,0.794,0.791,0.812,0.676,0.802,0.688,0.814,0.686,0.780,0.776,0.807,0.753,0.714,0.336,0.534,0.262,0.398,0.781,0.466,0.787,0.324,0.287,0.051,0.324,0.809,0.470,0.617,0.708,0.021,0.806,0.483,0.531,0.753,0.640,0.780,0.642,0.803,0.790,0.284,0.790,0.534,0.324,0.271,0.271,0.813,0.393,0.812,0.372,0.252,0.782,0.783,0.487,0.252,0.619,0.800,0.632,0.800,0.372,0.784,0.673,0.644,0.582,0.470,0.651,0.806,0.655,0.620,0.792,0.041,0.644,0.799,0.650,0.682,0.753,0.381,0.753,0.487,0.531,0.479,0.774,0.669,0.291,0.699,0.653,0.327,0.803,0.787,0.753,0.791,0.398,0.814,0.664,0.398,0.782,0.616,0.682,0.398,0.487,0.021,0.789,0.794,0.630,0.802,0.398,0.389,0.783,0.617,0.667,0.788,0.327,0.021,0.814,0.327,0.673,0.651,0.296,0.483,0.342,0.653,0.682,0.785,0.620,0.531,0.534,0.664,0.775,0.487,0.780,0.684,0.806,0.779,0.470,0.710,0.366,0.671,0.534,0.304,0.324,0.673,0.686,0.803,0.801,0.051,0.315,0.805,0.612,0.805,0.644,0.710,0.252,0.315,0.810,0.795,0.806,0.487,0.342,0.786,0.783,0.375,0.375,0.393,0.309,0.470,0.808,0.796,0.782,0.791,0.753,0.534,0.804,0.809,0.678,0.635,0.713,0.628,0.470,0.806,0.752,0.381,0.771,0.662,0.590,0.324,0.381,0.794,0.753,0.800,0.798,0.682,0.321
7PNB_w_3_YZT;0.850,0.859,0.459,0.718,0.865,0.832,0.848,0.742,0.537,0.823,0.859,0.435,0.699,0.648,0.673,0.664,0.673,0.010,0.855,0.820,0.652,0.547,0.839,0.541,0.636,0.655,0.859,0.331,0.838,0.847,0.859,0.826,0.837,0.823,0.840,0.436,0.662,0.835,0.685,0.845,0.680,0.660,0.847,0.636,0.578,0.660,0.731,0.869,0.830,0.840,0.570,0.862,0.680,0.000,0.827,0.742,0.653,0.574,0.718,0.852,0.850,0.671,0.570,0.847,0.837,0.841,0.853,0.697,0.841,0.436,0.848,0.455,0.828,0.837,0.859,0.723,0.541,0.671,0.662,0.657,0.636,0.835,0.574,0.849,0.638,0.664,0.687,0.648,0.857,0.577,0.716,0.544,0.685,0.826,0.555,0.660,0.723,0.735,0.832,0.344,0.853,0.856,0.650,0.849,0.662,0.648,0.664,0.664,0.832,0.634,0.847,0.652,0.660,0.830,0.846,0.570,0.650,0.727,0.839,0.720,0.850,0.652,0.843,0.010,0.295,0.735,0.566,0.317,0.826,0.320,0.742,0.836,0.680,0.309,0.838,0.691,0.010,0.723,0.650,0.731,0.581,0.660,0.562,0.838,0.699,0.653,0.537,0.701,0.673,0.823,0.831,0.723,0.842,0.636,0.848,0.703,0.636,0.830,0.737,0.029,0.636,0.570,0.671,0.863,0.837,0.750,0.851,0.636,0.647,0.831,0.716,0.697,0.859,0.673,0.680,0.848,0.664,0.010,0.357,0.652,0.555,0.673,0.336,0.048,0.843,0.742,0.660,0.662,0.703,0.835,0.570,0.843,0.444,0.826,0.838,0.566,0.527,0.650,0.424,0.662,0.648,0.648,0.463,0.467,0.841,0.855,0.682,0.650,0.854,0.720,0.857,0.323,0.537,0.650,0.641,0.862,0.834,0.826,0.570,0.673,0.841,0.844,0.647,0.647,0.634,0.657,0.566,0.827,0.837,0.845,0.843,0.715,0.662,0.856,0.865,0.010,0.722,0.544,0.748,0.566,0.826,0.730,0.650,0.835,0.701,0.742,0.638,0.650,0.841,0.723,0.854,0.845,0.010,0.643
7PNB_d_2_NAG;0.697,0.735,0.833,0.815,0.737,0.603,0.713,0.818,0.840,0.421,0.733,0.839,0.804,0.799,0.789,0.782,0.793,0.827,0.732,0.604,0.785,0.840,0.619,0.841,0.768,0.786,0.733,0.828,0.615,0.609,0.614,0.049,0.620,0.422,0.657,0.833,0.791,0.166,0.790,0.610,0.783,0.787,0.708,0.768,0.826,0.793,0.874,0.737,0.614,0.628,0.822,0.639,0.787,0.827,0.000,0.818,0.784,0.798,0.811,0.630,0.707,0.788,0.818,0.712,0.622,0.631,0.641,0.803,0.649,0.829,0.710,0.836,0.103,0.149,0.641,0.874,0.843,0.788,0.791,0.787,0.768,0.645,0.798,0.479,0.795,0.790,0.786,0.787,0.634,0.794,0.818,0.840,0.794,0.424,0.794,0.795,0.874,0.823,0.144,0.821,0.626,0.733,0.775,0.610,0.791,0.799,0.790,0.790,0.609,0.767,0.711,0.798,0.787,0.616,0.466,0.818,0.783,0.811,0.648,0.816,0.616,0.798,0.482,0.824,0.825,0.818,0.799,0.825,0.429,0.827,0.818,0.632,0.783,0.825,0.654,0.792,0.827,0.874,0.801,0.874,0.822,0.790,0.815,0.470,0.800,0.767,0.834,0.793,0.789,0.432,0.124,0.874,0.647,0.768,0.696,0.793,0.768,0.612,0.815,0.824,0.768,0.818,0.783,0.738,0.604,0.818,0.637,0.768,0.801,0.124,0.818,0.799,0.728,0.789,0.783,0.717,0.785,0.824,0.825,0.789,0.794,0.793,0.818,0.824,0.466,0.818,0.790,0.791,0.793,0.174,0.822,0.455,0.830,0.429,0.470,0.799,0.836,0.806,0.825,0.791,0.764,0.795,0.830,0.836,0.661,0.615,0.779,0.796,0.631,0.816,0.649,0.825,0.840,0.783,0.792,0.640,0.584,0.432,0.822,0.793,0.641,0.626,0.805,0.809,0.767,0.778,0.799,0.417,0.667,0.464,0.653,0.874,0.791,0.650,0.639,0.826,0.816,0.841,0.821,0.799,0.422,0.877,0.801,0.453,0.793,0.818,0.795,0.797,0.649,0.874,0.619,0.642,0.824,0.788
7PNB_L_5_MAN;0.850,0.808,0.748,0.727,0.806,0.815,0.851,0.121,0.712,0.845,0.800,0.752,0.699,0.624,0.632,0.652,0.622,0.744,0.808,0.818,0.649,0.720,0.803,0.714,0.642,0.652,0.800,0.739,0.833,0.811,0.819,0.821,0.828,0.846,0.819,0.741,0.640,0.822,0.625,0.841,0.620,0.647,0.854,0.642,0.616,0.657,0.824,0.806,0.817,0.804,0.608,0.791,0.620,0.742,0.818,0.000,0.640,0.611,0.718,0.812,0.857,0.630,0.597,0.854,0.804,0.813,0.807,0.697,0.816,0.756,0.855,0.755,0.811,0.820,0.788,0.824,0.717,0.630,0.640,0.644,0.642,0.803,0.611,0.829,0.624,0.632,0.628,0.614,0.791,0.614,0.734,0.719,0.635,0.852,0.603,0.647,0.824,0.736,0.823,0.731,0.810,0.804,0.617,0.813,0.640,0.624,0.642,0.642,0.831,0.640,0.854,0.629,0.637,0.809,0.822,0.597,0.647,0.727,0.818,0.720,0.806,0.629,0.823,0.735,0.732,0.111,0.603,0.739,0.848,0.752,0.021,0.810,0.620,0.732,0.821,0.707,0.744,0.824,0.636,0.824,0.608,0.638,0.589,0.822,0.690,0.609,0.718,0.701,0.632,0.849,0.822,0.824,0.814,0.642,0.855,0.703,0.642,0.801,0.021,0.735,0.642,0.597,0.620,0.803,0.820,0.042,0.792,0.642,0.644,0.818,0.734,0.705,0.803,0.632,0.610,0.855,0.622,0.735,0.739,0.649,0.603,0.622,0.732,0.735,0.823,0.021,0.638,0.640,0.703,0.826,0.608,0.819,0.744,0.848,0.822,0.603,0.720,0.636,0.756,0.640,0.604,0.624,0.742,0.755,0.813,0.812,0.633,0.617,0.803,0.729,0.787,0.732,0.712,0.647,0.617,0.788,0.814,0.848,0.608,0.622,0.801,0.809,0.644,0.644,0.640,0.624,0.603,0.849,0.836,0.833,0.814,0.824,0.640,0.782,0.795,0.748,0.722,0.716,0.032,0.603,0.852,0.823,0.636,0.822,0.701,0.121,0.624,0.636,0.812,0.824,0.810,0.812,0.735,0.619
7PNB_s_5_MAN;0.818,0.819,0.662,0.618,0.822,0.790,0.819,0.619,0.711,0.800,0.816,0.673,0.650,0.216,0.363,0.115,0.377,0.655,0.815,0.780,0.182,0.711,0.794,0.712,0.363,0.074,0.816,0.622,0.805,0.806,0.818,0.779,0.799,0.801,0.799,0.671,0.543,0.771,0.262,0.820,0.259,0.053,0.818,0.363,0.450,0.173,0.730,0.826,0.804,0.791,0.441,0.815,0.259,0.653,0.784,0.640,0.000,0.432,0.618,0.819,0.821,0.357,0.455,0.818,0.799,0.796,0.822,0.647,0.799,0.671,0.819,0.669,0.781,0.773,0.812,0.730,0.715,0.357,0.543,0.043,0.363,0.795,0.432,0.788,0.198,0.190,0.236,0.198,0.818,0.438,0.615,0.709,0.262,0.804,0.423,0.539,0.730,0.629,0.781,0.613,0.821,0.816,0.206,0.808,0.543,0.216,0.172,0.054,0.810,0.357,0.818,0.218,0.032,0.779,0.784,0.455,0.032,0.629,0.797,0.621,0.818,0.218,0.781,0.646,0.615,0.612,0.438,0.622,0.804,0.627,0.640,0.793,0.259,0.615,0.796,0.620,0.655,0.730,0.228,0.730,0.455,0.539,0.446,0.775,0.640,0.214,0.700,0.623,0.363,0.801,0.775,0.730,0.792,0.363,0.819,0.636,0.363,0.792,0.635,0.655,0.363,0.455,0.243,0.815,0.803,0.640,0.807,0.363,0.220,0.784,0.615,0.638,0.814,0.363,0.259,0.820,0.348,0.646,0.622,0.182,0.423,0.377,0.634,0.655,0.782,0.640,0.539,0.543,0.636,0.772,0.441,0.781,0.667,0.804,0.775,0.438,0.711,0.262,0.653,0.543,0.229,0.216,0.646,0.669,0.800,0.819,0.250,0.206,0.822,0.621,0.818,0.615,0.711,0.032,0.206,0.811,0.797,0.803,0.441,0.377,0.792,0.792,0.220,0.238,0.357,0.233,0.438,0.805,0.802,0.783,0.792,0.730,0.543,0.805,0.814,0.660,0.624,0.714,0.637,0.438,0.803,0.728,0.228,0.772,0.633,0.619,0.198,0.228,0.791,0.730,0.818,0.791,0.655,0.196
7PNB_W_4_BGC;0.840,0.837,0.694,0.664,0.840,0.812,0.841,0.600,0.709,0.823,0.834,0.679,0.674,0.478,0.529,0.473,0.542,0.577,0.833,0.799,0.426,0.709,0.808,0.711,0.478,0.459,0.834,0.594,0.811,0.812,0.816,0.797,0.805,0.823,0.825,0.676,0.529,0.793,0.470,0.826,0.479,0.469,0.840,0.478,0.220,0.435,0.747,0.844,0.810,0.809,0.228,0.833,0.466,0.574,0.798,0.611,0.432,0.000,0.654,0.821,0.844,0.525,0.228,0.841,0.813,0.814,0.820,0.672,0.809,0.694,0.841,0.701,0.795,0.800,0.826,0.747,0.713,0.525,0.529,0.450,0.478,0.804,0.000,0.831,0.464,0.445,0.461,0.450,0.824,0.012,0.661,0.707,0.470,0.826,0.036,0.525,0.747,0.674,0.795,0.583,0.819,0.834,0.427,0.810,0.529,0.478,0.445,0.459,0.816,0.474,0.840,0.411,0.455,0.797,0.827,0.228,0.441,0.664,0.803,0.656,0.819,0.411,0.824,0.577,0.586,0.592,0.012,0.583,0.826,0.598,0.611,0.803,0.479,0.586,0.801,0.654,0.577,0.747,0.406,0.747,0.247,0.525,0.217,0.819,0.664,0.432,0.706,0.657,0.529,0.823,0.802,0.747,0.798,0.478,0.841,0.659,0.478,0.797,0.606,0.577,0.478,0.228,0.479,0.837,0.809,0.622,0.821,0.478,0.400,0.794,0.661,0.662,0.833,0.529,0.466,0.842,0.517,0.577,0.583,0.426,0.036,0.542,0.586,0.577,0.821,0.611,0.525,0.529,0.659,0.799,0.228,0.824,0.690,0.826,0.819,0.012,0.709,0.375,0.667,0.529,0.429,0.478,0.697,0.701,0.810,0.821,0.470,0.482,0.816,0.667,0.820,0.586,0.709,0.441,0.469,0.825,0.806,0.826,0.209,0.542,0.810,0.814,0.400,0.385,0.474,0.436,0.012,0.827,0.808,0.822,0.798,0.747,0.529,0.815,0.828,0.581,0.659,0.712,0.619,0.012,0.826,0.745,0.406,0.807,0.657,0.600,0.464,0.406,0.796,0.747,0.819,0.813,0.577,0.474
7PNB_K_4_MAN;0.792,0.792,0.717,0.065,0.799,0.797,0.792,0.700,0.713,0.806,0.793,0.720,0.652,0.644,0.611,0.609,0.621,0.720,0.788,0.828,0.606,0.722,0.796,0.715,0.600,0.641,0.793,0.715,0.819,0.820,0.821,0.806,0.814,0.807,0.829,0.717,0.630,0.819,0.624,0.838,0.630,0.626,0.786,0.600,0.680,0.614,0.750,0.804,0.814,0.801,0.672,0.833,0.619,0.718,0.811,0.718,0.618,0.654,0.000,0.821,0.799,0.608,0.672,0.787,0.797,0.802,0.843,0.659,0.838,0.709,0.784,0.715,0.808,0.817,0.834,0.750,0.710,0.608,0.630,0.634,0.600,0.809,0.654,0.799,0.644,0.609,0.627,0.644,0.836,0.656,0.076,0.712,0.624,0.810,0.656,0.637,0.750,0.065,0.808,0.698,0.827,0.789,0.583,0.818,0.630,0.644,0.598,0.641,0.828,0.597,0.786,0.628,0.626,0.790,0.799,0.672,0.626,0.044,0.836,0.054,0.824,0.628,0.800,0.711,0.709,0.693,0.656,0.698,0.810,0.711,0.718,0.832,0.619,0.709,0.838,0.622,0.720,0.750,0.636,0.750,0.672,0.637,0.664,0.799,0.662,0.586,0.719,0.635,0.611,0.807,0.815,0.750,0.839,0.600,0.796,0.647,0.600,0.790,0.713,0.711,0.600,0.672,0.619,0.792,0.814,0.727,0.829,0.600,0.643,0.803,0.076,0.650,0.792,0.611,0.619,0.784,0.600,0.711,0.698,0.606,0.656,0.621,0.682,0.711,0.797,0.718,0.637,0.630,0.647,0.812,0.682,0.796,0.704,0.814,0.794,0.656,0.713,0.646,0.709,0.630,0.581,0.644,0.719,0.715,0.842,0.825,0.622,0.636,0.812,0.075,0.825,0.709,0.713,0.626,0.636,0.837,0.819,0.809,0.672,0.621,0.798,0.798,0.643,0.643,0.597,0.602,0.656,0.815,0.809,0.794,0.840,0.750,0.630,0.835,0.840,0.725,0.065,0.717,0.725,0.656,0.809,0.757,0.636,0.799,0.655,0.700,0.644,0.636,0.838,0.750,0.816,0.830,0.711,0.639
7PNB_v_2_NAG;0.698,0.711,0.861,0.817,0.709,0.689,0.704,0.820,0.867,0.652,0.708,0.874,0.806,0.834,0.812,0.817,0.816,0.852,0.704,0.684,0.812,0.867,0.601,0.864,0.820,0.817,0.708,0.857,0.683,0.121,0.150,0.633,0.688,0.653,0.689,0.857,0.785,0.620,0.808,0.672,0.805,0.818,0.706,0.820,0.824,0.812,0.877,0.709,0.686,0.599,0.820,0.626,0.801,0.852,0.630,0.812,0.819,0.821,0.821,0.000,0.695,0.811,0.820,0.707,0.623,0.609,0.631,0.805,0.621,0.868,0.697,0.864,0.617,0.623,0.628,0.877,0.873,0.811,0.785,0.818,0.820,0.613,0.821,0.592,0.830,0.813,0.809,0.822,0.634,0.822,0.821,0.874,0.808,0.651,0.813,0.784,0.877,0.821,0.625,0.849,0.093,0.705,0.814,0.145,0.785,0.834,0.813,0.821,0.674,0.819,0.703,0.808,0.818,0.609,0.592,0.820,0.814,0.821,0.631,0.818,0.075,0.808,0.591,0.848,0.854,0.820,0.818,0.849,0.651,0.859,0.816,0.640,0.801,0.854,0.640,0.806,0.852,0.877,0.812,0.877,0.825,0.788,0.817,0.592,0.806,0.811,0.865,0.803,0.812,0.646,0.626,0.877,0.634,0.820,0.697,0.799,0.820,0.609,0.813,0.852,0.820,0.820,0.797,0.711,0.683,0.820,0.627,0.820,0.811,0.615,0.821,0.801,0.703,0.812,0.801,0.708,0.808,0.848,0.849,0.812,0.813,0.816,0.850,0.852,0.588,0.816,0.788,0.785,0.799,0.620,0.825,0.591,0.858,0.651,0.596,0.818,0.871,0.820,0.861,0.785,0.808,0.830,0.865,0.864,0.651,0.119,0.802,0.831,0.155,0.818,0.613,0.854,0.871,0.814,0.827,0.627,0.693,0.658,0.820,0.816,0.609,0.597,0.811,0.815,0.819,0.818,0.818,0.653,0.668,0.591,0.646,0.877,0.785,0.630,0.625,0.851,0.818,0.865,0.819,0.818,0.654,0.880,0.812,0.578,0.799,0.820,0.830,0.808,0.632,0.877,0.090,0.621,0.852,0.827
7PNB_y_1_NAG;0.068,0.681,0.867,0.799,0.680,0.719,0.087,0.853,0.866,0.715,0.682,0.869,0.787,0.832,0.822,0.824,0.822,0.851,0.678,0.724,0.811,0.863,0.713,0.863,0.830,0.828,0.682,0.863,0.724,0.692,0.704,0.710,0.729,0.716,0.710,0.859,0.832,0.713,0.818,0.716,0.820,0.821,0.087,0.830,0.847,0.822,0.875,0.680,0.739,0.698,0.843,0.722,0.816,0.850,0.707,0.857,0.821,0.844,0.799,0.695,0.000,0.821,0.847,0.084,0.717,0.708,0.710,0.791,0.686,0.859,0.073,0.866,0.712,0.708,0.711,0.875,0.865,0.821,0.832,0.824,0.830,0.714,0.844,0.681,0.828,0.819,0.815,0.832,0.716,0.840,0.802,0.862,0.818,0.715,0.840,0.831,0.875,0.803,0.706,0.859,0.697,0.679,0.812,0.693,0.832,0.832,0.815,0.828,0.719,0.829,0.087,0.831,0.821,0.711,0.681,0.847,0.825,0.803,0.681,0.799,0.698,0.831,0.689,0.847,0.859,0.850,0.844,0.859,0.715,0.865,0.857,0.694,0.816,0.859,0.680,0.792,0.851,0.875,0.834,0.875,0.847,0.831,0.844,0.694,0.792,0.813,0.857,0.788,0.822,0.710,0.697,0.875,0.687,0.830,0.050,0.785,0.830,0.701,0.854,0.851,0.830,0.847,0.812,0.681,0.723,0.861,0.726,0.830,0.834,0.714,0.802,0.791,0.677,0.822,0.816,0.091,0.818,0.847,0.859,0.815,0.840,0.822,0.859,0.851,0.680,0.857,0.831,0.832,0.785,0.702,0.847,0.682,0.864,0.718,0.687,0.844,0.852,0.834,0.867,0.832,0.806,0.828,0.867,0.866,0.700,0.698,0.808,0.829,0.712,0.799,0.711,0.859,0.863,0.825,0.825,0.726,0.727,0.717,0.843,0.822,0.714,0.702,0.838,0.838,0.829,0.820,0.844,0.716,0.710,0.676,0.689,0.875,0.832,0.725,0.731,0.853,0.800,0.863,0.860,0.844,0.714,0.879,0.834,0.685,0.788,0.853,0.828,0.830,0.686,0.875,0.695,0.693,0.851,0.821
7PNB_w_6_MAN;0.818,0.794,0.671,0.608,0.801,0.786,0.819,0.609,0.711,0.804,0.795,0.700,0.650,0.283,0.011,0.369,0.032,0.673,0.790,0.789,0.393,0.711,0.777,0.712,0.348,0.384,0.795,0.651,0.797,0.798,0.814,0.783,0.791,0.805,0.795,0.680,0.508,0.771,0.354,0.816,0.336,0.366,0.818,0.348,0.530,0.402,0.730,0.801,0.792,0.775,0.521,0.807,0.336,0.671,0.788,0.630,0.357,0.525,0.608,0.811,0.821,0.000,0.521,0.818,0.779,0.784,0.814,0.647,0.787,0.680,0.819,0.678,0.777,0.773,0.804,0.730,0.715,0.000,0.508,0.360,0.348,0.766,0.525,0.788,0.299,0.398,0.360,0.299,0.810,0.529,0.605,0.709,0.354,0.808,0.542,0.504,0.730,0.618,0.777,0.641,0.809,0.791,0.409,0.796,0.508,0.283,0.384,0.369,0.810,0.357,0.818,0.333,0.351,0.767,0.784,0.521,0.351,0.618,0.780,0.611,0.801,0.333,0.781,0.664,0.644,0.602,0.529,0.651,0.808,0.655,0.630,0.776,0.351,0.644,0.779,0.620,0.673,0.730,0.343,0.730,0.521,0.504,0.513,0.775,0.650,0.414,0.708,0.633,0.011,0.805,0.784,0.730,0.775,0.348,0.819,0.636,0.348,0.767,0.625,0.673,0.348,0.521,0.351,0.794,0.795,0.640,0.803,0.348,0.352,0.780,0.605,0.638,0.794,0.011,0.336,0.820,0.011,0.664,0.651,0.393,0.542,0.032,0.662,0.673,0.782,0.630,0.504,0.508,0.636,0.772,0.521,0.781,0.667,0.804,0.775,0.529,0.711,0.373,0.662,0.508,0.410,0.299,0.673,0.678,0.783,0.807,0.357,0.274,0.802,0.611,0.807,0.644,0.711,0.351,0.290,0.807,0.797,0.807,0.521,0.032,0.775,0.776,0.352,0.367,0.357,0.417,0.529,0.805,0.781,0.783,0.775,0.730,0.508,0.805,0.806,0.678,0.614,0.714,0.637,0.529,0.807,0.728,0.343,0.772,0.633,0.609,0.299,0.358,0.774,0.730,0.797,0.782,0.673,0.296
7PNB_n_4_BGC;0.844,0.841,0.710,0.661,0.844,0.816,0.841,0.597,0.732,0.822,0.837,0.695,0.701,0.473,0.525,0.496,0.538,0.574,0.837,0.802,0.450,0.732,0.811,0.734,0.460,0.468,0.837,0.602,0.822,0.819,0.832,0.818,0.821,0.823,0.824,0.692,0.573,0.797,0.478,0.830,0.500,0.478,0.844,0.460,0.083,0.459,0.795,0.848,0.813,0.812,0.071,0.824,0.487,0.570,0.818,0.597,0.455,0.228,0.672,0.820,0.847,0.521,0.000,0.844,0.812,0.813,0.815,0.699,0.796,0.710,0.845,0.717,0.807,0.804,0.821,0.795,0.745,0.521,0.573,0.473,0.460,0.799,0.228,0.830,0.473,0.440,0.483,0.459,0.819,0.237,0.669,0.739,0.478,0.826,0.198,0.569,0.795,0.692,0.803,0.591,0.822,0.837,0.464,0.818,0.573,0.473,0.440,0.468,0.815,0.469,0.844,0.390,0.478,0.801,0.826,0.000,0.464,0.672,0.789,0.685,0.819,0.390,0.824,0.574,0.594,0.589,0.217,0.591,0.826,0.606,0.597,0.789,0.487,0.594,0.788,0.681,0.574,0.795,0.385,0.795,0.024,0.569,0.012,0.818,0.691,0.469,0.729,0.684,0.525,0.823,0.810,0.795,0.784,0.460,0.845,0.686,0.460,0.801,0.592,0.574,0.460,0.000,0.474,0.841,0.821,0.597,0.808,0.460,0.410,0.810,0.669,0.689,0.836,0.525,0.487,0.845,0.513,0.574,0.591,0.450,0.198,0.538,0.594,0.574,0.824,0.597,0.569,0.573,0.686,0.802,0.094,0.824,0.705,0.826,0.818,0.217,0.732,0.385,0.674,0.573,0.451,0.487,0.712,0.717,0.796,0.825,0.492,0.478,0.828,0.664,0.816,0.594,0.732,0.464,0.478,0.821,0.818,0.825,0.094,0.538,0.813,0.817,0.410,0.394,0.469,0.445,0.217,0.827,0.812,0.826,0.784,0.795,0.573,0.823,0.828,0.578,0.687,0.735,0.593,0.217,0.825,0.793,0.385,0.806,0.684,0.597,0.473,0.400,0.783,0.795,0.823,0.800,0.574,0.482
7PNB_P_1_NAG;0.082,0.676,0.864,0.787,0.675,0.721,0.050,0.850,0.856,0.723,0.677,0.866,0.776,0.829,0.819,0.821,0.819,0.848,0.673,0.726,0.808,0.853,0.718,0.853,0.827,0.825,0.677,0.860,0.725,0.704,0.709,0.715,0.730,0.721,0.701,0.857,0.825,0.721,0.816,0.718,0.817,0.818,0.020,0.827,0.844,0.819,0.869,0.675,0.737,0.703,0.840,0.721,0.813,0.847,0.712,0.854,0.818,0.841,0.787,0.707,0.084,0.818,0.844,0.000,0.721,0.712,0.708,0.780,0.677,0.857,0.027,0.863,0.714,0.716,0.716,0.869,0.855,0.818,0.825,0.821,0.827,0.715,0.841,0.689,0.825,0.817,0.812,0.829,0.715,0.837,0.791,0.852,0.816,0.723,0.837,0.824,0.869,0.792,0.707,0.856,0.709,0.674,0.810,0.705,0.825,0.829,0.812,0.825,0.720,0.827,0.043,0.828,0.818,0.712,0.689,0.844,0.822,0.792,0.669,0.788,0.710,0.828,0.694,0.844,0.857,0.847,0.841,0.856,0.723,0.863,0.854,0.685,0.813,0.857,0.668,0.780,0.848,0.869,0.832,0.869,0.844,0.828,0.841,0.699,0.780,0.810,0.847,0.777,0.819,0.718,0.706,0.869,0.679,0.827,0.080,0.774,0.827,0.706,0.851,0.848,0.827,0.844,0.809,0.676,0.725,0.858,0.721,0.827,0.831,0.715,0.791,0.780,0.672,0.819,0.813,0.039,0.815,0.844,0.856,0.812,0.837,0.819,0.857,0.848,0.688,0.854,0.828,0.825,0.774,0.710,0.844,0.691,0.861,0.726,0.696,0.841,0.842,0.832,0.864,0.825,0.803,0.825,0.864,0.863,0.688,0.710,0.805,0.826,0.717,0.788,0.706,0.857,0.853,0.822,0.822,0.731,0.728,0.725,0.840,0.819,0.719,0.704,0.835,0.835,0.827,0.817,0.841,0.724,0.698,0.681,0.677,0.869,0.825,0.730,0.736,0.851,0.789,0.854,0.858,0.841,0.722,0.872,0.832,0.693,0.777,0.850,0.825,0.828,0.677,0.869,0.706,0.681,0.848,0.818
7PNB_w_1_NAG;0.700,0.696,0.827,0.805,0.698,0.625,0.722,0.804,0.839,0.623,0.697,0.830,0.799,0.806,0.779,0.797,0.775,0.837,0.693,0.634,0.805,0.835,0.108,0.835,0.792,0.810,0.697,0.838,0.626,0.624,0.651,0.621,0.642,0.620,0.588,0.824,0.782,0.624,0.805,0.639,0.798,0.803,0.714,0.792,0.816,0.808,0.872,0.695,0.629,0.234,0.812,0.654,0.794,0.837,0.622,0.804,0.799,0.813,0.797,0.623,0.717,0.779,0.812,0.721,0.000,0.091,0.658,0.798,0.478,0.824,0.712,0.827,0.613,0.627,0.652,0.872,0.845,0.779,0.782,0.806,0.792,0.283,0.813,0.592,0.810,0.805,0.805,0.814,0.644,0.814,0.805,0.842,0.801,0.625,0.810,0.785,0.872,0.793,0.624,0.834,0.633,0.694,0.790,0.632,0.782,0.806,0.805,0.810,0.613,0.795,0.717,0.813,0.803,0.178,0.585,0.812,0.807,0.801,0.517,0.785,0.623,0.813,0.591,0.833,0.835,0.805,0.810,0.834,0.622,0.837,0.804,0.487,0.798,0.835,0.523,0.803,0.837,0.872,0.816,0.872,0.817,0.785,0.809,0.589,0.799,0.791,0.829,0.799,0.779,0.620,0.619,0.872,0.541,0.792,0.706,0.800,0.792,0.112,0.801,0.833,0.792,0.812,0.794,0.699,0.634,0.804,0.648,0.792,0.820,0.619,0.805,0.802,0.692,0.779,0.798,0.723,0.775,0.833,0.834,0.801,0.810,0.775,0.831,0.833,0.592,0.804,0.785,0.782,0.800,0.616,0.812,0.587,0.821,0.629,0.592,0.810,0.835,0.820,0.831,0.782,0.788,0.810,0.828,0.827,0.506,0.641,0.799,0.803,0.628,0.806,0.635,0.835,0.839,0.807,0.807,0.655,0.637,0.624,0.812,0.775,0.105,0.219,0.816,0.820,0.795,0.794,0.810,0.616,0.667,0.603,0.537,0.872,0.782,0.650,0.656,0.840,0.786,0.836,0.807,0.810,0.628,0.875,0.816,0.601,0.799,0.804,0.810,0.820,0.526,0.872,0.627,0.469,0.833,0.807
7PNB_m_1_NAG;0.694,0.704,0.832,0.810,0.705,0.619,0.713,0.813,0.843,0.616,0.704,0.834,0.799,0.811,0.784,0.794,0.780,0.841,0.700,0.617,0.801,0.839,0.062,0.840,0.797,0.806,0.704,0.839,0.616,0.611,0.634,0.630,0.632,0.617,0.589,0.828,0.791,0.636,0.801,0.633,0.795,0.799,0.705,0.797,0.817,0.805,0.869,0.702,0.611,0.176,0.813,0.644,0.791,0.841,0.631,0.813,0.796,0.814,0.802,0.609,0.708,0.784,0.813,0.712,0.091,0.000,0.652,0.799,0.470,0.828,0.704,0.831,0.622,0.631,0.642,0.869,0.849,0.784,0.791,0.803,0.797,0.240,0.814,0.601,0.815,0.802,0.802,0.819,0.642,0.814,0.810,0.846,0.797,0.619,0.810,0.794,0.869,0.798,0.629,0.835,0.620,0.701,0.787,0.619,0.791,0.811,0.802,0.806,0.611,0.800,0.709,0.814,0.799,0.224,0.597,0.813,0.803,0.806,0.506,0.790,0.606,0.814,0.592,0.838,0.835,0.813,0.810,0.835,0.615,0.838,0.813,0.488,0.795,0.835,0.507,0.803,0.841,0.869,0.817,0.869,0.817,0.794,0.810,0.590,0.799,0.788,0.833,0.800,0.784,0.610,0.627,0.869,0.526,0.797,0.700,0.801,0.797,0.074,0.810,0.838,0.797,0.813,0.791,0.707,0.620,0.813,0.645,0.797,0.820,0.623,0.810,0.803,0.699,0.784,0.795,0.714,0.780,0.838,0.835,0.797,0.810,0.780,0.832,0.838,0.601,0.813,0.794,0.791,0.801,0.621,0.813,0.592,0.829,0.623,0.593,0.810,0.839,0.821,0.832,0.791,0.785,0.815,0.832,0.831,0.494,0.624,0.795,0.807,0.614,0.811,0.621,0.835,0.843,0.803,0.811,0.642,0.627,0.618,0.813,0.780,0.122,0.160,0.816,0.820,0.800,0.790,0.810,0.617,0.668,0.611,0.522,0.869,0.791,0.641,0.650,0.844,0.791,0.840,0.816,0.810,0.622,0.872,0.817,0.610,0.800,0.813,0.815,0.821,0.514,0.869,0.610,0.457,0.838,0.812
7PNB_q_1_NAG;0.697,0.715,0.886,0.847,0.714,0.694,0.712,0.815,0.858,0.673,0.710,0.881,0.813,0.817,0.815,0.820,0.818,0.854,0.709,0.699,0.815,0.858,0.651,0.858,0.807,0.820,0.710,0.865,0.685,0.621,0.630,0.650,0.687,0.677,0.691,0.879,0.812,0.649,0.815,0.688,0.809,0.821,0.704,0.807,0.818,0.823,0.891,0.714,0.691,0.650,0.815,0.145,0.812,0.853,0.641,0.807,0.822,0.820,0.843,0.631,0.710,0.814,0.815,0.708,0.658,0.652,0.000,0.812,0.656,0.879,0.702,0.886,0.642,0.652,0.157,0.891,0.864,0.814,0.812,0.821,0.807,0.638,0.820,0.692,0.813,0.824,0.820,0.813,0.147,0.816,0.850,0.864,0.819,0.675,0.816,0.816,0.891,0.851,0.660,0.862,0.630,0.710,0.813,0.633,0.812,0.817,0.820,0.824,0.683,0.806,0.711,0.823,0.821,0.645,0.682,0.815,0.817,0.847,0.649,0.847,0.627,0.823,0.693,0.850,0.862,0.811,0.816,0.862,0.672,0.868,0.807,0.674,0.809,0.862,0.647,0.809,0.854,0.891,0.827,0.891,0.815,0.816,0.812,0.688,0.809,0.810,0.856,0.806,0.815,0.667,0.644,0.891,0.648,0.807,0.709,0.803,0.807,0.649,0.804,0.850,0.807,0.815,0.812,0.712,0.692,0.811,0.148,0.807,0.830,0.644,0.850,0.809,0.705,0.815,0.809,0.706,0.811,0.850,0.862,0.815,0.816,0.818,0.858,0.850,0.681,0.807,0.816,0.812,0.803,0.652,0.815,0.680,0.880,0.672,0.688,0.816,0.858,0.831,0.879,0.812,0.807,0.817,0.886,0.886,0.657,0.623,0.813,0.813,0.639,0.847,0.236,0.862,0.861,0.817,0.817,0.135,0.688,0.678,0.815,0.818,0.656,0.640,0.830,0.834,0.806,0.817,0.816,0.670,0.691,0.688,0.649,0.891,0.812,0.188,0.129,0.856,0.848,0.859,0.810,0.816,0.678,0.894,0.827,0.683,0.802,0.815,0.813,0.827,0.642,0.891,0.631,0.663,0.850,0.806
7PNB_Q_4_BGC;0.784,0.801,0.697,0.669,0.804,0.797,0.785,0.697,0.694,0.807,0.802,0.708,0.010,0.671,0.650,0.659,0.640,0.699,0.797,0.800,0.667,0.686,0.801,0.688,0.678,0.659,0.802,0.703,0.795,0.801,0.809,0.807,0.785,0.812,0.805,0.688,0.578,0.824,0.681,0.803,0.667,0.655,0.779,0.678,0.687,0.674,0.769,0.804,0.799,0.806,0.679,0.809,0.676,0.697,0.803,0.697,0.647,0.672,0.659,0.805,0.791,0.647,0.699,0.780,0.798,0.799,0.812,0.000,0.814,0.697,0.780,0.703,0.809,0.829,0.807,0.769,0.706,0.647,0.578,0.652,0.678,0.809,0.672,0.839,0.671,0.688,0.692,0.681,0.809,0.674,0.667,0.708,0.681,0.810,0.664,0.585,0.769,0.659,0.828,0.703,0.799,0.798,0.664,0.795,0.578,0.671,0.679,0.669,0.801,0.676,0.779,0.676,0.655,0.795,0.831,0.699,0.645,0.669,0.812,0.662,0.804,0.676,0.832,0.691,0.697,0.690,0.664,0.712,0.810,0.716,0.697,0.820,0.676,0.697,0.819,0.070,0.699,0.769,0.683,0.769,0.699,0.585,0.691,0.831,0.010,0.667,0.683,0.060,0.650,0.803,0.815,0.769,0.819,0.678,0.789,0.050,0.678,0.799,0.692,0.691,0.678,0.699,0.676,0.805,0.786,0.705,0.806,0.678,0.681,0.823,0.667,0.021,0.801,0.650,0.676,0.785,0.640,0.691,0.712,0.667,0.664,0.640,0.713,0.691,0.829,0.697,0.585,0.578,0.050,0.824,0.679,0.832,0.701,0.810,0.835,0.664,0.694,0.683,0.713,0.578,0.662,0.671,0.690,0.703,0.811,0.805,0.678,0.664,0.801,0.671,0.809,0.697,0.702,0.645,0.674,0.810,0.799,0.810,0.679,0.640,0.799,0.807,0.681,0.681,0.676,0.681,0.664,0.812,0.801,0.838,0.820,0.769,0.578,0.788,0.813,0.704,0.655,0.689,0.703,0.664,0.810,0.775,0.683,0.836,0.040,0.697,0.671,0.683,0.814,0.769,0.796,0.818,0.691,0.667
7PNB_d_1_NAG;0.675,0.734,0.839,0.838,0.736,0.565,0.688,0.820,0.861,0.642,0.731,0.849,0.815,0.794,0.787,0.801,0.783,0.841,0.727,0.583,0.813,0.857,0.475,0.858,0.783,0.806,0.731,0.839,0.566,0.618,0.634,0.652,0.591,0.647,0.537,0.839,0.802,0.636,0.805,0.552,0.802,0.803,0.669,0.783,0.799,0.812,0.870,0.736,0.573,0.483,0.800,0.630,0.802,0.841,0.649,0.816,0.799,0.809,0.838,0.621,0.686,0.787,0.796,0.677,0.478,0.470,0.656,0.814,0.000,0.839,0.674,0.839,0.633,0.639,0.629,0.870,0.867,0.787,0.802,0.806,0.783,0.477,0.809,0.624,0.794,0.810,0.810,0.794,0.635,0.810,0.837,0.864,0.805,0.649,0.801,0.805,0.870,0.842,0.640,0.839,0.627,0.728,0.815,0.626,0.802,0.794,0.810,0.801,0.548,0.787,0.676,0.792,0.803,0.488,0.620,0.796,0.807,0.842,0.161,0.834,0.628,0.792,0.622,0.838,0.839,0.821,0.806,0.839,0.645,0.838,0.816,0.176,0.802,0.839,0.201,0.815,0.841,0.870,0.796,0.870,0.800,0.805,0.796,0.620,0.815,0.812,0.855,0.815,0.787,0.640,0.638,0.870,0.197,0.783,0.678,0.816,0.783,0.457,0.814,0.838,0.783,0.796,0.798,0.734,0.563,0.812,0.646,0.783,0.799,0.635,0.837,0.818,0.727,0.787,0.802,0.686,0.783,0.838,0.839,0.809,0.801,0.783,0.843,0.838,0.623,0.816,0.805,0.802,0.816,0.636,0.796,0.615,0.833,0.652,0.620,0.806,0.857,0.800,0.839,0.802,0.805,0.798,0.843,0.839,0.201,0.635,0.807,0.790,0.618,0.838,0.611,0.839,0.861,0.807,0.799,0.649,0.597,0.651,0.800,0.783,0.479,0.480,0.795,0.799,0.787,0.810,0.806,0.651,0.606,0.634,0.206,0.870,0.802,0.655,0.647,0.844,0.835,0.858,0.816,0.806,0.651,0.869,0.796,0.625,0.815,0.820,0.794,0.800,0.152,0.870,0.628,0.097,0.838,0.791
7PNB_M_3_YZT;0.859,0.857,0.073,0.717,0.860,0.834,0.857,0.732,0.550,0.837,0.861,0.117,0.699,0.676,0.682,0.691,0.682,0.440,0.857,0.833,0.689,0.550,0.826,0.553,0.673,0.700,0.861,0.471,0.837,0.859,0.875,0.828,0.839,0.837,0.842,0.073,0.653,0.841,0.684,0.847,0.688,0.687,0.856,0.673,0.708,0.696,0.745,0.860,0.843,0.831,0.701,0.881,0.688,0.436,0.829,0.756,0.671,0.694,0.709,0.868,0.859,0.680,0.710,0.857,0.824,0.828,0.879,0.697,0.839,0.000,0.857,0.064,0.834,0.835,0.878,0.738,0.553,0.680,0.653,0.685,0.673,0.837,0.694,0.844,0.676,0.691,0.695,0.693,0.886,0.688,0.715,0.556,0.684,0.840,0.678,0.660,0.738,0.725,0.838,0.482,0.869,0.858,0.669,0.862,0.653,0.676,0.691,0.691,0.841,0.671,0.856,0.698,0.678,0.824,0.844,0.710,0.678,0.717,0.841,0.711,0.866,0.698,0.841,0.429,0.464,0.734,0.688,0.471,0.840,0.440,0.756,0.834,0.688,0.464,0.843,0.699,0.440,0.745,0.705,0.745,0.710,0.651,0.703,0.837,0.699,0.680,0.549,0.692,0.682,0.837,0.833,0.745,0.844,0.673,0.857,0.694,0.673,0.821,0.752,0.429,0.673,0.710,0.680,0.861,0.842,0.748,0.881,0.673,0.703,0.829,0.715,0.697,0.860,0.682,0.688,0.858,0.673,0.429,0.482,0.689,0.678,0.682,0.464,0.417,0.849,0.756,0.651,0.653,0.694,0.841,0.701,0.841,0.106,0.844,0.837,0.688,0.540,0.705,0.140,0.653,0.684,0.676,0.115,0.082,0.840,0.871,0.690,0.669,0.859,0.719,0.876,0.475,0.550,0.678,0.669,0.878,0.848,0.839,0.701,0.682,0.821,0.831,0.703,0.703,0.671,0.685,0.688,0.845,0.846,0.843,0.848,0.738,0.653,0.858,0.877,0.432,0.712,0.546,0.755,0.688,0.839,0.744,0.705,0.844,0.692,0.732,0.676,0.705,0.843,0.745,0.866,0.835,0.429,0.662
7PNB_e_1_NAG;0.071,0.674,0.864,0.784,0.672,0.718,0.054,0.851,0.853,0.718,0.674,0.867,0.777,0.830,0.820,0.821,0.820,0.848,0.670,0.723,0.808,0.850,0.709,0.850,0.828,0.825,0.674,0.860,0.722,0.695,0.700,0.712,0.731,0.718,0.702,0.857,0.822,0.718,0.816,0.715,0.818,0.818,0.023,0.828,0.844,0.820,0.869,0.672,0.738,0.694,0.841,0.715,0.814,0.848,0.710,0.855,0.819,0.841,0.784,0.697,0.073,0.819,0.845,0.027,0.712,0.704,0.702,0.780,0.674,0.857,0.000,0.864,0.711,0.714,0.710,0.869,0.852,0.819,0.822,0.822,0.828,0.706,0.841,0.683,0.826,0.817,0.813,0.830,0.709,0.838,0.787,0.849,0.816,0.717,0.838,0.821,0.869,0.788,0.705,0.857,0.700,0.671,0.810,0.696,0.822,0.830,0.813,0.825,0.717,0.827,0.039,0.829,0.818,0.704,0.683,0.845,0.823,0.788,0.667,0.784,0.701,0.829,0.688,0.845,0.857,0.848,0.842,0.857,0.717,0.863,0.855,0.682,0.814,0.857,0.665,0.781,0.848,0.869,0.832,0.869,0.845,0.825,0.841,0.693,0.781,0.811,0.844,0.778,0.820,0.712,0.703,0.869,0.676,0.828,0.076,0.774,0.828,0.697,0.852,0.848,0.828,0.845,0.810,0.674,0.722,0.859,0.716,0.828,0.832,0.713,0.787,0.780,0.669,0.820,0.814,0.050,0.816,0.845,0.857,0.812,0.838,0.820,0.857,0.848,0.682,0.855,0.825,0.822,0.774,0.707,0.845,0.685,0.862,0.720,0.690,0.842,0.839,0.832,0.864,0.822,0.804,0.826,0.865,0.864,0.686,0.701,0.806,0.827,0.708,0.784,0.700,0.857,0.850,0.823,0.823,0.725,0.726,0.719,0.841,0.820,0.710,0.695,0.836,0.836,0.827,0.818,0.842,0.718,0.699,0.675,0.675,0.869,0.822,0.721,0.730,0.851,0.785,0.850,0.858,0.842,0.716,0.873,0.832,0.687,0.778,0.851,0.826,0.828,0.674,0.869,0.697,0.678,0.848,0.819
7PNB_b_3_YZT;0.866,0.860,0.009,0.724,0.863,0.841,0.864,0.739,0.537,0.840,0.864,0.126,0.705,0.673,0.680,0.689,0.680,0.459,0.860,0.833,0.705,0.537,0.829,0.540,0.689,0.698,0.864,0.478,0.840,0.859,0.871,0.835,0.842,0.840,0.845,0.046,0.642,0.844,0.682,0.847,0.686,0.685,0.863,0.689,0.724,0.694,0.744,0.863,0.843,0.834,0.717,0.880,0.686,0.455,0.836,0.755,0.669,0.701,0.715,0.864,0.866,0.678,0.717,0.863,0.827,0.831,0.886,0.703,0.839,0.064,0.864,0.000,0.837,0.838,0.878,0.736,0.541,0.678,0.642,0.682,0.689,0.837,0.701,0.847,0.673,0.689,0.693,0.691,0.886,0.703,0.722,0.544,0.682,0.843,0.685,0.649,0.736,0.732,0.841,0.489,0.865,0.861,0.685,0.861,0.642,0.673,0.689,0.689,0.841,0.687,0.863,0.696,0.676,0.827,0.847,0.717,0.676,0.724,0.840,0.717,0.862,0.696,0.844,0.448,0.482,0.741,0.694,0.489,0.843,0.459,0.755,0.833,0.686,0.482,0.843,0.705,0.459,0.744,0.703,0.744,0.726,0.639,0.710,0.840,0.705,0.695,0.536,0.699,0.680,0.840,0.840,0.744,0.843,0.689,0.864,0.701,0.689,0.824,0.750,0.448,0.689,0.717,0.678,0.864,0.845,0.747,0.881,0.689,0.701,0.832,0.722,0.703,0.863,0.680,0.686,0.864,0.671,0.448,0.489,0.705,0.685,0.680,0.482,0.436,0.852,0.755,0.639,0.642,0.701,0.844,0.717,0.844,0.046,0.847,0.840,0.694,0.537,0.703,0.116,0.642,0.699,0.673,0.055,0.019,0.839,0.868,0.688,0.667,0.859,0.725,0.876,0.482,0.537,0.676,0.667,0.881,0.851,0.843,0.717,0.680,0.824,0.834,0.701,0.701,0.687,0.700,0.694,0.848,0.850,0.847,0.848,0.736,0.642,0.868,0.880,0.451,0.719,0.533,0.753,0.694,0.843,0.742,0.703,0.848,0.699,0.739,0.673,0.703,0.842,0.744,0.866,0.835,0.448,0.669
7PNB_i_2_NAG;0.702,0.733,0.834,0.812,0.735,0.612,0.714,0.811,0.837,0.453,0.731,0.843,0.809,0.792,0.778,0.775,0.778,0.828,0.730,0.614,0.782,0.837,0.614,0.838,0.761,0.779,0.731,0.830,0.624,0.596,0.601,0.093,0.626,0.440,0.645,0.838,0.776,0.097,0.783,0.619,0.776,0.780,0.710,0.761,0.819,0.786,0.871,0.735,0.619,0.616,0.811,0.638,0.780,0.828,0.103,0.811,0.781,0.795,0.808,0.617,0.712,0.777,0.807,0.714,0.613,0.622,0.642,0.809,0.633,0.834,0.711,0.837,0.000,0.079,0.640,0.871,0.840,0.777,0.776,0.780,0.761,0.626,0.795,0.482,0.788,0.783,0.779,0.780,0.635,0.792,0.816,0.837,0.787,0.451,0.792,0.779,0.871,0.820,0.067,0.822,0.613,0.731,0.772,0.597,0.776,0.792,0.783,0.783,0.619,0.760,0.713,0.795,0.780,0.607,0.469,0.807,0.776,0.808,0.632,0.813,0.603,0.795,0.472,0.825,0.826,0.811,0.796,0.826,0.456,0.828,0.811,0.619,0.776,0.826,0.638,0.801,0.828,0.871,0.799,0.871,0.811,0.775,0.804,0.464,0.805,0.764,0.832,0.802,0.778,0.450,0.124,0.871,0.631,0.761,0.701,0.803,0.761,0.603,0.808,0.825,0.761,0.807,0.776,0.736,0.613,0.811,0.635,0.761,0.798,0.060,0.816,0.809,0.726,0.778,0.776,0.718,0.774,0.825,0.826,0.787,0.792,0.778,0.819,0.825,0.464,0.811,0.775,0.776,0.803,0.120,0.815,0.454,0.831,0.456,0.469,0.796,0.834,0.803,0.830,0.776,0.761,0.788,0.831,0.837,0.641,0.602,0.772,0.789,0.619,0.813,0.640,0.826,0.837,0.776,0.785,0.642,0.594,0.450,0.815,0.778,0.633,0.613,0.802,0.806,0.760,0.775,0.796,0.445,0.661,0.467,0.636,0.871,0.776,0.649,0.640,0.831,0.814,0.839,0.814,0.796,0.440,0.875,0.799,0.457,0.802,0.811,0.788,0.794,0.633,0.871,0.606,0.622,0.825,0.781
7PNB_O_2_NAG;0.698,0.733,0.835,0.817,0.735,0.615,0.717,0.820,0.846,0.463,0.731,0.845,0.830,0.789,0.774,0.775,0.774,0.837,0.730,0.624,0.774,0.846,0.623,0.846,0.765,0.779,0.731,0.831,0.634,0.602,0.611,0.118,0.635,0.451,0.647,0.839,0.785,0.043,0.775,0.625,0.772,0.777,0.712,0.765,0.816,0.778,0.877,0.735,0.629,0.618,0.808,0.651,0.776,0.837,0.149,0.820,0.773,0.800,0.817,0.623,0.708,0.773,0.804,0.716,0.627,0.631,0.652,0.829,0.639,0.835,0.714,0.838,0.079,0.000,0.649,0.877,0.849,0.773,0.785,0.776,0.765,0.632,0.800,0.488,0.784,0.771,0.771,0.776,0.648,0.796,0.821,0.845,0.779,0.462,0.796,0.784,0.877,0.829,0.086,0.823,0.619,0.731,0.772,0.603,0.785,0.789,0.771,0.775,0.628,0.764,0.716,0.787,0.772,0.620,0.479,0.804,0.772,0.817,0.642,0.822,0.609,0.787,0.496,0.833,0.827,0.820,0.801,0.827,0.466,0.830,0.820,0.617,0.772,0.827,0.640,0.822,0.837,0.877,0.791,0.877,0.808,0.784,0.800,0.493,0.826,0.764,0.840,0.823,0.774,0.460,0.072,0.877,0.634,0.765,0.697,0.823,0.765,0.609,0.817,0.837,0.765,0.804,0.772,0.736,0.623,0.816,0.645,0.765,0.790,0.086,0.821,0.829,0.726,0.774,0.772,0.721,0.770,0.833,0.827,0.779,0.796,0.774,0.824,0.837,0.475,0.820,0.784,0.785,0.823,0.061,0.816,0.473,0.832,0.466,0.484,0.801,0.842,0.795,0.831,0.785,0.762,0.784,0.832,0.838,0.651,0.608,0.768,0.785,0.628,0.818,0.649,0.827,0.846,0.772,0.781,0.652,0.608,0.460,0.812,0.774,0.646,0.615,0.794,0.799,0.764,0.776,0.801,0.456,0.671,0.473,0.639,0.877,0.785,0.661,0.650,0.840,0.823,0.847,0.819,0.801,0.451,0.876,0.791,0.467,0.823,0.820,0.784,0.786,0.639,0.877,0.612,0.624,0.837,0.777
7PNB_b_1_NAG;0.697,0.710,0.878,0.838,0.705,0.685,0.720,0.801,0.853,0.684,0.701,0.884,0.807,0.803,0.805,0.814,0.805,0.859,0.704,0.687,0.822,0.853,0.642,0.854,0.801,0.810,0.701,0.864,0.679,0.618,0.627,0.658,0.688,0.688,0.685,0.875,0.811,0.646,0.809,0.682,0.803,0.811,0.712,0.801,0.825,0.825,0.887,0.702,0.685,0.640,0.825,0.052,0.807,0.859,0.641,0.788,0.812,0.826,0.834,0.628,0.711,0.804,0.821,0.716,0.652,0.642,0.157,0.807,0.629,0.878,0.710,0.878,0.640,0.649,0.000,0.887,0.859,0.804,0.811,0.811,0.801,0.639,0.826,0.673,0.799,0.826,0.814,0.799,0.125,0.827,0.841,0.860,0.813,0.686,0.823,0.814,0.887,0.842,0.657,0.860,0.627,0.704,0.819,0.630,0.811,0.803,0.822,0.814,0.681,0.800,0.718,0.818,0.811,0.642,0.662,0.821,0.807,0.838,0.632,0.838,0.628,0.818,0.674,0.856,0.861,0.797,0.823,0.864,0.683,0.870,0.788,0.654,0.803,0.861,0.637,0.803,0.859,0.887,0.821,0.887,0.825,0.814,0.818,0.669,0.803,0.812,0.851,0.800,0.805,0.678,0.641,0.887,0.631,0.801,0.710,0.801,0.801,0.639,0.786,0.856,0.801,0.821,0.807,0.704,0.683,0.793,0.152,0.801,0.824,0.641,0.841,0.807,0.696,0.805,0.803,0.714,0.805,0.856,0.864,0.822,0.823,0.805,0.861,0.856,0.662,0.788,0.814,0.811,0.801,0.642,0.821,0.661,0.872,0.680,0.669,0.823,0.857,0.825,0.875,0.811,0.809,0.803,0.875,0.878,0.640,0.624,0.807,0.799,0.636,0.838,0.160,0.861,0.857,0.807,0.803,0.070,0.679,0.689,0.821,0.805,0.649,0.634,0.824,0.828,0.800,0.823,0.823,0.678,0.702,0.672,0.632,0.887,0.811,0.167,0.070,0.862,0.839,0.854,0.792,0.823,0.689,0.890,0.821,0.663,0.800,0.801,0.799,0.821,0.629,0.887,0.628,0.639,0.856,0.796
7PNB_Z_3_YZT;0.871,0.869,0.738,0.750,0.872,0.875,0.873,0.824,0.756,0.875,0.866,0.741,0.762,0.752,0.732,0.733,0.732,0.725,0.866,0.878,0.732,0.763,0.867,0.750,0.748,0.733,0.866,0.679,0.881,0.871,0.876,0.870,0.877,0.872,0.868,0.738,0.753,0.875,0.758,0.895,0.753,0.728,0.869,0.748,0.793,0.747,0.020,0.872,0.874,0.868,0.787,0.893,0.753,0.723,0.874,0.824,0.730,0.747,0.750,0.877,0.875,0.730,0.795,0.869,0.872,0.869,0.891,0.769,0.870,0.738,0.869,0.736,0.871,0.877,0.887,0.000,0.760,0.730,0.753,0.735,0.748,0.871,0.747,0.878,0.743,0.742,0.759,0.743,0.891,0.748,0.748,0.762,0.758,0.875,0.757,0.752,0.000,0.750,0.871,0.679,0.878,0.866,0.737,0.874,0.753,0.752,0.742,0.733,0.889,0.747,0.869,0.732,0.728,0.855,0.874,0.795,0.737,0.750,0.871,0.752,0.878,0.732,0.875,0.717,0.698,0.818,0.748,0.679,0.875,0.675,0.824,0.865,0.753,0.690,0.870,0.762,0.725,0.039,0.738,0.020,0.803,0.759,0.788,0.871,0.762,0.739,0.753,0.764,0.732,0.875,0.874,0.039,0.871,0.748,0.873,0.758,0.748,0.862,0.819,0.717,0.748,0.795,0.761,0.869,0.876,0.831,0.893,0.748,0.736,0.871,0.748,0.769,0.865,0.732,0.753,0.873,0.732,0.717,0.679,0.732,0.757,0.732,0.682,0.709,0.872,0.824,0.759,0.753,0.758,0.868,0.795,0.871,0.733,0.875,0.871,0.748,0.763,0.747,0.722,0.753,0.734,0.752,0.739,0.736,0.870,0.877,0.755,0.745,0.875,0.752,0.891,0.682,0.763,0.737,0.745,0.893,0.878,0.874,0.787,0.732,0.866,0.868,0.736,0.736,0.747,0.743,0.748,0.875,0.855,0.874,0.868,0.020,0.753,0.887,0.889,0.730,0.745,0.751,0.830,0.748,0.874,0.049,0.738,0.864,0.764,0.824,0.743,0.738,0.870,0.039,0.875,0.866,0.725,0.739
7PNB_V_3_YZT;0.854,0.845,0.534,0.718,0.851,0.841,0.856,0.717,0.052,0.868,0.845,0.564,0.700,0.712,0.717,0.718,0.717,0.544,0.845,0.854,0.748,0.102,0.850,0.060,0.717,0.726,0.845,0.597,0.857,0.869,0.877,0.842,0.842,0.865,0.862,0.534,0.665,0.851,0.711,0.864,0.706,0.722,0.855,0.717,0.752,0.739,0.760,0.851,0.850,0.848,0.745,0.862,0.714,0.541,0.843,0.717,0.715,0.713,0.710,0.873,0.865,0.715,0.745,0.855,0.845,0.849,0.864,0.706,0.867,0.553,0.852,0.541,0.840,0.849,0.859,0.760,0.000,0.715,0.665,0.728,0.717,0.847,0.713,0.857,0.712,0.718,0.720,0.703,0.857,0.715,0.724,0.027,0.711,0.868,0.724,0.671,0.760,0.734,0.854,0.597,0.871,0.842,0.722,0.867,0.665,0.712,0.726,0.726,0.854,0.715,0.855,0.732,0.722,0.842,0.854,0.745,0.722,0.718,0.865,0.720,0.872,0.732,0.858,0.544,0.591,0.703,0.715,0.597,0.868,0.619,0.709,0.862,0.706,0.591,0.867,0.692,0.544,0.753,0.731,0.760,0.745,0.671,0.739,0.854,0.708,0.707,0.076,0.694,0.717,0.869,0.846,0.753,0.864,0.717,0.863,0.696,0.717,0.842,0.712,0.544,0.717,0.745,0.722,0.849,0.837,0.709,0.859,0.717,0.737,0.843,0.724,0.706,0.848,0.717,0.714,0.856,0.709,0.544,0.615,0.748,0.724,0.717,0.600,0.534,0.851,0.709,0.671,0.665,0.696,0.850,0.745,0.851,0.540,0.868,0.854,0.715,0.052,0.739,0.553,0.665,0.703,0.712,0.537,0.550,0.867,0.870,0.708,0.713,0.862,0.720,0.861,0.591,0.035,0.722,0.705,0.862,0.839,0.868,0.745,0.717,0.842,0.848,0.737,0.737,0.715,0.728,0.715,0.869,0.856,0.853,0.869,0.753,0.665,0.857,0.862,0.548,0.722,0.068,0.707,0.715,0.868,0.759,0.731,0.850,0.702,0.717,0.712,0.731,0.863,0.753,0.868,0.863,0.534,0.715
7PNB_1_6_MAN;0.818,0.794,0.671,0.608,0.801,0.786,0.819,0.609,0.711,0.804,0.795,0.700,0.650,0.283,0.011,0.369,0.032,0.673,0.790,0.789,0.393,0.711,0.777,0.712,0.348,0.384,0.795,0.651,0.797,0.798,0.814,0.783,0.791,0.805,0.795,0.680,0.508,0.771,0.354,0.816,0.336,0.366,0.818,0.348,0.530,0.402,0.730,0.801,0.792,0.775,0.521,0.807,0.336,0.671,0.788,0.630,0.357,0.525,0.608,0.811,0.821,0.000,0.521,0.818,0.779,0.784,0.814,0.647,0.787,0.680,0.819,0.678,0.777,0.773,0.804,0.730,0.715,0.000,0.508,0.360,0.348,0.766,0.525,0.788,0.299,0.398,0.360,0.299,0.810,0.529,0.605,0.709,0.354,0.808,0.542,0.504,0.730,0.618,0.777,0.641,0.809,0.791,0.409,0.796,0.508,0.283,0.384,0.369,0.810,0.357,0.818,0.333,0.351,0.767,0.784,0.521,0.351,0.618,0.780,0.611,0.801,0.333,0.781,0.664,0.644,0.602,0.529,0.651,0.808,0.655,0.630,0.776,0.351,0.644,0.779,0.620,0.673,0.730,0.343,0.730,0.521,0.504,0.513,0.775,0.650,0.414,0.708,0.633,0.011,0.805,0.784,0.730,0.775,0.348,0.819,0.636,0.348,0.767,0.625,0.673,0.348,0.521,0.351,0.794,0.795,0.640,0.803,0.348,0.352,0.780,0.605,0.638,0.794,0.011,0.336,0.820,0.011,0.664,0.651,0.393,0.542,0.032,0.662,0.673,0.782,0.630,0.504,0.508,0.636,0.772,0.521,0.781,0.667,0.804,0.775,0.529,0.711,0.373,0.662,0.508,0.410,0.299,0.673,0.678,0.783,0.807,0.357,0.274,0.802,0.611,0.807,0.644,0.711,0.351,0.290,0.807,0.797,0.807,0.521,0.032,0.775,0.776,0.352,0.367,0.357,0.417,0.529,0.805,0.781,0.783,0.775,0.730,0.508,0.805,0.806,0.678,0.614,0.714,0.637,0.529,0.807,0.728,0.343,0.772,0.633,0.609,0.299,0.358,0.774,0.730,0.797,0.782,0.673,0.296
7PNB_w_4_BGC;0.825,0.789,0.635,0.640,0.796,0.793,0.826,0.620,0.652,0.815,0.790,0.673,0.581,0.535,0.512,0.543,0.523,0.664,0.789,0.800,0.574,0.660,0.785,0.654,0.546,0.566,0.790,0.660,0.807,0.780,0.788,0.786,0.798,0.816,0.801,0.653,0.000,0.787,0.550,0.811,0.523,0.550,0.824,0.546,0.581,0.581,0.753,0.792,0.803,0.786,0.573,0.817,0.534,0.662,0.791,0.640,0.543,0.529,0.630,0.785,0.832,0.508,0.573,0.825,0.782,0.791,0.812,0.578,0.802,0.653,0.822,0.642,0.776,0.785,0.811,0.753,0.665,0.508,0.000,0.558,0.546,0.785,0.529,0.795,0.535,0.566,0.553,0.535,0.812,0.533,0.637,0.658,0.550,0.818,0.508,0.010,0.753,0.650,0.784,0.651,0.783,0.785,0.550,0.778,0.000,0.535,0.577,0.566,0.801,0.543,0.824,0.585,0.550,0.770,0.795,0.573,0.550,0.640,0.792,0.642,0.779,0.585,0.784,0.664,0.653,0.613,0.521,0.660,0.818,0.655,0.640,0.796,0.534,0.653,0.795,0.570,0.664,0.753,0.581,0.753,0.584,0.010,0.565,0.787,0.581,0.554,0.650,0.563,0.512,0.816,0.795,0.753,0.791,0.546,0.829,0.566,0.546,0.774,0.636,0.655,0.546,0.573,0.523,0.793,0.794,0.640,0.806,0.546,0.578,0.774,0.637,0.567,0.792,0.512,0.534,0.822,0.500,0.664,0.660,0.574,0.508,0.523,0.662,0.655,0.793,0.640,0.010,0.000,0.566,0.779,0.573,0.793,0.631,0.818,0.783,0.521,0.660,0.581,0.653,0.000,0.550,0.535,0.638,0.642,0.799,0.785,0.538,0.539,0.776,0.642,0.813,0.653,0.652,0.550,0.528,0.814,0.807,0.818,0.573,0.523,0.778,0.791,0.578,0.578,0.543,0.569,0.521,0.820,0.805,0.790,0.795,0.753,0.000,0.804,0.813,0.669,0.645,0.656,0.647,0.521,0.818,0.759,0.581,0.784,0.563,0.620,0.535,0.581,0.785,0.753,0.784,0.802,0.655,0.543
7PNB_J_5_MAN;0.821,0.830,0.676,0.634,0.833,0.793,0.822,0.624,0.723,0.803,0.827,0.687,0.655,0.218,0.366,0.096,0.381,0.660,0.826,0.783,0.184,0.723,0.801,0.725,0.366,0.033,0.827,0.636,0.808,0.805,0.817,0.786,0.802,0.804,0.805,0.685,0.558,0.769,0.264,0.823,0.262,0.033,0.821,0.366,0.468,0.156,0.735,0.837,0.803,0.794,0.459,0.814,0.262,0.657,0.787,0.644,0.043,0.450,0.634,0.818,0.824,0.360,0.473,0.821,0.806,0.803,0.821,0.652,0.806,0.685,0.822,0.682,0.780,0.776,0.811,0.735,0.728,0.360,0.558,0.000,0.366,0.797,0.450,0.787,0.200,0.192,0.238,0.200,0.817,0.455,0.631,0.722,0.264,0.806,0.441,0.555,0.735,0.644,0.784,0.627,0.820,0.827,0.208,0.807,0.558,0.218,0.173,0.033,0.813,0.360,0.821,0.238,0.011,0.790,0.782,0.473,0.011,0.644,0.804,0.636,0.816,0.238,0.780,0.650,0.629,0.617,0.455,0.636,0.806,0.641,0.644,0.796,0.262,0.629,0.803,0.625,0.660,0.735,0.248,0.735,0.473,0.555,0.464,0.774,0.645,0.216,0.712,0.628,0.366,0.804,0.782,0.735,0.799,0.366,0.822,0.640,0.366,0.799,0.640,0.660,0.366,0.473,0.245,0.826,0.806,0.644,0.806,0.366,0.240,0.787,0.631,0.642,0.825,0.366,0.262,0.823,0.351,0.650,0.636,0.184,0.441,0.381,0.648,0.660,0.780,0.644,0.555,0.558,0.640,0.775,0.459,0.780,0.680,0.806,0.774,0.455,0.723,0.282,0.667,0.558,0.231,0.218,0.660,0.682,0.807,0.818,0.252,0.208,0.821,0.636,0.817,0.629,0.723,0.011,0.208,0.814,0.795,0.806,0.459,0.381,0.799,0.795,0.240,0.257,0.360,0.235,0.455,0.808,0.809,0.782,0.795,0.735,0.558,0.808,0.813,0.664,0.639,0.727,0.642,0.455,0.806,0.733,0.248,0.770,0.638,0.624,0.200,0.248,0.798,0.735,0.816,0.798,0.660,0.198
7PNB_c_5_MAN;0.827,0.787,0.682,0.621,0.789,0.779,0.828,0.632,0.712,0.801,0.783,0.685,0.681,0.274,0.354,0.360,0.368,0.639,0.782,0.790,0.384,0.704,0.795,0.714,0.000,0.375,0.783,0.644,0.797,0.803,0.811,0.767,0.792,0.801,0.795,0.673,0.546,0.767,0.402,0.809,0.385,0.372,0.827,0.000,0.469,0.393,0.748,0.789,0.792,0.792,0.460,0.799,0.398,0.636,0.768,0.642,0.363,0.478,0.600,0.820,0.830,0.348,0.460,0.827,0.792,0.797,0.807,0.678,0.783,0.673,0.828,0.689,0.761,0.765,0.801,0.748,0.717,0.348,0.546,0.366,0.000,0.779,0.478,0.780,0.274,0.389,0.407,0.257,0.807,0.483,0.618,0.711,0.402,0.804,0.470,0.554,0.748,0.611,0.769,0.634,0.818,0.783,0.372,0.805,0.546,0.274,0.375,0.360,0.799,0.011,0.827,0.339,0.357,0.780,0.776,0.460,0.357,0.611,0.777,0.603,0.814,0.339,0.774,0.639,0.637,0.625,0.483,0.644,0.804,0.648,0.642,0.777,0.398,0.637,0.780,0.652,0.639,0.748,0.333,0.748,0.460,0.543,0.451,0.768,0.671,0.363,0.710,0.655,0.354,0.801,0.772,0.748,0.768,0.000,0.828,0.667,0.000,0.788,0.638,0.629,0.000,0.460,0.385,0.782,0.796,0.642,0.800,0.000,0.343,0.768,0.618,0.669,0.782,0.354,0.398,0.828,0.354,0.639,0.644,0.384,0.470,0.368,0.637,0.629,0.774,0.642,0.543,0.546,0.667,0.768,0.460,0.774,0.678,0.804,0.768,0.483,0.704,0.364,0.646,0.546,0.345,0.290,0.684,0.689,0.780,0.816,0.403,0.280,0.811,0.624,0.807,0.637,0.712,0.357,0.280,0.800,0.801,0.804,0.460,0.368,0.793,0.797,0.343,0.358,0.011,0.366,0.483,0.806,0.803,0.775,0.771,0.748,0.546,0.798,0.799,0.643,0.606,0.716,0.640,0.483,0.804,0.747,0.333,0.755,0.664,0.632,0.274,0.349,0.770,0.748,0.814,0.787,0.629,0.287
7PNB_N_1_NAG;0.704,0.693,0.837,0.813,0.698,0.612,0.713,0.799,0.845,0.617,0.697,0.840,0.810,0.789,0.766,0.793,0.762,0.836,0.693,0.614,0.792,0.837,0.259,0.841,0.779,0.801,0.697,0.837,0.620,0.607,0.627,0.641,0.633,0.618,0.571,0.830,0.785,0.632,0.788,0.619,0.777,0.794,0.708,0.779,0.807,0.795,0.871,0.692,0.604,0.123,0.799,0.641,0.781,0.835,0.645,0.803,0.795,0.804,0.809,0.613,0.714,0.766,0.799,0.715,0.283,0.240,0.638,0.809,0.477,0.837,0.706,0.837,0.626,0.632,0.639,0.871,0.847,0.766,0.785,0.797,0.779,0.000,0.804,0.602,0.793,0.793,0.793,0.797,0.638,0.805,0.812,0.844,0.788,0.619,0.805,0.789,0.871,0.805,0.636,0.833,0.613,0.694,0.782,0.608,0.785,0.789,0.793,0.801,0.611,0.782,0.711,0.804,0.794,0.350,0.609,0.799,0.798,0.813,0.503,0.797,0.603,0.804,0.604,0.832,0.834,0.796,0.805,0.833,0.616,0.840,0.803,0.490,0.781,0.834,0.504,0.814,0.836,0.871,0.807,0.871,0.803,0.789,0.796,0.605,0.810,0.782,0.835,0.810,0.766,0.610,0.627,0.871,0.510,0.779,0.710,0.811,0.779,0.246,0.801,0.832,0.779,0.799,0.781,0.700,0.617,0.807,0.642,0.779,0.811,0.631,0.812,0.813,0.693,0.766,0.781,0.720,0.762,0.832,0.833,0.788,0.805,0.762,0.834,0.832,0.597,0.803,0.789,0.785,0.811,0.621,0.803,0.604,0.831,0.619,0.602,0.805,0.837,0.811,0.837,0.785,0.780,0.793,0.838,0.837,0.491,0.606,0.786,0.786,0.622,0.813,0.618,0.834,0.845,0.798,0.790,0.638,0.616,0.618,0.803,0.762,0.291,0.146,0.807,0.811,0.782,0.785,0.805,0.614,0.650,0.612,0.514,0.871,0.785,0.634,0.640,0.839,0.798,0.842,0.807,0.805,0.622,0.874,0.807,0.614,0.810,0.799,0.793,0.811,0.511,0.871,0.603,0.468,0.832,0.791
7PNB_v_4_BGC;0.840,0.837,0.694,0.664,0.840,0.812,0.841,0.600,0.709,0.823,0.834,0.679,0.674,0.478,0.529,0.473,0.542,0.577,0.833,0.799,0.426,0.709,0.808,0.711,0.478,0.459,0.834,0.594,0.811,0.812,0.816,0.797,0.805,0.823,0.825,0.676,0.529,0.793,0.470,0.826,0.479,0.469,0.840,0.478,0.220,0.435,0.747,0.844,0.810,0.809,0.228,0.833,0.466,0.574,0.798,0.611,0.432,0.000,0.654,0.821,0.844,0.525,0.228,0.841,0.813,0.814,0.820,0.672,0.809,0.694,0.841,0.701,0.795,0.800,0.826,0.747,0.713,0.525,0.529,0.450,0.478,0.804,0.000,0.831,0.464,0.445,0.461,0.450,0.824,0.012,0.661,0.707,0.470,0.826,0.036,0.525,0.747,0.674,0.795,0.583,0.819,0.834,0.427,0.810,0.529,0.478,0.445,0.459,0.816,0.474,0.840,0.411,0.455,0.797,0.827,0.228,0.441,0.664,0.803,0.656,0.819,0.411,0.824,0.577,0.586,0.592,0.012,0.583,0.826,0.598,0.611,0.803,0.479,0.586,0.801,0.654,0.577,0.747,0.406,0.747,0.247,0.525,0.217,0.819,0.664,0.432,0.706,0.657,0.529,0.823,0.802,0.747,0.798,0.478,0.841,0.659,0.478,0.797,0.606,0.577,0.478,0.228,0.479,0.837,0.809,0.622,0.821,0.478,0.400,0.794,0.661,0.662,0.833,0.529,0.466,0.842,0.517,0.577,0.583,0.426,0.036,0.542,0.586,0.577,0.821,0.611,0.525,0.529,0.659,0.799,0.228,0.824,0.690,0.826,0.819,0.012,0.709,0.375,0.667,0.529,0.429,0.478,0.697,0.701,0.810,0.821,0.470,0.482,0.816,0.667,0.820,0.586,0.709,0.441,0.469,0.825,0.806,0.826,0.209,0.542,0.810,0.814,0.400,0.385,0.474,0.436,0.012,0.827,0.808,0.822,0.798,0.747,0.529,0.815,0.828,0.581,0.659,0.712,0.619,0.012,0.826,0.745,0.406,0.807,0.657,0.600,0.464,0.406,0.796,0.747,0.819,0.813,0.577,0.474
7PNB_L_2_NAG;0.684,0.686,0.848,0.803,0.692,0.556,0.690,0.822,0.854,0.543,0.687,0.850,0.836,0.782,0.789,0.782,0.793,0.850,0.683,0.589,0.789,0.858,0.604,0.851,0.780,0.790,0.687,0.851,0.592,0.586,0.595,0.473,0.612,0.549,0.650,0.851,0.795,0.497,0.790,0.598,0.783,0.783,0.688,0.780,0.834,0.793,0.878,0.692,0.579,0.595,0.830,0.678,0.787,0.849,0.479,0.829,0.788,0.831,0.799,0.592,0.681,0.788,0.830,0.689,0.592,0.601,0.692,0.839,0.624,0.844,0.683,0.847,0.482,0.488,0.673,0.878,0.857,0.788,0.795,0.787,0.780,0.602,0.831,0.000,0.782,0.786,0.786,0.787,0.678,0.828,0.806,0.854,0.794,0.542,0.824,0.795,0.878,0.807,0.491,0.847,0.603,0.684,0.775,0.598,0.795,0.782,0.786,0.790,0.586,0.780,0.685,0.802,0.783,0.601,0.060,0.830,0.787,0.803,0.634,0.799,0.589,0.802,0.060,0.846,0.848,0.822,0.828,0.851,0.546,0.850,0.829,0.613,0.783,0.848,0.643,0.824,0.850,0.878,0.806,0.878,0.834,0.795,0.827,0.089,0.839,0.771,0.849,0.828,0.789,0.540,0.484,0.878,0.644,0.780,0.680,0.833,0.780,0.582,0.827,0.850,0.780,0.830,0.783,0.690,0.569,0.829,0.685,0.780,0.805,0.488,0.806,0.835,0.682,0.789,0.783,0.697,0.785,0.846,0.851,0.794,0.824,0.793,0.848,0.850,0.034,0.829,0.795,0.795,0.833,0.485,0.830,0.082,0.841,0.542,0.075,0.828,0.847,0.818,0.844,0.795,0.768,0.778,0.848,0.847,0.636,0.600,0.779,0.779,0.590,0.803,0.666,0.848,0.851,0.787,0.775,0.689,0.584,0.553,0.830,0.793,0.612,0.604,0.809,0.813,0.780,0.782,0.828,0.544,0.638,0.057,0.649,0.878,0.795,0.684,0.684,0.849,0.800,0.852,0.833,0.828,0.549,0.881,0.806,0.093,0.836,0.822,0.782,0.801,0.638,0.878,0.593,0.612,0.850,0.775
7PNB_b_5_MAN;0.825,0.814,0.676,0.644,0.817,0.793,0.826,0.603,0.707,0.803,0.810,0.678,0.674,0.022,0.306,0.262,0.321,0.641,0.810,0.792,0.305,0.707,0.809,0.709,0.274,0.228,0.810,0.636,0.808,0.813,0.825,0.794,0.806,0.808,0.797,0.685,0.535,0.782,0.327,0.823,0.309,0.208,0.825,0.274,0.468,0.298,0.743,0.817,0.807,0.802,0.459,0.801,0.324,0.638,0.795,0.624,0.198,0.464,0.644,0.830,0.828,0.299,0.473,0.825,0.810,0.815,0.813,0.671,0.794,0.676,0.826,0.673,0.788,0.784,0.799,0.743,0.712,0.299,0.535,0.200,0.274,0.793,0.464,0.782,0.000,0.311,0.318,0.043,0.809,0.469,0.641,0.705,0.327,0.806,0.455,0.543,0.743,0.654,0.792,0.636,0.828,0.810,0.324,0.815,0.535,0.022,0.295,0.210,0.813,0.267,0.825,0.272,0.190,0.799,0.778,0.473,0.190,0.654,0.787,0.647,0.824,0.272,0.775,0.641,0.629,0.595,0.469,0.646,0.806,0.641,0.624,0.787,0.324,0.629,0.790,0.645,0.641,0.743,0.265,0.743,0.473,0.532,0.464,0.770,0.664,0.330,0.704,0.647,0.306,0.804,0.791,0.743,0.787,0.274,0.826,0.660,0.274,0.799,0.619,0.631,0.274,0.473,0.309,0.810,0.810,0.624,0.798,0.274,0.257,0.791,0.641,0.662,0.809,0.306,0.324,0.827,0.306,0.641,0.646,0.305,0.455,0.321,0.658,0.631,0.776,0.624,0.532,0.535,0.660,0.783,0.459,0.775,0.662,0.806,0.770,0.469,0.707,0.282,0.658,0.535,0.342,0.022,0.669,0.673,0.790,0.826,0.330,0.033,0.829,0.647,0.805,0.629,0.707,0.190,0.033,0.806,0.803,0.806,0.459,0.321,0.807,0.807,0.257,0.275,0.267,0.349,0.469,0.808,0.809,0.777,0.791,0.743,0.535,0.800,0.805,0.645,0.649,0.711,0.621,0.469,0.806,0.742,0.265,0.770,0.657,0.603,0.000,0.265,0.789,0.743,0.824,0.798,0.631,0.022
7PNB_x_6_MAN;0.816,0.817,0.682,0.598,0.824,0.792,0.817,0.632,0.713,0.802,0.814,0.694,0.690,0.311,0.404,0.202,0.417,0.667,0.817,0.787,0.117,0.713,0.800,0.715,0.389,0.202,0.814,0.643,0.807,0.800,0.812,0.785,0.797,0.803,0.809,0.691,0.566,0.768,0.290,0.818,0.287,0.200,0.816,0.389,0.464,0.066,0.742,0.824,0.802,0.793,0.455,0.829,0.287,0.664,0.790,0.632,0.190,0.445,0.609,0.813,0.819,0.398,0.440,0.817,0.805,0.802,0.824,0.688,0.810,0.691,0.817,0.689,0.783,0.771,0.826,0.742,0.718,0.398,0.566,0.192,0.389,0.793,0.445,0.786,0.311,0.000,0.264,0.295,0.828,0.450,0.606,0.712,0.290,0.806,0.436,0.562,0.742,0.631,0.775,0.634,0.811,0.814,0.085,0.798,0.566,0.311,0.022,0.184,0.808,0.398,0.816,0.212,0.182,0.785,0.782,0.440,0.182,0.609,0.803,0.623,0.808,0.212,0.779,0.657,0.636,0.614,0.450,0.634,0.806,0.638,0.632,0.791,0.287,0.636,0.802,0.671,0.667,0.742,0.222,0.742,0.440,0.562,0.431,0.773,0.681,0.095,0.703,0.674,0.404,0.803,0.777,0.742,0.794,0.389,0.817,0.676,0.389,0.798,0.627,0.667,0.389,0.440,0.271,0.813,0.805,0.632,0.822,0.389,0.250,0.782,0.606,0.679,0.817,0.404,0.287,0.818,0.389,0.657,0.634,0.117,0.436,0.417,0.636,0.667,0.780,0.632,0.562,0.566,0.676,0.770,0.468,0.779,0.687,0.801,0.773,0.450,0.713,0.291,0.673,0.566,0.113,0.327,0.676,0.689,0.806,0.809,0.278,0.302,0.812,0.602,0.828,0.636,0.713,0.182,0.318,0.829,0.803,0.805,0.455,0.417,0.798,0.794,0.250,0.267,0.398,0.075,0.450,0.803,0.809,0.781,0.794,0.742,0.566,0.827,0.828,0.671,0.626,0.717,0.629,0.450,0.805,0.740,0.222,0.765,0.674,0.632,0.311,0.240,0.797,0.742,0.808,0.793,0.667,0.308
7PNB_z_6_MAN;0.812,0.801,0.686,0.617,0.803,0.793,0.813,0.597,0.716,0.802,0.797,0.697,0.694,0.318,0.351,0.264,0.365,0.689,0.797,0.787,0.290,0.716,0.800,0.718,0.407,0.264,0.797,0.658,0.795,0.800,0.812,0.785,0.793,0.803,0.813,0.695,0.553,0.769,0.052,0.818,0.071,0.245,0.812,0.407,0.491,0.267,0.759,0.808,0.798,0.793,0.483,0.817,0.051,0.687,0.786,0.628,0.236,0.461,0.627,0.809,0.815,0.360,0.483,0.812,0.805,0.802,0.820,0.692,0.810,0.695,0.813,0.693,0.779,0.771,0.814,0.759,0.720,0.360,0.553,0.238,0.407,0.793,0.461,0.786,0.318,0.264,0.000,0.318,0.816,0.466,0.624,0.714,0.052,0.806,0.479,0.550,0.759,0.647,0.779,0.649,0.811,0.797,0.278,0.798,0.553,0.318,0.248,0.248,0.812,0.402,0.812,0.351,0.229,0.790,0.782,0.483,0.229,0.627,0.807,0.640,0.807,0.351,0.784,0.680,0.651,0.590,0.466,0.658,0.806,0.662,0.628,0.799,0.051,0.651,0.806,0.667,0.689,0.759,0.360,0.759,0.483,0.550,0.474,0.774,0.685,0.284,0.706,0.669,0.351,0.803,0.782,0.759,0.799,0.407,0.813,0.680,0.407,0.794,0.623,0.689,0.407,0.483,0.071,0.797,0.797,0.628,0.809,0.407,0.355,0.782,0.624,0.683,0.796,0.351,0.051,0.814,0.351,0.680,0.658,0.306,0.479,0.365,0.660,0.689,0.784,0.628,0.550,0.553,0.680,0.770,0.483,0.779,0.690,0.806,0.778,0.466,0.716,0.345,0.678,0.553,0.297,0.303,0.671,0.693,0.810,0.809,0.021,0.309,0.812,0.619,0.812,0.651,0.716,0.229,0.294,0.817,0.795,0.805,0.483,0.365,0.798,0.794,0.369,0.369,0.402,0.303,0.466,0.807,0.804,0.781,0.799,0.759,0.553,0.811,0.816,0.685,0.642,0.720,0.625,0.466,0.805,0.758,0.360,0.774,0.678,0.597,0.318,0.345,0.801,0.759,0.807,0.805,0.689,0.315
7PNB_0_5_MAN;0.829,0.822,0.685,0.644,0.825,0.797,0.830,0.603,0.699,0.803,0.818,0.696,0.683,0.065,0.306,0.245,0.321,0.650,0.818,0.800,0.288,0.699,0.813,0.701,0.257,0.210,0.818,0.636,0.816,0.805,0.817,0.786,0.814,0.808,0.801,0.693,0.535,0.773,0.327,0.831,0.309,0.208,0.829,0.257,0.455,0.282,0.743,0.825,0.815,0.806,0.445,0.801,0.324,0.648,0.787,0.614,0.198,0.450,0.644,0.822,0.832,0.299,0.459,0.829,0.814,0.819,0.813,0.681,0.794,0.693,0.830,0.691,0.780,0.776,0.799,0.743,0.703,0.299,0.535,0.200,0.257,0.797,0.450,0.787,0.043,0.295,0.318,0.000,0.809,0.455,0.641,0.697,0.327,0.806,0.441,0.543,0.743,0.654,0.784,0.627,0.820,0.818,0.324,0.807,0.535,0.065,0.279,0.192,0.817,0.250,0.829,0.255,0.190,0.803,0.782,0.459,0.190,0.654,0.787,0.647,0.816,0.255,0.780,0.650,0.629,0.595,0.455,0.636,0.806,0.641,0.614,0.787,0.324,0.629,0.790,0.655,0.650,0.743,0.248,0.743,0.459,0.532,0.450,0.774,0.674,0.315,0.696,0.657,0.306,0.804,0.782,0.743,0.778,0.257,0.830,0.669,0.257,0.803,0.609,0.641,0.257,0.459,0.309,0.818,0.818,0.614,0.798,0.257,0.240,0.782,0.641,0.671,0.817,0.306,0.324,0.831,0.306,0.650,0.636,0.288,0.441,0.321,0.648,0.641,0.780,0.614,0.532,0.535,0.669,0.775,0.445,0.780,0.680,0.806,0.774,0.455,0.699,0.265,0.667,0.535,0.327,0.065,0.678,0.691,0.794,0.818,0.330,0.074,0.821,0.647,0.805,0.629,0.699,0.190,0.074,0.802,0.808,0.806,0.445,0.321,0.811,0.811,0.240,0.257,0.250,0.333,0.455,0.808,0.813,0.782,0.782,0.743,0.535,0.804,0.801,0.655,0.649,0.703,0.611,0.455,0.806,0.742,0.248,0.762,0.667,0.603,0.043,0.248,0.781,0.743,0.816,0.798,0.641,0.064
7PNB_M_1_NAG;0.703,0.699,0.886,0.839,0.694,0.684,0.719,0.803,0.851,0.673,0.690,0.892,0.809,0.813,0.811,0.816,0.807,0.857,0.693,0.683,0.823,0.851,0.634,0.852,0.807,0.816,0.690,0.862,0.682,0.632,0.644,0.654,0.687,0.680,0.684,0.883,0.812,0.646,0.811,0.681,0.805,0.817,0.711,0.807,0.818,0.827,0.891,0.698,0.678,0.643,0.819,0.098,0.809,0.857,0.634,0.791,0.818,0.824,0.836,0.634,0.716,0.810,0.819,0.715,0.644,0.642,0.147,0.809,0.635,0.886,0.709,0.886,0.635,0.648,0.125,0.891,0.857,0.810,0.812,0.817,0.807,0.638,0.824,0.678,0.809,0.828,0.816,0.809,0.000,0.824,0.843,0.858,0.815,0.675,0.820,0.816,0.891,0.843,0.653,0.858,0.634,0.693,0.821,0.647,0.812,0.813,0.824,0.820,0.670,0.806,0.717,0.823,0.817,0.628,0.668,0.819,0.813,0.839,0.634,0.840,0.645,0.823,0.680,0.854,0.858,0.799,0.820,0.862,0.672,0.868,0.791,0.647,0.805,0.858,0.636,0.805,0.857,0.891,0.827,0.891,0.819,0.816,0.816,0.675,0.805,0.814,0.849,0.806,0.811,0.670,0.641,0.891,0.634,0.807,0.715,0.807,0.807,0.645,0.788,0.854,0.807,0.819,0.809,0.693,0.685,0.795,0.115,0.807,0.830,0.641,0.843,0.812,0.685,0.811,0.805,0.716,0.807,0.854,0.862,0.823,0.820,0.807,0.858,0.854,0.668,0.791,0.816,0.812,0.807,0.642,0.815,0.667,0.880,0.668,0.675,0.820,0.855,0.831,0.879,0.812,0.811,0.813,0.883,0.886,0.636,0.641,0.809,0.809,0.642,0.840,0.188,0.858,0.855,0.813,0.813,0.174,0.665,0.681,0.815,0.807,0.638,0.633,0.830,0.834,0.806,0.825,0.820,0.667,0.697,0.674,0.631,0.891,0.812,0.219,0.148,0.860,0.840,0.852,0.794,0.820,0.681,0.894,0.827,0.669,0.806,0.803,0.809,0.827,0.628,0.891,0.645,0.646,0.854,0.806
7PNB_M_4_BGC;0.837,0.834,0.697,0.667,0.837,0.809,0.838,0.592,0.711,0.819,0.830,0.671,0.676,0.482,0.533,0.478,0.545,0.580,0.830,0.795,0.431,0.711,0.808,0.712,0.483,0.464,0.830,0.597,0.807,0.812,0.817,0.794,0.801,0.820,0.821,0.678,0.533,0.790,0.474,0.823,0.483,0.474,0.837,0.483,0.228,0.440,0.748,0.841,0.806,0.810,0.237,0.833,0.470,0.577,0.794,0.614,0.438,0.012,0.656,0.822,0.840,0.529,0.237,0.837,0.814,0.814,0.816,0.674,0.810,0.688,0.838,0.703,0.792,0.796,0.827,0.748,0.715,0.529,0.533,0.455,0.483,0.805,0.012,0.828,0.469,0.450,0.466,0.455,0.824,0.000,0.664,0.709,0.474,0.823,0.047,0.529,0.748,0.677,0.792,0.586,0.819,0.830,0.432,0.811,0.533,0.482,0.450,0.464,0.812,0.478,0.837,0.417,0.460,0.798,0.824,0.237,0.446,0.667,0.804,0.659,0.820,0.417,0.821,0.580,0.590,0.584,0.024,0.586,0.823,0.602,0.614,0.804,0.483,0.590,0.802,0.657,0.580,0.748,0.411,0.748,0.255,0.529,0.226,0.815,0.667,0.438,0.708,0.659,0.533,0.820,0.799,0.748,0.799,0.483,0.838,0.662,0.483,0.798,0.609,0.580,0.483,0.237,0.483,0.834,0.806,0.625,0.822,0.483,0.406,0.790,0.664,0.664,0.829,0.533,0.470,0.838,0.521,0.580,0.586,0.431,0.047,0.545,0.590,0.580,0.817,0.614,0.529,0.533,0.662,0.795,0.237,0.821,0.692,0.823,0.815,0.024,0.702,0.381,0.669,0.533,0.434,0.482,0.699,0.703,0.811,0.822,0.475,0.487,0.817,0.669,0.821,0.590,0.711,0.446,0.474,0.826,0.803,0.822,0.217,0.545,0.810,0.814,0.406,0.390,0.478,0.441,0.024,0.824,0.804,0.819,0.799,0.748,0.533,0.812,0.829,0.585,0.662,0.714,0.622,0.024,0.822,0.747,0.411,0.804,0.659,0.592,0.469,0.411,0.797,0.748,0.820,0.814,0.580,0.465
7PNB_Z_4_MAN;0.795,0.804,0.724,0.011,0.811,0.804,0.796,0.716,0.728,0.806,0.805,0.727,0.659,0.641,0.608,0.628,0.618,0.718,0.800,0.831,0.603,0.736,0.803,0.730,0.618,0.638,0.805,0.713,0.827,0.816,0.824,0.814,0.821,0.806,0.828,0.724,0.637,0.823,0.621,0.846,0.617,0.623,0.790,0.618,0.667,0.611,0.748,0.815,0.822,0.805,0.659,0.840,0.617,0.716,0.818,0.734,0.615,0.661,0.076,0.821,0.802,0.605,0.669,0.791,0.805,0.810,0.850,0.667,0.837,0.715,0.787,0.722,0.816,0.821,0.841,0.748,0.724,0.605,0.637,0.631,0.618,0.812,0.661,0.806,0.641,0.606,0.624,0.641,0.843,0.664,0.000,0.726,0.621,0.809,0.664,0.644,0.748,0.076,0.812,0.696,0.827,0.801,0.602,0.818,0.637,0.641,0.606,0.638,0.836,0.615,0.790,0.625,0.623,0.797,0.806,0.669,0.623,0.033,0.835,0.106,0.823,0.625,0.808,0.709,0.707,0.709,0.664,0.696,0.809,0.709,0.734,0.836,0.617,0.707,0.838,0.640,0.718,0.748,0.633,0.748,0.669,0.644,0.661,0.806,0.669,0.605,0.733,0.652,0.608,0.806,0.818,0.748,0.838,0.618,0.800,0.655,0.618,0.797,0.729,0.709,0.618,0.669,0.617,0.804,0.821,0.743,0.837,0.618,0.630,0.810,0.000,0.657,0.804,0.608,0.617,0.788,0.597,0.709,0.696,0.603,0.664,0.618,0.707,0.709,0.804,0.734,0.644,0.637,0.655,0.815,0.669,0.803,0.711,0.813,0.802,0.664,0.728,0.622,0.707,0.637,0.600,0.641,0.725,0.722,0.842,0.825,0.619,0.634,0.824,0.022,0.836,0.707,0.728,0.623,0.634,0.844,0.823,0.809,0.659,0.618,0.805,0.801,0.630,0.630,0.615,0.620,0.664,0.815,0.804,0.801,0.839,0.748,0.637,0.846,0.847,0.723,0.096,0.731,0.741,0.664,0.809,0.755,0.633,0.807,0.662,0.716,0.641,0.633,0.837,0.748,0.815,0.829,0.709,0.636
7PNB_Q_3_YZT;0.851,0.842,0.537,0.720,0.848,0.837,0.853,0.719,0.043,0.865,0.842,0.567,0.702,0.705,0.711,0.712,0.711,0.547,0.842,0.851,0.742,0.093,0.847,0.052,0.711,0.720,0.842,0.591,0.854,0.869,0.877,0.839,0.839,0.862,0.859,0.537,0.658,0.848,0.704,0.861,0.700,0.715,0.852,0.711,0.745,0.732,0.762,0.848,0.846,0.845,0.739,0.862,0.708,0.544,0.840,0.719,0.709,0.707,0.712,0.874,0.862,0.709,0.739,0.852,0.842,0.846,0.864,0.708,0.864,0.556,0.849,0.544,0.837,0.845,0.860,0.762,0.027,0.709,0.658,0.722,0.711,0.844,0.707,0.854,0.705,0.712,0.714,0.697,0.858,0.709,0.726,0.000,0.704,0.865,0.717,0.665,0.762,0.736,0.851,0.591,0.872,0.839,0.715,0.864,0.658,0.705,0.720,0.720,0.851,0.709,0.852,0.726,0.715,0.839,0.850,0.739,0.715,0.720,0.862,0.722,0.869,0.726,0.855,0.547,0.584,0.704,0.709,0.591,0.865,0.613,0.711,0.859,0.700,0.584,0.864,0.694,0.547,0.754,0.724,0.762,0.739,0.665,0.732,0.850,0.710,0.701,0.051,0.696,0.711,0.866,0.843,0.754,0.861,0.711,0.860,0.698,0.711,0.839,0.714,0.547,0.711,0.739,0.716,0.845,0.834,0.711,0.859,0.711,0.731,0.840,0.726,0.708,0.845,0.711,0.708,0.853,0.703,0.547,0.609,0.742,0.717,0.711,0.594,0.537,0.848,0.711,0.665,0.658,0.698,0.847,0.739,0.848,0.543,0.865,0.850,0.709,0.060,0.732,0.556,0.658,0.696,0.705,0.540,0.553,0.864,0.870,0.702,0.707,0.862,0.722,0.858,0.584,0.009,0.715,0.699,0.863,0.836,0.864,0.739,0.711,0.839,0.845,0.731,0.731,0.709,0.722,0.709,0.866,0.853,0.850,0.866,0.754,0.658,0.857,0.862,0.551,0.723,0.060,0.709,0.709,0.864,0.760,0.724,0.847,0.704,0.719,0.705,0.724,0.860,0.754,0.869,0.860,0.537,0.709
7PNB_u_6_MAN;0.815,0.800,0.675,0.614,0.803,0.792,0.816,0.604,0.706,0.810,0.797,0.695,0.683,0.327,0.345,0.290,0.360,0.687,0.796,0.790,0.330,0.706,0.795,0.708,0.402,0.290,0.797,0.655,0.794,0.799,0.816,0.793,0.792,0.810,0.816,0.684,0.550,0.777,0.021,0.818,0.061,0.271,0.815,0.402,0.487,0.276,0.758,0.807,0.797,0.789,0.478,0.816,0.021,0.685,0.794,0.635,0.262,0.470,0.624,0.808,0.818,0.354,0.478,0.816,0.801,0.797,0.819,0.681,0.805,0.684,0.816,0.682,0.787,0.779,0.813,0.758,0.711,0.354,0.550,0.264,0.402,0.788,0.470,0.794,0.327,0.290,0.052,0.327,0.815,0.474,0.621,0.704,0.000,0.813,0.487,0.546,0.758,0.644,0.787,0.646,0.810,0.797,0.303,0.797,0.550,0.327,0.274,0.274,0.815,0.397,0.815,0.375,0.255,0.789,0.790,0.478,0.255,0.624,0.803,0.637,0.807,0.375,0.791,0.678,0.649,0.597,0.474,0.655,0.813,0.660,0.635,0.794,0.041,0.649,0.801,0.655,0.687,0.758,0.384,0.758,0.478,0.546,0.470,0.781,0.674,0.309,0.696,0.657,0.345,0.810,0.790,0.758,0.794,0.402,0.816,0.669,0.402,0.789,0.630,0.687,0.402,0.478,0.041,0.796,0.797,0.635,0.809,0.402,0.393,0.790,0.621,0.671,0.795,0.345,0.041,0.817,0.345,0.678,0.655,0.315,0.487,0.360,0.658,0.687,0.792,0.635,0.546,0.550,0.669,0.778,0.478,0.787,0.680,0.813,0.785,0.474,0.706,0.355,0.667,0.550,0.321,0.327,0.669,0.682,0.805,0.808,0.051,0.318,0.811,0.617,0.812,0.649,0.706,0.255,0.318,0.817,0.798,0.812,0.478,0.360,0.793,0.789,0.378,0.364,0.397,0.327,0.474,0.814,0.804,0.789,0.794,0.758,0.550,0.811,0.815,0.682,0.640,0.710,0.632,0.474,0.812,0.756,0.384,0.778,0.667,0.604,0.327,0.384,0.797,0.758,0.807,0.801,0.687,0.324
7PNB_1_2_NAG;0.720,0.736,0.844,0.810,0.735,0.635,0.727,0.848,0.862,0.020,0.734,0.846,0.811,0.811,0.808,0.806,0.808,0.827,0.733,0.637,0.801,0.858,0.626,0.858,0.804,0.806,0.734,0.843,0.636,0.631,0.640,0.432,0.649,0.047,0.664,0.844,0.818,0.471,0.809,0.642,0.802,0.807,0.725,0.804,0.825,0.804,0.875,0.741,0.642,0.628,0.821,0.688,0.806,0.826,0.424,0.852,0.804,0.826,0.810,0.651,0.715,0.808,0.826,0.723,0.625,0.619,0.675,0.810,0.649,0.840,0.717,0.843,0.451,0.462,0.686,0.875,0.868,0.808,0.818,0.806,0.804,0.619,0.826,0.542,0.806,0.806,0.806,0.806,0.675,0.823,0.809,0.865,0.813,0.000,0.819,0.822,0.875,0.810,0.461,0.839,0.654,0.734,0.794,0.650,0.818,0.811,0.806,0.810,0.634,0.804,0.722,0.809,0.807,0.630,0.550,0.826,0.803,0.810,0.662,0.806,0.644,0.809,0.536,0.823,0.840,0.849,0.823,0.839,0.008,0.838,0.852,0.657,0.802,0.840,0.664,0.811,0.827,0.875,0.813,0.875,0.830,0.818,0.822,0.529,0.807,0.791,0.852,0.808,0.808,0.024,0.457,0.875,0.665,0.804,0.717,0.804,0.804,0.596,0.849,0.823,0.804,0.826,0.802,0.736,0.636,0.852,0.675,0.804,0.808,0.448,0.809,0.810,0.732,0.808,0.802,0.727,0.804,0.823,0.839,0.805,0.819,0.808,0.840,0.823,0.550,0.852,0.818,0.818,0.804,0.477,0.821,0.528,0.837,0.039,0.525,0.823,0.854,0.817,0.836,0.818,0.788,0.806,0.840,0.843,0.668,0.648,0.803,0.807,0.660,0.811,0.683,0.840,0.862,0.803,0.807,0.689,0.640,0.036,0.821,0.808,0.645,0.621,0.812,0.816,0.804,0.798,0.823,0.054,0.659,0.549,0.667,0.875,0.818,0.691,0.684,0.826,0.807,0.859,0.856,0.823,0.020,0.878,0.813,0.539,0.803,0.848,0.806,0.809,0.670,0.875,0.648,0.652,0.823,0.799
7PNB_0_4_BGC;0.837,0.842,0.678,0.667,0.845,0.809,0.838,0.603,0.711,0.815,0.838,0.662,0.667,0.469,0.545,0.464,0.557,0.558,0.838,0.791,0.417,0.719,0.804,0.712,0.470,0.450,0.838,0.576,0.815,0.804,0.813,0.794,0.810,0.816,0.821,0.660,0.508,0.790,0.487,0.823,0.496,0.460,0.837,0.470,0.189,0.426,0.757,0.849,0.811,0.810,0.198,0.829,0.483,0.555,0.794,0.603,0.423,0.036,0.656,0.813,0.840,0.542,0.198,0.837,0.810,0.810,0.816,0.664,0.801,0.678,0.838,0.685,0.792,0.796,0.823,0.757,0.724,0.542,0.508,0.441,0.470,0.805,0.036,0.824,0.455,0.436,0.479,0.441,0.820,0.047,0.664,0.717,0.487,0.819,0.000,0.504,0.757,0.677,0.792,0.565,0.811,0.838,0.418,0.806,0.508,0.469,0.436,0.450,0.808,0.465,0.837,0.402,0.446,0.794,0.819,0.198,0.432,0.667,0.795,0.659,0.812,0.402,0.817,0.558,0.568,0.595,0.024,0.565,0.819,0.580,0.603,0.795,0.496,0.568,0.794,0.647,0.558,0.757,0.396,0.757,0.217,0.504,0.187,0.811,0.657,0.423,0.708,0.649,0.545,0.816,0.799,0.757,0.790,0.470,0.838,0.652,0.470,0.794,0.598,0.558,0.470,0.198,0.470,0.842,0.810,0.614,0.818,0.470,0.390,0.790,0.664,0.654,0.837,0.545,0.483,0.838,0.533,0.558,0.565,0.417,0.000,0.557,0.568,0.558,0.817,0.603,0.504,0.508,0.652,0.795,0.198,0.817,0.674,0.819,0.811,0.024,0.719,0.365,0.650,0.508,0.420,0.469,0.681,0.685,0.802,0.818,0.487,0.474,0.808,0.669,0.817,0.568,0.711,0.432,0.460,0.822,0.807,0.818,0.178,0.557,0.806,0.814,0.390,0.375,0.465,0.427,0.024,0.820,0.809,0.819,0.790,0.757,0.508,0.812,0.825,0.562,0.662,0.714,0.611,0.024,0.818,0.755,0.396,0.804,0.649,0.603,0.455,0.396,0.789,0.757,0.816,0.806,0.558,0.465
7PNB_1_4_BGC;0.824,0.792,0.642,0.647,0.799,0.797,0.825,0.628,0.658,0.818,0.793,0.680,0.588,0.543,0.508,0.540,0.520,0.662,0.792,0.799,0.570,0.667,0.788,0.660,0.554,0.562,0.793,0.658,0.811,0.779,0.787,0.785,0.801,0.819,0.801,0.660,0.010,0.786,0.546,0.810,0.519,0.547,0.824,0.554,0.577,0.578,0.752,0.795,0.806,0.789,0.569,0.821,0.531,0.660,0.795,0.647,0.539,0.525,0.637,0.784,0.831,0.504,0.569,0.824,0.785,0.794,0.816,0.585,0.805,0.660,0.821,0.649,0.779,0.784,0.814,0.752,0.671,0.504,0.010,0.555,0.554,0.789,0.525,0.795,0.543,0.562,0.550,0.543,0.816,0.529,0.644,0.665,0.546,0.822,0.504,0.000,0.752,0.657,0.784,0.649,0.782,0.789,0.547,0.777,0.010,0.543,0.574,0.562,0.804,0.550,0.824,0.581,0.547,0.773,0.795,0.569,0.547,0.647,0.795,0.650,0.779,0.581,0.784,0.662,0.651,0.620,0.517,0.658,0.822,0.653,0.647,0.795,0.531,0.651,0.794,0.578,0.662,0.752,0.578,0.752,0.581,0.021,0.561,0.786,0.588,0.550,0.656,0.570,0.508,0.819,0.795,0.752,0.795,0.554,0.829,0.574,0.554,0.777,0.643,0.662,0.554,0.569,0.519,0.797,0.797,0.647,0.809,0.554,0.575,0.778,0.644,0.575,0.796,0.508,0.531,0.822,0.496,0.662,0.658,0.570,0.504,0.520,0.660,0.662,0.793,0.647,0.021,0.010,0.574,0.779,0.569,0.792,0.638,0.818,0.782,0.517,0.667,0.578,0.660,0.010,0.546,0.543,0.644,0.649,0.802,0.784,0.534,0.547,0.775,0.650,0.816,0.651,0.658,0.547,0.535,0.817,0.811,0.821,0.569,0.520,0.782,0.794,0.575,0.575,0.550,0.566,0.517,0.819,0.804,0.790,0.794,0.752,0.010,0.807,0.816,0.667,0.652,0.662,0.655,0.517,0.821,0.758,0.578,0.783,0.570,0.628,0.543,0.578,0.789,0.752,0.783,0.801,0.662,0.550
7PNB_o_3_YZT;0.871,0.869,0.738,0.750,0.872,0.875,0.873,0.824,0.756,0.875,0.866,0.741,0.762,0.752,0.732,0.733,0.732,0.725,0.866,0.878,0.732,0.763,0.867,0.750,0.748,0.733,0.866,0.679,0.881,0.871,0.876,0.870,0.877,0.872,0.868,0.738,0.753,0.875,0.758,0.895,0.753,0.728,0.869,0.748,0.793,0.747,0.020,0.872,0.874,0.868,0.787,0.893,0.753,0.723,0.874,0.824,0.730,0.747,0.750,0.877,0.875,0.730,0.795,0.869,0.872,0.869,0.891,0.769,0.870,0.738,0.869,0.736,0.871,0.877,0.887,0.000,0.760,0.730,0.753,0.735,0.748,0.871,0.747,0.878,0.743,0.742,0.759,0.743,0.891,0.748,0.748,0.762,0.758,0.875,0.757,0.752,0.000,0.750,0.871,0.679,0.878,0.866,0.737,0.874,0.753,0.752,0.742,0.733,0.889,0.747,0.869,0.732,0.728,0.855,0.874,0.795,0.737,0.750,0.871,0.752,0.878,0.732,0.875,0.717,0.698,0.818,0.748,0.679,0.875,0.675,0.824,0.865,0.753,0.690,0.870,0.762,0.725,0.039,0.738,0.020,0.803,0.759,0.788,0.871,0.762,0.739,0.753,0.764,0.732,0.875,0.874,0.039,0.871,0.748,0.873,0.758,0.748,0.862,0.819,0.717,0.748,0.795,0.761,0.869,0.876,0.831,0.893,0.748,0.736,0.871,0.748,0.769,0.865,0.732,0.753,0.873,0.732,0.717,0.679,0.732,0.757,0.732,0.682,0.709,0.872,0.824,0.759,0.753,0.758,0.868,0.795,0.871,0.733,0.875,0.871,0.748,0.763,0.747,0.722,0.753,0.734,0.752,0.739,0.736,0.870,0.877,0.755,0.745,0.875,0.752,0.891,0.682,0.763,0.737,0.745,0.893,0.878,0.874,0.787,0.732,0.866,0.868,0.736,0.736,0.747,0.743,0.748,0.875,0.855,0.874,0.868,0.020,0.753,0.887,0.889,0.730,0.745,0.751,0.830,0.748,0.874,0.049,0.738,0.864,0.764,0.824,0.743,0.738,0.870,0.039,0.875,0.866,0.725,0.739
7PNB_P_4_MAN;0.796,0.792,0.734,0.086,0.799,0.805,0.801,0.718,0.738,0.806,0.793,0.737,0.652,0.654,0.621,0.620,0.632,0.737,0.788,0.836,0.617,0.738,0.792,0.731,0.611,0.652,0.793,0.732,0.827,0.816,0.817,0.818,0.822,0.807,0.821,0.734,0.650,0.832,0.644,0.846,0.640,0.636,0.791,0.611,0.680,0.625,0.750,0.804,0.823,0.797,0.672,0.841,0.640,0.735,0.823,0.736,0.629,0.674,0.065,0.821,0.803,0.618,0.692,0.792,0.793,0.798,0.851,0.659,0.842,0.725,0.788,0.732,0.820,0.829,0.842,0.750,0.734,0.618,0.650,0.644,0.611,0.805,0.674,0.807,0.654,0.631,0.647,0.654,0.843,0.677,0.076,0.736,0.644,0.810,0.677,0.657,0.750,0.000,0.820,0.715,0.827,0.789,0.605,0.818,0.650,0.654,0.620,0.652,0.836,0.608,0.791,0.649,0.636,0.785,0.807,0.692,0.636,0.065,0.839,0.033,0.824,0.649,0.808,0.728,0.725,0.711,0.677,0.715,0.810,0.728,0.736,0.836,0.640,0.725,0.842,0.632,0.737,0.750,0.656,0.750,0.692,0.657,0.685,0.807,0.662,0.608,0.735,0.645,0.621,0.807,0.827,0.750,0.843,0.611,0.801,0.647,0.611,0.794,0.731,0.728,0.611,0.692,0.640,0.792,0.822,0.745,0.837,0.611,0.654,0.815,0.076,0.650,0.792,0.621,0.640,0.793,0.611,0.728,0.715,0.617,0.677,0.632,0.709,0.728,0.805,0.736,0.657,0.650,0.647,0.820,0.682,0.804,0.721,0.814,0.803,0.677,0.730,0.656,0.717,0.650,0.603,0.654,0.735,0.732,0.846,0.825,0.642,0.647,0.816,0.096,0.836,0.725,0.738,0.636,0.647,0.845,0.827,0.809,0.672,0.632,0.794,0.794,0.654,0.654,0.608,0.623,0.677,0.815,0.809,0.802,0.844,0.750,0.650,0.843,0.848,0.742,0.022,0.733,0.743,0.677,0.809,0.757,0.656,0.808,0.655,0.718,0.654,0.656,0.842,0.750,0.816,0.834,0.728,0.649
7PNB_x_2_NAG;0.695,0.740,0.838,0.808,0.741,0.609,0.708,0.823,0.852,0.462,0.737,0.847,0.829,0.797,0.778,0.783,0.778,0.832,0.736,0.614,0.774,0.852,0.617,0.852,0.769,0.787,0.737,0.830,0.624,0.604,0.612,0.120,0.622,0.440,0.648,0.841,0.784,0.111,0.783,0.616,0.780,0.785,0.703,0.769,0.815,0.782,0.871,0.741,0.619,0.619,0.807,0.655,0.780,0.832,0.144,0.823,0.781,0.795,0.808,0.625,0.706,0.777,0.803,0.707,0.624,0.629,0.660,0.828,0.640,0.838,0.705,0.841,0.067,0.086,0.657,0.871,0.854,0.777,0.784,0.784,0.769,0.636,0.795,0.491,0.792,0.775,0.779,0.784,0.653,0.792,0.812,0.851,0.787,0.461,0.792,0.784,0.871,0.820,0.000,0.822,0.620,0.737,0.772,0.604,0.784,0.797,0.775,0.783,0.619,0.768,0.706,0.791,0.780,0.618,0.482,0.803,0.780,0.808,0.639,0.813,0.610,0.791,0.481,0.828,0.826,0.823,0.796,0.822,0.465,0.825,0.823,0.615,0.780,0.826,0.641,0.821,0.832,0.871,0.794,0.871,0.807,0.784,0.799,0.478,0.825,0.768,0.846,0.822,0.778,0.459,0.144,0.871,0.642,0.769,0.695,0.822,0.769,0.611,0.820,0.832,0.769,0.803,0.776,0.743,0.617,0.823,0.646,0.769,0.794,0.089,0.812,0.828,0.733,0.778,0.776,0.715,0.774,0.828,0.822,0.778,0.792,0.778,0.819,0.832,0.478,0.823,0.784,0.784,0.822,0.092,0.815,0.467,0.835,0.461,0.473,0.796,0.848,0.799,0.834,0.784,0.766,0.792,0.838,0.841,0.645,0.610,0.777,0.793,0.633,0.809,0.657,0.826,0.852,0.780,0.789,0.663,0.598,0.450,0.811,0.778,0.640,0.617,0.798,0.802,0.768,0.775,0.796,0.450,0.665,0.476,0.640,0.871,0.784,0.669,0.661,0.835,0.814,0.853,0.826,0.796,0.450,0.871,0.794,0.466,0.822,0.823,0.792,0.790,0.640,0.871,0.614,0.622,0.832,0.785
7PNB_i_3_YZT;0.859,0.864,0.482,0.698,0.870,0.826,0.857,0.731,0.584,0.836,0.864,0.436,0.705,0.646,0.644,0.634,0.644,0.336,0.860,0.818,0.621,0.594,0.833,0.587,0.634,0.634,0.864,0.056,0.840,0.844,0.856,0.816,0.835,0.837,0.838,0.460,0.651,0.821,0.646,0.850,0.651,0.629,0.856,0.634,0.598,0.638,0.688,0.874,0.832,0.834,0.591,0.863,0.642,0.344,0.821,0.731,0.613,0.583,0.698,0.849,0.859,0.641,0.591,0.856,0.834,0.835,0.862,0.703,0.839,0.482,0.857,0.489,0.822,0.823,0.860,0.679,0.597,0.641,0.651,0.627,0.634,0.833,0.583,0.847,0.636,0.634,0.649,0.627,0.858,0.586,0.696,0.591,0.646,0.839,0.565,0.649,0.679,0.715,0.822,0.000,0.851,0.861,0.620,0.847,0.651,0.646,0.634,0.624,0.837,0.632,0.856,0.650,0.620,0.827,0.843,0.591,0.620,0.707,0.837,0.700,0.848,0.650,0.841,0.336,0.064,0.724,0.576,0.056,0.839,0.109,0.731,0.826,0.651,0.064,0.835,0.688,0.336,0.696,0.657,0.688,0.602,0.649,0.583,0.836,0.705,0.603,0.583,0.699,0.644,0.837,0.821,0.696,0.832,0.634,0.857,0.709,0.634,0.824,0.726,0.336,0.634,0.591,0.633,0.868,0.831,0.739,0.853,0.634,0.655,0.825,0.696,0.703,0.863,0.644,0.642,0.857,0.634,0.336,0.037,0.621,0.565,0.644,0.082,0.349,0.841,0.731,0.649,0.651,0.709,0.821,0.591,0.841,0.479,0.839,0.836,0.576,0.594,0.657,0.460,0.651,0.608,0.646,0.475,0.478,0.839,0.853,0.653,0.639,0.852,0.700,0.858,0.046,0.584,0.620,0.639,0.860,0.832,0.839,0.591,0.644,0.831,0.834,0.655,0.655,0.632,0.627,0.576,0.840,0.831,0.843,0.833,0.688,0.651,0.861,0.863,0.352,0.702,0.581,0.737,0.576,0.839,0.694,0.657,0.825,0.707,0.731,0.636,0.657,0.831,0.696,0.851,0.835,0.349,0.632
7PNB_g_2_NAG;0.700,0.713,0.862,0.823,0.711,0.684,0.706,0.818,0.865,0.655,0.710,0.875,0.800,0.832,0.810,0.819,0.814,0.854,0.706,0.683,0.810,0.865,0.612,0.862,0.818,0.819,0.710,0.858,0.685,0.096,0.145,0.632,0.687,0.656,0.684,0.858,0.783,0.616,0.810,0.674,0.803,0.820,0.708,0.818,0.826,0.810,0.878,0.711,0.685,0.606,0.822,0.625,0.803,0.853,0.626,0.810,0.821,0.819,0.827,0.093,0.697,0.809,0.822,0.709,0.633,0.620,0.630,0.799,0.627,0.869,0.700,0.865,0.613,0.619,0.627,0.878,0.871,0.809,0.783,0.820,0.818,0.613,0.819,0.603,0.828,0.811,0.811,0.820,0.634,0.819,0.827,0.872,0.810,0.654,0.811,0.782,0.878,0.827,0.620,0.851,0.000,0.707,0.812,0.100,0.783,0.832,0.811,0.823,0.677,0.817,0.705,0.810,0.820,0.623,0.603,0.822,0.816,0.827,0.634,0.824,0.078,0.810,0.602,0.850,0.855,0.814,0.815,0.851,0.654,0.861,0.810,0.646,0.803,0.855,0.643,0.800,0.854,0.878,0.814,0.878,0.826,0.786,0.819,0.596,0.800,0.809,0.863,0.797,0.810,0.649,0.622,0.878,0.640,0.818,0.700,0.793,0.818,0.620,0.807,0.854,0.818,0.822,0.799,0.713,0.682,0.814,0.622,0.818,0.813,0.611,0.827,0.795,0.706,0.810,0.803,0.710,0.805,0.850,0.851,0.810,0.811,0.814,0.851,0.854,0.599,0.810,0.786,0.783,0.793,0.616,0.826,0.598,0.859,0.651,0.607,0.815,0.869,0.822,0.862,0.783,0.806,0.828,0.866,0.865,0.650,0.064,0.804,0.828,0.151,0.824,0.616,0.855,0.869,0.816,0.824,0.626,0.692,0.660,0.822,0.814,0.616,0.607,0.813,0.817,0.817,0.816,0.815,0.653,0.670,0.602,0.645,0.878,0.783,0.629,0.624,0.853,0.824,0.862,0.813,0.815,0.657,0.881,0.814,0.593,0.793,0.818,0.828,0.810,0.631,0.878,0.064,0.627,0.854,0.825
7PNB_o_2_NAG;0.675,0.012,0.861,0.797,0.020,0.699,0.685,0.804,0.839,0.731,0.008,0.867,0.795,0.806,0.792,0.822,0.787,0.856,0.004,0.708,0.825,0.835,0.697,0.836,0.783,0.830,0.008,0.857,0.697,0.705,0.704,0.735,0.706,0.735,0.735,0.858,0.785,0.732,0.797,0.710,0.790,0.823,0.676,0.783,0.841,0.825,0.866,0.057,0.700,0.711,0.837,0.703,0.790,0.856,0.733,0.804,0.816,0.834,0.789,0.705,0.679,0.791,0.837,0.674,0.694,0.701,0.710,0.798,0.728,0.858,0.671,0.861,0.731,0.731,0.704,0.866,0.842,0.791,0.785,0.827,0.783,0.694,0.834,0.684,0.810,0.814,0.797,0.818,0.693,0.830,0.801,0.839,0.797,0.734,0.838,0.789,0.866,0.789,0.737,0.861,0.707,0.000,0.807,0.700,0.785,0.806,0.814,0.830,0.702,0.787,0.676,0.817,0.823,0.681,0.684,0.837,0.823,0.797,0.730,0.781,0.695,0.817,0.679,0.853,0.858,0.801,0.834,0.864,0.737,0.863,0.808,0.723,0.790,0.858,0.732,0.790,0.856,0.866,0.821,0.866,0.837,0.789,0.834,0.687,0.799,0.808,0.830,0.795,0.792,0.735,0.730,0.866,0.733,0.783,0.678,0.796,0.783,0.698,0.805,0.853,0.783,0.837,0.794,0.019,0.697,0.812,0.687,0.783,0.828,0.733,0.801,0.802,0.023,0.792,0.790,0.679,0.787,0.853,0.864,0.825,0.838,0.787,0.861,0.853,0.679,0.808,0.789,0.785,0.796,0.724,0.837,0.682,0.855,0.740,0.691,0.834,0.828,0.829,0.858,0.785,0.805,0.810,0.858,0.861,0.722,0.698,0.790,0.803,0.702,0.798,0.697,0.858,0.839,0.823,0.807,0.707,0.710,0.739,0.837,0.787,0.694,0.709,0.828,0.828,0.787,0.810,0.834,0.735,0.699,0.680,0.741,0.866,0.785,0.686,0.718,0.859,0.782,0.836,0.812,0.834,0.739,0.869,0.821,0.695,0.799,0.804,0.810,0.825,0.731,0.866,0.695,0.734,0.853,0.803
7PNB_d_6_MAN;0.810,0.810,0.678,0.594,0.817,0.785,0.810,0.606,0.717,0.791,0.807,0.671,0.667,0.339,0.414,0.200,0.427,0.653,0.810,0.784,0.116,0.717,0.785,0.719,0.372,0.235,0.807,0.629,0.800,0.801,0.806,0.770,0.790,0.792,0.806,0.669,0.550,0.770,0.303,0.812,0.300,0.216,0.809,0.372,0.473,0.126,0.737,0.817,0.795,0.782,0.464,0.822,0.284,0.650,0.775,0.617,0.206,0.427,0.583,0.814,0.812,0.409,0.464,0.810,0.790,0.787,0.813,0.664,0.815,0.669,0.810,0.685,0.772,0.772,0.819,0.737,0.722,0.409,0.550,0.208,0.372,0.782,0.427,0.775,0.324,0.085,0.278,0.324,0.821,0.432,0.602,0.715,0.303,0.794,0.418,0.547,0.737,0.605,0.772,0.620,0.812,0.807,0.000,0.799,0.550,0.339,0.105,0.218,0.801,0.366,0.809,0.279,0.198,0.770,0.770,0.464,0.198,0.583,0.809,0.597,0.809,0.279,0.768,0.643,0.622,0.588,0.432,0.620,0.794,0.624,0.617,0.792,0.300,0.622,0.808,0.647,0.653,0.737,0.288,0.737,0.464,0.547,0.455,0.762,0.657,0.032,0.706,0.650,0.414,0.792,0.775,0.737,0.800,0.372,0.810,0.652,0.372,0.783,0.612,0.653,0.372,0.464,0.269,0.806,0.799,0.627,0.815,0.372,0.298,0.770,0.602,0.655,0.810,0.414,0.284,0.811,0.400,0.643,0.620,0.116,0.418,0.427,0.603,0.653,0.768,0.617,0.547,0.550,0.652,0.771,0.464,0.768,0.682,0.790,0.762,0.432,0.717,0.336,0.651,0.550,0.073,0.339,0.671,0.685,0.812,0.810,0.291,0.330,0.805,0.597,0.822,0.622,0.717,0.198,0.330,0.819,0.800,0.794,0.464,0.427,0.783,0.783,0.298,0.314,0.366,0.033,0.432,0.792,0.810,0.770,0.800,0.737,0.550,0.809,0.818,0.657,0.600,0.720,0.624,0.432,0.794,0.735,0.288,0.758,0.650,0.606,0.324,0.288,0.803,0.737,0.809,0.799,0.653,0.321
7PNB_W_2_NAG;0.696,0.706,0.858,0.814,0.704,0.680,0.702,0.817,0.865,0.651,0.703,0.871,0.795,0.819,0.797,0.806,0.801,0.849,0.699,0.685,0.797,0.861,0.614,0.862,0.805,0.806,0.703,0.854,0.681,0.120,0.108,0.616,0.683,0.652,0.697,0.854,0.778,0.599,0.801,0.670,0.795,0.808,0.704,0.805,0.817,0.796,0.874,0.701,0.687,0.609,0.813,0.631,0.790,0.849,0.610,0.813,0.808,0.810,0.818,0.145,0.693,0.796,0.818,0.705,0.632,0.619,0.633,0.795,0.626,0.862,0.696,0.861,0.597,0.603,0.630,0.874,0.867,0.796,0.778,0.807,0.805,0.608,0.810,0.598,0.815,0.798,0.798,0.807,0.647,0.811,0.818,0.864,0.797,0.650,0.806,0.777,0.874,0.818,0.604,0.847,0.100,0.700,0.799,0.000,0.778,0.819,0.798,0.810,0.683,0.804,0.701,0.797,0.808,0.622,0.595,0.818,0.803,0.818,0.640,0.815,0.089,0.797,0.597,0.846,0.851,0.814,0.811,0.847,0.650,0.857,0.813,0.645,0.795,0.851,0.646,0.795,0.849,0.874,0.801,0.874,0.818,0.781,0.814,0.595,0.795,0.796,0.859,0.792,0.797,0.644,0.606,0.874,0.636,0.805,0.696,0.788,0.805,0.619,0.810,0.849,0.805,0.818,0.786,0.706,0.681,0.817,0.629,0.805,0.800,0.595,0.818,0.790,0.698,0.797,0.795,0.706,0.792,0.846,0.847,0.797,0.806,0.801,0.847,0.849,0.590,0.813,0.781,0.778,0.788,0.599,0.818,0.597,0.855,0.646,0.602,0.811,0.861,0.809,0.858,0.778,0.793,0.815,0.862,0.861,0.656,0.053,0.791,0.816,0.167,0.815,0.630,0.851,0.865,0.803,0.812,0.629,0.691,0.656,0.813,0.801,0.619,0.610,0.800,0.804,0.804,0.803,0.811,0.648,0.666,0.593,0.644,0.874,0.778,0.632,0.630,0.848,0.816,0.862,0.816,0.811,0.652,0.877,0.801,0.584,0.788,0.817,0.815,0.796,0.634,0.874,0.068,0.634,0.849,0.812
7PNB_m_4_BGC;0.825,0.789,0.635,0.640,0.796,0.793,0.826,0.620,0.652,0.815,0.790,0.673,0.581,0.535,0.512,0.543,0.523,0.664,0.789,0.800,0.574,0.660,0.785,0.654,0.546,0.566,0.790,0.660,0.807,0.780,0.788,0.786,0.798,0.816,0.801,0.653,0.000,0.787,0.550,0.811,0.523,0.550,0.824,0.546,0.581,0.581,0.753,0.792,0.803,0.786,0.573,0.817,0.534,0.662,0.791,0.640,0.543,0.529,0.630,0.785,0.832,0.508,0.573,0.825,0.782,0.791,0.812,0.578,0.802,0.653,0.822,0.642,0.776,0.785,0.811,0.753,0.665,0.508,0.000,0.558,0.546,0.785,0.529,0.795,0.535,0.566,0.553,0.535,0.812,0.533,0.637,0.658,0.550,0.818,0.508,0.010,0.753,0.650,0.784,0.651,0.783,0.785,0.550,0.778,0.000,0.535,0.577,0.566,0.801,0.543,0.824,0.585,0.550,0.770,0.795,0.573,0.550,0.640,0.792,0.642,0.779,0.585,0.784,0.664,0.653,0.613,0.521,0.660,0.818,0.655,0.640,0.796,0.534,0.653,0.795,0.570,0.664,0.753,0.581,0.753,0.584,0.010,0.565,0.787,0.581,0.554,0.650,0.563,0.512,0.816,0.795,0.753,0.791,0.546,0.829,0.566,0.546,0.774,0.636,0.655,0.546,0.573,0.523,0.793,0.794,0.640,0.806,0.546,0.578,0.774,0.637,0.567,0.792,0.512,0.534,0.822,0.500,0.664,0.660,0.574,0.508,0.523,0.662,0.655,0.793,0.640,0.010,0.000,0.566,0.779,0.573,0.793,0.631,0.818,0.783,0.521,0.660,0.581,0.653,0.000,0.550,0.535,0.638,0.642,0.799,0.785,0.538,0.539,0.776,0.642,0.813,0.653,0.652,0.550,0.528,0.814,0.807,0.818,0.573,0.523,0.778,0.791,0.578,0.578,0.543,0.569,0.521,0.820,0.805,0.790,0.795,0.753,0.000,0.804,0.813,0.669,0.645,0.656,0.647,0.521,0.818,0.759,0.581,0.784,0.563,0.620,0.535,0.581,0.785,0.753,0.784,0.802,0.655,0.543
7PNB_v_5_MAN;0.829,0.810,0.676,0.644,0.812,0.793,0.830,0.603,0.707,0.807,0.806,0.678,0.674,0.000,0.290,0.279,0.306,0.650,0.806,0.792,0.321,0.707,0.805,0.709,0.274,0.245,0.806,0.646,0.808,0.817,0.829,0.799,0.806,0.812,0.801,0.685,0.535,0.786,0.327,0.823,0.309,0.225,0.829,0.274,0.482,0.314,0.752,0.812,0.807,0.798,0.473,0.805,0.324,0.648,0.799,0.624,0.216,0.478,0.644,0.834,0.832,0.283,0.473,0.829,0.806,0.811,0.817,0.671,0.794,0.676,0.830,0.673,0.792,0.789,0.803,0.752,0.712,0.283,0.535,0.218,0.274,0.789,0.478,0.782,0.022,0.311,0.318,0.065,0.813,0.482,0.641,0.705,0.327,0.811,0.469,0.543,0.752,0.654,0.797,0.646,0.832,0.806,0.339,0.819,0.535,0.000,0.295,0.228,0.813,0.283,0.829,0.272,0.208,0.795,0.778,0.473,0.208,0.654,0.787,0.647,0.828,0.272,0.775,0.650,0.639,0.595,0.482,0.655,0.811,0.650,0.624,0.787,0.324,0.639,0.790,0.645,0.650,0.752,0.265,0.752,0.473,0.532,0.464,0.770,0.664,0.345,0.704,0.647,0.290,0.808,0.795,0.752,0.787,0.274,0.830,0.660,0.274,0.795,0.619,0.641,0.274,0.473,0.309,0.806,0.810,0.624,0.802,0.274,0.275,0.795,0.641,0.662,0.805,0.290,0.324,0.831,0.290,0.650,0.655,0.321,0.469,0.306,0.667,0.641,0.776,0.624,0.532,0.535,0.660,0.787,0.473,0.775,0.662,0.811,0.770,0.482,0.707,0.298,0.658,0.535,0.342,0.022,0.669,0.673,0.790,0.830,0.330,0.011,0.833,0.647,0.809,0.639,0.707,0.208,0.033,0.810,0.803,0.810,0.473,0.306,0.803,0.803,0.275,0.291,0.283,0.349,0.482,0.812,0.809,0.777,0.791,0.752,0.535,0.804,0.809,0.655,0.649,0.711,0.621,0.482,0.810,0.750,0.265,0.775,0.657,0.603,0.022,0.282,0.789,0.752,0.828,0.798,0.641,0.043
7PNB_s_6_MAN;0.812,0.817,0.682,0.598,0.820,0.797,0.813,0.632,0.722,0.802,0.814,0.694,0.681,0.295,0.389,0.184,0.404,0.667,0.813,0.791,0.097,0.722,0.800,0.723,0.375,0.184,0.814,0.643,0.811,0.800,0.812,0.785,0.801,0.803,0.809,0.691,0.577,0.768,0.274,0.823,0.271,0.182,0.812,0.375,0.464,0.044,0.742,0.824,0.806,0.793,0.455,0.825,0.271,0.664,0.790,0.642,0.172,0.445,0.598,0.813,0.815,0.384,0.440,0.812,0.805,0.802,0.820,0.679,0.810,0.691,0.813,0.689,0.783,0.771,0.822,0.742,0.726,0.384,0.577,0.173,0.375,0.793,0.445,0.786,0.295,0.022,0.248,0.279,0.824,0.450,0.606,0.720,0.274,0.806,0.436,0.574,0.742,0.620,0.775,0.634,0.811,0.814,0.105,0.798,0.577,0.295,0.000,0.165,0.812,0.384,0.812,0.230,0.163,0.785,0.782,0.440,0.163,0.609,0.803,0.612,0.808,0.230,0.779,0.657,0.636,0.624,0.450,0.634,0.806,0.638,0.642,0.791,0.271,0.636,0.802,0.662,0.667,0.742,0.240,0.742,0.440,0.574,0.431,0.773,0.671,0.115,0.711,0.664,0.389,0.803,0.777,0.742,0.794,0.375,0.813,0.667,0.375,0.798,0.637,0.667,0.375,0.440,0.255,0.813,0.810,0.642,0.818,0.375,0.267,0.782,0.606,0.669,0.812,0.389,0.271,0.814,0.375,0.657,0.634,0.097,0.436,0.404,0.636,0.667,0.780,0.642,0.574,0.577,0.667,0.770,0.468,0.779,0.687,0.801,0.773,0.450,0.722,0.308,0.673,0.577,0.133,0.311,0.676,0.689,0.806,0.809,0.262,0.286,0.812,0.602,0.825,0.636,0.722,0.163,0.302,0.826,0.807,0.805,0.455,0.404,0.798,0.794,0.267,0.284,0.384,0.096,0.450,0.803,0.809,0.781,0.794,0.742,0.577,0.823,0.824,0.671,0.615,0.725,0.639,0.450,0.805,0.740,0.240,0.765,0.664,0.632,0.295,0.257,0.797,0.742,0.808,0.793,0.667,0.292
7PNB_T_5_MAN;0.824,0.833,0.682,0.641,0.836,0.797,0.825,0.632,0.722,0.806,0.830,0.694,0.671,0.228,0.375,0.065,0.389,0.667,0.829,0.791,0.156,0.722,0.804,0.723,0.360,0.022,0.830,0.634,0.815,0.808,0.821,0.785,0.810,0.807,0.805,0.691,0.566,0.773,0.274,0.831,0.271,0.022,0.824,0.360,0.464,0.167,0.733,0.840,0.810,0.797,0.468,0.817,0.271,0.664,0.790,0.642,0.054,0.459,0.641,0.821,0.828,0.369,0.468,0.825,0.810,0.806,0.824,0.669,0.801,0.691,0.825,0.689,0.783,0.775,0.814,0.733,0.726,0.369,0.566,0.033,0.360,0.801,0.459,0.790,0.210,0.184,0.248,0.192,0.820,0.464,0.638,0.720,0.274,0.810,0.450,0.562,0.733,0.652,0.783,0.624,0.823,0.830,0.218,0.810,0.566,0.228,0.165,0.000,0.820,0.355,0.824,0.248,0.022,0.794,0.786,0.468,0.043,0.652,0.799,0.644,0.820,0.248,0.783,0.657,0.627,0.624,0.464,0.634,0.810,0.638,0.642,0.791,0.271,0.627,0.798,0.642,0.667,0.733,0.257,0.733,0.468,0.562,0.473,0.777,0.662,0.208,0.711,0.645,0.375,0.807,0.782,0.733,0.794,0.360,0.825,0.657,0.360,0.802,0.637,0.667,0.360,0.468,0.255,0.829,0.814,0.642,0.810,0.360,0.250,0.786,0.638,0.659,0.829,0.375,0.271,0.826,0.360,0.657,0.634,0.156,0.450,0.389,0.646,0.667,0.784,0.642,0.562,0.566,0.657,0.774,0.455,0.783,0.687,0.810,0.777,0.464,0.722,0.291,0.673,0.566,0.223,0.228,0.667,0.689,0.802,0.821,0.262,0.218,0.824,0.644,0.821,0.627,0.722,0.043,0.218,0.818,0.803,0.809,0.468,0.389,0.802,0.798,0.250,0.267,0.355,0.210,0.464,0.811,0.813,0.785,0.790,0.733,0.566,0.815,0.816,0.671,0.647,0.725,0.639,0.464,0.809,0.732,0.257,0.770,0.655,0.632,0.210,0.257,0.793,0.733,0.820,0.793,0.667,0.208
7PNB_u_1_NAG;0.708,0.705,0.841,0.832,0.710,0.146,0.727,0.831,0.848,0.632,0.705,0.843,0.801,0.813,0.807,0.812,0.803,0.832,0.705,0.173,0.820,0.845,0.610,0.845,0.799,0.816,0.705,0.837,0.110,0.672,0.691,0.619,0.164,0.625,0.623,0.841,0.801,0.625,0.811,0.100,0.809,0.814,0.716,0.799,0.819,0.819,0.889,0.703,0.134,0.616,0.815,0.679,0.813,0.832,0.609,0.831,0.810,0.816,0.828,0.674,0.719,0.810,0.815,0.720,0.613,0.611,0.683,0.801,0.548,0.841,0.717,0.841,0.619,0.628,0.681,0.889,0.854,0.810,0.801,0.813,0.799,0.611,0.816,0.586,0.813,0.808,0.812,0.817,0.670,0.812,0.836,0.851,0.815,0.634,0.808,0.804,0.889,0.836,0.619,0.837,0.677,0.702,0.801,0.683,0.801,0.813,0.812,0.820,0.000,0.802,0.719,0.803,0.814,0.636,0.575,0.815,0.810,0.832,0.584,0.829,0.671,0.803,0.592,0.828,0.838,0.823,0.812,0.837,0.631,0.836,0.831,0.548,0.809,0.838,0.604,0.805,0.832,0.889,0.807,0.889,0.815,0.800,0.812,0.598,0.801,0.802,0.843,0.802,0.807,0.636,0.624,0.889,0.594,0.799,0.711,0.803,0.799,0.611,0.828,0.828,0.799,0.815,0.809,0.711,0.143,0.834,0.667,0.799,0.814,0.628,0.836,0.805,0.704,0.807,0.809,0.725,0.807,0.828,0.837,0.820,0.808,0.803,0.834,0.828,0.578,0.831,0.800,0.801,0.803,0.621,0.815,0.581,0.835,0.634,0.579,0.812,0.841,0.807,0.845,0.801,0.799,0.817,0.842,0.841,0.589,0.681,0.809,0.810,0.679,0.833,0.674,0.838,0.848,0.810,0.814,0.697,0.215,0.633,0.815,0.803,0.629,0.620,0.814,0.810,0.802,0.805,0.812,0.629,0.632,0.589,0.610,0.889,0.801,0.689,0.692,0.835,0.829,0.846,0.834,0.812,0.641,0.892,0.807,0.591,0.802,0.831,0.813,0.811,0.592,0.889,0.674,0.552,0.828,0.806
7PNB_N_5_MAN;0.826,0.790,0.680,0.618,0.793,0.782,0.827,0.630,0.711,0.800,0.787,0.682,0.678,0.283,0.363,0.355,0.377,0.636,0.786,0.793,0.378,0.703,0.798,0.712,0.011,0.369,0.787,0.641,0.801,0.802,0.810,0.766,0.795,0.801,0.795,0.671,0.543,0.766,0.397,0.812,0.379,0.366,0.826,0.011,0.464,0.387,0.747,0.793,0.796,0.795,0.455,0.799,0.393,0.634,0.767,0.640,0.357,0.474,0.597,0.819,0.829,0.357,0.469,0.827,0.795,0.800,0.806,0.676,0.787,0.671,0.827,0.687,0.760,0.764,0.800,0.747,0.715,0.357,0.543,0.360,0.011,0.782,0.474,0.780,0.267,0.398,0.402,0.250,0.806,0.478,0.615,0.709,0.397,0.804,0.465,0.550,0.747,0.608,0.768,0.632,0.817,0.787,0.366,0.804,0.543,0.283,0.384,0.355,0.802,0.000,0.826,0.349,0.351,0.784,0.775,0.469,0.351,0.608,0.780,0.600,0.814,0.349,0.773,0.636,0.634,0.622,0.478,0.641,0.804,0.646,0.640,0.780,0.393,0.634,0.783,0.650,0.636,0.747,0.343,0.747,0.469,0.539,0.460,0.767,0.669,0.357,0.708,0.652,0.363,0.801,0.771,0.747,0.771,0.011,0.827,0.664,0.011,0.792,0.635,0.627,0.011,0.469,0.379,0.786,0.799,0.640,0.799,0.011,0.336,0.767,0.615,0.667,0.785,0.363,0.393,0.828,0.363,0.636,0.641,0.378,0.465,0.377,0.634,0.627,0.774,0.640,0.539,0.543,0.664,0.768,0.455,0.773,0.675,0.804,0.767,0.478,0.703,0.358,0.644,0.543,0.354,0.283,0.682,0.687,0.783,0.815,0.398,0.290,0.810,0.621,0.807,0.634,0.711,0.351,0.274,0.799,0.805,0.803,0.455,0.377,0.796,0.800,0.336,0.352,0.000,0.375,0.478,0.805,0.806,0.775,0.775,0.747,0.543,0.797,0.798,0.641,0.603,0.714,0.637,0.478,0.803,0.745,0.343,0.754,0.662,0.630,0.267,0.343,0.774,0.747,0.814,0.791,0.627,0.280
7PNB_Z_1_NAG;0.093,0.679,0.863,0.786,0.677,0.720,0.039,0.850,0.856,0.723,0.680,0.866,0.775,0.829,0.818,0.820,0.818,0.847,0.675,0.725,0.807,0.852,0.714,0.853,0.827,0.824,0.680,0.859,0.724,0.700,0.705,0.714,0.729,0.720,0.697,0.856,0.824,0.720,0.815,0.717,0.816,0.817,0.039,0.827,0.843,0.819,0.869,0.677,0.736,0.699,0.840,0.723,0.812,0.847,0.711,0.854,0.818,0.840,0.786,0.703,0.087,0.818,0.844,0.043,0.717,0.709,0.711,0.779,0.676,0.856,0.039,0.863,0.713,0.716,0.718,0.869,0.855,0.818,0.824,0.821,0.827,0.711,0.840,0.685,0.825,0.816,0.812,0.829,0.717,0.837,0.790,0.852,0.815,0.722,0.837,0.824,0.869,0.791,0.706,0.856,0.705,0.676,0.809,0.701,0.824,0.829,0.812,0.824,0.719,0.826,0.000,0.828,0.817,0.709,0.685,0.844,0.821,0.791,0.665,0.787,0.706,0.828,0.690,0.844,0.856,0.847,0.841,0.856,0.722,0.862,0.854,0.684,0.812,0.856,0.663,0.780,0.847,0.869,0.831,0.869,0.844,0.828,0.840,0.695,0.780,0.810,0.846,0.776,0.818,0.717,0.705,0.869,0.678,0.827,0.091,0.773,0.827,0.702,0.851,0.847,0.827,0.844,0.808,0.679,0.724,0.858,0.724,0.827,0.830,0.715,0.790,0.779,0.675,0.818,0.812,0.057,0.814,0.844,0.856,0.811,0.837,0.818,0.856,0.847,0.684,0.854,0.828,0.824,0.773,0.709,0.844,0.686,0.861,0.725,0.692,0.841,0.841,0.831,0.863,0.824,0.803,0.825,0.864,0.863,0.684,0.706,0.805,0.825,0.713,0.787,0.708,0.856,0.852,0.821,0.821,0.733,0.727,0.724,0.840,0.818,0.715,0.700,0.834,0.834,0.826,0.817,0.841,0.723,0.701,0.677,0.676,0.869,0.824,0.729,0.738,0.850,0.788,0.853,0.857,0.841,0.721,0.872,0.831,0.689,0.776,0.850,0.825,0.827,0.676,0.869,0.702,0.676,0.847,0.818
7PNB_0_6_MAN;0.828,0.821,0.689,0.617,0.828,0.792,0.829,0.629,0.728,0.806,0.817,0.701,0.679,0.272,0.339,0.265,0.355,0.655,0.821,0.786,0.275,0.728,0.807,0.730,0.339,0.248,0.817,0.660,0.798,0.799,0.812,0.797,0.796,0.806,0.800,0.698,0.585,0.781,0.375,0.814,0.386,0.262,0.828,0.339,0.415,0.250,0.732,0.824,0.797,0.805,0.406,0.820,0.372,0.652,0.798,0.629,0.218,0.411,0.628,0.808,0.831,0.333,0.390,0.828,0.813,0.814,0.823,0.676,0.792,0.698,0.829,0.696,0.795,0.787,0.818,0.732,0.732,0.333,0.585,0.238,0.339,0.804,0.411,0.802,0.272,0.212,0.351,0.255,0.823,0.417,0.625,0.726,0.375,0.809,0.402,0.581,0.732,0.649,0.791,0.650,0.810,0.817,0.279,0.797,0.585,0.272,0.230,0.248,0.803,0.349,0.828,0.000,0.245,0.793,0.798,0.390,0.228,0.628,0.790,0.641,0.807,0.000,0.795,0.645,0.653,0.611,0.417,0.650,0.809,0.655,0.629,0.786,0.372,0.653,0.789,0.659,0.655,0.732,0.011,0.732,0.390,0.581,0.381,0.789,0.669,0.286,0.725,0.662,0.339,0.806,0.789,0.732,0.785,0.339,0.829,0.664,0.339,0.801,0.624,0.655,0.339,0.390,0.357,0.817,0.805,0.629,0.817,0.339,0.045,0.798,0.625,0.667,0.820,0.339,0.372,0.829,0.339,0.645,0.650,0.275,0.402,0.355,0.653,0.655,0.796,0.629,0.581,0.585,0.664,0.786,0.421,0.795,0.685,0.809,0.789,0.417,0.728,0.098,0.680,0.585,0.283,0.288,0.691,0.696,0.793,0.808,0.363,0.262,0.812,0.620,0.820,0.653,0.728,0.228,0.279,0.821,0.802,0.809,0.406,0.355,0.810,0.809,0.045,0.067,0.349,0.272,0.417,0.811,0.799,0.797,0.785,0.732,0.585,0.823,0.824,0.660,0.644,0.731,0.626,0.417,0.809,0.730,0.011,0.782,0.662,0.629,0.272,0.034,0.784,0.732,0.807,0.788,0.655,0.269
7PNB_n_5_MAN;0.818,0.827,0.669,0.626,0.829,0.790,0.818,0.617,0.717,0.804,0.823,0.680,0.657,0.208,0.357,0.085,0.372,0.662,0.823,0.784,0.173,0.717,0.797,0.719,0.357,0.043,0.823,0.629,0.808,0.805,0.818,0.782,0.803,0.804,0.802,0.678,0.550,0.770,0.255,0.824,0.252,0.022,0.817,0.357,0.473,0.165,0.728,0.833,0.803,0.791,0.464,0.814,0.252,0.660,0.787,0.637,0.032,0.455,0.626,0.818,0.821,0.351,0.478,0.818,0.803,0.799,0.821,0.655,0.803,0.678,0.818,0.676,0.780,0.772,0.811,0.728,0.722,0.351,0.550,0.011,0.357,0.794,0.455,0.783,0.190,0.182,0.229,0.190,0.817,0.460,0.623,0.715,0.255,0.807,0.446,0.547,0.728,0.636,0.780,0.620,0.820,0.823,0.198,0.808,0.550,0.208,0.163,0.022,0.814,0.351,0.817,0.245,0.000,0.787,0.779,0.478,0.022,0.636,0.801,0.629,0.817,0.245,0.776,0.653,0.622,0.609,0.460,0.629,0.807,0.634,0.637,0.792,0.252,0.622,0.799,0.628,0.662,0.728,0.255,0.728,0.478,0.547,0.469,0.770,0.647,0.206,0.706,0.630,0.357,0.804,0.779,0.728,0.796,0.357,0.818,0.643,0.357,0.795,0.632,0.662,0.357,0.478,0.236,0.823,0.807,0.637,0.807,0.357,0.248,0.783,0.623,0.645,0.822,0.357,0.252,0.819,0.342,0.653,0.629,0.173,0.446,0.372,0.641,0.662,0.777,0.637,0.547,0.550,0.643,0.771,0.464,0.776,0.673,0.807,0.770,0.460,0.717,0.288,0.660,0.550,0.221,0.208,0.653,0.676,0.803,0.818,0.243,0.198,0.822,0.629,0.818,0.622,0.717,0.022,0.198,0.815,0.796,0.806,0.464,0.372,0.795,0.791,0.248,0.265,0.351,0.225,0.460,0.808,0.810,0.778,0.792,0.728,0.550,0.809,0.814,0.667,0.632,0.720,0.634,0.460,0.806,0.727,0.255,0.767,0.640,0.617,0.190,0.255,0.794,0.728,0.817,0.794,0.662,0.188
7PNB_r_1_NAG;0.694,0.684,0.828,0.798,0.689,0.644,0.713,0.809,0.835,0.635,0.684,0.830,0.795,0.795,0.767,0.781,0.763,0.830,0.680,0.653,0.780,0.832,0.220,0.832,0.780,0.794,0.684,0.831,0.645,0.614,0.641,0.619,0.661,0.632,0.589,0.824,0.770,0.617,0.793,0.655,0.786,0.787,0.705,0.780,0.804,0.788,0.855,0.689,0.655,0.321,0.801,0.644,0.782,0.830,0.616,0.809,0.779,0.797,0.790,0.609,0.711,0.767,0.801,0.712,0.178,0.224,0.645,0.795,0.488,0.824,0.704,0.827,0.607,0.620,0.642,0.855,0.842,0.767,0.770,0.790,0.780,0.350,0.797,0.601,0.799,0.785,0.790,0.803,0.628,0.798,0.797,0.839,0.789,0.630,0.794,0.773,0.855,0.785,0.618,0.827,0.623,0.681,0.770,0.622,0.770,0.795,0.785,0.794,0.636,0.784,0.709,0.793,0.787,0.000,0.593,0.801,0.787,0.794,0.510,0.778,0.613,0.793,0.603,0.826,0.828,0.809,0.794,0.827,0.634,0.830,0.809,0.484,0.786,0.828,0.516,0.791,0.830,0.855,0.797,0.855,0.805,0.773,0.797,0.601,0.795,0.771,0.826,0.796,0.767,0.632,0.612,0.855,0.538,0.780,0.700,0.797,0.780,0.247,0.806,0.826,0.780,0.801,0.782,0.687,0.645,0.809,0.631,0.780,0.800,0.609,0.797,0.799,0.679,0.767,0.786,0.714,0.763,0.826,0.827,0.776,0.794,0.763,0.824,0.826,0.597,0.809,0.773,0.770,0.797,0.610,0.801,0.599,0.822,0.637,0.609,0.794,0.832,0.801,0.821,0.770,0.768,0.799,0.829,0.827,0.524,0.631,0.783,0.791,0.625,0.799,0.629,0.828,0.835,0.787,0.795,0.645,0.645,0.636,0.801,0.763,0.161,0.307,0.796,0.800,0.784,0.774,0.794,0.628,0.678,0.611,0.538,0.855,0.770,0.641,0.647,0.833,0.779,0.833,0.812,0.794,0.633,0.858,0.797,0.610,0.796,0.809,0.799,0.801,0.523,0.855,0.617,0.461,0.826,0.796
7PNB_Q_2_NAG;0.677,0.686,0.848,0.803,0.692,0.560,0.690,0.814,0.851,0.551,0.687,0.850,0.828,0.778,0.785,0.777,0.789,0.846,0.683,0.589,0.785,0.854,0.597,0.848,0.776,0.786,0.687,0.847,0.584,0.586,0.595,0.464,0.601,0.553,0.647,0.851,0.795,0.484,0.785,0.583,0.779,0.779,0.688,0.776,0.830,0.789,0.874,0.692,0.579,0.603,0.826,0.668,0.783,0.846,0.466,0.822,0.784,0.827,0.799,0.592,0.681,0.784,0.826,0.689,0.585,0.597,0.682,0.831,0.620,0.844,0.683,0.847,0.469,0.479,0.662,0.874,0.854,0.784,0.795,0.782,0.776,0.609,0.827,0.060,0.778,0.782,0.782,0.782,0.668,0.824,0.806,0.850,0.790,0.550,0.819,0.795,0.874,0.807,0.482,0.843,0.603,0.684,0.770,0.595,0.795,0.778,0.782,0.786,0.575,0.775,0.685,0.798,0.779,0.593,0.000,0.826,0.783,0.803,0.630,0.799,0.589,0.798,0.103,0.842,0.844,0.814,0.824,0.847,0.554,0.846,0.822,0.609,0.779,0.844,0.639,0.816,0.846,0.874,0.801,0.874,0.830,0.795,0.823,0.103,0.832,0.767,0.845,0.821,0.785,0.549,0.475,0.874,0.640,0.776,0.676,0.825,0.776,0.582,0.819,0.846,0.776,0.826,0.779,0.690,0.569,0.822,0.675,0.776,0.801,0.479,0.806,0.827,0.682,0.785,0.779,0.694,0.780,0.842,0.847,0.789,0.819,0.789,0.844,0.846,0.056,0.822,0.795,0.795,0.825,0.476,0.826,0.067,0.841,0.546,0.103,0.824,0.844,0.814,0.844,0.795,0.764,0.774,0.848,0.847,0.639,0.600,0.775,0.775,0.590,0.803,0.659,0.844,0.847,0.783,0.770,0.679,0.576,0.561,0.826,0.789,0.605,0.604,0.805,0.809,0.775,0.778,0.824,0.549,0.645,0.079,0.642,0.874,0.795,0.678,0.674,0.845,0.800,0.848,0.825,0.824,0.557,0.877,0.801,0.100,0.828,0.814,0.778,0.797,0.635,0.874,0.593,0.609,0.846,0.771
7PNB_d_4_BGC;0.844,0.841,0.710,0.661,0.844,0.816,0.841,0.597,0.732,0.822,0.837,0.695,0.701,0.473,0.525,0.496,0.538,0.574,0.837,0.802,0.450,0.732,0.811,0.734,0.460,0.468,0.837,0.602,0.822,0.819,0.832,0.818,0.821,0.823,0.824,0.692,0.573,0.797,0.478,0.830,0.500,0.478,0.844,0.460,0.083,0.459,0.795,0.848,0.813,0.812,0.071,0.824,0.487,0.570,0.818,0.597,0.455,0.228,0.672,0.820,0.847,0.521,0.000,0.844,0.812,0.813,0.815,0.699,0.796,0.710,0.845,0.717,0.807,0.804,0.821,0.795,0.745,0.521,0.573,0.473,0.460,0.799,0.228,0.830,0.473,0.440,0.483,0.459,0.819,0.237,0.669,0.739,0.478,0.826,0.198,0.569,0.795,0.692,0.803,0.591,0.822,0.837,0.464,0.818,0.573,0.473,0.440,0.468,0.815,0.469,0.844,0.390,0.478,0.801,0.826,0.000,0.464,0.672,0.789,0.685,0.819,0.390,0.824,0.574,0.594,0.589,0.217,0.591,0.826,0.606,0.597,0.789,0.487,0.594,0.788,0.681,0.574,0.795,0.385,0.795,0.024,0.569,0.012,0.818,0.691,0.469,0.729,0.684,0.525,0.823,0.810,0.795,0.784,0.460,0.845,0.686,0.460,0.801,0.592,0.574,0.460,0.000,0.474,0.841,0.821,0.597,0.808,0.460,0.410,0.810,0.669,0.689,0.836,0.525,0.487,0.845,0.513,0.574,0.591,0.450,0.198,0.538,0.594,0.574,0.824,0.597,0.569,0.573,0.686,0.802,0.094,0.824,0.705,0.826,0.818,0.217,0.732,0.385,0.674,0.573,0.451,0.487,0.712,0.717,0.796,0.825,0.492,0.478,0.828,0.664,0.816,0.594,0.732,0.464,0.478,0.821,0.818,0.825,0.094,0.538,0.813,0.817,0.410,0.394,0.469,0.445,0.217,0.827,0.812,0.826,0.784,0.795,0.573,0.823,0.828,0.578,0.687,0.735,0.593,0.217,0.825,0.793,0.385,0.806,0.684,0.597,0.473,0.400,0.783,0.795,0.823,0.800,0.574,0.482
7PNB_O_5_MAN;0.822,0.827,0.669,0.626,0.829,0.794,0.823,0.627,0.717,0.799,0.823,0.680,0.647,0.208,0.357,0.105,0.372,0.653,0.823,0.780,0.173,0.717,0.801,0.719,0.357,0.043,0.823,0.629,0.804,0.801,0.814,0.782,0.799,0.800,0.806,0.678,0.550,0.765,0.255,0.820,0.252,0.043,0.821,0.357,0.459,0.146,0.737,0.833,0.803,0.795,0.450,0.810,0.252,0.650,0.783,0.647,0.032,0.441,0.626,0.814,0.825,0.351,0.464,0.822,0.807,0.803,0.817,0.645,0.807,0.678,0.823,0.676,0.776,0.772,0.807,0.737,0.722,0.351,0.550,0.011,0.357,0.798,0.441,0.787,0.190,0.182,0.229,0.190,0.813,0.446,0.623,0.715,0.255,0.803,0.432,0.547,0.737,0.636,0.780,0.620,0.816,0.823,0.198,0.803,0.550,0.208,0.163,0.043,0.810,0.351,0.821,0.228,0.022,0.787,0.783,0.464,0.000,0.636,0.805,0.629,0.813,0.228,0.780,0.643,0.622,0.619,0.446,0.629,0.803,0.634,0.647,0.796,0.252,0.622,0.803,0.618,0.653,0.737,0.238,0.737,0.464,0.547,0.455,0.775,0.638,0.206,0.706,0.620,0.357,0.800,0.779,0.737,0.796,0.357,0.823,0.633,0.357,0.799,0.642,0.653,0.357,0.464,0.236,0.823,0.803,0.647,0.803,0.357,0.230,0.783,0.623,0.635,0.822,0.357,0.252,0.823,0.342,0.643,0.629,0.173,0.432,0.372,0.641,0.653,0.781,0.647,0.547,0.550,0.633,0.771,0.450,0.780,0.673,0.803,0.775,0.446,0.717,0.272,0.660,0.550,0.221,0.208,0.653,0.676,0.808,0.814,0.243,0.198,0.818,0.629,0.814,0.622,0.717,0.000,0.198,0.811,0.796,0.802,0.450,0.372,0.799,0.795,0.230,0.248,0.351,0.225,0.446,0.804,0.806,0.782,0.796,0.737,0.550,0.805,0.810,0.657,0.632,0.720,0.644,0.446,0.802,0.735,0.238,0.771,0.630,0.627,0.190,0.238,0.799,0.737,0.813,0.799,0.653,0.188
7PNB_o_4_MAN;0.796,0.801,0.725,0.022,0.808,0.801,0.796,0.709,0.722,0.806,0.801,0.728,0.662,0.654,0.621,0.620,0.632,0.728,0.796,0.832,0.617,0.730,0.800,0.723,0.611,0.652,0.801,0.724,0.823,0.820,0.821,0.806,0.818,0.807,0.829,0.725,0.640,0.819,0.624,0.842,0.630,0.636,0.791,0.611,0.680,0.625,0.750,0.812,0.818,0.805,0.672,0.837,0.619,0.727,0.811,0.727,0.629,0.664,0.044,0.821,0.803,0.618,0.672,0.792,0.801,0.806,0.847,0.669,0.842,0.717,0.788,0.724,0.808,0.817,0.838,0.750,0.718,0.618,0.640,0.644,0.611,0.813,0.664,0.803,0.654,0.609,0.627,0.654,0.839,0.667,0.033,0.720,0.624,0.810,0.667,0.647,0.750,0.065,0.808,0.707,0.827,0.797,0.583,0.818,0.640,0.654,0.609,0.652,0.832,0.608,0.791,0.628,0.636,0.794,0.803,0.672,0.636,0.000,0.839,0.096,0.824,0.628,0.804,0.720,0.717,0.702,0.667,0.707,0.810,0.720,0.727,0.836,0.619,0.717,0.842,0.642,0.728,0.750,0.636,0.750,0.672,0.647,0.664,0.803,0.671,0.586,0.727,0.655,0.621,0.807,0.815,0.750,0.843,0.611,0.801,0.657,0.611,0.794,0.722,0.720,0.611,0.672,0.619,0.801,0.818,0.736,0.833,0.611,0.643,0.803,0.033,0.659,0.800,0.621,0.619,0.789,0.611,0.720,0.707,0.617,0.667,0.632,0.691,0.720,0.801,0.727,0.647,0.640,0.657,0.812,0.682,0.800,0.712,0.814,0.799,0.667,0.722,0.636,0.709,0.640,0.581,0.654,0.727,0.724,0.846,0.825,0.622,0.647,0.816,0.033,0.832,0.717,0.722,0.636,0.647,0.841,0.823,0.809,0.672,0.632,0.802,0.802,0.643,0.643,0.608,0.602,0.667,0.815,0.809,0.798,0.844,0.750,0.640,0.839,0.844,0.733,0.085,0.725,0.734,0.667,0.809,0.757,0.636,0.803,0.664,0.709,0.654,0.636,0.842,0.750,0.816,0.834,0.720,0.649
7PNB_O_1_NAG;0.671,0.736,0.841,0.836,0.738,0.600,0.677,0.822,0.858,0.656,0.733,0.850,0.813,0.787,0.781,0.799,0.785,0.839,0.730,0.609,0.807,0.855,0.510,0.855,0.777,0.803,0.733,0.837,0.604,0.632,0.648,0.651,0.621,0.661,0.516,0.841,0.792,0.643,0.803,0.588,0.796,0.801,0.661,0.777,0.793,0.806,0.871,0.738,0.607,0.500,0.794,0.633,0.800,0.839,0.648,0.818,0.797,0.803,0.836,0.631,0.681,0.780,0.789,0.669,0.517,0.506,0.649,0.812,0.161,0.841,0.667,0.840,0.632,0.642,0.632,0.871,0.865,0.780,0.792,0.804,0.777,0.503,0.803,0.634,0.787,0.803,0.807,0.787,0.634,0.804,0.835,0.862,0.803,0.662,0.795,0.795,0.871,0.839,0.639,0.837,0.634,0.730,0.809,0.640,0.792,0.787,0.803,0.799,0.584,0.780,0.665,0.790,0.801,0.510,0.630,0.789,0.805,0.839,0.000,0.832,0.639,0.790,0.632,0.835,0.837,0.823,0.799,0.837,0.659,0.835,0.818,0.271,0.800,0.837,0.053,0.805,0.839,0.871,0.794,0.871,0.794,0.795,0.790,0.627,0.813,0.805,0.853,0.805,0.781,0.653,0.641,0.871,0.093,0.777,0.674,0.806,0.777,0.497,0.815,0.835,0.777,0.789,0.796,0.736,0.601,0.814,0.634,0.777,0.797,0.630,0.835,0.808,0.729,0.781,0.800,0.678,0.777,0.835,0.837,0.803,0.795,0.785,0.841,0.835,0.633,0.818,0.795,0.792,0.806,0.639,0.789,0.621,0.834,0.662,0.627,0.799,0.855,0.798,0.841,0.792,0.799,0.792,0.845,0.840,0.103,0.649,0.805,0.784,0.629,0.836,0.621,0.837,0.858,0.805,0.792,0.655,0.623,0.665,0.794,0.785,0.519,0.497,0.793,0.797,0.780,0.804,0.799,0.661,0.624,0.644,0.101,0.871,0.792,0.662,0.654,0.842,0.833,0.856,0.818,0.799,0.665,0.871,0.794,0.628,0.805,0.822,0.787,0.798,0.042,0.871,0.639,0.174,0.835,0.785
7PNB_t_4_MAN;0.792,0.784,0.719,0.116,0.792,0.797,0.797,0.702,0.723,0.803,0.785,0.722,0.655,0.647,0.614,0.612,0.624,0.722,0.780,0.828,0.609,0.723,0.784,0.717,0.603,0.644,0.785,0.717,0.820,0.813,0.813,0.811,0.814,0.804,0.818,0.719,0.642,0.824,0.637,0.839,0.632,0.629,0.787,0.603,0.672,0.617,0.752,0.796,0.815,0.790,0.664,0.837,0.632,0.720,0.816,0.720,0.621,0.656,0.054,0.818,0.799,0.611,0.685,0.788,0.785,0.790,0.847,0.662,0.834,0.711,0.784,0.717,0.813,0.822,0.838,0.752,0.720,0.611,0.642,0.636,0.603,0.797,0.656,0.799,0.647,0.623,0.640,0.647,0.840,0.659,0.106,0.722,0.637,0.806,0.659,0.650,0.752,0.033,0.813,0.700,0.824,0.781,0.597,0.815,0.642,0.647,0.612,0.644,0.829,0.600,0.787,0.641,0.629,0.778,0.799,0.685,0.629,0.096,0.832,0.000,0.820,0.641,0.801,0.713,0.711,0.695,0.659,0.700,0.806,0.713,0.720,0.829,0.632,0.711,0.835,0.625,0.722,0.752,0.649,0.752,0.685,0.650,0.677,0.799,0.664,0.600,0.720,0.638,0.614,0.804,0.820,0.752,0.836,0.603,0.797,0.650,0.603,0.786,0.715,0.713,0.603,0.685,0.632,0.784,0.814,0.729,0.834,0.603,0.646,0.808,0.106,0.652,0.784,0.614,0.632,0.789,0.603,0.713,0.700,0.609,0.659,0.624,0.693,0.713,0.797,0.720,0.650,0.642,0.650,0.812,0.674,0.797,0.706,0.811,0.795,0.659,0.715,0.649,0.711,0.642,0.595,0.647,0.721,0.717,0.839,0.822,0.635,0.639,0.809,0.125,0.829,0.711,0.723,0.629,0.639,0.842,0.820,0.806,0.664,0.624,0.786,0.786,0.646,0.646,0.600,0.615,0.659,0.812,0.805,0.794,0.836,0.752,0.642,0.839,0.844,0.727,0.011,0.719,0.727,0.659,0.806,0.758,0.649,0.800,0.657,0.702,0.647,0.649,0.834,0.752,0.812,0.827,0.713,0.642
7PNB_q_2_NAG;0.701,0.701,0.859,0.820,0.699,0.679,0.707,0.814,0.865,0.645,0.698,0.872,0.805,0.828,0.802,0.816,0.806,0.850,0.694,0.670,0.807,0.865,0.598,0.862,0.814,0.816,0.698,0.855,0.676,0.106,0.121,0.618,0.678,0.646,0.689,0.855,0.779,0.605,0.807,0.661,0.800,0.817,0.709,0.814,0.826,0.806,0.878,0.699,0.675,0.596,0.819,0.630,0.800,0.850,0.616,0.806,0.818,0.819,0.824,0.075,0.698,0.801,0.819,0.710,0.623,0.606,0.627,0.804,0.628,0.866,0.701,0.862,0.603,0.609,0.628,0.878,0.872,0.801,0.779,0.816,0.814,0.603,0.819,0.589,0.824,0.808,0.807,0.816,0.645,0.820,0.823,0.869,0.807,0.644,0.812,0.779,0.878,0.824,0.610,0.848,0.078,0.695,0.809,0.089,0.779,0.828,0.808,0.820,0.671,0.814,0.706,0.807,0.817,0.613,0.589,0.819,0.813,0.824,0.639,0.820,0.000,0.807,0.587,0.847,0.852,0.815,0.816,0.848,0.644,0.858,0.810,0.644,0.800,0.852,0.640,0.805,0.850,0.878,0.810,0.878,0.823,0.783,0.815,0.589,0.805,0.805,0.860,0.801,0.802,0.639,0.612,0.878,0.634,0.814,0.701,0.798,0.814,0.606,0.807,0.850,0.814,0.819,0.796,0.701,0.673,0.814,0.623,0.814,0.810,0.604,0.823,0.800,0.693,0.802,0.800,0.711,0.798,0.847,0.848,0.807,0.812,0.806,0.848,0.850,0.585,0.810,0.783,0.779,0.798,0.605,0.827,0.587,0.856,0.641,0.593,0.816,0.865,0.818,0.859,0.779,0.803,0.824,0.863,0.862,0.654,0.053,0.801,0.825,0.160,0.820,0.625,0.852,0.865,0.813,0.821,0.627,0.679,0.651,0.823,0.806,0.606,0.594,0.810,0.814,0.814,0.812,0.816,0.643,0.664,0.588,0.643,0.878,0.779,0.634,0.629,0.849,0.821,0.863,0.814,0.816,0.647,0.881,0.810,0.579,0.797,0.814,0.824,0.806,0.636,0.878,0.038,0.625,0.850,0.822
7PNB_v_6_MAN;0.828,0.821,0.689,0.617,0.828,0.792,0.829,0.629,0.728,0.806,0.817,0.701,0.679,0.272,0.339,0.265,0.355,0.655,0.821,0.786,0.275,0.728,0.807,0.730,0.339,0.248,0.817,0.660,0.798,0.799,0.812,0.797,0.796,0.806,0.800,0.698,0.585,0.781,0.375,0.814,0.386,0.262,0.828,0.339,0.415,0.250,0.732,0.824,0.797,0.805,0.406,0.820,0.372,0.652,0.798,0.629,0.218,0.411,0.628,0.808,0.831,0.333,0.390,0.828,0.813,0.814,0.823,0.676,0.792,0.698,0.829,0.696,0.795,0.787,0.818,0.732,0.732,0.333,0.585,0.238,0.339,0.804,0.411,0.802,0.272,0.212,0.351,0.255,0.823,0.417,0.625,0.726,0.375,0.809,0.402,0.581,0.732,0.649,0.791,0.650,0.810,0.817,0.279,0.797,0.585,0.272,0.230,0.248,0.803,0.349,0.828,0.000,0.245,0.793,0.798,0.390,0.228,0.628,0.790,0.641,0.807,0.000,0.795,0.645,0.653,0.611,0.417,0.650,0.809,0.655,0.629,0.786,0.372,0.653,0.789,0.659,0.655,0.732,0.011,0.732,0.390,0.581,0.381,0.789,0.669,0.286,0.725,0.662,0.339,0.806,0.789,0.732,0.785,0.339,0.829,0.664,0.339,0.801,0.624,0.655,0.339,0.390,0.357,0.817,0.805,0.629,0.817,0.339,0.045,0.798,0.625,0.667,0.820,0.339,0.372,0.829,0.339,0.645,0.650,0.275,0.402,0.355,0.653,0.655,0.796,0.629,0.581,0.585,0.664,0.786,0.421,0.795,0.685,0.809,0.789,0.417,0.728,0.098,0.680,0.585,0.283,0.288,0.691,0.696,0.793,0.808,0.363,0.262,0.812,0.620,0.820,0.653,0.728,0.228,0.279,0.821,0.802,0.809,0.406,0.355,0.810,0.809,0.045,0.067,0.349,0.272,0.417,0.811,0.799,0.797,0.785,0.732,0.585,0.823,0.824,0.660,0.644,0.731,0.626,0.417,0.809,0.730,0.011,0.782,0.662,0.629,0.272,0.034,0.784,0.732,0.807,0.788,0.655,0.269
7PNB_p_2_NAG;0.692,0.681,0.845,0.804,0.686,0.578,0.695,0.815,0.852,0.537,0.682,0.847,0.833,0.775,0.782,0.775,0.786,0.843,0.678,0.599,0.782,0.852,0.595,0.849,0.774,0.783,0.682,0.844,0.602,0.585,0.593,0.472,0.618,0.543,0.652,0.849,0.784,0.504,0.787,0.608,0.780,0.776,0.693,0.774,0.827,0.786,0.875,0.686,0.589,0.597,0.824,0.679,0.784,0.843,0.482,0.823,0.781,0.824,0.800,0.591,0.689,0.781,0.824,0.694,0.591,0.592,0.693,0.832,0.622,0.841,0.688,0.844,0.472,0.496,0.674,0.875,0.858,0.781,0.784,0.780,0.774,0.604,0.824,0.060,0.775,0.779,0.784,0.780,0.680,0.821,0.808,0.855,0.791,0.536,0.817,0.784,0.875,0.808,0.481,0.841,0.602,0.679,0.768,0.597,0.784,0.775,0.779,0.783,0.592,0.773,0.690,0.795,0.776,0.603,0.103,0.824,0.780,0.804,0.632,0.801,0.587,0.795,0.000,0.840,0.841,0.815,0.821,0.844,0.540,0.843,0.823,0.611,0.780,0.841,0.641,0.821,0.843,0.875,0.799,0.875,0.828,0.784,0.820,0.045,0.833,0.764,0.846,0.826,0.782,0.534,0.491,0.875,0.642,0.774,0.688,0.830,0.774,0.573,0.820,0.843,0.774,0.824,0.780,0.685,0.587,0.823,0.687,0.774,0.798,0.478,0.808,0.828,0.677,0.782,0.780,0.702,0.778,0.840,0.844,0.787,0.817,0.786,0.841,0.843,0.085,0.823,0.784,0.784,0.830,0.493,0.824,0.081,0.839,0.536,0.053,0.821,0.848,0.811,0.841,0.784,0.761,0.771,0.845,0.844,0.634,0.598,0.777,0.772,0.592,0.805,0.671,0.841,0.852,0.780,0.768,0.690,0.598,0.547,0.824,0.786,0.611,0.606,0.802,0.806,0.773,0.775,0.821,0.539,0.647,0.100,0.647,0.875,0.784,0.686,0.685,0.846,0.801,0.849,0.826,0.821,0.543,0.878,0.799,0.120,0.830,0.815,0.775,0.794,0.637,0.875,0.591,0.611,0.843,0.768
7PNB_r_3_YZT;0.847,0.856,0.452,0.711,0.862,0.829,0.845,0.735,0.541,0.819,0.856,0.427,0.693,0.650,0.667,0.657,0.667,0.019,0.852,0.816,0.645,0.550,0.835,0.544,0.639,0.648,0.856,0.323,0.835,0.843,0.855,0.823,0.834,0.820,0.837,0.429,0.664,0.832,0.678,0.842,0.673,0.653,0.844,0.639,0.581,0.652,0.725,0.866,0.827,0.836,0.574,0.858,0.673,0.010,0.824,0.735,0.646,0.577,0.711,0.848,0.847,0.664,0.574,0.844,0.833,0.838,0.850,0.691,0.838,0.429,0.845,0.448,0.825,0.833,0.856,0.717,0.544,0.664,0.664,0.650,0.639,0.832,0.577,0.846,0.641,0.657,0.680,0.650,0.854,0.580,0.709,0.547,0.678,0.823,0.558,0.662,0.717,0.728,0.828,0.336,0.850,0.853,0.643,0.846,0.664,0.650,0.657,0.657,0.828,0.636,0.844,0.645,0.653,0.826,0.842,0.574,0.643,0.720,0.835,0.713,0.847,0.645,0.840,0.000,0.287,0.729,0.569,0.309,0.823,0.311,0.735,0.832,0.673,0.301,0.834,0.684,0.019,0.717,0.652,0.725,0.585,0.662,0.566,0.835,0.693,0.646,0.540,0.695,0.667,0.820,0.827,0.717,0.839,0.639,0.845,0.697,0.639,0.826,0.731,0.038,0.639,0.574,0.664,0.859,0.833,0.744,0.848,0.639,0.650,0.827,0.709,0.691,0.855,0.667,0.673,0.845,0.658,0.000,0.349,0.645,0.558,0.667,0.328,0.057,0.840,0.735,0.662,0.664,0.697,0.832,0.574,0.840,0.437,0.823,0.835,0.569,0.531,0.652,0.429,0.664,0.641,0.650,0.456,0.459,0.838,0.852,0.675,0.643,0.851,0.713,0.854,0.315,0.541,0.643,0.643,0.859,0.831,0.822,0.574,0.667,0.838,0.841,0.650,0.650,0.636,0.650,0.569,0.824,0.833,0.842,0.839,0.709,0.664,0.853,0.862,0.019,0.715,0.547,0.742,0.569,0.822,0.723,0.652,0.832,0.695,0.735,0.641,0.652,0.838,0.717,0.850,0.841,0.019,0.636
7PNB_J_3_YZT;0.859,0.861,0.475,0.709,0.867,0.827,0.857,0.732,0.578,0.837,0.861,0.429,0.699,0.639,0.646,0.636,0.646,0.287,0.857,0.818,0.624,0.587,0.833,0.581,0.637,0.636,0.861,0.046,0.840,0.849,0.860,0.821,0.835,0.837,0.838,0.453,0.653,0.826,0.649,0.851,0.653,0.632,0.856,0.637,0.602,0.641,0.706,0.871,0.832,0.834,0.594,0.863,0.644,0.295,0.825,0.732,0.615,0.586,0.709,0.854,0.859,0.644,0.594,0.857,0.835,0.835,0.862,0.697,0.839,0.464,0.857,0.482,0.826,0.827,0.861,0.698,0.591,0.644,0.653,0.629,0.637,0.834,0.586,0.848,0.629,0.636,0.651,0.629,0.858,0.590,0.707,0.584,0.649,0.840,0.568,0.651,0.698,0.725,0.826,0.064,0.855,0.858,0.622,0.851,0.653,0.639,0.636,0.627,0.838,0.634,0.856,0.653,0.622,0.828,0.844,0.594,0.622,0.717,0.837,0.711,0.852,0.653,0.841,0.287,0.000,0.726,0.579,0.082,0.840,0.100,0.732,0.826,0.653,0.019,0.836,0.682,0.287,0.698,0.660,0.706,0.604,0.651,0.586,0.837,0.699,0.615,0.577,0.692,0.646,0.837,0.825,0.698,0.837,0.637,0.857,0.703,0.637,0.824,0.728,0.315,0.637,0.594,0.635,0.864,0.831,0.741,0.853,0.637,0.657,0.829,0.707,0.697,0.860,0.646,0.644,0.858,0.637,0.287,0.099,0.624,0.568,0.646,0.107,0.328,0.842,0.732,0.651,0.653,0.703,0.826,0.594,0.841,0.471,0.840,0.837,0.579,0.587,0.660,0.453,0.653,0.621,0.639,0.468,0.471,0.840,0.857,0.656,0.632,0.856,0.711,0.859,0.037,0.578,0.622,0.632,0.864,0.833,0.839,0.594,0.646,0.832,0.835,0.657,0.657,0.634,0.629,0.579,0.841,0.831,0.843,0.837,0.690,0.653,0.858,0.866,0.303,0.712,0.574,0.739,0.579,0.839,0.696,0.660,0.830,0.701,0.732,0.629,0.660,0.835,0.698,0.855,0.835,0.301,0.625
7PNB_p_5_MAN;0.843,0.804,0.734,0.702,0.803,0.804,0.844,0.032,0.706,0.838,0.797,0.729,0.692,0.595,0.604,0.634,0.594,0.737,0.804,0.811,0.632,0.706,0.803,0.708,0.625,0.634,0.797,0.732,0.822,0.815,0.824,0.818,0.817,0.842,0.820,0.726,0.613,0.823,0.586,0.829,0.582,0.619,0.847,0.625,0.608,0.639,0.818,0.803,0.810,0.801,0.600,0.800,0.582,0.735,0.818,0.111,0.612,0.592,0.693,0.820,0.850,0.602,0.589,0.847,0.805,0.813,0.811,0.690,0.821,0.734,0.848,0.741,0.811,0.820,0.797,0.818,0.703,0.602,0.613,0.617,0.625,0.796,0.592,0.822,0.595,0.614,0.590,0.595,0.799,0.584,0.709,0.704,0.597,0.849,0.595,0.620,0.818,0.711,0.823,0.724,0.814,0.801,0.588,0.814,0.613,0.595,0.624,0.624,0.823,0.622,0.847,0.611,0.609,0.809,0.814,0.589,0.619,0.702,0.823,0.695,0.815,0.611,0.815,0.729,0.726,0.000,0.595,0.732,0.845,0.745,0.092,0.815,0.582,0.726,0.826,0.701,0.737,0.818,0.618,0.818,0.600,0.610,0.581,0.814,0.683,0.591,0.712,0.694,0.604,0.842,0.822,0.818,0.818,0.625,0.848,0.696,0.625,0.801,0.110,0.729,0.625,0.589,0.582,0.800,0.813,0.111,0.801,0.625,0.626,0.818,0.709,0.699,0.799,0.604,0.571,0.848,0.594,0.729,0.732,0.632,0.595,0.594,0.726,0.729,0.812,0.092,0.610,0.613,0.696,0.827,0.600,0.811,0.730,0.845,0.810,0.595,0.698,0.618,0.742,0.613,0.586,0.595,0.728,0.741,0.818,0.812,0.596,0.588,0.811,0.704,0.796,0.726,0.706,0.619,0.588,0.797,0.806,0.845,0.600,0.594,0.801,0.805,0.626,0.626,0.622,0.606,0.595,0.846,0.836,0.818,0.818,0.818,0.613,0.782,0.803,0.742,0.697,0.710,0.102,0.595,0.848,0.817,0.618,0.811,0.694,0.032,0.595,0.618,0.817,0.818,0.811,0.817,0.729,0.580
7PNB_q_4_BGC;0.841,0.838,0.688,0.667,0.841,0.813,0.842,0.603,0.702,0.819,0.834,0.671,0.667,0.482,0.533,0.478,0.545,0.569,0.834,0.795,0.431,0.711,0.804,0.704,0.483,0.464,0.834,0.586,0.811,0.808,0.817,0.798,0.806,0.820,0.821,0.669,0.521,0.794,0.474,0.827,0.483,0.474,0.841,0.483,0.209,0.440,0.748,0.845,0.806,0.810,0.217,0.829,0.470,0.566,0.799,0.603,0.438,0.012,0.656,0.818,0.844,0.529,0.217,0.841,0.810,0.810,0.816,0.664,0.806,0.688,0.842,0.694,0.796,0.801,0.823,0.748,0.715,0.529,0.521,0.455,0.483,0.805,0.012,0.828,0.469,0.450,0.466,0.455,0.820,0.024,0.664,0.709,0.474,0.823,0.024,0.517,0.748,0.677,0.796,0.576,0.815,0.834,0.432,0.811,0.521,0.482,0.450,0.464,0.812,0.478,0.841,0.417,0.460,0.794,0.824,0.217,0.446,0.667,0.799,0.659,0.816,0.417,0.821,0.569,0.579,0.595,0.000,0.576,0.823,0.591,0.603,0.799,0.483,0.579,0.798,0.647,0.569,0.748,0.411,0.748,0.237,0.517,0.207,0.815,0.657,0.438,0.699,0.649,0.533,0.820,0.803,0.748,0.794,0.483,0.842,0.652,0.483,0.794,0.598,0.569,0.483,0.217,0.483,0.838,0.806,0.614,0.818,0.483,0.406,0.794,0.664,0.654,0.833,0.533,0.470,0.842,0.521,0.569,0.576,0.431,0.024,0.545,0.579,0.569,0.821,0.603,0.517,0.521,0.652,0.799,0.217,0.821,0.683,0.823,0.815,0.000,0.711,0.381,0.660,0.521,0.434,0.482,0.690,0.694,0.806,0.822,0.475,0.487,0.812,0.669,0.817,0.579,0.702,0.446,0.474,0.822,0.803,0.822,0.198,0.545,0.806,0.814,0.406,0.390,0.478,0.441,0.000,0.824,0.804,0.823,0.794,0.748,0.521,0.812,0.825,0.574,0.662,0.706,0.611,0.000,0.822,0.747,0.411,0.808,0.649,0.603,0.469,0.411,0.793,0.748,0.820,0.810,0.569,0.478
7PNB_Y_3_YZT;0.859,0.868,0.482,0.698,0.874,0.830,0.857,0.739,0.584,0.836,0.868,0.436,0.713,0.655,0.653,0.643,0.653,0.309,0.864,0.821,0.621,0.603,0.833,0.587,0.644,0.643,0.868,0.091,0.840,0.844,0.856,0.820,0.835,0.837,0.838,0.460,0.660,0.825,0.655,0.850,0.660,0.639,0.856,0.644,0.598,0.638,0.688,0.877,0.832,0.834,0.591,0.866,0.651,0.317,0.825,0.739,0.622,0.583,0.698,0.849,0.859,0.651,0.591,0.856,0.834,0.835,0.862,0.712,0.839,0.471,0.857,0.489,0.826,0.827,0.864,0.679,0.597,0.651,0.660,0.636,0.644,0.833,0.583,0.851,0.646,0.634,0.658,0.636,0.862,0.586,0.696,0.591,0.655,0.839,0.565,0.658,0.679,0.715,0.822,0.056,0.851,0.864,0.620,0.847,0.660,0.655,0.634,0.634,0.837,0.641,0.856,0.650,0.629,0.827,0.847,0.591,0.629,0.707,0.837,0.700,0.848,0.650,0.844,0.309,0.082,0.732,0.576,0.000,0.839,0.056,0.739,0.826,0.660,0.064,0.835,0.697,0.309,0.696,0.657,0.688,0.602,0.658,0.583,0.840,0.713,0.613,0.583,0.707,0.653,0.837,0.825,0.696,0.832,0.644,0.857,0.717,0.644,0.824,0.734,0.309,0.644,0.591,0.642,0.871,0.834,0.747,0.856,0.644,0.655,0.825,0.696,0.712,0.867,0.653,0.651,0.857,0.644,0.309,0.073,0.621,0.565,0.653,0.046,0.323,0.845,0.739,0.658,0.660,0.717,0.825,0.591,0.844,0.479,0.839,0.840,0.576,0.594,0.657,0.460,0.660,0.618,0.655,0.486,0.478,0.839,0.853,0.662,0.648,0.852,0.700,0.862,0.082,0.584,0.629,0.648,0.863,0.836,0.839,0.591,0.653,0.831,0.834,0.655,0.655,0.641,0.627,0.576,0.840,0.834,0.847,0.833,0.688,0.660,0.865,0.866,0.325,0.702,0.590,0.745,0.576,0.839,0.694,0.657,0.829,0.715,0.739,0.646,0.657,0.831,0.696,0.851,0.835,0.323,0.641
7PNB_c_2_NAG;0.720,0.739,0.844,0.810,0.738,0.632,0.727,0.845,0.862,0.012,0.737,0.846,0.811,0.811,0.808,0.806,0.808,0.827,0.736,0.633,0.801,0.858,0.622,0.858,0.804,0.806,0.737,0.843,0.632,0.631,0.640,0.437,0.645,0.039,0.668,0.844,0.818,0.476,0.809,0.639,0.802,0.807,0.725,0.804,0.825,0.804,0.875,0.744,0.639,0.624,0.821,0.685,0.806,0.826,0.429,0.848,0.804,0.826,0.810,0.651,0.715,0.808,0.826,0.723,0.622,0.615,0.672,0.810,0.645,0.840,0.717,0.843,0.456,0.466,0.683,0.875,0.868,0.808,0.818,0.806,0.804,0.616,0.826,0.546,0.806,0.806,0.806,0.806,0.672,0.823,0.809,0.865,0.813,0.008,0.819,0.822,0.875,0.810,0.465,0.839,0.654,0.737,0.794,0.650,0.818,0.811,0.806,0.810,0.631,0.804,0.722,0.809,0.807,0.634,0.554,0.826,0.803,0.810,0.659,0.806,0.644,0.809,0.540,0.823,0.840,0.845,0.823,0.839,0.000,0.838,0.848,0.653,0.802,0.840,0.660,0.811,0.827,0.875,0.813,0.875,0.830,0.818,0.822,0.533,0.807,0.791,0.852,0.808,0.808,0.016,0.462,0.875,0.661,0.804,0.717,0.804,0.804,0.592,0.846,0.823,0.804,0.826,0.802,0.739,0.633,0.848,0.672,0.804,0.808,0.453,0.809,0.810,0.736,0.808,0.802,0.727,0.804,0.823,0.839,0.805,0.819,0.808,0.840,0.823,0.554,0.848,0.818,0.818,0.804,0.482,0.821,0.532,0.837,0.032,0.520,0.823,0.854,0.817,0.836,0.818,0.788,0.806,0.840,0.843,0.664,0.648,0.803,0.807,0.660,0.811,0.679,0.840,0.862,0.803,0.807,0.686,0.636,0.028,0.821,0.808,0.641,0.618,0.812,0.816,0.804,0.798,0.823,0.047,0.656,0.553,0.663,0.875,0.818,0.688,0.681,0.826,0.807,0.859,0.852,0.823,0.028,0.878,0.813,0.543,0.803,0.845,0.806,0.809,0.667,0.875,0.648,0.649,0.823,0.799
7PNB_x_3_YZT;0.865,0.867,0.452,0.711,0.873,0.833,0.863,0.744,0.606,0.835,0.867,0.427,0.718,0.650,0.658,0.648,0.658,0.311,0.863,0.820,0.626,0.624,0.835,0.609,0.648,0.648,0.867,0.092,0.839,0.854,0.866,0.823,0.838,0.836,0.840,0.452,0.655,0.828,0.660,0.849,0.664,0.643,0.862,0.648,0.614,0.643,0.684,0.877,0.831,0.836,0.606,0.873,0.655,0.320,0.827,0.752,0.627,0.598,0.711,0.859,0.865,0.655,0.606,0.863,0.837,0.838,0.868,0.716,0.838,0.440,0.863,0.459,0.828,0.830,0.870,0.675,0.619,0.655,0.655,0.641,0.648,0.840,0.598,0.850,0.641,0.638,0.662,0.641,0.868,0.602,0.709,0.613,0.660,0.838,0.580,0.653,0.675,0.728,0.825,0.109,0.861,0.863,0.624,0.857,0.655,0.650,0.638,0.638,0.836,0.646,0.862,0.655,0.634,0.830,0.846,0.606,0.634,0.720,0.835,0.713,0.858,0.655,0.843,0.311,0.100,0.745,0.591,0.056,0.838,0.000,0.752,0.825,0.664,0.083,0.834,0.701,0.311,0.692,0.662,0.684,0.617,0.653,0.598,0.839,0.718,0.627,0.605,0.712,0.658,0.836,0.827,0.692,0.835,0.648,0.863,0.722,0.648,0.826,0.747,0.311,0.648,0.606,0.646,0.870,0.837,0.752,0.863,0.648,0.660,0.827,0.709,0.716,0.866,0.658,0.655,0.863,0.648,0.311,0.126,0.626,0.580,0.658,0.083,0.325,0.844,0.752,0.653,0.655,0.722,0.828,0.606,0.843,0.449,0.838,0.839,0.591,0.615,0.662,0.429,0.655,0.632,0.650,0.456,0.448,0.838,0.863,0.667,0.643,0.862,0.713,0.868,0.100,0.606,0.634,0.643,0.873,0.839,0.838,0.606,0.658,0.834,0.837,0.660,0.660,0.646,0.631,0.591,0.839,0.833,0.846,0.836,0.684,0.655,0.867,0.872,0.328,0.715,0.611,0.758,0.591,0.838,0.690,0.662,0.832,0.720,0.744,0.641,0.662,0.834,0.692,0.861,0.834,0.325,0.636
7PNB_k_5_MAN;0.850,0.812,0.748,0.727,0.810,0.815,0.851,0.121,0.704,0.845,0.804,0.752,0.699,0.624,0.632,0.652,0.622,0.744,0.812,0.818,0.649,0.712,0.803,0.706,0.642,0.652,0.804,0.739,0.833,0.811,0.823,0.821,0.828,0.846,0.819,0.741,0.640,0.822,0.625,0.841,0.620,0.647,0.854,0.642,0.616,0.657,0.824,0.810,0.817,0.804,0.608,0.791,0.620,0.742,0.818,0.021,0.640,0.611,0.718,0.816,0.857,0.630,0.597,0.854,0.804,0.813,0.807,0.697,0.816,0.756,0.855,0.755,0.811,0.820,0.788,0.824,0.709,0.630,0.640,0.644,0.642,0.803,0.611,0.829,0.624,0.632,0.628,0.614,0.791,0.614,0.734,0.711,0.635,0.852,0.603,0.647,0.824,0.736,0.823,0.731,0.810,0.808,0.617,0.813,0.640,0.624,0.642,0.642,0.831,0.640,0.854,0.629,0.637,0.809,0.822,0.597,0.647,0.727,0.818,0.720,0.810,0.629,0.823,0.735,0.732,0.092,0.603,0.739,0.848,0.752,0.000,0.810,0.620,0.732,0.821,0.707,0.744,0.824,0.636,0.824,0.608,0.638,0.589,0.822,0.690,0.609,0.710,0.701,0.632,0.849,0.822,0.824,0.814,0.642,0.855,0.703,0.642,0.801,0.021,0.735,0.642,0.597,0.620,0.808,0.820,0.021,0.792,0.642,0.644,0.818,0.734,0.705,0.807,0.632,0.610,0.855,0.622,0.735,0.739,0.649,0.603,0.622,0.732,0.735,0.823,0.000,0.638,0.640,0.703,0.826,0.608,0.819,0.744,0.848,0.822,0.603,0.712,0.636,0.756,0.640,0.604,0.624,0.742,0.755,0.813,0.812,0.633,0.617,0.807,0.729,0.787,0.732,0.704,0.647,0.617,0.788,0.814,0.848,0.608,0.622,0.801,0.809,0.644,0.644,0.640,0.624,0.603,0.849,0.840,0.833,0.814,0.824,0.640,0.782,0.795,0.748,0.722,0.708,0.011,0.603,0.852,0.823,0.636,0.822,0.701,0.121,0.624,0.636,0.812,0.824,0.810,0.812,0.735,0.619
7PNB_x_1_NAG;0.680,0.729,0.834,0.836,0.727,0.562,0.696,0.814,0.856,0.651,0.723,0.844,0.821,0.787,0.777,0.791,0.772,0.836,0.722,0.575,0.794,0.856,0.475,0.853,0.777,0.795,0.723,0.826,0.570,0.630,0.650,0.634,0.596,0.648,0.537,0.834,0.796,0.607,0.794,0.553,0.787,0.792,0.677,0.777,0.797,0.794,0.865,0.727,0.573,0.496,0.793,0.656,0.792,0.836,0.632,0.810,0.793,0.803,0.832,0.640,0.694,0.776,0.789,0.685,0.487,0.488,0.674,0.820,0.176,0.834,0.682,0.833,0.619,0.617,0.654,0.865,0.862,0.776,0.796,0.796,0.777,0.490,0.803,0.613,0.787,0.791,0.799,0.787,0.647,0.804,0.836,0.859,0.794,0.657,0.795,0.795,0.865,0.836,0.615,0.826,0.646,0.723,0.792,0.645,0.796,0.787,0.791,0.791,0.548,0.780,0.684,0.786,0.792,0.484,0.609,0.789,0.796,0.836,0.271,0.829,0.644,0.786,0.611,0.832,0.826,0.815,0.799,0.826,0.653,0.825,0.810,0.000,0.792,0.826,0.278,0.821,0.836,0.865,0.789,0.865,0.793,0.799,0.790,0.605,0.817,0.789,0.850,0.818,0.777,0.651,0.617,0.865,0.245,0.777,0.682,0.818,0.777,0.475,0.808,0.836,0.777,0.789,0.787,0.725,0.559,0.806,0.643,0.777,0.793,0.621,0.836,0.824,0.718,0.777,0.792,0.690,0.772,0.832,0.826,0.790,0.795,0.772,0.826,0.836,0.609,0.810,0.799,0.796,0.818,0.607,0.793,0.604,0.827,0.653,0.605,0.799,0.856,0.798,0.834,0.796,0.786,0.792,0.838,0.833,0.312,0.647,0.797,0.784,0.637,0.837,0.637,0.826,0.856,0.796,0.788,0.678,0.578,0.656,0.798,0.772,0.488,0.493,0.789,0.793,0.780,0.787,0.799,0.651,0.610,0.616,0.277,0.865,0.796,0.674,0.676,0.839,0.829,0.853,0.810,0.799,0.663,0.865,0.789,0.610,0.818,0.814,0.787,0.794,0.270,0.865,0.647,0.156,0.836,0.784
7PNB_k_6_MAN;0.813,0.793,0.680,0.609,0.796,0.785,0.814,0.590,0.702,0.799,0.790,0.699,0.678,0.324,0.342,0.271,0.357,0.682,0.789,0.784,0.327,0.702,0.789,0.704,0.398,0.271,0.790,0.660,0.787,0.793,0.813,0.782,0.785,0.799,0.809,0.688,0.534,0.770,0.021,0.811,0.021,0.252,0.812,0.398,0.496,0.290,0.753,0.800,0.790,0.782,0.487,0.805,0.041,0.680,0.783,0.620,0.259,0.479,0.619,0.801,0.816,0.351,0.487,0.813,0.798,0.795,0.809,0.676,0.802,0.688,0.814,0.686,0.776,0.772,0.803,0.753,0.706,0.351,0.534,0.262,0.398,0.781,0.479,0.783,0.324,0.287,0.051,0.324,0.805,0.483,0.617,0.700,0.041,0.802,0.496,0.531,0.753,0.640,0.780,0.651,0.803,0.790,0.300,0.795,0.534,0.324,0.271,0.271,0.809,0.393,0.812,0.372,0.252,0.786,0.779,0.487,0.252,0.619,0.800,0.632,0.800,0.372,0.780,0.673,0.653,0.582,0.483,0.660,0.802,0.664,0.620,0.792,0.000,0.653,0.799,0.650,0.682,0.753,0.381,0.753,0.487,0.531,0.479,0.770,0.669,0.306,0.691,0.653,0.342,0.799,0.779,0.753,0.791,0.398,0.814,0.664,0.398,0.782,0.616,0.682,0.398,0.487,0.061,0.789,0.790,0.620,0.798,0.398,0.389,0.779,0.617,0.667,0.788,0.342,0.021,0.814,0.342,0.673,0.660,0.327,0.496,0.357,0.662,0.682,0.781,0.620,0.531,0.534,0.664,0.767,0.487,0.776,0.684,0.802,0.774,0.483,0.702,0.366,0.671,0.534,0.319,0.324,0.673,0.686,0.803,0.801,0.031,0.315,0.809,0.612,0.801,0.653,0.702,0.252,0.315,0.806,0.791,0.801,0.487,0.357,0.791,0.783,0.389,0.389,0.393,0.324,0.483,0.803,0.796,0.778,0.791,0.753,0.534,0.800,0.805,0.678,0.635,0.706,0.618,0.483,0.801,0.759,0.381,0.767,0.662,0.590,0.324,0.381,0.794,0.753,0.800,0.798,0.682,0.321
7PNB_O_3_YZT;0.859,0.861,0.475,0.709,0.867,0.827,0.857,0.732,0.578,0.837,0.861,0.429,0.699,0.639,0.646,0.636,0.646,0.301,0.857,0.818,0.624,0.587,0.833,0.581,0.637,0.636,0.861,0.028,0.840,0.849,0.860,0.821,0.835,0.837,0.838,0.453,0.653,0.826,0.649,0.851,0.653,0.632,0.856,0.637,0.602,0.641,0.698,0.871,0.832,0.834,0.594,0.863,0.644,0.309,0.825,0.732,0.615,0.586,0.709,0.854,0.859,0.644,0.594,0.857,0.835,0.835,0.862,0.697,0.839,0.464,0.857,0.482,0.826,0.827,0.861,0.690,0.591,0.644,0.653,0.629,0.637,0.834,0.586,0.848,0.629,0.636,0.651,0.629,0.858,0.590,0.707,0.584,0.649,0.840,0.568,0.651,0.690,0.725,0.826,0.064,0.855,0.858,0.622,0.851,0.653,0.639,0.636,0.627,0.838,0.634,0.856,0.653,0.622,0.828,0.844,0.594,0.622,0.717,0.837,0.711,0.852,0.653,0.841,0.301,0.019,0.726,0.579,0.064,0.840,0.083,0.732,0.826,0.653,0.000,0.836,0.682,0.301,0.690,0.660,0.698,0.604,0.651,0.586,0.837,0.699,0.615,0.577,0.692,0.646,0.837,0.825,0.690,0.837,0.637,0.857,0.703,0.637,0.824,0.728,0.328,0.637,0.594,0.635,0.864,0.831,0.741,0.853,0.637,0.657,0.829,0.707,0.697,0.860,0.646,0.644,0.858,0.637,0.301,0.099,0.624,0.568,0.646,0.090,0.341,0.842,0.732,0.651,0.653,0.703,0.826,0.594,0.841,0.471,0.840,0.837,0.579,0.587,0.660,0.453,0.653,0.621,0.639,0.468,0.471,0.840,0.857,0.656,0.632,0.856,0.711,0.859,0.019,0.578,0.622,0.632,0.864,0.833,0.839,0.594,0.646,0.832,0.835,0.657,0.657,0.634,0.629,0.579,0.841,0.831,0.843,0.837,0.682,0.653,0.858,0.866,0.317,0.712,0.574,0.739,0.579,0.839,0.688,0.660,0.830,0.701,0.732,0.629,0.660,0.835,0.690,0.855,0.835,0.315,0.625
7PNB_J_1_NAG;0.669,0.738,0.843,0.838,0.739,0.620,0.675,0.825,0.861,0.658,0.735,0.853,0.819,0.790,0.780,0.798,0.784,0.838,0.731,0.618,0.806,0.858,0.511,0.858,0.780,0.802,0.735,0.835,0.625,0.638,0.653,0.653,0.634,0.662,0.513,0.843,0.795,0.641,0.801,0.605,0.795,0.799,0.660,0.780,0.791,0.805,0.870,0.739,0.620,0.506,0.792,0.635,0.799,0.838,0.654,0.821,0.796,0.801,0.838,0.640,0.680,0.779,0.788,0.668,0.523,0.507,0.647,0.819,0.201,0.843,0.665,0.843,0.638,0.640,0.637,0.870,0.867,0.779,0.795,0.803,0.780,0.504,0.801,0.643,0.790,0.802,0.806,0.790,0.636,0.802,0.838,0.864,0.801,0.664,0.794,0.794,0.870,0.842,0.641,0.835,0.643,0.732,0.808,0.646,0.795,0.790,0.802,0.798,0.604,0.783,0.663,0.789,0.799,0.516,0.639,0.788,0.803,0.842,0.053,0.835,0.640,0.789,0.641,0.834,0.836,0.826,0.798,0.835,0.660,0.834,0.821,0.278,0.799,0.836,0.000,0.811,0.838,0.870,0.792,0.870,0.792,0.798,0.789,0.636,0.819,0.804,0.855,0.812,0.780,0.655,0.639,0.870,0.086,0.780,0.672,0.813,0.780,0.499,0.818,0.838,0.780,0.788,0.795,0.738,0.621,0.817,0.636,0.780,0.796,0.632,0.838,0.815,0.731,0.780,0.799,0.676,0.775,0.834,0.835,0.801,0.794,0.784,0.840,0.838,0.642,0.821,0.798,0.795,0.813,0.637,0.788,0.630,0.837,0.660,0.636,0.798,0.858,0.796,0.843,0.795,0.797,0.794,0.848,0.843,0.111,0.651,0.803,0.787,0.641,0.839,0.626,0.836,0.861,0.803,0.795,0.657,0.636,0.667,0.792,0.784,0.520,0.503,0.792,0.796,0.783,0.803,0.798,0.659,0.626,0.653,0.050,0.870,0.795,0.663,0.659,0.841,0.836,0.858,0.820,0.798,0.667,0.870,0.792,0.637,0.812,0.825,0.790,0.796,0.079,0.870,0.640,0.181,0.838,0.787
7PNB_a_4_BGC;0.785,0.794,0.699,0.642,0.801,0.790,0.785,0.707,0.679,0.808,0.795,0.710,0.060,0.645,0.623,0.632,0.633,0.693,0.790,0.801,0.650,0.679,0.805,0.673,0.652,0.632,0.795,0.688,0.796,0.801,0.810,0.795,0.786,0.812,0.810,0.690,0.570,0.816,0.655,0.807,0.641,0.628,0.780,0.652,0.669,0.657,0.762,0.805,0.795,0.810,0.662,0.806,0.650,0.691,0.792,0.707,0.620,0.654,0.622,0.806,0.792,0.620,0.681,0.780,0.803,0.803,0.809,0.070,0.815,0.699,0.781,0.705,0.801,0.822,0.803,0.762,0.692,0.620,0.570,0.625,0.652,0.814,0.654,0.824,0.645,0.671,0.667,0.655,0.805,0.657,0.640,0.694,0.655,0.811,0.647,0.578,0.762,0.632,0.821,0.688,0.800,0.790,0.647,0.795,0.570,0.645,0.662,0.642,0.805,0.650,0.780,0.659,0.628,0.791,0.816,0.681,0.618,0.642,0.805,0.625,0.805,0.659,0.821,0.684,0.682,0.701,0.647,0.697,0.811,0.701,0.707,0.821,0.650,0.682,0.811,0.000,0.693,0.762,0.667,0.762,0.681,0.578,0.674,0.820,0.079,0.650,0.669,0.030,0.623,0.804,0.808,0.762,0.812,0.652,0.790,0.059,0.652,0.803,0.703,0.684,0.652,0.681,0.650,0.798,0.782,0.716,0.799,0.652,0.664,0.812,0.640,0.051,0.793,0.623,0.650,0.786,0.613,0.684,0.697,0.650,0.647,0.633,0.699,0.684,0.814,0.707,0.578,0.570,0.059,0.817,0.662,0.817,0.703,0.811,0.824,0.647,0.679,0.667,0.699,0.570,0.645,0.645,0.692,0.705,0.811,0.806,0.653,0.638,0.801,0.645,0.806,0.682,0.688,0.618,0.647,0.807,0.796,0.810,0.662,0.633,0.803,0.811,0.664,0.664,0.650,0.664,0.647,0.812,0.797,0.823,0.812,0.762,0.570,0.789,0.809,0.697,0.628,0.675,0.714,0.647,0.810,0.769,0.667,0.825,0.069,0.707,0.645,0.667,0.807,0.762,0.797,0.819,0.684,0.640
7PNB_m_3_YZT;0.851,0.859,0.463,0.720,0.866,0.833,0.848,0.744,0.541,0.823,0.860,0.427,0.701,0.650,0.676,0.667,0.676,0.000,0.856,0.820,0.655,0.550,0.839,0.544,0.639,0.657,0.860,0.323,0.839,0.847,0.859,0.827,0.838,0.824,0.840,0.440,0.664,0.836,0.687,0.846,0.682,0.662,0.847,0.639,0.581,0.662,0.733,0.869,0.831,0.840,0.574,0.862,0.682,0.010,0.827,0.744,0.655,0.577,0.720,0.852,0.851,0.673,0.574,0.848,0.837,0.841,0.854,0.699,0.841,0.440,0.848,0.459,0.828,0.837,0.859,0.725,0.544,0.673,0.664,0.660,0.639,0.836,0.577,0.850,0.641,0.667,0.689,0.650,0.857,0.580,0.718,0.547,0.687,0.827,0.558,0.662,0.725,0.737,0.832,0.336,0.854,0.856,0.653,0.849,0.664,0.650,0.667,0.667,0.832,0.636,0.847,0.655,0.662,0.830,0.846,0.574,0.653,0.728,0.839,0.722,0.850,0.655,0.843,0.019,0.287,0.737,0.569,0.309,0.827,0.311,0.744,0.836,0.682,0.301,0.838,0.693,0.000,0.725,0.652,0.733,0.585,0.662,0.566,0.839,0.701,0.655,0.540,0.703,0.676,0.824,0.831,0.725,0.842,0.639,0.848,0.705,0.639,0.830,0.739,0.038,0.639,0.574,0.673,0.863,0.837,0.752,0.852,0.639,0.650,0.831,0.718,0.699,0.859,0.676,0.682,0.849,0.667,0.019,0.349,0.655,0.558,0.676,0.328,0.057,0.844,0.744,0.662,0.664,0.705,0.835,0.574,0.843,0.437,0.827,0.839,0.569,0.531,0.652,0.429,0.664,0.651,0.650,0.467,0.471,0.842,0.856,0.684,0.653,0.854,0.722,0.858,0.315,0.541,0.653,0.643,0.863,0.835,0.826,0.574,0.676,0.841,0.844,0.650,0.650,0.636,0.660,0.569,0.828,0.837,0.846,0.843,0.717,0.664,0.857,0.865,0.019,0.724,0.547,0.750,0.569,0.826,0.731,0.652,0.835,0.703,0.744,0.641,0.652,0.841,0.725,0.854,0.845,0.019,0.646
7PNB_K_3_YZT;0.871,0.869,0.745,0.750,0.872,0.875,0.873,0.824,0.749,0.875,0.866,0.748,0.762,0.752,0.732,0.733,0.732,0.725,0.866,0.878,0.732,0.756,0.867,0.743,0.748,0.733,0.866,0.679,0.881,0.871,0.876,0.870,0.877,0.872,0.868,0.745,0.753,0.875,0.758,0.895,0.753,0.728,0.869,0.748,0.793,0.747,0.020,0.872,0.874,0.868,0.787,0.893,0.753,0.723,0.874,0.824,0.730,0.747,0.750,0.877,0.875,0.730,0.795,0.869,0.872,0.869,0.891,0.769,0.870,0.745,0.869,0.744,0.871,0.877,0.887,0.039,0.753,0.730,0.753,0.735,0.748,0.871,0.747,0.878,0.743,0.742,0.759,0.743,0.891,0.748,0.748,0.754,0.758,0.875,0.757,0.752,0.039,0.750,0.871,0.696,0.878,0.866,0.737,0.874,0.753,0.752,0.742,0.733,0.889,0.747,0.869,0.732,0.728,0.855,0.874,0.795,0.737,0.750,0.871,0.752,0.878,0.732,0.875,0.717,0.698,0.818,0.748,0.696,0.875,0.692,0.824,0.865,0.753,0.690,0.870,0.762,0.725,0.000,0.738,0.020,0.803,0.759,0.788,0.871,0.762,0.739,0.746,0.764,0.732,0.875,0.874,0.000,0.871,0.748,0.873,0.758,0.748,0.862,0.819,0.733,0.748,0.795,0.761,0.869,0.876,0.831,0.893,0.748,0.736,0.871,0.748,0.769,0.865,0.732,0.753,0.873,0.732,0.717,0.696,0.732,0.757,0.732,0.698,0.725,0.872,0.824,0.759,0.753,0.758,0.868,0.795,0.871,0.741,0.875,0.871,0.748,0.756,0.747,0.730,0.753,0.734,0.752,0.747,0.744,0.870,0.877,0.755,0.745,0.875,0.752,0.891,0.682,0.756,0.737,0.745,0.893,0.878,0.874,0.787,0.732,0.866,0.868,0.736,0.736,0.747,0.743,0.748,0.875,0.855,0.874,0.868,0.020,0.753,0.887,0.889,0.730,0.745,0.744,0.830,0.748,0.874,0.010,0.738,0.864,0.764,0.824,0.743,0.738,0.870,0.000,0.875,0.866,0.725,0.739
7PNB_R_6_MAN;0.831,0.824,0.696,0.625,0.831,0.795,0.832,0.636,0.726,0.809,0.821,0.707,0.686,0.265,0.349,0.275,0.364,0.652,0.824,0.789,0.284,0.726,0.811,0.728,0.333,0.257,0.821,0.667,0.801,0.803,0.815,0.801,0.800,0.810,0.803,0.705,0.581,0.784,0.384,0.817,0.395,0.272,0.831,0.333,0.410,0.260,0.738,0.827,0.801,0.808,0.400,0.824,0.381,0.650,0.801,0.636,0.228,0.406,0.636,0.812,0.834,0.343,0.385,0.832,0.816,0.817,0.827,0.683,0.796,0.705,0.832,0.703,0.799,0.791,0.821,0.738,0.731,0.343,0.581,0.248,0.333,0.807,0.406,0.806,0.265,0.222,0.360,0.248,0.827,0.411,0.633,0.724,0.384,0.813,0.396,0.578,0.738,0.656,0.794,0.657,0.814,0.821,0.288,0.801,0.581,0.265,0.240,0.257,0.807,0.343,0.831,0.011,0.255,0.797,0.801,0.385,0.238,0.636,0.794,0.649,0.810,0.011,0.799,0.652,0.660,0.618,0.411,0.657,0.813,0.662,0.636,0.789,0.381,0.660,0.792,0.667,0.652,0.738,0.000,0.738,0.385,0.578,0.375,0.793,0.676,0.295,0.723,0.669,0.349,0.810,0.793,0.738,0.789,0.333,0.832,0.671,0.333,0.805,0.632,0.652,0.333,0.385,0.366,0.820,0.808,0.636,0.820,0.333,0.034,0.801,0.633,0.674,0.824,0.349,0.381,0.833,0.349,0.652,0.657,0.284,0.396,0.364,0.660,0.652,0.799,0.636,0.578,0.581,0.671,0.789,0.415,0.799,0.691,0.813,0.793,0.411,0.726,0.088,0.678,0.581,0.292,0.282,0.698,0.703,0.796,0.812,0.372,0.272,0.815,0.628,0.823,0.660,0.726,0.238,0.272,0.824,0.806,0.812,0.400,0.364,0.813,0.813,0.034,0.056,0.343,0.282,0.411,0.814,0.803,0.801,0.789,0.738,0.581,0.826,0.827,0.657,0.652,0.730,0.634,0.411,0.812,0.736,0.000,0.785,0.669,0.636,0.265,0.023,0.787,0.738,0.810,0.792,0.652,0.279
7PNB_t_3_YZT;0.871,0.869,0.745,0.750,0.872,0.875,0.873,0.824,0.756,0.875,0.866,0.748,0.762,0.752,0.732,0.733,0.732,0.733,0.866,0.878,0.732,0.763,0.867,0.750,0.748,0.733,0.866,0.688,0.881,0.871,0.876,0.870,0.877,0.872,0.868,0.745,0.753,0.875,0.758,0.895,0.753,0.728,0.869,0.748,0.793,0.747,0.000,0.872,0.874,0.868,0.787,0.893,0.753,0.731,0.874,0.824,0.730,0.747,0.750,0.877,0.875,0.730,0.795,0.869,0.872,0.869,0.891,0.769,0.870,0.745,0.869,0.744,0.871,0.877,0.887,0.020,0.760,0.730,0.753,0.735,0.748,0.871,0.747,0.878,0.743,0.742,0.759,0.743,0.891,0.748,0.748,0.762,0.758,0.875,0.757,0.752,0.020,0.750,0.871,0.688,0.878,0.866,0.737,0.874,0.753,0.752,0.742,0.733,0.889,0.747,0.869,0.732,0.728,0.855,0.874,0.795,0.737,0.750,0.871,0.752,0.878,0.732,0.875,0.725,0.706,0.818,0.748,0.688,0.875,0.684,0.824,0.865,0.753,0.698,0.870,0.762,0.733,0.020,0.738,0.000,0.803,0.759,0.788,0.871,0.762,0.739,0.753,0.764,0.732,0.875,0.874,0.020,0.871,0.748,0.873,0.758,0.748,0.862,0.819,0.725,0.748,0.795,0.761,0.869,0.876,0.831,0.893,0.748,0.736,0.871,0.748,0.769,0.865,0.732,0.753,0.873,0.732,0.725,0.688,0.732,0.757,0.732,0.690,0.717,0.872,0.824,0.759,0.753,0.758,0.868,0.795,0.871,0.741,0.875,0.871,0.748,0.763,0.747,0.730,0.753,0.734,0.752,0.747,0.744,0.870,0.877,0.755,0.745,0.875,0.752,0.891,0.690,0.763,0.737,0.745,0.893,0.878,0.874,0.787,0.732,0.866,0.868,0.736,0.736,0.747,0.743,0.748,0.875,0.855,0.874,0.868,0.039,0.753,0.887,0.889,0.738,0.745,0.751,0.830,0.748,0.874,0.029,0.738,0.864,0.764,0.824,0.743,0.738,0.870,0.020,0.875,0.866,0.733,0.739
7PNB_Y_4_BGC;0.844,0.841,0.719,0.661,0.844,0.816,0.841,0.608,0.732,0.826,0.837,0.704,0.701,0.473,0.525,0.496,0.538,0.585,0.837,0.806,0.450,0.732,0.815,0.734,0.460,0.468,0.837,0.612,0.822,0.819,0.836,0.822,0.817,0.827,0.828,0.701,0.584,0.801,0.478,0.830,0.500,0.478,0.844,0.460,0.060,0.459,0.803,0.848,0.818,0.816,0.048,0.824,0.487,0.581,0.822,0.608,0.455,0.247,0.672,0.825,0.847,0.521,0.024,0.844,0.817,0.817,0.815,0.699,0.800,0.710,0.845,0.726,0.811,0.808,0.825,0.803,0.745,0.521,0.584,0.473,0.460,0.803,0.247,0.834,0.473,0.440,0.483,0.459,0.819,0.255,0.669,0.739,0.478,0.830,0.217,0.581,0.803,0.692,0.807,0.602,0.826,0.837,0.464,0.818,0.584,0.473,0.440,0.468,0.815,0.469,0.844,0.390,0.478,0.805,0.830,0.024,0.464,0.672,0.794,0.685,0.823,0.390,0.828,0.585,0.604,0.600,0.237,0.602,0.830,0.617,0.608,0.793,0.487,0.604,0.792,0.681,0.585,0.803,0.385,0.803,0.000,0.581,0.036,0.822,0.691,0.469,0.729,0.684,0.525,0.827,0.814,0.803,0.789,0.460,0.845,0.686,0.460,0.805,0.603,0.585,0.460,0.024,0.474,0.841,0.825,0.608,0.808,0.460,0.410,0.814,0.669,0.689,0.836,0.525,0.487,0.845,0.513,0.585,0.602,0.450,0.217,0.538,0.604,0.585,0.828,0.608,0.581,0.584,0.686,0.806,0.071,0.828,0.714,0.830,0.822,0.237,0.732,0.385,0.683,0.584,0.451,0.487,0.721,0.726,0.801,0.829,0.492,0.478,0.828,0.664,0.816,0.604,0.732,0.464,0.478,0.821,0.818,0.829,0.071,0.538,0.817,0.821,0.410,0.394,0.469,0.445,0.237,0.831,0.812,0.830,0.788,0.803,0.584,0.818,0.828,0.589,0.687,0.735,0.605,0.237,0.829,0.801,0.385,0.811,0.684,0.608,0.473,0.400,0.787,0.803,0.823,0.804,0.585,0.482
7PNB_r_4_BGC;0.828,0.792,0.633,0.647,0.799,0.793,0.829,0.618,0.658,0.814,0.793,0.671,0.588,0.532,0.508,0.540,0.520,0.662,0.792,0.799,0.570,0.667,0.788,0.660,0.543,0.562,0.793,0.658,0.807,0.784,0.792,0.785,0.797,0.815,0.801,0.651,0.010,0.786,0.546,0.810,0.519,0.547,0.828,0.543,0.577,0.578,0.759,0.795,0.802,0.789,0.569,0.821,0.531,0.660,0.790,0.638,0.539,0.525,0.637,0.788,0.831,0.504,0.569,0.828,0.785,0.794,0.816,0.585,0.805,0.651,0.825,0.639,0.775,0.784,0.814,0.759,0.671,0.504,0.010,0.555,0.543,0.789,0.525,0.795,0.532,0.562,0.550,0.532,0.816,0.529,0.644,0.665,0.546,0.818,0.504,0.021,0.759,0.657,0.784,0.649,0.786,0.789,0.547,0.781,0.010,0.532,0.574,0.562,0.800,0.539,0.828,0.581,0.547,0.773,0.795,0.569,0.547,0.647,0.795,0.650,0.783,0.581,0.784,0.662,0.651,0.610,0.517,0.658,0.818,0.653,0.638,0.799,0.531,0.651,0.798,0.578,0.662,0.759,0.578,0.759,0.581,0.000,0.561,0.786,0.588,0.550,0.656,0.570,0.508,0.815,0.795,0.759,0.795,0.543,0.829,0.574,0.543,0.777,0.633,0.653,0.543,0.569,0.519,0.797,0.793,0.638,0.809,0.543,0.575,0.774,0.644,0.575,0.796,0.508,0.531,0.826,0.496,0.662,0.658,0.570,0.504,0.520,0.660,0.653,0.793,0.638,0.000,0.010,0.574,0.779,0.569,0.792,0.628,0.818,0.782,0.517,0.667,0.578,0.651,0.010,0.546,0.532,0.635,0.639,0.802,0.788,0.534,0.535,0.779,0.650,0.816,0.651,0.658,0.547,0.524,0.817,0.807,0.817,0.569,0.520,0.782,0.794,0.575,0.575,0.539,0.566,0.517,0.819,0.808,0.790,0.799,0.759,0.010,0.807,0.816,0.667,0.652,0.662,0.645,0.517,0.817,0.766,0.578,0.783,0.570,0.618,0.532,0.578,0.789,0.759,0.787,0.805,0.653,0.539
7PNB_i_4_BGC;0.840,0.837,0.703,0.654,0.840,0.812,0.837,0.589,0.725,0.819,0.834,0.688,0.693,0.464,0.517,0.500,0.529,0.566,0.833,0.799,0.455,0.725,0.808,0.727,0.451,0.473,0.834,0.594,0.819,0.816,0.829,0.814,0.818,0.819,0.821,0.685,0.565,0.793,0.470,0.826,0.492,0.482,0.840,0.451,0.094,0.450,0.788,0.844,0.810,0.809,0.060,0.821,0.479,0.562,0.815,0.589,0.446,0.217,0.664,0.817,0.844,0.513,0.012,0.841,0.809,0.810,0.812,0.691,0.796,0.703,0.841,0.710,0.804,0.800,0.818,0.788,0.739,0.513,0.565,0.464,0.451,0.796,0.217,0.827,0.464,0.431,0.474,0.450,0.816,0.226,0.661,0.732,0.470,0.822,0.187,0.561,0.788,0.685,0.799,0.583,0.819,0.834,0.455,0.814,0.565,0.464,0.431,0.473,0.812,0.460,0.840,0.381,0.469,0.797,0.823,0.012,0.455,0.664,0.790,0.677,0.815,0.381,0.820,0.566,0.586,0.581,0.207,0.583,0.822,0.598,0.589,0.790,0.479,0.586,0.789,0.674,0.566,0.788,0.375,0.788,0.036,0.561,0.000,0.815,0.684,0.460,0.723,0.676,0.517,0.819,0.806,0.788,0.785,0.451,0.841,0.679,0.451,0.797,0.584,0.566,0.451,0.012,0.466,0.837,0.817,0.589,0.805,0.451,0.400,0.806,0.661,0.681,0.833,0.517,0.479,0.842,0.504,0.566,0.583,0.455,0.187,0.529,0.586,0.566,0.821,0.589,0.561,0.565,0.679,0.799,0.105,0.820,0.699,0.822,0.815,0.207,0.725,0.375,0.667,0.565,0.442,0.478,0.705,0.710,0.797,0.821,0.483,0.469,0.824,0.656,0.812,0.586,0.725,0.455,0.469,0.817,0.815,0.821,0.082,0.529,0.810,0.814,0.400,0.385,0.460,0.450,0.207,0.823,0.812,0.822,0.785,0.788,0.565,0.819,0.824,0.570,0.679,0.729,0.585,0.207,0.821,0.787,0.375,0.803,0.676,0.589,0.464,0.390,0.783,0.788,0.819,0.801,0.566,0.474
7PNB_u_2_NAG;0.694,0.690,0.840,0.803,0.695,0.580,0.700,0.814,0.847,0.530,0.691,0.842,0.832,0.770,0.776,0.769,0.780,0.839,0.686,0.604,0.777,0.847,0.593,0.844,0.768,0.777,0.691,0.840,0.599,0.582,0.591,0.473,0.616,0.536,0.650,0.844,0.787,0.497,0.777,0.602,0.770,0.770,0.698,0.768,0.822,0.780,0.871,0.695,0.591,0.595,0.818,0.674,0.774,0.838,0.470,0.822,0.775,0.819,0.799,0.592,0.694,0.775,0.818,0.699,0.589,0.590,0.688,0.831,0.620,0.837,0.693,0.840,0.464,0.493,0.669,0.871,0.854,0.775,0.787,0.774,0.768,0.605,0.819,0.089,0.770,0.773,0.774,0.774,0.675,0.815,0.806,0.850,0.781,0.529,0.811,0.786,0.871,0.807,0.478,0.836,0.596,0.687,0.762,0.595,0.787,0.770,0.773,0.777,0.598,0.767,0.695,0.789,0.770,0.601,0.103,0.818,0.775,0.803,0.627,0.799,0.589,0.789,0.045,0.835,0.837,0.814,0.815,0.840,0.533,0.839,0.822,0.605,0.770,0.837,0.636,0.820,0.839,0.871,0.793,0.871,0.822,0.786,0.815,0.000,0.832,0.758,0.842,0.825,0.776,0.528,0.493,0.871,0.640,0.768,0.690,0.829,0.768,0.574,0.819,0.839,0.768,0.818,0.770,0.693,0.589,0.822,0.682,0.768,0.792,0.475,0.806,0.827,0.686,0.776,0.770,0.704,0.772,0.835,0.840,0.781,0.811,0.780,0.837,0.839,0.092,0.822,0.786,0.787,0.829,0.490,0.818,0.053,0.834,0.525,0.060,0.815,0.844,0.806,0.837,0.787,0.755,0.765,0.841,0.840,0.628,0.596,0.767,0.766,0.590,0.803,0.666,0.837,0.847,0.775,0.762,0.685,0.599,0.540,0.818,0.780,0.609,0.604,0.796,0.801,0.767,0.770,0.815,0.532,0.649,0.107,0.638,0.871,0.787,0.681,0.680,0.838,0.800,0.845,0.825,0.815,0.536,0.874,0.793,0.107,0.828,0.814,0.770,0.789,0.631,0.871,0.593,0.609,0.839,0.762
7PNB_u_4_BGC;0.785,0.802,0.699,0.671,0.801,0.798,0.785,0.690,0.696,0.803,0.799,0.710,0.020,0.664,0.652,0.662,0.643,0.701,0.798,0.801,0.659,0.688,0.801,0.689,0.671,0.652,0.799,0.705,0.796,0.801,0.810,0.803,0.786,0.808,0.806,0.690,0.581,0.820,0.674,0.803,0.660,0.647,0.780,0.671,0.679,0.667,0.762,0.801,0.799,0.807,0.672,0.806,0.669,0.699,0.800,0.690,0.640,0.664,0.662,0.806,0.792,0.650,0.691,0.780,0.799,0.799,0.809,0.010,0.815,0.699,0.781,0.705,0.805,0.826,0.803,0.762,0.708,0.650,0.581,0.645,0.671,0.810,0.664,0.839,0.664,0.681,0.685,0.674,0.805,0.667,0.669,0.710,0.674,0.807,0.657,0.588,0.762,0.662,0.825,0.705,0.800,0.799,0.657,0.795,0.581,0.664,0.671,0.662,0.801,0.669,0.780,0.669,0.647,0.795,0.832,0.691,0.638,0.671,0.813,0.664,0.805,0.669,0.833,0.693,0.699,0.683,0.657,0.713,0.807,0.718,0.690,0.817,0.669,0.699,0.819,0.079,0.701,0.762,0.676,0.762,0.691,0.588,0.684,0.832,0.000,0.660,0.685,0.050,0.652,0.800,0.812,0.762,0.816,0.671,0.790,0.040,0.671,0.799,0.685,0.693,0.671,0.691,0.669,0.802,0.786,0.699,0.803,0.671,0.674,0.820,0.669,0.031,0.797,0.652,0.669,0.786,0.643,0.693,0.713,0.659,0.657,0.643,0.715,0.693,0.830,0.690,0.588,0.581,0.040,0.821,0.672,0.833,0.703,0.807,0.836,0.657,0.696,0.676,0.715,0.581,0.655,0.664,0.692,0.705,0.811,0.806,0.671,0.657,0.801,0.674,0.806,0.699,0.704,0.638,0.667,0.807,0.800,0.806,0.672,0.643,0.799,0.807,0.674,0.674,0.669,0.674,0.657,0.808,0.801,0.839,0.816,0.762,0.581,0.785,0.809,0.706,0.657,0.691,0.697,0.657,0.806,0.769,0.676,0.836,0.030,0.690,0.664,0.676,0.815,0.762,0.797,0.819,0.693,0.660
7PNB_i_6_MAN;0.810,0.811,0.689,0.597,0.818,0.782,0.811,0.609,0.703,0.787,0.808,0.682,0.669,0.345,0.419,0.190,0.432,0.655,0.811,0.780,0.125,0.703,0.786,0.704,0.363,0.225,0.808,0.622,0.801,0.798,0.802,0.762,0.791,0.788,0.803,0.680,0.554,0.762,0.309,0.812,0.306,0.223,0.810,0.363,0.478,0.135,0.739,0.818,0.796,0.783,0.469,0.815,0.291,0.653,0.767,0.609,0.214,0.432,0.586,0.811,0.813,0.414,0.469,0.810,0.791,0.788,0.810,0.667,0.812,0.680,0.811,0.695,0.764,0.764,0.812,0.739,0.707,0.414,0.554,0.216,0.363,0.782,0.432,0.771,0.330,0.095,0.284,0.315,0.814,0.438,0.605,0.701,0.309,0.791,0.423,0.550,0.739,0.608,0.768,0.603,0.809,0.808,0.032,0.796,0.554,0.345,0.115,0.208,0.802,0.357,0.810,0.286,0.206,0.771,0.767,0.469,0.206,0.586,0.805,0.600,0.805,0.286,0.764,0.646,0.615,0.591,0.438,0.613,0.791,0.627,0.609,0.789,0.306,0.615,0.804,0.650,0.655,0.739,0.295,0.739,0.469,0.550,0.460,0.758,0.660,0.000,0.692,0.652,0.419,0.788,0.767,0.739,0.797,0.363,0.811,0.655,0.363,0.784,0.604,0.655,0.363,0.469,0.275,0.807,0.795,0.619,0.807,0.363,0.305,0.767,0.605,0.657,0.810,0.419,0.291,0.812,0.405,0.646,0.613,0.125,0.423,0.432,0.596,0.655,0.765,0.609,0.550,0.554,0.655,0.763,0.469,0.764,0.693,0.786,0.758,0.438,0.703,0.343,0.662,0.554,0.042,0.345,0.673,0.695,0.808,0.807,0.297,0.336,0.802,0.600,0.815,0.615,0.703,0.206,0.336,0.811,0.797,0.790,0.469,0.432,0.784,0.784,0.305,0.321,0.357,0.043,0.438,0.788,0.806,0.766,0.796,0.739,0.554,0.809,0.810,0.660,0.603,0.706,0.617,0.438,0.790,0.737,0.295,0.750,0.652,0.609,0.330,0.295,0.799,0.739,0.805,0.795,0.655,0.327
7PNB_z_3_YZT;0.846,0.833,0.530,0.727,0.839,0.836,0.851,0.726,0.026,0.853,0.833,0.559,0.677,0.704,0.710,0.703,0.710,0.540,0.833,0.842,0.733,0.076,0.835,0.017,0.710,0.711,0.833,0.583,0.849,0.860,0.872,0.834,0.833,0.850,0.847,0.530,0.650,0.842,0.696,0.855,0.691,0.706,0.846,0.710,0.727,0.723,0.753,0.839,0.837,0.836,0.721,0.854,0.699,0.537,0.834,0.718,0.700,0.706,0.719,0.865,0.857,0.708,0.729,0.847,0.829,0.833,0.856,0.683,0.855,0.549,0.844,0.536,0.832,0.840,0.851,0.753,0.076,0.708,0.650,0.712,0.710,0.835,0.706,0.849,0.704,0.703,0.706,0.696,0.849,0.708,0.733,0.051,0.696,0.852,0.708,0.656,0.753,0.735,0.846,0.583,0.863,0.830,0.706,0.859,0.650,0.704,0.711,0.711,0.843,0.708,0.846,0.725,0.706,0.826,0.845,0.729,0.706,0.727,0.853,0.720,0.860,0.725,0.846,0.540,0.577,0.712,0.699,0.583,0.852,0.605,0.710,0.850,0.691,0.577,0.855,0.669,0.540,0.746,0.723,0.753,0.729,0.656,0.723,0.842,0.685,0.692,0.000,0.671,0.710,0.853,0.838,0.746,0.852,0.710,0.854,0.673,0.710,0.826,0.713,0.540,0.710,0.729,0.707,0.836,0.829,0.710,0.851,0.710,0.730,0.834,0.733,0.683,0.836,0.710,0.699,0.851,0.702,0.540,0.601,0.733,0.708,0.710,0.586,0.530,0.847,0.710,0.656,0.650,0.673,0.839,0.721,0.843,0.536,0.852,0.842,0.699,0.092,0.731,0.549,0.650,0.688,0.704,0.523,0.546,0.855,0.865,0.693,0.706,0.857,0.728,0.853,0.577,0.043,0.706,0.698,0.854,0.831,0.852,0.721,0.710,0.826,0.836,0.730,0.730,0.708,0.712,0.699,0.853,0.844,0.848,0.857,0.746,0.650,0.848,0.853,0.544,0.722,0.026,0.708,0.699,0.852,0.751,0.723,0.842,0.679,0.726,0.704,0.723,0.851,0.746,0.863,0.851,0.530,0.708
7PNB_k_4_BGC;0.782,0.799,0.692,0.655,0.797,0.795,0.782,0.701,0.681,0.804,0.795,0.703,0.050,0.647,0.636,0.645,0.645,0.703,0.795,0.801,0.652,0.681,0.802,0.675,0.655,0.635,0.795,0.699,0.797,0.798,0.806,0.796,0.787,0.809,0.811,0.684,0.563,0.817,0.657,0.804,0.643,0.630,0.776,0.655,0.672,0.659,0.764,0.797,0.800,0.807,0.664,0.803,0.653,0.701,0.793,0.701,0.623,0.657,0.635,0.803,0.788,0.633,0.684,0.777,0.799,0.800,0.806,0.060,0.815,0.692,0.778,0.699,0.802,0.823,0.800,0.764,0.694,0.633,0.563,0.628,0.655,0.810,0.657,0.828,0.647,0.674,0.669,0.657,0.806,0.659,0.652,0.696,0.657,0.808,0.649,0.570,0.764,0.645,0.822,0.699,0.797,0.795,0.650,0.792,0.563,0.647,0.664,0.645,0.802,0.652,0.776,0.662,0.630,0.796,0.821,0.684,0.620,0.655,0.805,0.638,0.801,0.662,0.826,0.695,0.692,0.694,0.649,0.707,0.808,0.712,0.701,0.818,0.653,0.692,0.812,0.030,0.703,0.764,0.669,0.764,0.684,0.570,0.676,0.825,0.050,0.652,0.671,0.000,0.636,0.801,0.809,0.764,0.809,0.655,0.786,0.030,0.655,0.800,0.696,0.695,0.655,0.684,0.653,0.799,0.783,0.709,0.795,0.655,0.667,0.813,0.652,0.040,0.794,0.636,0.653,0.783,0.626,0.695,0.707,0.652,0.649,0.645,0.709,0.695,0.818,0.701,0.570,0.563,0.030,0.817,0.664,0.822,0.696,0.808,0.828,0.649,0.681,0.669,0.709,0.563,0.648,0.647,0.686,0.699,0.812,0.803,0.655,0.640,0.798,0.657,0.803,0.692,0.689,0.620,0.650,0.803,0.797,0.807,0.664,0.645,0.800,0.808,0.667,0.667,0.652,0.667,0.649,0.809,0.802,0.828,0.809,0.764,0.563,0.785,0.806,0.708,0.640,0.677,0.707,0.649,0.807,0.770,0.669,0.829,0.040,0.701,0.647,0.669,0.807,0.764,0.793,0.819,0.695,0.643
7PNB_S_6_MAN;0.819,0.795,0.673,0.611,0.802,0.783,0.820,0.612,0.712,0.805,0.796,0.702,0.652,0.290,0.000,0.375,0.021,0.676,0.791,0.785,0.398,0.712,0.778,0.714,0.354,0.389,0.796,0.653,0.793,0.799,0.815,0.784,0.787,0.806,0.795,0.682,0.512,0.771,0.345,0.813,0.327,0.372,0.818,0.354,0.534,0.407,0.732,0.802,0.788,0.776,0.525,0.807,0.327,0.673,0.789,0.632,0.363,0.529,0.611,0.812,0.822,0.011,0.525,0.819,0.779,0.784,0.815,0.650,0.787,0.682,0.820,0.680,0.778,0.774,0.805,0.732,0.717,0.011,0.512,0.366,0.354,0.766,0.529,0.789,0.306,0.404,0.351,0.306,0.811,0.533,0.608,0.711,0.345,0.808,0.545,0.508,0.732,0.621,0.778,0.644,0.810,0.792,0.414,0.797,0.512,0.290,0.389,0.375,0.807,0.363,0.818,0.339,0.357,0.767,0.785,0.525,0.357,0.621,0.781,0.614,0.802,0.339,0.782,0.667,0.646,0.604,0.533,0.653,0.808,0.658,0.632,0.777,0.342,0.646,0.780,0.623,0.676,0.732,0.349,0.732,0.525,0.508,0.517,0.776,0.652,0.419,0.710,0.636,0.000,0.806,0.785,0.732,0.776,0.354,0.820,0.638,0.354,0.767,0.628,0.676,0.354,0.525,0.342,0.795,0.792,0.642,0.804,0.354,0.358,0.780,0.608,0.640,0.794,0.000,0.327,0.820,0.021,0.667,0.653,0.398,0.545,0.021,0.664,0.676,0.783,0.632,0.508,0.512,0.638,0.773,0.525,0.782,0.669,0.804,0.776,0.533,0.712,0.378,0.664,0.512,0.415,0.306,0.675,0.680,0.784,0.808,0.348,0.280,0.803,0.614,0.807,0.646,0.712,0.357,0.296,0.808,0.793,0.808,0.525,0.021,0.776,0.776,0.358,0.373,0.363,0.422,0.533,0.806,0.781,0.784,0.776,0.732,0.512,0.806,0.807,0.680,0.617,0.716,0.640,0.533,0.808,0.730,0.349,0.773,0.636,0.612,0.306,0.364,0.775,0.732,0.798,0.783,0.676,0.303
7PNB_S_2_NAG;0.715,0.738,0.841,0.807,0.736,0.634,0.722,0.842,0.863,0.020,0.735,0.843,0.804,0.808,0.806,0.803,0.806,0.824,0.734,0.639,0.798,0.859,0.620,0.859,0.801,0.803,0.735,0.840,0.634,0.625,0.634,0.430,0.647,0.039,0.666,0.841,0.816,0.470,0.806,0.641,0.799,0.804,0.720,0.801,0.822,0.801,0.875,0.743,0.641,0.619,0.819,0.680,0.803,0.823,0.432,0.849,0.801,0.823,0.807,0.646,0.710,0.805,0.823,0.718,0.620,0.610,0.667,0.803,0.640,0.837,0.712,0.840,0.450,0.460,0.678,0.875,0.869,0.805,0.816,0.804,0.801,0.610,0.823,0.540,0.804,0.803,0.803,0.804,0.670,0.820,0.806,0.866,0.810,0.024,0.816,0.819,0.875,0.807,0.459,0.837,0.649,0.735,0.792,0.644,0.816,0.808,0.803,0.807,0.636,0.801,0.717,0.806,0.804,0.632,0.549,0.823,0.800,0.807,0.653,0.804,0.639,0.806,0.534,0.820,0.837,0.842,0.820,0.837,0.016,0.836,0.849,0.651,0.799,0.837,0.655,0.804,0.824,0.875,0.810,0.875,0.827,0.815,0.819,0.528,0.800,0.788,0.853,0.801,0.806,0.000,0.456,0.875,0.656,0.801,0.712,0.797,0.801,0.587,0.847,0.820,0.801,0.823,0.799,0.738,0.635,0.849,0.670,0.801,0.805,0.446,0.806,0.803,0.734,0.806,0.799,0.722,0.801,0.820,0.837,0.802,0.816,0.806,0.837,0.820,0.548,0.849,0.815,0.816,0.797,0.476,0.819,0.526,0.834,0.047,0.519,0.820,0.855,0.814,0.833,0.816,0.785,0.804,0.838,0.840,0.659,0.642,0.800,0.804,0.654,0.808,0.674,0.837,0.863,0.800,0.804,0.680,0.642,0.028,0.819,0.806,0.639,0.612,0.809,0.813,0.801,0.795,0.820,0.062,0.661,0.547,0.658,0.875,0.816,0.683,0.675,0.823,0.804,0.860,0.853,0.820,0.028,0.879,0.810,0.542,0.797,0.842,0.804,0.806,0.661,0.875,0.643,0.643,0.820,0.796
7PNB_n_2_NAG;0.687,0.732,0.837,0.815,0.734,0.610,0.706,0.822,0.844,0.454,0.730,0.842,0.816,0.795,0.785,0.777,0.785,0.831,0.729,0.619,0.777,0.844,0.619,0.844,0.772,0.782,0.730,0.828,0.629,0.605,0.614,0.107,0.631,0.451,0.636,0.837,0.795,0.090,0.785,0.621,0.779,0.779,0.702,0.772,0.822,0.784,0.874,0.734,0.625,0.617,0.814,0.643,0.787,0.831,0.124,0.822,0.775,0.802,0.815,0.626,0.697,0.784,0.810,0.706,0.619,0.627,0.644,0.815,0.638,0.833,0.703,0.840,0.124,0.072,0.641,0.874,0.846,0.784,0.795,0.782,0.772,0.627,0.802,0.484,0.791,0.777,0.782,0.782,0.641,0.799,0.818,0.843,0.790,0.457,0.799,0.795,0.874,0.827,0.144,0.821,0.622,0.730,0.775,0.606,0.795,0.795,0.777,0.782,0.624,0.771,0.705,0.789,0.779,0.612,0.475,0.810,0.779,0.815,0.641,0.820,0.612,0.789,0.491,0.827,0.825,0.822,0.803,0.825,0.462,0.827,0.822,0.617,0.779,0.825,0.639,0.808,0.831,0.874,0.793,0.874,0.814,0.795,0.806,0.493,0.812,0.767,0.838,0.809,0.785,0.456,0.000,0.874,0.633,0.772,0.686,0.809,0.772,0.605,0.819,0.831,0.772,0.810,0.783,0.735,0.619,0.818,0.644,0.772,0.792,0.124,0.818,0.815,0.725,0.785,0.783,0.710,0.780,0.827,0.825,0.781,0.799,0.785,0.821,0.831,0.470,0.822,0.795,0.795,0.809,0.071,0.822,0.473,0.834,0.448,0.479,0.803,0.840,0.797,0.829,0.795,0.764,0.791,0.833,0.840,0.650,0.611,0.775,0.792,0.631,0.816,0.649,0.825,0.844,0.779,0.787,0.640,0.603,0.460,0.818,0.785,0.638,0.615,0.796,0.801,0.771,0.778,0.803,0.437,0.670,0.473,0.638,0.874,0.795,0.654,0.639,0.834,0.820,0.845,0.821,0.803,0.451,0.877,0.793,0.467,0.809,0.822,0.791,0.789,0.638,0.874,0.616,0.624,0.831,0.784
7PNB_U_3_YZT;0.871,0.869,0.745,0.750,0.872,0.875,0.873,0.824,0.749,0.875,0.866,0.748,0.762,0.752,0.732,0.733,0.732,0.725,0.866,0.878,0.732,0.756,0.867,0.743,0.748,0.733,0.866,0.679,0.881,0.871,0.876,0.870,0.877,0.872,0.868,0.745,0.753,0.875,0.758,0.895,0.753,0.728,0.869,0.748,0.793,0.747,0.020,0.872,0.874,0.868,0.787,0.893,0.753,0.723,0.874,0.824,0.730,0.747,0.750,0.877,0.875,0.730,0.795,0.869,0.872,0.869,0.891,0.769,0.870,0.745,0.869,0.744,0.871,0.877,0.887,0.039,0.753,0.730,0.753,0.735,0.748,0.871,0.747,0.878,0.743,0.742,0.759,0.743,0.891,0.748,0.748,0.754,0.758,0.875,0.757,0.752,0.039,0.750,0.871,0.696,0.878,0.866,0.737,0.874,0.753,0.752,0.742,0.733,0.889,0.747,0.869,0.732,0.728,0.855,0.874,0.795,0.737,0.750,0.871,0.752,0.878,0.732,0.875,0.717,0.698,0.818,0.748,0.696,0.875,0.692,0.824,0.865,0.753,0.690,0.870,0.762,0.725,0.000,0.738,0.020,0.803,0.759,0.788,0.871,0.762,0.739,0.746,0.764,0.732,0.875,0.874,0.000,0.871,0.748,0.873,0.758,0.748,0.862,0.819,0.733,0.748,0.795,0.761,0.869,0.876,0.831,0.893,0.748,0.736,0.871,0.748,0.769,0.865,0.732,0.753,0.873,0.732,0.717,0.696,0.732,0.757,0.732,0.698,0.725,0.872,0.824,0.759,0.753,0.758,0.868,0.795,0.871,0.741,0.875,0.871,0.748,0.756,0.747,0.730,0.753,0.734,0.752,0.747,0.744,0.870,0.877,0.755,0.745,0.875,0.752,0.891,0.682,0.756,0.737,0.745,0.893,0.878,0.874,0.787,0.732,0.866,0.868,0.736,0.736,0.747,0.743,0.748,0.875,0.855,0.874,0.868,0.020,0.753,0.887,0.889,0.730,0.745,0.744,0.830,0.748,0.874,0.010,0.738,0.864,0.764,0.824,0.743,0.738,0.870,0.000,0.875,0.866,0.725,0.739
7PNB_n_1_NAG;0.677,0.738,0.840,0.839,0.734,0.618,0.690,0.818,0.858,0.659,0.730,0.854,0.820,0.787,0.776,0.799,0.780,0.842,0.732,0.612,0.798,0.854,0.530,0.855,0.768,0.799,0.730,0.836,0.618,0.631,0.644,0.650,0.642,0.663,0.535,0.840,0.791,0.634,0.794,0.598,0.787,0.796,0.671,0.768,0.788,0.797,0.871,0.734,0.617,0.520,0.789,0.632,0.791,0.842,0.647,0.814,0.792,0.798,0.839,0.634,0.687,0.775,0.784,0.679,0.541,0.526,0.648,0.819,0.197,0.844,0.676,0.843,0.631,0.634,0.631,0.871,0.864,0.775,0.791,0.799,0.768,0.510,0.798,0.644,0.787,0.794,0.799,0.778,0.634,0.799,0.838,0.861,0.794,0.665,0.790,0.795,0.871,0.843,0.642,0.832,0.640,0.733,0.800,0.636,0.791,0.787,0.794,0.794,0.594,0.771,0.678,0.785,0.796,0.538,0.640,0.784,0.796,0.843,0.093,0.836,0.634,0.785,0.642,0.839,0.837,0.818,0.794,0.832,0.661,0.835,0.814,0.245,0.791,0.837,0.086,0.812,0.842,0.871,0.789,0.871,0.789,0.795,0.785,0.640,0.816,0.797,0.852,0.809,0.776,0.656,0.633,0.871,0.000,0.768,0.680,0.809,0.768,0.517,0.811,0.839,0.768,0.784,0.787,0.732,0.611,0.810,0.633,0.768,0.792,0.626,0.838,0.815,0.725,0.776,0.791,0.687,0.772,0.839,0.832,0.794,0.790,0.780,0.837,0.839,0.643,0.814,0.795,0.791,0.809,0.630,0.784,0.635,0.838,0.665,0.640,0.794,0.854,0.793,0.840,0.791,0.790,0.791,0.844,0.843,0.168,0.641,0.796,0.783,0.635,0.839,0.616,0.837,0.858,0.796,0.792,0.651,0.629,0.668,0.789,0.780,0.550,0.517,0.788,0.792,0.771,0.795,0.794,0.663,0.634,0.654,0.068,0.871,0.791,0.661,0.649,0.845,0.836,0.855,0.813,0.794,0.668,0.870,0.789,0.634,0.809,0.818,0.787,0.793,0.090,0.871,0.634,0.210,0.839,0.784
7PNB_S_5_MAN;0.827,0.787,0.682,0.621,0.789,0.779,0.828,0.632,0.712,0.801,0.783,0.685,0.681,0.274,0.354,0.360,0.368,0.639,0.782,0.790,0.384,0.704,0.795,0.714,0.000,0.375,0.783,0.644,0.797,0.803,0.811,0.767,0.792,0.801,0.795,0.673,0.546,0.767,0.402,0.809,0.385,0.372,0.827,0.000,0.469,0.393,0.748,0.789,0.792,0.792,0.460,0.799,0.398,0.636,0.768,0.642,0.363,0.478,0.600,0.820,0.830,0.348,0.460,0.827,0.792,0.797,0.807,0.678,0.783,0.673,0.828,0.689,0.761,0.765,0.801,0.748,0.717,0.348,0.546,0.366,0.000,0.779,0.478,0.780,0.274,0.389,0.407,0.257,0.807,0.483,0.618,0.711,0.402,0.804,0.470,0.554,0.748,0.611,0.769,0.634,0.818,0.783,0.372,0.805,0.546,0.274,0.375,0.360,0.799,0.011,0.827,0.339,0.357,0.780,0.776,0.460,0.357,0.611,0.777,0.603,0.814,0.339,0.774,0.639,0.637,0.625,0.483,0.644,0.804,0.648,0.642,0.777,0.398,0.637,0.780,0.652,0.639,0.748,0.333,0.748,0.460,0.543,0.451,0.768,0.671,0.363,0.710,0.655,0.354,0.801,0.772,0.748,0.768,0.000,0.828,0.667,0.000,0.788,0.638,0.629,0.000,0.460,0.385,0.782,0.796,0.642,0.800,0.000,0.343,0.768,0.618,0.669,0.782,0.354,0.398,0.828,0.354,0.639,0.644,0.384,0.470,0.368,0.637,0.629,0.774,0.642,0.543,0.546,0.667,0.768,0.460,0.774,0.678,0.804,0.768,0.483,0.704,0.364,0.646,0.546,0.345,0.290,0.684,0.689,0.780,0.816,0.403,0.280,0.811,0.624,0.807,0.637,0.712,0.357,0.280,0.800,0.801,0.804,0.460,0.368,0.793,0.797,0.343,0.358,0.011,0.366,0.483,0.806,0.803,0.775,0.771,0.748,0.546,0.798,0.799,0.643,0.606,0.716,0.640,0.483,0.804,0.747,0.333,0.755,0.664,0.632,0.274,0.349,0.770,0.748,0.814,0.787,0.629,0.287
7PNB_t_1_NAG;0.019,0.681,0.864,0.796,0.679,0.712,0.112,0.851,0.864,0.718,0.681,0.867,0.785,0.830,0.820,0.821,0.820,0.848,0.677,0.717,0.808,0.860,0.706,0.861,0.828,0.825,0.681,0.860,0.716,0.695,0.707,0.699,0.718,0.712,0.702,0.857,0.829,0.702,0.816,0.709,0.818,0.818,0.061,0.828,0.844,0.820,0.873,0.679,0.728,0.694,0.841,0.721,0.814,0.848,0.696,0.855,0.819,0.841,0.796,0.697,0.050,0.819,0.845,0.080,0.706,0.700,0.709,0.789,0.678,0.857,0.076,0.864,0.701,0.697,0.710,0.873,0.863,0.819,0.829,0.822,0.828,0.710,0.841,0.680,0.826,0.817,0.813,0.830,0.715,0.838,0.800,0.860,0.816,0.717,0.838,0.829,0.873,0.801,0.695,0.857,0.700,0.678,0.810,0.696,0.829,0.830,0.813,0.825,0.711,0.827,0.091,0.829,0.818,0.700,0.676,0.845,0.823,0.801,0.674,0.797,0.701,0.829,0.688,0.845,0.857,0.848,0.842,0.857,0.717,0.863,0.855,0.682,0.814,0.857,0.672,0.790,0.848,0.873,0.832,0.873,0.845,0.829,0.841,0.690,0.790,0.811,0.854,0.786,0.820,0.712,0.686,0.873,0.680,0.828,0.000,0.783,0.828,0.697,0.852,0.848,0.828,0.845,0.810,0.681,0.716,0.859,0.722,0.828,0.832,0.703,0.800,0.789,0.676,0.820,0.814,0.094,0.816,0.845,0.857,0.812,0.838,0.820,0.857,0.848,0.675,0.855,0.829,0.829,0.783,0.691,0.845,0.678,0.862,0.720,0.683,0.842,0.850,0.832,0.864,0.829,0.804,0.826,0.865,0.864,0.692,0.701,0.806,0.827,0.714,0.797,0.706,0.857,0.860,0.823,0.823,0.725,0.719,0.716,0.841,0.820,0.707,0.698,0.836,0.836,0.827,0.818,0.842,0.715,0.709,0.675,0.681,0.873,0.829,0.721,0.730,0.851,0.798,0.861,0.858,0.842,0.713,0.876,0.832,0.680,0.786,0.851,0.826,0.828,0.678,0.873,0.697,0.685,0.848,0.819
7PNB_f_4_BGC;0.778,0.799,0.694,0.657,0.798,0.795,0.779,0.703,0.683,0.801,0.796,0.713,0.040,0.660,0.638,0.657,0.648,0.705,0.795,0.802,0.655,0.683,0.803,0.677,0.667,0.647,0.796,0.709,0.797,0.795,0.803,0.797,0.788,0.805,0.807,0.686,0.566,0.818,0.669,0.805,0.655,0.643,0.773,0.667,0.674,0.662,0.758,0.798,0.801,0.808,0.667,0.803,0.664,0.703,0.793,0.703,0.636,0.659,0.647,0.799,0.785,0.636,0.686,0.774,0.800,0.801,0.803,0.050,0.816,0.694,0.774,0.701,0.803,0.823,0.801,0.758,0.696,0.636,0.566,0.640,0.667,0.811,0.659,0.833,0.660,0.676,0.680,0.669,0.807,0.662,0.655,0.698,0.669,0.804,0.652,0.574,0.758,0.647,0.822,0.709,0.793,0.796,0.652,0.788,0.566,0.660,0.667,0.657,0.803,0.664,0.773,0.664,0.643,0.797,0.825,0.686,0.633,0.657,0.806,0.650,0.798,0.664,0.830,0.697,0.703,0.696,0.652,0.717,0.804,0.722,0.703,0.818,0.664,0.703,0.813,0.059,0.705,0.758,0.671,0.758,0.686,0.574,0.679,0.829,0.040,0.655,0.673,0.030,0.638,0.797,0.809,0.758,0.809,0.667,0.783,0.000,0.667,0.801,0.698,0.697,0.667,0.686,0.664,0.799,0.784,0.711,0.796,0.667,0.669,0.813,0.655,0.030,0.795,0.638,0.664,0.779,0.629,0.697,0.717,0.655,0.652,0.648,0.719,0.697,0.823,0.703,0.574,0.566,0.000,0.818,0.667,0.826,0.698,0.804,0.833,0.652,0.683,0.671,0.711,0.566,0.650,0.660,0.688,0.701,0.813,0.799,0.667,0.652,0.795,0.660,0.803,0.703,0.691,0.633,0.662,0.804,0.797,0.803,0.667,0.648,0.801,0.808,0.669,0.669,0.664,0.669,0.652,0.805,0.794,0.832,0.810,0.758,0.566,0.786,0.807,0.710,0.643,0.679,0.709,0.652,0.803,0.764,0.671,0.833,0.010,0.703,0.660,0.671,0.808,0.758,0.790,0.820,0.697,0.655
7PNB_X_5_MAN;0.827,0.787,0.682,0.621,0.789,0.779,0.828,0.632,0.712,0.801,0.783,0.685,0.681,0.274,0.354,0.360,0.368,0.639,0.782,0.790,0.384,0.704,0.795,0.714,0.000,0.375,0.783,0.644,0.797,0.803,0.811,0.767,0.792,0.801,0.795,0.673,0.546,0.767,0.402,0.809,0.385,0.372,0.827,0.000,0.469,0.393,0.748,0.789,0.792,0.792,0.460,0.799,0.398,0.636,0.768,0.642,0.363,0.478,0.600,0.820,0.830,0.348,0.460,0.827,0.792,0.797,0.807,0.678,0.783,0.673,0.828,0.689,0.761,0.765,0.801,0.748,0.717,0.348,0.546,0.366,0.000,0.779,0.478,0.780,0.274,0.389,0.407,0.257,0.807,0.483,0.618,0.711,0.402,0.804,0.470,0.554,0.748,0.611,0.769,0.634,0.818,0.783,0.372,0.805,0.546,0.274,0.375,0.360,0.799,0.011,0.827,0.339,0.357,0.780,0.776,0.460,0.357,0.611,0.777,0.603,0.814,0.339,0.774,0.639,0.637,0.625,0.483,0.644,0.804,0.648,0.642,0.777,0.398,0.637,0.780,0.652,0.639,0.748,0.333,0.748,0.460,0.543,0.451,0.768,0.671,0.363,0.710,0.655,0.354,0.801,0.772,0.748,0.768,0.000,0.828,0.667,0.000,0.788,0.638,0.629,0.000,0.460,0.385,0.782,0.796,0.642,0.800,0.000,0.343,0.768,0.618,0.669,0.782,0.354,0.398,0.828,0.354,0.639,0.644,0.384,0.470,0.368,0.637,0.629,0.774,0.642,0.543,0.546,0.667,0.768,0.460,0.774,0.678,0.804,0.768,0.483,0.704,0.364,0.646,0.546,0.345,0.290,0.684,0.689,0.780,0.816,0.403,0.280,0.811,0.624,0.807,0.637,0.712,0.357,0.280,0.800,0.801,0.804,0.460,0.368,0.793,0.797,0.343,0.358,0.011,0.366,0.483,0.806,0.803,0.775,0.771,0.748,0.546,0.798,0.799,0.643,0.606,0.716,0.640,0.483,0.804,0.747,0.333,0.755,0.664,0.632,0.274,0.349,0.770,0.748,0.814,0.787,0.629,0.287
7PNB_1_1_NAG;0.691,0.700,0.824,0.798,0.702,0.608,0.707,0.801,0.835,0.593,0.701,0.826,0.799,0.795,0.767,0.790,0.763,0.830,0.697,0.613,0.797,0.835,0.097,0.832,0.788,0.802,0.701,0.827,0.609,0.611,0.638,0.608,0.625,0.595,0.589,0.821,0.774,0.610,0.789,0.630,0.782,0.795,0.699,0.788,0.804,0.801,0.862,0.699,0.596,0.188,0.801,0.648,0.782,0.830,0.612,0.801,0.792,0.797,0.790,0.609,0.701,0.767,0.801,0.706,0.112,0.074,0.649,0.799,0.457,0.821,0.697,0.824,0.603,0.609,0.639,0.862,0.842,0.767,0.774,0.799,0.788,0.246,0.797,0.582,0.799,0.798,0.794,0.803,0.645,0.798,0.797,0.839,0.789,0.596,0.794,0.777,0.862,0.794,0.611,0.824,0.620,0.698,0.783,0.619,0.774,0.795,0.798,0.802,0.611,0.792,0.702,0.801,0.795,0.247,0.582,0.801,0.799,0.794,0.497,0.786,0.606,0.801,0.573,0.826,0.824,0.801,0.794,0.824,0.592,0.826,0.801,0.475,0.782,0.824,0.499,0.803,0.830,0.862,0.805,0.862,0.805,0.777,0.797,0.574,0.799,0.784,0.826,0.800,0.767,0.587,0.605,0.862,0.517,0.788,0.697,0.801,0.788,0.000,0.798,0.826,0.788,0.801,0.782,0.704,0.613,0.801,0.645,0.788,0.808,0.601,0.797,0.803,0.696,0.767,0.782,0.711,0.763,0.826,0.824,0.793,0.794,0.763,0.821,0.826,0.585,0.801,0.777,0.774,0.801,0.598,0.801,0.577,0.818,0.600,0.578,0.794,0.835,0.809,0.824,0.774,0.781,0.799,0.825,0.824,0.485,0.624,0.787,0.791,0.618,0.799,0.621,0.824,0.835,0.799,0.795,0.634,0.620,0.595,0.801,0.763,0.168,0.179,0.804,0.808,0.792,0.786,0.794,0.595,0.657,0.592,0.513,0.862,0.774,0.634,0.643,0.833,0.787,0.833,0.804,0.794,0.599,0.865,0.805,0.595,0.800,0.801,0.799,0.809,0.506,0.862,0.610,0.452,0.826,0.796
7PNB_V_5_MAN;0.847,0.809,0.744,0.722,0.808,0.813,0.848,0.139,0.708,0.842,0.801,0.747,0.694,0.619,0.628,0.647,0.618,0.739,0.809,0.815,0.644,0.716,0.800,0.710,0.638,0.647,0.801,0.734,0.827,0.808,0.820,0.818,0.822,0.843,0.817,0.736,0.636,0.819,0.620,0.834,0.616,0.642,0.851,0.638,0.611,0.652,0.819,0.808,0.810,0.801,0.603,0.788,0.616,0.737,0.815,0.021,0.635,0.606,0.713,0.813,0.854,0.625,0.592,0.851,0.801,0.810,0.804,0.692,0.814,0.752,0.852,0.750,0.808,0.817,0.786,0.819,0.712,0.625,0.636,0.640,0.638,0.801,0.606,0.827,0.619,0.627,0.623,0.609,0.788,0.609,0.729,0.714,0.630,0.849,0.598,0.643,0.819,0.731,0.820,0.726,0.807,0.805,0.612,0.810,0.636,0.619,0.637,0.637,0.828,0.635,0.851,0.624,0.632,0.806,0.819,0.592,0.642,0.722,0.815,0.715,0.807,0.624,0.820,0.731,0.728,0.110,0.598,0.734,0.846,0.747,0.021,0.808,0.616,0.728,0.818,0.703,0.739,0.819,0.632,0.819,0.603,0.633,0.584,0.819,0.685,0.604,0.713,0.696,0.628,0.847,0.819,0.819,0.811,0.638,0.852,0.698,0.638,0.798,0.000,0.731,0.638,0.592,0.616,0.805,0.813,0.042,0.789,0.638,0.639,0.815,0.729,0.701,0.804,0.628,0.606,0.852,0.618,0.731,0.734,0.644,0.598,0.618,0.728,0.731,0.821,0.021,0.633,0.636,0.698,0.823,0.603,0.816,0.739,0.846,0.819,0.598,0.716,0.632,0.752,0.636,0.600,0.619,0.738,0.750,0.810,0.809,0.629,0.612,0.804,0.724,0.780,0.728,0.708,0.642,0.612,0.785,0.807,0.845,0.603,0.618,0.798,0.806,0.639,0.639,0.635,0.619,0.598,0.847,0.837,0.830,0.811,0.819,0.636,0.775,0.792,0.744,0.717,0.712,0.032,0.598,0.849,0.818,0.632,0.819,0.696,0.139,0.619,0.632,0.810,0.819,0.807,0.810,0.731,0.615
7PNB_1_3_YZT;0.851,0.856,0.452,0.711,0.862,0.829,0.848,0.735,0.541,0.819,0.856,0.427,0.693,0.641,0.676,0.667,0.676,0.038,0.852,0.820,0.655,0.550,0.835,0.544,0.629,0.657,0.856,0.349,0.835,0.847,0.859,0.827,0.834,0.820,0.840,0.429,0.655,0.836,0.687,0.846,0.682,0.662,0.847,0.629,0.581,0.662,0.725,0.866,0.827,0.836,0.574,0.858,0.682,0.029,0.824,0.735,0.655,0.577,0.711,0.852,0.851,0.673,0.574,0.848,0.833,0.838,0.850,0.691,0.838,0.429,0.848,0.448,0.825,0.837,0.856,0.717,0.544,0.673,0.655,0.660,0.629,0.832,0.577,0.850,0.631,0.667,0.689,0.641,0.854,0.580,0.709,0.547,0.687,0.823,0.558,0.662,0.717,0.728,0.832,0.336,0.854,0.853,0.653,0.849,0.655,0.641,0.667,0.667,0.828,0.627,0.847,0.655,0.662,0.826,0.846,0.574,0.653,0.720,0.835,0.713,0.850,0.655,0.843,0.038,0.315,0.729,0.569,0.309,0.823,0.311,0.735,0.836,0.682,0.328,0.838,0.684,0.038,0.733,0.652,0.725,0.585,0.653,0.566,0.839,0.693,0.655,0.540,0.695,0.676,0.820,0.831,0.733,0.839,0.629,0.848,0.697,0.629,0.826,0.731,0.000,0.629,0.574,0.673,0.859,0.833,0.744,0.848,0.629,0.650,0.827,0.709,0.691,0.855,0.676,0.682,0.849,0.667,0.038,0.349,0.655,0.558,0.676,0.328,0.019,0.844,0.735,0.653,0.655,0.697,0.835,0.574,0.843,0.437,0.827,0.839,0.569,0.531,0.652,0.417,0.655,0.651,0.641,0.456,0.459,0.838,0.856,0.684,0.643,0.854,0.713,0.854,0.341,0.541,0.653,0.634,0.859,0.831,0.822,0.574,0.676,0.838,0.841,0.650,0.650,0.627,0.660,0.569,0.828,0.837,0.846,0.843,0.725,0.655,0.853,0.862,0.038,0.715,0.547,0.742,0.569,0.822,0.739,0.652,0.835,0.695,0.735,0.631,0.652,0.838,0.733,0.854,0.845,0.019,0.636
7PNB_h_5_MAN;0.827,0.787,0.682,0.621,0.789,0.779,0.828,0.632,0.712,0.801,0.783,0.685,0.681,0.274,0.354,0.360,0.368,0.639,0.782,0.790,0.384,0.704,0.795,0.714,0.000,0.375,0.783,0.644,0.797,0.803,0.811,0.767,0.792,0.801,0.795,0.673,0.546,0.767,0.402,0.809,0.385,0.372,0.827,0.000,0.469,0.393,0.748,0.789,0.792,0.792,0.460,0.799,0.398,0.636,0.768,0.642,0.363,0.478,0.600,0.820,0.830,0.348,0.460,0.827,0.792,0.797,0.807,0.678,0.783,0.673,0.828,0.689,0.761,0.765,0.801,0.748,0.717,0.348,0.546,0.366,0.000,0.779,0.478,0.780,0.274,0.389,0.407,0.257,0.807,0.483,0.618,0.711,0.402,0.804,0.470,0.554,0.748,0.611,0.769,0.634,0.818,0.783,0.372,0.805,0.546,0.274,0.375,0.360,0.799,0.011,0.827,0.339,0.357,0.780,0.776,0.460,0.357,0.611,0.777,0.603,0.814,0.339,0.774,0.639,0.637,0.625,0.483,0.644,0.804,0.648,0.642,0.777,0.398,0.637,0.780,0.652,0.639,0.748,0.333,0.748,0.460,0.543,0.451,0.768,0.671,0.363,0.710,0.655,0.354,0.801,0.772,0.748,0.768,0.000,0.828,0.667,0.000,0.788,0.638,0.629,0.000,0.460,0.385,0.782,0.796,0.642,0.800,0.000,0.343,0.768,0.618,0.669,0.782,0.354,0.398,0.828,0.354,0.639,0.644,0.384,0.470,0.368,0.637,0.629,0.774,0.642,0.543,0.546,0.667,0.768,0.460,0.774,0.678,0.804,0.768,0.483,0.704,0.364,0.646,0.546,0.345,0.290,0.684,0.689,0.780,0.816,0.403,0.280,0.811,0.624,0.807,0.637,0.712,0.357,0.280,0.800,0.801,0.804,0.460,0.368,0.793,0.797,0.343,0.358,0.011,0.366,0.483,0.806,0.803,0.775,0.771,0.748,0.546,0.798,0.799,0.643,0.606,0.716,0.640,0.483,0.804,0.747,0.333,0.755,0.664,0.632,0.274,0.349,0.770,0.748,0.814,0.787,0.629,0.287
7PNB_T_4_BGC;0.844,0.841,0.710,0.661,0.844,0.816,0.841,0.597,0.732,0.822,0.837,0.695,0.701,0.473,0.525,0.496,0.538,0.574,0.837,0.802,0.450,0.732,0.811,0.734,0.460,0.468,0.837,0.602,0.822,0.819,0.832,0.818,0.821,0.823,0.824,0.692,0.573,0.797,0.478,0.830,0.500,0.478,0.844,0.460,0.083,0.459,0.795,0.848,0.813,0.812,0.071,0.824,0.487,0.570,0.818,0.597,0.455,0.228,0.672,0.820,0.847,0.521,0.000,0.844,0.812,0.813,0.815,0.699,0.796,0.710,0.845,0.717,0.807,0.804,0.821,0.795,0.745,0.521,0.573,0.473,0.460,0.799,0.228,0.830,0.473,0.440,0.483,0.459,0.819,0.237,0.669,0.739,0.478,0.826,0.198,0.569,0.795,0.692,0.803,0.591,0.822,0.837,0.464,0.818,0.573,0.473,0.440,0.468,0.815,0.469,0.844,0.390,0.478,0.801,0.826,0.000,0.464,0.672,0.789,0.685,0.819,0.390,0.824,0.574,0.594,0.589,0.217,0.591,0.826,0.606,0.597,0.789,0.487,0.594,0.788,0.681,0.574,0.795,0.385,0.795,0.024,0.569,0.012,0.818,0.691,0.469,0.729,0.684,0.525,0.823,0.810,0.795,0.784,0.460,0.845,0.686,0.460,0.801,0.592,0.574,0.460,0.000,0.474,0.841,0.821,0.597,0.808,0.460,0.410,0.810,0.669,0.689,0.836,0.525,0.487,0.845,0.513,0.574,0.591,0.450,0.198,0.538,0.594,0.574,0.824,0.597,0.569,0.573,0.686,0.802,0.094,0.824,0.705,0.826,0.818,0.217,0.732,0.385,0.674,0.573,0.451,0.487,0.712,0.717,0.796,0.825,0.492,0.478,0.828,0.664,0.816,0.594,0.732,0.464,0.478,0.821,0.818,0.825,0.094,0.538,0.813,0.817,0.410,0.394,0.469,0.445,0.217,0.827,0.812,0.826,0.784,0.795,0.573,0.823,0.828,0.578,0.687,0.735,0.593,0.217,0.825,0.793,0.385,0.806,0.684,0.597,0.473,0.400,0.783,0.795,0.823,0.800,0.574,0.482
7PNB_f_6_MAN;0.809,0.797,0.671,0.609,0.800,0.785,0.810,0.590,0.718,0.799,0.794,0.691,0.678,0.309,0.342,0.271,0.357,0.673,0.793,0.784,0.296,0.718,0.789,0.720,0.385,0.271,0.794,0.642,0.795,0.788,0.805,0.782,0.794,0.799,0.813,0.680,0.523,0.770,0.061,0.811,0.080,0.252,0.808,0.385,0.483,0.257,0.761,0.804,0.799,0.782,0.474,0.809,0.021,0.671,0.783,0.620,0.243,0.479,0.619,0.797,0.812,0.351,0.474,0.809,0.794,0.791,0.812,0.676,0.798,0.680,0.810,0.678,0.776,0.772,0.807,0.761,0.722,0.351,0.523,0.245,0.385,0.781,0.479,0.783,0.309,0.271,0.071,0.309,0.809,0.483,0.617,0.716,0.041,0.802,0.470,0.519,0.761,0.640,0.776,0.633,0.799,0.794,0.269,0.786,0.523,0.309,0.255,0.255,0.809,0.379,0.808,0.357,0.236,0.782,0.779,0.474,0.236,0.619,0.796,0.632,0.796,0.357,0.780,0.664,0.635,0.582,0.483,0.642,0.802,0.646,0.620,0.787,0.061,0.635,0.795,0.650,0.673,0.761,0.366,0.761,0.474,0.519,0.466,0.770,0.669,0.275,0.707,0.653,0.342,0.799,0.783,0.761,0.787,0.385,0.810,0.664,0.385,0.782,0.616,0.673,0.385,0.474,0.000,0.793,0.798,0.630,0.802,0.385,0.375,0.779,0.617,0.667,0.792,0.342,0.041,0.810,0.342,0.664,0.642,0.280,0.470,0.357,0.644,0.673,0.781,0.620,0.519,0.523,0.664,0.771,0.474,0.776,0.675,0.802,0.774,0.483,0.718,0.351,0.662,0.523,0.288,0.309,0.664,0.678,0.799,0.797,0.070,0.300,0.801,0.612,0.805,0.635,0.718,0.236,0.300,0.810,0.799,0.801,0.474,0.357,0.786,0.783,0.360,0.360,0.379,0.294,0.483,0.803,0.801,0.778,0.787,0.761,0.523,0.804,0.809,0.669,0.635,0.721,0.628,0.483,0.801,0.759,0.366,0.767,0.662,0.590,0.309,0.366,0.790,0.761,0.796,0.794,0.673,0.306
7PNB_K_2_NAG;0.678,0.023,0.864,0.801,0.016,0.709,0.687,0.803,0.846,0.734,0.012,0.870,0.802,0.806,0.795,0.825,0.791,0.863,0.023,0.717,0.825,0.842,0.702,0.843,0.782,0.829,0.012,0.864,0.706,0.711,0.710,0.741,0.715,0.738,0.740,0.861,0.793,0.738,0.796,0.719,0.789,0.823,0.679,0.782,0.844,0.824,0.869,0.054,0.709,0.717,0.841,0.702,0.789,0.863,0.738,0.803,0.815,0.837,0.792,0.711,0.681,0.794,0.841,0.676,0.699,0.707,0.712,0.805,0.734,0.861,0.674,0.864,0.736,0.736,0.704,0.869,0.849,0.794,0.793,0.826,0.782,0.700,0.837,0.690,0.810,0.813,0.797,0.818,0.693,0.834,0.804,0.845,0.796,0.736,0.842,0.797,0.869,0.792,0.743,0.868,0.713,0.019,0.806,0.706,0.793,0.806,0.813,0.829,0.711,0.786,0.679,0.817,0.823,0.687,0.690,0.841,0.823,0.801,0.736,0.784,0.701,0.817,0.685,0.859,0.864,0.800,0.838,0.871,0.739,0.870,0.808,0.725,0.789,0.864,0.738,0.798,0.863,0.869,0.820,0.869,0.841,0.797,0.837,0.693,0.802,0.807,0.836,0.799,0.795,0.738,0.735,0.869,0.732,0.782,0.681,0.799,0.782,0.704,0.805,0.859,0.782,0.841,0.793,0.000,0.706,0.812,0.686,0.782,0.828,0.738,0.804,0.810,0.027,0.795,0.789,0.681,0.791,0.859,0.871,0.825,0.842,0.791,0.868,0.859,0.685,0.808,0.797,0.793,0.799,0.730,0.841,0.688,0.862,0.743,0.696,0.838,0.835,0.828,0.864,0.793,0.804,0.810,0.861,0.864,0.728,0.704,0.790,0.802,0.708,0.801,0.697,0.864,0.846,0.823,0.806,0.706,0.719,0.742,0.841,0.791,0.700,0.714,0.828,0.828,0.786,0.810,0.838,0.738,0.702,0.686,0.741,0.869,0.793,0.685,0.717,0.866,0.785,0.843,0.811,0.838,0.742,0.873,0.820,0.701,0.803,0.803,0.810,0.824,0.737,0.869,0.701,0.740,0.859,0.803
7PNB_k_1_NAG;0.713,0.699,0.846,0.818,0.708,0.085,0.732,0.820,0.835,0.634,0.700,0.848,0.782,0.810,0.792,0.805,0.788,0.837,0.699,0.235,0.817,0.839,0.623,0.832,0.796,0.810,0.700,0.834,0.103,0.670,0.692,0.614,0.137,0.627,0.640,0.846,0.794,0.620,0.793,0.147,0.790,0.807,0.721,0.796,0.828,0.816,0.876,0.701,0.140,0.614,0.825,0.684,0.794,0.837,0.604,0.820,0.803,0.809,0.814,0.683,0.723,0.795,0.821,0.725,0.634,0.620,0.692,0.786,0.563,0.842,0.722,0.845,0.613,0.623,0.683,0.876,0.837,0.795,0.794,0.806,0.796,0.617,0.809,0.569,0.810,0.805,0.797,0.818,0.685,0.806,0.821,0.834,0.797,0.636,0.810,0.797,0.876,0.822,0.617,0.831,0.682,0.697,0.799,0.681,0.794,0.810,0.810,0.814,0.143,0.799,0.724,0.805,0.807,0.645,0.569,0.821,0.803,0.818,0.601,0.814,0.673,0.805,0.587,0.833,0.831,0.813,0.806,0.834,0.633,0.837,0.820,0.559,0.790,0.831,0.621,0.782,0.837,0.876,0.808,0.876,0.825,0.793,0.817,0.589,0.786,0.795,0.829,0.783,0.792,0.635,0.619,0.876,0.611,0.796,0.716,0.784,0.796,0.613,0.813,0.833,0.796,0.821,0.798,0.706,0.000,0.824,0.675,0.796,0.816,0.626,0.821,0.790,0.699,0.792,0.790,0.729,0.792,0.833,0.834,0.817,0.810,0.788,0.831,0.833,0.561,0.820,0.793,0.794,0.784,0.616,0.825,0.571,0.843,0.636,0.573,0.806,0.828,0.808,0.846,0.794,0.793,0.814,0.846,0.845,0.603,0.679,0.791,0.807,0.680,0.818,0.676,0.831,0.831,0.803,0.811,0.701,0.226,0.632,0.825,0.788,0.645,0.619,0.816,0.812,0.799,0.802,0.806,0.635,0.612,0.580,0.627,0.876,0.794,0.691,0.697,0.840,0.815,0.832,0.823,0.806,0.639,0.879,0.808,0.590,0.787,0.820,0.810,0.812,0.609,0.876,0.676,0.559,0.833,0.803
7PNB_f_5_MAN;0.853,0.816,0.741,0.736,0.814,0.819,0.855,0.121,0.704,0.845,0.808,0.752,0.707,0.624,0.642,0.652,0.632,0.752,0.816,0.822,0.659,0.712,0.803,0.706,0.642,0.652,0.808,0.747,0.837,0.815,0.827,0.821,0.832,0.846,0.819,0.741,0.640,0.818,0.625,0.844,0.620,0.647,0.858,0.642,0.616,0.657,0.831,0.814,0.821,0.804,0.608,0.795,0.630,0.750,0.818,0.042,0.640,0.622,0.727,0.820,0.861,0.640,0.597,0.858,0.804,0.813,0.811,0.705,0.812,0.748,0.859,0.747,0.811,0.816,0.793,0.831,0.709,0.640,0.640,0.644,0.642,0.807,0.622,0.829,0.624,0.632,0.628,0.614,0.795,0.625,0.743,0.711,0.635,0.852,0.614,0.647,0.831,0.745,0.823,0.739,0.814,0.812,0.627,0.817,0.640,0.624,0.642,0.642,0.834,0.640,0.858,0.629,0.637,0.809,0.822,0.597,0.647,0.736,0.814,0.729,0.814,0.629,0.823,0.744,0.741,0.111,0.614,0.747,0.848,0.752,0.021,0.806,0.620,0.741,0.817,0.716,0.752,0.831,0.636,0.831,0.608,0.638,0.589,0.822,0.699,0.619,0.710,0.709,0.642,0.849,0.818,0.831,0.810,0.642,0.859,0.711,0.642,0.801,0.042,0.744,0.642,0.597,0.630,0.812,0.824,0.000,0.796,0.642,0.644,0.818,0.743,0.714,0.811,0.642,0.620,0.859,0.632,0.744,0.747,0.659,0.614,0.632,0.741,0.744,0.823,0.021,0.638,0.640,0.711,0.822,0.608,0.819,0.736,0.848,0.822,0.614,0.712,0.636,0.748,0.640,0.615,0.624,0.734,0.747,0.809,0.816,0.633,0.617,0.811,0.738,0.791,0.741,0.704,0.647,0.617,0.792,0.818,0.848,0.608,0.632,0.801,0.809,0.644,0.644,0.640,0.634,0.614,0.849,0.840,0.833,0.810,0.831,0.640,0.786,0.799,0.756,0.731,0.708,0.011,0.614,0.852,0.830,0.636,0.822,0.709,0.121,0.624,0.636,0.808,0.831,0.814,0.808,0.744,0.619
7PNB_l_1_NAG;0.710,0.693,0.881,0.833,0.688,0.674,0.725,0.804,0.853,0.673,0.684,0.883,0.807,0.802,0.804,0.810,0.808,0.852,0.686,0.676,0.817,0.853,0.630,0.853,0.800,0.805,0.684,0.856,0.668,0.621,0.626,0.650,0.677,0.674,0.688,0.878,0.806,0.635,0.805,0.674,0.798,0.807,0.717,0.800,0.812,0.820,0.893,0.688,0.678,0.646,0.808,0.119,0.802,0.851,0.637,0.792,0.807,0.821,0.829,0.627,0.726,0.803,0.808,0.721,0.648,0.645,0.148,0.806,0.646,0.881,0.716,0.881,0.635,0.645,0.152,0.893,0.859,0.803,0.806,0.806,0.800,0.642,0.821,0.685,0.798,0.822,0.809,0.798,0.115,0.822,0.837,0.859,0.809,0.675,0.818,0.809,0.893,0.837,0.646,0.853,0.622,0.687,0.815,0.629,0.806,0.802,0.818,0.810,0.667,0.799,0.724,0.817,0.807,0.631,0.675,0.808,0.803,0.833,0.634,0.834,0.623,0.817,0.687,0.848,0.853,0.801,0.818,0.856,0.672,0.863,0.792,0.643,0.798,0.853,0.636,0.799,0.852,0.893,0.820,0.893,0.808,0.809,0.805,0.682,0.803,0.807,0.851,0.795,0.804,0.670,0.644,0.893,0.633,0.800,0.722,0.796,0.800,0.645,0.789,0.848,0.800,0.808,0.802,0.686,0.675,0.796,0.000,0.800,0.824,0.637,0.837,0.802,0.679,0.804,0.798,0.720,0.800,0.848,0.856,0.817,0.818,0.808,0.853,0.848,0.674,0.792,0.809,0.806,0.796,0.638,0.808,0.673,0.875,0.675,0.682,0.818,0.856,0.824,0.878,0.806,0.805,0.802,0.878,0.881,0.647,0.619,0.803,0.799,0.639,0.834,0.183,0.853,0.856,0.803,0.803,0.168,0.661,0.674,0.808,0.808,0.638,0.637,0.824,0.828,0.799,0.818,0.818,0.674,0.701,0.681,0.635,0.893,0.806,0.238,0.175,0.854,0.834,0.854,0.795,0.818,0.681,0.896,0.820,0.676,0.795,0.804,0.798,0.820,0.628,0.893,0.623,0.646,0.848,0.795
7PNB_w_5_MAN;0.827,0.787,0.682,0.621,0.789,0.779,0.828,0.632,0.712,0.801,0.783,0.685,0.681,0.274,0.354,0.360,0.368,0.639,0.782,0.790,0.384,0.704,0.795,0.714,0.000,0.375,0.783,0.644,0.797,0.803,0.811,0.767,0.792,0.801,0.795,0.673,0.546,0.767,0.402,0.809,0.385,0.372,0.827,0.000,0.469,0.393,0.748,0.789,0.792,0.792,0.460,0.799,0.398,0.636,0.768,0.642,0.363,0.478,0.600,0.820,0.830,0.348,0.460,0.827,0.792,0.797,0.807,0.678,0.783,0.673,0.828,0.689,0.761,0.765,0.801,0.748,0.717,0.348,0.546,0.366,0.000,0.779,0.478,0.780,0.274,0.389,0.407,0.257,0.807,0.483,0.618,0.711,0.402,0.804,0.470,0.554,0.748,0.611,0.769,0.634,0.818,0.783,0.372,0.805,0.546,0.274,0.375,0.360,0.799,0.011,0.827,0.339,0.357,0.780,0.776,0.460,0.357,0.611,0.777,0.603,0.814,0.339,0.774,0.639,0.637,0.625,0.483,0.644,0.804,0.648,0.642,0.777,0.398,0.637,0.780,0.652,0.639,0.748,0.333,0.748,0.460,0.543,0.451,0.768,0.671,0.363,0.710,0.655,0.354,0.801,0.772,0.748,0.768,0.000,0.828,0.667,0.000,0.788,0.638,0.629,0.000,0.460,0.385,0.782,0.796,0.642,0.800,0.000,0.343,0.768,0.618,0.669,0.782,0.354,0.398,0.828,0.354,0.639,0.644,0.384,0.470,0.368,0.637,0.629,0.774,0.642,0.543,0.546,0.667,0.768,0.460,0.774,0.678,0.804,0.768,0.483,0.704,0.364,0.646,0.546,0.345,0.290,0.684,0.689,0.780,0.816,0.403,0.280,0.811,0.624,0.807,0.637,0.712,0.357,0.280,0.800,0.801,0.804,0.460,0.368,0.793,0.797,0.343,0.358,0.011,0.366,0.483,0.806,0.803,0.775,0.771,0.748,0.546,0.798,0.799,0.643,0.606,0.716,0.640,0.483,0.804,0.747,0.333,0.755,0.664,0.632,0.274,0.349,0.770,0.748,0.814,0.787,0.629,0.287
7PNB_b_6_MAN;0.831,0.832,0.694,0.633,0.838,0.803,0.832,0.644,0.732,0.804,0.828,0.705,0.683,0.275,0.358,0.267,0.373,0.650,0.832,0.797,0.260,0.732,0.814,0.734,0.343,0.250,0.828,0.664,0.809,0.798,0.811,0.800,0.808,0.805,0.799,0.703,0.578,0.783,0.393,0.825,0.389,0.265,0.830,0.343,0.404,0.253,0.736,0.834,0.808,0.811,0.394,0.827,0.389,0.647,0.801,0.644,0.220,0.400,0.643,0.811,0.834,0.352,0.410,0.831,0.820,0.820,0.830,0.681,0.799,0.703,0.832,0.701,0.798,0.790,0.824,0.736,0.737,0.352,0.578,0.240,0.343,0.811,0.400,0.805,0.257,0.250,0.355,0.240,0.830,0.406,0.630,0.731,0.393,0.808,0.390,0.575,0.736,0.654,0.794,0.655,0.813,0.828,0.298,0.800,0.578,0.275,0.267,0.250,0.814,0.336,0.830,0.045,0.248,0.800,0.801,0.410,0.230,0.643,0.797,0.646,0.810,0.045,0.798,0.650,0.657,0.626,0.406,0.655,0.808,0.660,0.644,0.793,0.389,0.657,0.796,0.664,0.650,0.736,0.034,0.736,0.410,0.575,0.400,0.792,0.674,0.305,0.730,0.667,0.358,0.805,0.792,0.736,0.792,0.343,0.832,0.669,0.343,0.808,0.639,0.650,0.343,0.410,0.375,0.828,0.816,0.644,0.824,0.343,0.000,0.801,0.630,0.672,0.831,0.358,0.389,0.832,0.358,0.650,0.655,0.277,0.390,0.373,0.667,0.650,0.799,0.644,0.575,0.578,0.669,0.789,0.410,0.798,0.689,0.808,0.792,0.406,0.732,0.078,0.676,0.578,0.318,0.257,0.696,0.701,0.800,0.811,0.366,0.282,0.814,0.636,0.827,0.657,0.732,0.230,0.248,0.828,0.813,0.807,0.394,0.373,0.816,0.816,0.023,0.045,0.336,0.308,0.406,0.809,0.806,0.800,0.792,0.736,0.578,0.829,0.831,0.655,0.649,0.736,0.641,0.406,0.807,0.735,0.034,0.784,0.667,0.644,0.257,0.011,0.791,0.736,0.810,0.795,0.650,0.272
7PNB_T_2_NAG;0.704,0.735,0.829,0.807,0.737,0.618,0.716,0.818,0.840,0.450,0.733,0.839,0.824,0.795,0.780,0.777,0.785,0.831,0.732,0.627,0.781,0.840,0.615,0.841,0.768,0.786,0.733,0.832,0.633,0.594,0.599,0.100,0.635,0.442,0.647,0.833,0.774,0.097,0.785,0.628,0.779,0.783,0.711,0.768,0.818,0.789,0.871,0.737,0.628,0.617,0.814,0.643,0.783,0.831,0.124,0.818,0.784,0.794,0.803,0.615,0.714,0.780,0.810,0.715,0.619,0.623,0.644,0.823,0.635,0.829,0.713,0.832,0.060,0.086,0.641,0.871,0.843,0.780,0.774,0.787,0.768,0.631,0.794,0.488,0.791,0.782,0.782,0.782,0.641,0.790,0.810,0.840,0.790,0.448,0.790,0.778,0.871,0.815,0.089,0.825,0.611,0.733,0.770,0.595,0.774,0.795,0.782,0.786,0.628,0.767,0.715,0.798,0.783,0.609,0.479,0.810,0.783,0.803,0.630,0.808,0.604,0.798,0.478,0.827,0.829,0.818,0.794,0.825,0.453,0.827,0.818,0.621,0.779,0.829,0.632,0.812,0.831,0.871,0.801,0.871,0.814,0.774,0.806,0.475,0.820,0.767,0.834,0.813,0.780,0.446,0.124,0.871,0.626,0.768,0.703,0.813,0.768,0.601,0.815,0.827,0.768,0.810,0.779,0.738,0.626,0.818,0.637,0.768,0.801,0.000,0.810,0.819,0.728,0.780,0.779,0.720,0.776,0.827,0.825,0.785,0.790,0.785,0.818,0.827,0.475,0.818,0.774,0.774,0.813,0.120,0.814,0.464,0.826,0.457,0.475,0.794,0.836,0.806,0.825,0.774,0.764,0.791,0.830,0.832,0.646,0.604,0.775,0.792,0.617,0.808,0.642,0.829,0.840,0.783,0.787,0.644,0.607,0.451,0.814,0.785,0.638,0.615,0.805,0.809,0.767,0.774,0.794,0.446,0.674,0.478,0.631,0.871,0.774,0.650,0.642,0.834,0.808,0.841,0.821,0.794,0.441,0.874,0.801,0.472,0.813,0.818,0.791,0.797,0.631,0.871,0.604,0.624,0.827,0.784
7PNB_e_4_MAN;0.795,0.804,0.724,0.011,0.811,0.804,0.796,0.716,0.728,0.806,0.805,0.727,0.659,0.641,0.608,0.628,0.618,0.718,0.800,0.831,0.603,0.736,0.803,0.730,0.618,0.638,0.805,0.713,0.827,0.816,0.824,0.814,0.821,0.806,0.828,0.724,0.637,0.823,0.621,0.846,0.617,0.623,0.790,0.618,0.667,0.611,0.748,0.815,0.822,0.805,0.659,0.840,0.617,0.716,0.818,0.734,0.615,0.661,0.076,0.821,0.802,0.605,0.669,0.791,0.805,0.810,0.850,0.667,0.837,0.715,0.787,0.722,0.816,0.821,0.841,0.748,0.724,0.605,0.637,0.631,0.618,0.812,0.661,0.806,0.641,0.606,0.624,0.641,0.843,0.664,0.000,0.726,0.621,0.809,0.664,0.644,0.748,0.076,0.812,0.696,0.827,0.801,0.602,0.818,0.637,0.641,0.606,0.638,0.836,0.615,0.790,0.625,0.623,0.797,0.806,0.669,0.623,0.033,0.835,0.106,0.823,0.625,0.808,0.709,0.707,0.709,0.664,0.696,0.809,0.709,0.734,0.836,0.617,0.707,0.838,0.640,0.718,0.748,0.633,0.748,0.669,0.644,0.661,0.806,0.669,0.605,0.733,0.652,0.608,0.806,0.818,0.748,0.838,0.618,0.800,0.655,0.618,0.797,0.729,0.709,0.618,0.669,0.617,0.804,0.821,0.743,0.837,0.618,0.630,0.810,0.000,0.657,0.804,0.608,0.617,0.788,0.597,0.709,0.696,0.603,0.664,0.618,0.707,0.709,0.804,0.734,0.644,0.637,0.655,0.815,0.669,0.803,0.711,0.813,0.802,0.664,0.728,0.622,0.707,0.637,0.600,0.641,0.725,0.722,0.842,0.825,0.619,0.634,0.824,0.022,0.836,0.707,0.728,0.623,0.634,0.844,0.823,0.809,0.659,0.618,0.805,0.801,0.630,0.630,0.615,0.620,0.664,0.815,0.804,0.801,0.839,0.748,0.637,0.846,0.847,0.723,0.096,0.731,0.741,0.664,0.809,0.755,0.633,0.807,0.662,0.716,0.641,0.633,0.837,0.748,0.815,0.829,0.709,0.636
7PNB_V_4_BGC;0.784,0.805,0.697,0.659,0.808,0.801,0.785,0.705,0.694,0.807,0.806,0.708,0.031,0.662,0.640,0.650,0.650,0.699,0.801,0.804,0.657,0.686,0.805,0.688,0.669,0.650,0.806,0.703,0.799,0.797,0.805,0.803,0.790,0.812,0.809,0.688,0.567,0.824,0.671,0.807,0.657,0.645,0.779,0.669,0.677,0.664,0.769,0.808,0.803,0.810,0.669,0.809,0.667,0.697,0.799,0.705,0.638,0.662,0.650,0.801,0.791,0.638,0.689,0.780,0.802,0.803,0.809,0.021,0.818,0.697,0.780,0.703,0.809,0.829,0.807,0.769,0.706,0.638,0.567,0.642,0.669,0.813,0.662,0.835,0.662,0.679,0.683,0.671,0.812,0.664,0.657,0.708,0.671,0.810,0.654,0.575,0.769,0.650,0.828,0.703,0.795,0.802,0.655,0.790,0.567,0.662,0.669,0.659,0.805,0.667,0.779,0.667,0.645,0.799,0.827,0.689,0.635,0.659,0.808,0.652,0.800,0.667,0.828,0.691,0.697,0.699,0.654,0.712,0.810,0.716,0.705,0.824,0.667,0.697,0.815,0.051,0.699,0.769,0.674,0.769,0.689,0.575,0.681,0.827,0.031,0.657,0.683,0.040,0.640,0.803,0.815,0.769,0.815,0.669,0.789,0.030,0.669,0.803,0.701,0.691,0.669,0.689,0.667,0.810,0.790,0.714,0.802,0.669,0.672,0.819,0.657,0.000,0.805,0.640,0.667,0.785,0.630,0.691,0.712,0.657,0.654,0.650,0.713,0.691,0.825,0.705,0.575,0.567,0.030,0.824,0.669,0.828,0.701,0.810,0.831,0.654,0.694,0.674,0.713,0.567,0.652,0.662,0.690,0.703,0.815,0.801,0.669,0.655,0.797,0.662,0.809,0.697,0.702,0.635,0.664,0.810,0.803,0.810,0.669,0.650,0.803,0.810,0.672,0.672,0.667,0.671,0.654,0.812,0.801,0.834,0.816,0.769,0.567,0.792,0.813,0.704,0.645,0.689,0.712,0.654,0.810,0.775,0.674,0.832,0.020,0.705,0.662,0.674,0.810,0.769,0.792,0.822,0.691,0.657
7PNB_Z_2_NAG;0.674,0.035,0.864,0.800,0.020,0.701,0.683,0.799,0.845,0.730,0.016,0.870,0.797,0.805,0.794,0.825,0.790,0.859,0.020,0.713,0.824,0.842,0.695,0.842,0.782,0.829,0.016,0.860,0.699,0.704,0.703,0.731,0.707,0.734,0.736,0.860,0.792,0.727,0.795,0.711,0.788,0.822,0.675,0.782,0.840,0.824,0.865,0.050,0.702,0.710,0.836,0.695,0.788,0.859,0.728,0.803,0.814,0.833,0.792,0.703,0.677,0.794,0.836,0.672,0.692,0.699,0.705,0.801,0.727,0.860,0.669,0.863,0.726,0.726,0.696,0.865,0.848,0.794,0.792,0.825,0.782,0.693,0.833,0.682,0.809,0.817,0.796,0.817,0.685,0.829,0.804,0.845,0.795,0.732,0.837,0.796,0.865,0.792,0.733,0.863,0.706,0.023,0.810,0.698,0.792,0.805,0.812,0.829,0.704,0.785,0.675,0.820,0.822,0.679,0.682,0.836,0.822,0.800,0.729,0.784,0.693,0.820,0.677,0.855,0.860,0.799,0.833,0.867,0.736,0.866,0.807,0.718,0.788,0.860,0.731,0.793,0.859,0.865,0.824,0.865,0.836,0.796,0.833,0.686,0.797,0.810,0.836,0.794,0.794,0.734,0.725,0.865,0.725,0.782,0.676,0.795,0.782,0.696,0.804,0.855,0.782,0.836,0.792,0.027,0.699,0.811,0.679,0.782,0.831,0.728,0.804,0.805,0.000,0.794,0.788,0.677,0.790,0.855,0.867,0.824,0.837,0.790,0.864,0.855,0.678,0.807,0.796,0.792,0.795,0.719,0.836,0.680,0.858,0.739,0.689,0.833,0.834,0.832,0.860,0.792,0.808,0.809,0.861,0.863,0.721,0.697,0.789,0.801,0.701,0.801,0.689,0.860,0.845,0.822,0.806,0.699,0.712,0.738,0.836,0.790,0.693,0.707,0.831,0.831,0.785,0.813,0.833,0.734,0.701,0.678,0.734,0.865,0.792,0.678,0.710,0.862,0.784,0.843,0.810,0.833,0.738,0.869,0.824,0.693,0.798,0.799,0.809,0.828,0.730,0.865,0.693,0.733,0.855,0.802
7PNB_r_6_MAN;0.819,0.795,0.673,0.611,0.802,0.783,0.820,0.612,0.712,0.805,0.796,0.702,0.652,0.290,0.000,0.375,0.021,0.676,0.791,0.785,0.398,0.712,0.778,0.714,0.354,0.389,0.796,0.653,0.793,0.799,0.815,0.784,0.787,0.806,0.795,0.682,0.512,0.771,0.345,0.813,0.327,0.372,0.818,0.354,0.534,0.407,0.732,0.802,0.788,0.776,0.525,0.807,0.327,0.673,0.789,0.632,0.363,0.529,0.611,0.812,0.822,0.011,0.525,0.819,0.779,0.784,0.815,0.650,0.787,0.682,0.820,0.680,0.778,0.774,0.805,0.732,0.717,0.011,0.512,0.366,0.354,0.766,0.529,0.789,0.306,0.404,0.351,0.306,0.811,0.533,0.608,0.711,0.345,0.808,0.545,0.508,0.732,0.621,0.778,0.644,0.810,0.792,0.414,0.797,0.512,0.290,0.389,0.375,0.807,0.363,0.818,0.339,0.357,0.767,0.785,0.525,0.357,0.621,0.781,0.614,0.802,0.339,0.782,0.667,0.646,0.604,0.533,0.653,0.808,0.658,0.632,0.777,0.342,0.646,0.780,0.623,0.676,0.732,0.349,0.732,0.525,0.508,0.517,0.776,0.652,0.419,0.710,0.636,0.000,0.806,0.785,0.732,0.776,0.354,0.820,0.638,0.354,0.767,0.628,0.676,0.354,0.525,0.342,0.795,0.792,0.642,0.804,0.354,0.358,0.780,0.608,0.640,0.794,0.000,0.327,0.820,0.021,0.667,0.653,0.398,0.545,0.021,0.664,0.676,0.783,0.632,0.508,0.512,0.638,0.773,0.525,0.782,0.669,0.804,0.776,0.533,0.712,0.378,0.664,0.512,0.415,0.306,0.675,0.680,0.784,0.808,0.348,0.280,0.803,0.614,0.807,0.646,0.712,0.357,0.296,0.808,0.793,0.808,0.525,0.021,0.776,0.776,0.358,0.373,0.363,0.422,0.533,0.806,0.781,0.784,0.776,0.732,0.512,0.806,0.807,0.680,0.617,0.716,0.640,0.533,0.808,0.730,0.349,0.773,0.636,0.612,0.306,0.364,0.775,0.732,0.798,0.783,0.676,0.303
7PNB_p_6_MAN;0.813,0.793,0.680,0.609,0.796,0.785,0.814,0.579,0.710,0.799,0.790,0.699,0.678,0.324,0.327,0.287,0.342,0.682,0.789,0.784,0.312,0.710,0.789,0.712,0.398,0.287,0.790,0.651,0.787,0.793,0.813,0.782,0.785,0.799,0.813,0.688,0.534,0.770,0.021,0.811,0.041,0.269,0.812,0.398,0.496,0.290,0.753,0.800,0.790,0.782,0.487,0.805,0.021,0.680,0.783,0.610,0.259,0.466,0.619,0.801,0.816,0.336,0.487,0.813,0.798,0.795,0.809,0.676,0.802,0.688,0.814,0.686,0.776,0.772,0.803,0.753,0.714,0.336,0.534,0.262,0.398,0.781,0.466,0.783,0.324,0.287,0.051,0.324,0.805,0.470,0.617,0.708,0.041,0.802,0.483,0.531,0.753,0.640,0.776,0.642,0.803,0.790,0.284,0.795,0.534,0.324,0.271,0.271,0.809,0.393,0.812,0.372,0.252,0.786,0.779,0.487,0.252,0.619,0.800,0.632,0.800,0.372,0.780,0.673,0.644,0.571,0.470,0.651,0.802,0.655,0.610,0.792,0.021,0.644,0.799,0.650,0.682,0.753,0.381,0.753,0.487,0.531,0.479,0.770,0.669,0.291,0.699,0.653,0.327,0.799,0.783,0.753,0.791,0.398,0.814,0.664,0.398,0.782,0.606,0.682,0.398,0.487,0.041,0.789,0.790,0.620,0.798,0.398,0.389,0.779,0.617,0.667,0.788,0.327,0.000,0.814,0.327,0.673,0.651,0.312,0.483,0.342,0.653,0.682,0.781,0.610,0.531,0.534,0.664,0.771,0.487,0.776,0.684,0.802,0.774,0.470,0.710,0.366,0.671,0.534,0.304,0.324,0.673,0.686,0.803,0.801,0.051,0.315,0.809,0.612,0.801,0.644,0.710,0.252,0.315,0.806,0.791,0.801,0.487,0.342,0.791,0.783,0.389,0.389,0.393,0.309,0.470,0.803,0.792,0.778,0.791,0.753,0.534,0.800,0.805,0.678,0.635,0.713,0.618,0.470,0.801,0.752,0.381,0.767,0.662,0.579,0.324,0.381,0.794,0.753,0.800,0.798,0.682,0.321
7PNB_j_1_NAG;0.089,0.681,0.865,0.784,0.680,0.725,0.050,0.851,0.857,0.728,0.682,0.867,0.782,0.831,0.820,0.822,0.820,0.849,0.678,0.730,0.809,0.857,0.722,0.858,0.828,0.826,0.682,0.861,0.730,0.705,0.711,0.719,0.734,0.725,0.703,0.858,0.822,0.725,0.817,0.722,0.818,0.819,0.057,0.828,0.849,0.821,0.873,0.680,0.741,0.714,0.845,0.719,0.814,0.848,0.717,0.855,0.820,0.842,0.784,0.708,0.091,0.820,0.845,0.039,0.723,0.714,0.706,0.785,0.686,0.858,0.050,0.864,0.718,0.721,0.714,0.873,0.856,0.820,0.822,0.823,0.828,0.720,0.842,0.697,0.827,0.818,0.814,0.831,0.716,0.838,0.788,0.853,0.817,0.727,0.838,0.822,0.873,0.793,0.715,0.857,0.710,0.679,0.811,0.706,0.822,0.831,0.814,0.826,0.725,0.828,0.057,0.829,0.819,0.714,0.694,0.845,0.823,0.789,0.678,0.789,0.711,0.829,0.702,0.845,0.858,0.848,0.842,0.857,0.727,0.863,0.855,0.690,0.814,0.858,0.676,0.786,0.849,0.873,0.833,0.873,0.845,0.826,0.842,0.704,0.786,0.812,0.851,0.783,0.820,0.722,0.710,0.873,0.687,0.828,0.094,0.779,0.828,0.711,0.852,0.849,0.828,0.845,0.810,0.681,0.729,0.859,0.720,0.828,0.832,0.720,0.788,0.785,0.677,0.820,0.814,0.000,0.816,0.845,0.857,0.813,0.838,0.820,0.858,0.849,0.693,0.855,0.826,0.822,0.779,0.721,0.849,0.695,0.862,0.730,0.701,0.842,0.846,0.833,0.865,0.822,0.805,0.827,0.865,0.864,0.696,0.711,0.807,0.827,0.718,0.785,0.704,0.858,0.854,0.823,0.823,0.729,0.733,0.730,0.845,0.820,0.727,0.715,0.836,0.836,0.828,0.818,0.842,0.729,0.706,0.690,0.686,0.873,0.822,0.725,0.734,0.852,0.790,0.858,0.859,0.842,0.727,0.877,0.833,0.698,0.783,0.851,0.827,0.829,0.686,0.873,0.708,0.689,0.849,0.820
7PNB_X_6_MAN;0.815,0.791,0.664,0.600,0.798,0.783,0.816,0.602,0.704,0.801,0.792,0.693,0.643,0.290,0.021,0.360,0.042,0.667,0.787,0.785,0.384,0.704,0.774,0.706,0.354,0.375,0.792,0.644,0.793,0.795,0.811,0.780,0.787,0.801,0.791,0.673,0.500,0.767,0.345,0.813,0.327,0.357,0.814,0.354,0.521,0.393,0.732,0.802,0.788,0.771,0.513,0.807,0.327,0.664,0.785,0.622,0.348,0.517,0.600,0.808,0.818,0.011,0.513,0.815,0.775,0.780,0.811,0.640,0.783,0.673,0.816,0.671,0.774,0.770,0.805,0.732,0.709,0.011,0.500,0.351,0.354,0.762,0.517,0.785,0.306,0.389,0.351,0.306,0.807,0.521,0.597,0.703,0.345,0.804,0.533,0.496,0.732,0.611,0.774,0.634,0.805,0.787,0.400,0.792,0.500,0.290,0.375,0.360,0.807,0.363,0.814,0.339,0.342,0.763,0.780,0.513,0.342,0.611,0.777,0.603,0.798,0.339,0.778,0.658,0.637,0.594,0.521,0.644,0.804,0.648,0.622,0.772,0.342,0.637,0.775,0.613,0.667,0.732,0.349,0.732,0.513,0.496,0.504,0.772,0.643,0.405,0.702,0.626,0.021,0.801,0.780,0.732,0.772,0.354,0.816,0.629,0.354,0.763,0.618,0.667,0.354,0.513,0.342,0.791,0.792,0.632,0.800,0.354,0.358,0.776,0.597,0.630,0.790,0.021,0.327,0.816,0.000,0.658,0.644,0.384,0.533,0.042,0.655,0.667,0.779,0.622,0.496,0.500,0.629,0.768,0.513,0.778,0.660,0.800,0.772,0.521,0.704,0.378,0.655,0.500,0.402,0.306,0.667,0.671,0.780,0.803,0.348,0.280,0.799,0.603,0.807,0.637,0.704,0.342,0.296,0.808,0.793,0.804,0.513,0.042,0.772,0.772,0.358,0.373,0.363,0.409,0.521,0.801,0.777,0.780,0.771,0.732,0.500,0.802,0.807,0.671,0.606,0.708,0.630,0.521,0.804,0.730,0.349,0.768,0.626,0.602,0.306,0.364,0.770,0.732,0.794,0.779,0.667,0.303
7PNB_c_3_YZT;0.847,0.856,0.452,0.711,0.862,0.829,0.845,0.735,0.541,0.819,0.856,0.427,0.693,0.650,0.667,0.657,0.667,0.019,0.852,0.816,0.645,0.550,0.835,0.544,0.639,0.648,0.856,0.323,0.835,0.843,0.855,0.823,0.834,0.820,0.837,0.429,0.664,0.832,0.678,0.842,0.673,0.653,0.844,0.639,0.581,0.652,0.725,0.866,0.827,0.836,0.574,0.858,0.673,0.010,0.824,0.735,0.646,0.577,0.711,0.848,0.847,0.664,0.574,0.844,0.833,0.838,0.850,0.691,0.838,0.429,0.845,0.448,0.825,0.833,0.856,0.717,0.544,0.664,0.664,0.650,0.639,0.832,0.577,0.846,0.641,0.657,0.680,0.650,0.854,0.580,0.709,0.547,0.678,0.823,0.558,0.662,0.717,0.728,0.828,0.336,0.850,0.853,0.643,0.846,0.664,0.650,0.657,0.657,0.828,0.636,0.844,0.645,0.653,0.826,0.842,0.574,0.643,0.720,0.835,0.713,0.847,0.645,0.840,0.000,0.287,0.729,0.569,0.309,0.823,0.311,0.735,0.832,0.673,0.301,0.834,0.684,0.019,0.717,0.652,0.725,0.585,0.662,0.566,0.835,0.693,0.646,0.540,0.695,0.667,0.820,0.827,0.717,0.839,0.639,0.845,0.697,0.639,0.826,0.731,0.038,0.639,0.574,0.664,0.859,0.833,0.744,0.848,0.639,0.650,0.827,0.709,0.691,0.855,0.667,0.673,0.845,0.658,0.000,0.349,0.645,0.558,0.667,0.328,0.057,0.840,0.735,0.662,0.664,0.697,0.832,0.574,0.840,0.437,0.823,0.835,0.569,0.531,0.652,0.429,0.664,0.641,0.650,0.456,0.459,0.838,0.852,0.675,0.643,0.851,0.713,0.854,0.315,0.541,0.643,0.643,0.859,0.831,0.822,0.574,0.667,0.838,0.841,0.650,0.650,0.636,0.650,0.569,0.824,0.833,0.842,0.839,0.709,0.664,0.853,0.862,0.019,0.715,0.547,0.742,0.569,0.822,0.723,0.652,0.832,0.695,0.735,0.641,0.652,0.838,0.717,0.850,0.841,0.019,0.636
7PNB_n_3_YZT;0.859,0.868,0.482,0.698,0.874,0.830,0.857,0.739,0.603,0.836,0.868,0.436,0.713,0.655,0.653,0.643,0.653,0.349,0.864,0.821,0.621,0.594,0.833,0.605,0.644,0.643,0.868,0.091,0.840,0.844,0.856,0.820,0.835,0.837,0.838,0.460,0.660,0.825,0.655,0.850,0.660,0.639,0.856,0.644,0.598,0.638,0.688,0.877,0.832,0.834,0.591,0.866,0.651,0.357,0.825,0.739,0.622,0.583,0.698,0.849,0.859,0.651,0.591,0.856,0.834,0.835,0.862,0.712,0.839,0.482,0.857,0.489,0.826,0.827,0.864,0.679,0.615,0.651,0.660,0.636,0.644,0.833,0.583,0.851,0.646,0.634,0.658,0.636,0.862,0.586,0.696,0.609,0.655,0.839,0.565,0.658,0.679,0.715,0.822,0.037,0.851,0.864,0.620,0.847,0.660,0.655,0.634,0.634,0.837,0.641,0.856,0.650,0.629,0.827,0.847,0.591,0.629,0.707,0.837,0.700,0.848,0.650,0.844,0.349,0.099,0.732,0.576,0.073,0.839,0.126,0.739,0.826,0.660,0.099,0.835,0.697,0.349,0.696,0.657,0.688,0.602,0.658,0.583,0.840,0.713,0.613,0.601,0.707,0.653,0.837,0.825,0.696,0.832,0.644,0.857,0.717,0.644,0.824,0.734,0.349,0.644,0.591,0.642,0.871,0.834,0.747,0.856,0.644,0.655,0.825,0.696,0.712,0.867,0.653,0.651,0.857,0.644,0.349,0.000,0.621,0.565,0.653,0.099,0.362,0.845,0.739,0.658,0.660,0.717,0.825,0.591,0.844,0.479,0.839,0.840,0.576,0.611,0.657,0.460,0.660,0.618,0.655,0.486,0.478,0.839,0.853,0.662,0.648,0.852,0.700,0.862,0.082,0.603,0.629,0.648,0.863,0.836,0.839,0.591,0.653,0.831,0.834,0.655,0.655,0.641,0.627,0.576,0.840,0.834,0.847,0.833,0.688,0.660,0.865,0.866,0.365,0.702,0.599,0.745,0.576,0.839,0.694,0.657,0.829,0.715,0.739,0.646,0.657,0.831,0.696,0.851,0.835,0.362,0.641
7PNB_n_6_MAN;0.812,0.829,0.698,0.606,0.832,0.804,0.812,0.639,0.744,0.801,0.825,0.692,0.669,0.321,0.398,0.175,0.412,0.655,0.825,0.799,0.022,0.744,0.795,0.745,0.384,0.175,0.825,0.631,0.818,0.795,0.808,0.784,0.809,0.802,0.808,0.689,0.574,0.776,0.330,0.830,0.312,0.173,0.811,0.384,0.444,0.077,0.732,0.836,0.814,0.788,0.450,0.824,0.296,0.652,0.789,0.649,0.182,0.426,0.606,0.812,0.815,0.393,0.450,0.812,0.801,0.797,0.815,0.667,0.809,0.689,0.812,0.705,0.787,0.779,0.822,0.732,0.748,0.393,0.574,0.184,0.384,0.788,0.426,0.794,0.305,0.117,0.306,0.288,0.823,0.431,0.603,0.742,0.315,0.805,0.417,0.570,0.732,0.617,0.778,0.621,0.810,0.825,0.116,0.797,0.574,0.321,0.097,0.156,0.820,0.378,0.811,0.275,0.173,0.776,0.789,0.450,0.173,0.617,0.803,0.609,0.807,0.275,0.787,0.645,0.624,0.632,0.431,0.621,0.805,0.626,0.649,0.790,0.327,0.624,0.801,0.650,0.655,0.732,0.284,0.732,0.450,0.570,0.455,0.781,0.659,0.125,0.733,0.652,0.398,0.802,0.781,0.732,0.794,0.384,0.812,0.655,0.384,0.793,0.644,0.655,0.384,0.450,0.280,0.825,0.817,0.659,0.817,0.384,0.277,0.785,0.603,0.657,0.824,0.398,0.312,0.813,0.384,0.645,0.621,0.000,0.417,0.412,0.634,0.655,0.787,0.649,0.570,0.574,0.655,0.777,0.450,0.787,0.702,0.801,0.781,0.431,0.744,0.317,0.671,0.574,0.162,0.321,0.691,0.705,0.806,0.808,0.318,0.311,0.812,0.609,0.824,0.624,0.744,0.173,0.311,0.821,0.814,0.804,0.450,0.412,0.793,0.789,0.260,0.277,0.378,0.106,0.431,0.802,0.808,0.789,0.794,0.732,0.574,0.819,0.820,0.660,0.612,0.747,0.657,0.431,0.804,0.730,0.284,0.773,0.652,0.639,0.305,0.284,0.796,0.732,0.807,0.792,0.655,0.302
7PNB_l_4_BGC;0.837,0.842,0.678,0.667,0.845,0.809,0.838,0.603,0.711,0.815,0.838,0.662,0.667,0.469,0.545,0.464,0.557,0.558,0.838,0.791,0.417,0.719,0.804,0.712,0.470,0.450,0.838,0.576,0.815,0.804,0.813,0.794,0.810,0.816,0.821,0.660,0.508,0.790,0.487,0.823,0.496,0.460,0.837,0.470,0.189,0.426,0.757,0.849,0.811,0.810,0.198,0.829,0.483,0.555,0.794,0.603,0.423,0.036,0.656,0.813,0.840,0.542,0.198,0.837,0.810,0.810,0.816,0.664,0.801,0.678,0.838,0.685,0.792,0.796,0.823,0.757,0.724,0.542,0.508,0.441,0.470,0.805,0.036,0.824,0.455,0.436,0.479,0.441,0.820,0.047,0.664,0.717,0.487,0.819,0.000,0.504,0.757,0.677,0.792,0.565,0.811,0.838,0.418,0.806,0.508,0.469,0.436,0.450,0.808,0.465,0.837,0.402,0.446,0.794,0.819,0.198,0.432,0.667,0.795,0.659,0.812,0.402,0.817,0.558,0.568,0.595,0.024,0.565,0.819,0.580,0.603,0.795,0.496,0.568,0.794,0.647,0.558,0.757,0.396,0.757,0.217,0.504,0.187,0.811,0.657,0.423,0.708,0.649,0.545,0.816,0.799,0.757,0.790,0.470,0.838,0.652,0.470,0.794,0.598,0.558,0.470,0.198,0.470,0.842,0.810,0.614,0.818,0.470,0.390,0.790,0.664,0.654,0.837,0.545,0.483,0.838,0.533,0.558,0.565,0.417,0.000,0.557,0.568,0.558,0.817,0.603,0.504,0.508,0.652,0.795,0.198,0.817,0.674,0.819,0.811,0.024,0.719,0.365,0.650,0.508,0.420,0.469,0.681,0.685,0.802,0.818,0.487,0.474,0.808,0.669,0.817,0.568,0.711,0.432,0.460,0.822,0.807,0.818,0.178,0.557,0.806,0.814,0.390,0.375,0.465,0.427,0.024,0.820,0.809,0.819,0.790,0.757,0.508,0.812,0.825,0.562,0.662,0.714,0.611,0.024,0.818,0.755,0.396,0.804,0.649,0.603,0.455,0.396,0.789,0.757,0.816,0.806,0.558,0.465
7PNB_h_6_MAN;0.819,0.791,0.673,0.621,0.798,0.779,0.820,0.602,0.712,0.805,0.792,0.702,0.643,0.306,0.021,0.389,0.000,0.676,0.787,0.781,0.412,0.712,0.774,0.714,0.368,0.404,0.792,0.653,0.789,0.803,0.819,0.788,0.783,0.806,0.791,0.682,0.523,0.771,0.360,0.809,0.342,0.386,0.818,0.368,0.546,0.421,0.732,0.798,0.784,0.771,0.538,0.807,0.342,0.673,0.793,0.622,0.377,0.542,0.621,0.816,0.822,0.032,0.538,0.819,0.775,0.780,0.818,0.640,0.783,0.682,0.820,0.680,0.778,0.774,0.805,0.732,0.717,0.032,0.523,0.381,0.368,0.762,0.542,0.793,0.321,0.417,0.365,0.321,0.807,0.545,0.618,0.711,0.360,0.808,0.557,0.520,0.732,0.632,0.778,0.644,0.814,0.787,0.427,0.801,0.523,0.306,0.404,0.389,0.803,0.377,0.818,0.355,0.372,0.763,0.789,0.538,0.372,0.632,0.785,0.624,0.806,0.355,0.786,0.667,0.646,0.594,0.545,0.653,0.808,0.658,0.622,0.772,0.357,0.646,0.784,0.633,0.676,0.732,0.364,0.732,0.538,0.520,0.529,0.780,0.643,0.432,0.710,0.645,0.021,0.806,0.785,0.732,0.780,0.368,0.820,0.648,0.368,0.763,0.618,0.676,0.368,0.538,0.357,0.791,0.788,0.632,0.808,0.368,0.373,0.785,0.618,0.650,0.790,0.021,0.342,0.820,0.042,0.667,0.653,0.412,0.557,0.000,0.664,0.676,0.787,0.622,0.520,0.523,0.648,0.773,0.538,0.786,0.669,0.804,0.780,0.545,0.712,0.393,0.664,0.523,0.429,0.321,0.675,0.680,0.780,0.812,0.362,0.296,0.807,0.624,0.807,0.646,0.712,0.372,0.312,0.808,0.789,0.808,0.538,0.000,0.772,0.772,0.373,0.387,0.377,0.436,0.545,0.806,0.781,0.788,0.780,0.732,0.523,0.802,0.807,0.680,0.627,0.716,0.630,0.545,0.808,0.730,0.364,0.777,0.645,0.602,0.321,0.378,0.779,0.732,0.802,0.779,0.676,0.318
7PNB_d_3_YZT;0.859,0.864,0.475,0.700,0.871,0.827,0.857,0.732,0.587,0.837,0.865,0.429,0.715,0.667,0.664,0.636,0.664,0.328,0.861,0.822,0.634,0.596,0.830,0.590,0.637,0.655,0.865,0.116,0.837,0.849,0.853,0.813,0.832,0.837,0.838,0.453,0.662,0.822,0.658,0.847,0.671,0.651,0.856,0.637,0.612,0.650,0.690,0.874,0.828,0.834,0.604,0.863,0.653,0.336,0.818,0.732,0.634,0.586,0.682,0.850,0.859,0.662,0.594,0.857,0.831,0.832,0.858,0.713,0.843,0.464,0.857,0.482,0.819,0.824,0.861,0.682,0.600,0.662,0.662,0.648,0.637,0.834,0.586,0.848,0.658,0.636,0.660,0.648,0.858,0.590,0.707,0.594,0.658,0.840,0.568,0.660,0.682,0.709,0.819,0.082,0.851,0.861,0.603,0.847,0.662,0.667,0.636,0.646,0.834,0.634,0.856,0.653,0.641,0.824,0.844,0.594,0.641,0.691,0.841,0.693,0.848,0.653,0.841,0.328,0.107,0.726,0.579,0.046,0.840,0.083,0.732,0.826,0.662,0.090,0.840,0.699,0.328,0.698,0.660,0.690,0.604,0.660,0.586,0.837,0.715,0.596,0.586,0.709,0.664,0.837,0.821,0.698,0.837,0.637,0.857,0.719,0.637,0.821,0.728,0.328,0.637,0.594,0.644,0.868,0.831,0.741,0.853,0.637,0.667,0.818,0.707,0.713,0.864,0.664,0.653,0.858,0.655,0.328,0.099,0.634,0.568,0.664,0.000,0.341,0.842,0.732,0.660,0.662,0.719,0.822,0.604,0.841,0.471,0.840,0.837,0.579,0.596,0.669,0.453,0.662,0.601,0.667,0.479,0.471,0.843,0.854,0.664,0.660,0.845,0.702,0.859,0.107,0.587,0.641,0.660,0.860,0.837,0.839,0.604,0.664,0.828,0.835,0.667,0.667,0.634,0.610,0.579,0.841,0.839,0.843,0.837,0.690,0.662,0.858,0.863,0.344,0.695,0.583,0.739,0.579,0.839,0.696,0.660,0.826,0.717,0.732,0.658,0.660,0.835,0.698,0.852,0.839,0.341,0.653
7PNB_S_3_YZT;0.851,0.856,0.440,0.711,0.862,0.829,0.848,0.735,0.531,0.819,0.856,0.415,0.693,0.641,0.676,0.667,0.676,0.057,0.852,0.820,0.655,0.541,0.835,0.534,0.629,0.657,0.856,0.362,0.835,0.847,0.859,0.827,0.834,0.820,0.840,0.417,0.655,0.836,0.687,0.846,0.682,0.662,0.847,0.629,0.581,0.662,0.717,0.866,0.827,0.836,0.574,0.858,0.682,0.048,0.824,0.735,0.655,0.577,0.711,0.852,0.851,0.673,0.574,0.848,0.833,0.838,0.850,0.691,0.838,0.417,0.848,0.436,0.825,0.837,0.856,0.709,0.534,0.673,0.655,0.660,0.629,0.832,0.577,0.850,0.631,0.667,0.689,0.641,0.854,0.580,0.709,0.537,0.687,0.823,0.558,0.662,0.709,0.728,0.832,0.349,0.854,0.853,0.653,0.849,0.655,0.641,0.667,0.667,0.828,0.627,0.847,0.655,0.662,0.826,0.846,0.574,0.653,0.720,0.835,0.713,0.850,0.655,0.843,0.057,0.328,0.729,0.569,0.323,0.823,0.325,0.735,0.836,0.682,0.341,0.838,0.684,0.057,0.725,0.652,0.717,0.585,0.653,0.566,0.839,0.693,0.655,0.530,0.695,0.676,0.820,0.831,0.725,0.839,0.629,0.848,0.697,0.629,0.826,0.731,0.019,0.629,0.574,0.673,0.859,0.833,0.744,0.848,0.629,0.650,0.827,0.709,0.691,0.855,0.676,0.682,0.849,0.667,0.057,0.362,0.655,0.558,0.676,0.341,0.000,0.844,0.735,0.653,0.655,0.697,0.835,0.574,0.843,0.425,0.827,0.839,0.569,0.521,0.652,0.405,0.655,0.651,0.641,0.444,0.448,0.838,0.856,0.684,0.643,0.854,0.713,0.854,0.354,0.531,0.653,0.634,0.859,0.831,0.822,0.574,0.676,0.838,0.841,0.650,0.650,0.627,0.660,0.569,0.828,0.837,0.846,0.843,0.717,0.655,0.853,0.862,0.057,0.715,0.537,0.742,0.569,0.822,0.731,0.652,0.835,0.695,0.735,0.631,0.652,0.838,0.725,0.854,0.845,0.038,0.636
7PNB_V_2_NAG;0.676,0.682,0.853,0.801,0.687,0.547,0.689,0.811,0.852,0.551,0.683,0.855,0.826,0.776,0.783,0.775,0.787,0.844,0.679,0.581,0.783,0.852,0.604,0.849,0.774,0.784,0.683,0.845,0.584,0.582,0.587,0.460,0.597,0.556,0.646,0.856,0.793,0.479,0.788,0.582,0.781,0.777,0.687,0.774,0.828,0.787,0.872,0.687,0.571,0.591,0.824,0.667,0.785,0.843,0.466,0.823,0.782,0.821,0.797,0.588,0.680,0.782,0.824,0.688,0.592,0.601,0.681,0.829,0.623,0.849,0.682,0.852,0.464,0.475,0.662,0.872,0.851,0.782,0.793,0.780,0.774,0.597,0.821,0.034,0.776,0.780,0.784,0.780,0.668,0.817,0.804,0.848,0.792,0.550,0.817,0.793,0.872,0.805,0.478,0.841,0.599,0.679,0.768,0.590,0.793,0.776,0.780,0.784,0.578,0.774,0.684,0.796,0.777,0.597,0.056,0.824,0.781,0.801,0.633,0.797,0.585,0.796,0.085,0.840,0.842,0.812,0.821,0.845,0.554,0.844,0.823,0.609,0.781,0.842,0.642,0.814,0.844,0.872,0.799,0.872,0.828,0.793,0.821,0.092,0.830,0.765,0.847,0.818,0.783,0.548,0.470,0.872,0.643,0.774,0.675,0.823,0.774,0.585,0.821,0.844,0.774,0.824,0.781,0.685,0.561,0.823,0.674,0.774,0.799,0.475,0.804,0.825,0.678,0.783,0.781,0.693,0.779,0.840,0.845,0.787,0.817,0.787,0.842,0.844,0.000,0.823,0.793,0.793,0.823,0.472,0.824,0.071,0.846,0.546,0.078,0.821,0.842,0.812,0.849,0.793,0.762,0.772,0.853,0.852,0.635,0.592,0.777,0.773,0.586,0.801,0.655,0.842,0.849,0.781,0.768,0.678,0.572,0.561,0.824,0.787,0.612,0.599,0.803,0.807,0.774,0.776,0.821,0.552,0.633,0.067,0.648,0.872,0.793,0.677,0.673,0.847,0.798,0.850,0.827,0.821,0.557,0.875,0.799,0.081,0.826,0.811,0.776,0.795,0.638,0.872,0.585,0.612,0.844,0.769
7PNB_Q_5_MAN;0.850,0.812,0.748,0.727,0.810,0.815,0.851,0.121,0.704,0.845,0.804,0.752,0.699,0.624,0.632,0.652,0.622,0.744,0.812,0.818,0.649,0.712,0.803,0.706,0.642,0.652,0.804,0.739,0.833,0.811,0.823,0.821,0.828,0.846,0.819,0.741,0.640,0.822,0.625,0.841,0.620,0.647,0.854,0.642,0.616,0.657,0.824,0.810,0.817,0.804,0.608,0.791,0.620,0.742,0.818,0.021,0.640,0.611,0.718,0.816,0.857,0.630,0.597,0.854,0.804,0.813,0.807,0.697,0.816,0.756,0.855,0.755,0.811,0.820,0.788,0.824,0.709,0.630,0.640,0.644,0.642,0.803,0.611,0.829,0.624,0.632,0.628,0.614,0.791,0.614,0.734,0.711,0.635,0.852,0.603,0.647,0.824,0.736,0.823,0.731,0.810,0.808,0.617,0.813,0.640,0.624,0.642,0.642,0.831,0.640,0.854,0.629,0.637,0.809,0.822,0.597,0.647,0.727,0.818,0.720,0.810,0.629,0.823,0.735,0.732,0.092,0.603,0.739,0.848,0.752,0.000,0.810,0.620,0.732,0.821,0.707,0.744,0.824,0.636,0.824,0.608,0.638,0.589,0.822,0.690,0.609,0.710,0.701,0.632,0.849,0.822,0.824,0.814,0.642,0.855,0.703,0.642,0.801,0.021,0.735,0.642,0.597,0.620,0.808,0.820,0.021,0.792,0.642,0.644,0.818,0.734,0.705,0.807,0.632,0.610,0.855,0.622,0.735,0.739,0.649,0.603,0.622,0.732,0.735,0.823,0.000,0.638,0.640,0.703,0.826,0.608,0.819,0.744,0.848,0.822,0.603,0.712,0.636,0.756,0.640,0.604,0.624,0.742,0.755,0.813,0.812,0.633,0.617,0.807,0.729,0.787,0.732,0.704,0.647,0.617,0.788,0.814,0.848,0.608,0.622,0.801,0.809,0.644,0.644,0.640,0.624,0.603,0.849,0.840,0.833,0.814,0.824,0.640,0.782,0.795,0.748,0.722,0.708,0.011,0.603,0.852,0.823,0.636,0.822,0.701,0.121,0.624,0.636,0.812,0.824,0.810,0.812,0.735,0.619
7PNB_c_4_BGC;0.828,0.792,0.633,0.647,0.799,0.793,0.829,0.618,0.658,0.814,0.793,0.671,0.588,0.532,0.508,0.540,0.520,0.662,0.792,0.799,0.570,0.667,0.788,0.660,0.543,0.562,0.793,0.658,0.807,0.784,0.792,0.785,0.797,0.815,0.801,0.651,0.010,0.786,0.546,0.810,0.519,0.547,0.828,0.543,0.577,0.578,0.759,0.795,0.802,0.789,0.569,0.821,0.531,0.660,0.790,0.638,0.539,0.525,0.637,0.788,0.831,0.504,0.569,0.828,0.785,0.794,0.816,0.585,0.805,0.651,0.825,0.639,0.775,0.784,0.814,0.759,0.671,0.504,0.010,0.555,0.543,0.789,0.525,0.795,0.532,0.562,0.550,0.532,0.816,0.529,0.644,0.665,0.546,0.818,0.504,0.021,0.759,0.657,0.784,0.649,0.786,0.789,0.547,0.781,0.010,0.532,0.574,0.562,0.800,0.539,0.828,0.581,0.547,0.773,0.795,0.569,0.547,0.647,0.795,0.650,0.783,0.581,0.784,0.662,0.651,0.610,0.517,0.658,0.818,0.653,0.638,0.799,0.531,0.651,0.798,0.578,0.662,0.759,0.578,0.759,0.581,0.000,0.561,0.786,0.588,0.550,0.656,0.570,0.508,0.815,0.795,0.759,0.795,0.543,0.829,0.574,0.543,0.777,0.633,0.653,0.543,0.569,0.519,0.797,0.793,0.638,0.809,0.543,0.575,0.774,0.644,0.575,0.796,0.508,0.531,0.826,0.496,0.662,0.658,0.570,0.504,0.520,0.660,0.653,0.793,0.638,0.000,0.010,0.574,0.779,0.569,0.792,0.628,0.818,0.782,0.517,0.667,0.578,0.651,0.010,0.546,0.532,0.635,0.639,0.802,0.788,0.534,0.535,0.779,0.650,0.816,0.651,0.658,0.547,0.524,0.817,0.807,0.817,0.569,0.520,0.782,0.794,0.575,0.575,0.539,0.566,0.517,0.819,0.808,0.790,0.799,0.759,0.010,0.807,0.816,0.667,0.652,0.662,0.645,0.517,0.817,0.766,0.578,0.783,0.570,0.618,0.532,0.578,0.789,0.759,0.787,0.805,0.653,0.539
7PNB_h_4_BGC;0.825,0.789,0.635,0.640,0.796,0.793,0.826,0.620,0.652,0.815,0.790,0.673,0.581,0.535,0.512,0.543,0.523,0.664,0.789,0.800,0.574,0.660,0.785,0.654,0.546,0.566,0.790,0.660,0.807,0.780,0.788,0.786,0.798,0.816,0.801,0.653,0.000,0.787,0.550,0.811,0.523,0.550,0.824,0.546,0.581,0.581,0.753,0.792,0.803,0.786,0.573,0.817,0.534,0.662,0.791,0.640,0.543,0.529,0.630,0.785,0.832,0.508,0.573,0.825,0.782,0.791,0.812,0.578,0.802,0.653,0.822,0.642,0.776,0.785,0.811,0.753,0.665,0.508,0.000,0.558,0.546,0.785,0.529,0.795,0.535,0.566,0.553,0.535,0.812,0.533,0.637,0.658,0.550,0.818,0.508,0.010,0.753,0.650,0.784,0.651,0.783,0.785,0.550,0.778,0.000,0.535,0.577,0.566,0.801,0.543,0.824,0.585,0.550,0.770,0.795,0.573,0.550,0.640,0.792,0.642,0.779,0.585,0.784,0.664,0.653,0.613,0.521,0.660,0.818,0.655,0.640,0.796,0.534,0.653,0.795,0.570,0.664,0.753,0.581,0.753,0.584,0.010,0.565,0.787,0.581,0.554,0.650,0.563,0.512,0.816,0.795,0.753,0.791,0.546,0.829,0.566,0.546,0.774,0.636,0.655,0.546,0.573,0.523,0.793,0.794,0.640,0.806,0.546,0.578,0.774,0.637,0.567,0.792,0.512,0.534,0.822,0.500,0.664,0.660,0.574,0.508,0.523,0.662,0.655,0.793,0.640,0.010,0.000,0.566,0.779,0.573,0.793,0.631,0.818,0.783,0.521,0.660,0.581,0.653,0.000,0.550,0.535,0.638,0.642,0.799,0.785,0.538,0.539,0.776,0.642,0.813,0.653,0.652,0.550,0.528,0.814,0.807,0.818,0.573,0.523,0.778,0.791,0.578,0.578,0.543,0.569,0.521,0.820,0.805,0.790,0.795,0.753,0.000,0.804,0.813,0.669,0.645,0.656,0.647,0.521,0.818,0.759,0.581,0.784,0.563,0.620,0.535,0.581,0.785,0.753,0.784,0.802,0.655,0.543
7PNB_p_4_BGC;0.778,0.799,0.694,0.657,0.798,0.795,0.779,0.703,0.683,0.801,0.796,0.713,0.040,0.660,0.638,0.657,0.648,0.705,0.795,0.802,0.655,0.683,0.803,0.677,0.667,0.647,0.796,0.709,0.797,0.795,0.803,0.797,0.788,0.805,0.807,0.686,0.566,0.818,0.669,0.805,0.655,0.643,0.773,0.667,0.674,0.662,0.758,0.798,0.801,0.808,0.667,0.803,0.664,0.703,0.793,0.703,0.636,0.659,0.647,0.799,0.785,0.636,0.686,0.774,0.800,0.801,0.803,0.050,0.816,0.694,0.774,0.701,0.803,0.823,0.801,0.758,0.696,0.636,0.566,0.640,0.667,0.811,0.659,0.833,0.660,0.676,0.680,0.669,0.807,0.662,0.655,0.698,0.669,0.804,0.652,0.574,0.758,0.647,0.822,0.709,0.793,0.796,0.652,0.788,0.566,0.660,0.667,0.657,0.803,0.664,0.773,0.664,0.643,0.797,0.825,0.686,0.633,0.657,0.806,0.650,0.798,0.664,0.830,0.697,0.703,0.696,0.652,0.717,0.804,0.722,0.703,0.818,0.664,0.703,0.813,0.059,0.705,0.758,0.671,0.758,0.686,0.574,0.679,0.829,0.040,0.655,0.673,0.030,0.638,0.797,0.809,0.758,0.809,0.667,0.783,0.000,0.667,0.801,0.698,0.697,0.667,0.686,0.664,0.799,0.784,0.711,0.796,0.667,0.669,0.813,0.655,0.030,0.795,0.638,0.664,0.779,0.629,0.697,0.717,0.655,0.652,0.648,0.719,0.697,0.823,0.703,0.574,0.566,0.000,0.818,0.667,0.826,0.698,0.804,0.833,0.652,0.683,0.671,0.711,0.566,0.650,0.660,0.688,0.701,0.813,0.799,0.667,0.652,0.795,0.660,0.803,0.703,0.691,0.633,0.662,0.804,0.797,0.803,0.667,0.648,0.801,0.808,0.669,0.669,0.664,0.669,0.652,0.805,0.794,0.832,0.810,0.758,0.566,0.786,0.807,0.710,0.643,0.679,0.709,0.652,0.803,0.764,0.671,0.833,0.010,0.703,0.660,0.671,0.808,0.758,0.790,0.820,0.697,0.655
7PNB_s_2_NAG;0.691,0.726,0.841,0.812,0.728,0.608,0.714,0.826,0.848,0.479,0.724,0.850,0.825,0.787,0.773,0.770,0.773,0.835,0.723,0.617,0.773,0.844,0.609,0.845,0.768,0.774,0.724,0.829,0.627,0.599,0.608,0.158,0.628,0.458,0.637,0.844,0.779,0.065,0.774,0.618,0.767,0.771,0.706,0.768,0.810,0.777,0.868,0.728,0.622,0.604,0.802,0.644,0.775,0.835,0.174,0.826,0.772,0.799,0.812,0.620,0.702,0.772,0.802,0.710,0.616,0.621,0.652,0.824,0.636,0.841,0.707,0.844,0.120,0.061,0.642,0.868,0.850,0.772,0.779,0.775,0.768,0.621,0.799,0.485,0.783,0.770,0.770,0.775,0.642,0.795,0.815,0.847,0.778,0.477,0.795,0.779,0.868,0.820,0.092,0.821,0.616,0.724,0.771,0.599,0.779,0.787,0.770,0.774,0.621,0.768,0.709,0.786,0.771,0.610,0.476,0.802,0.771,0.812,0.639,0.812,0.605,0.786,0.493,0.832,0.826,0.827,0.799,0.825,0.482,0.828,0.826,0.607,0.767,0.826,0.637,0.817,0.835,0.868,0.789,0.868,0.806,0.779,0.799,0.490,0.821,0.763,0.839,0.817,0.773,0.476,0.071,0.868,0.630,0.768,0.691,0.818,0.768,0.598,0.823,0.835,0.768,0.802,0.771,0.730,0.616,0.822,0.638,0.768,0.789,0.120,0.815,0.824,0.719,0.773,0.771,0.721,0.768,0.832,0.825,0.777,0.795,0.773,0.822,0.835,0.472,0.826,0.779,0.779,0.818,0.000,0.811,0.470,0.838,0.468,0.481,0.799,0.841,0.794,0.837,0.779,0.761,0.783,0.838,0.844,0.644,0.605,0.763,0.784,0.625,0.812,0.649,0.826,0.848,0.771,0.780,0.648,0.601,0.467,0.806,0.773,0.632,0.601,0.793,0.797,0.768,0.775,0.799,0.458,0.664,0.470,0.635,0.868,0.779,0.658,0.647,0.838,0.813,0.845,0.826,0.799,0.467,0.871,0.789,0.464,0.817,0.826,0.783,0.785,0.636,0.868,0.609,0.614,0.835,0.776
7PNB_J_4_BGC;0.844,0.841,0.710,0.672,0.844,0.816,0.845,0.608,0.732,0.818,0.837,0.695,0.681,0.473,0.525,0.482,0.538,0.574,0.837,0.806,0.450,0.724,0.811,0.725,0.460,0.455,0.837,0.602,0.822,0.815,0.832,0.822,0.817,0.819,0.824,0.692,0.573,0.810,0.478,0.830,0.487,0.464,0.844,0.460,0.012,0.459,0.795,0.848,0.818,0.812,0.048,0.820,0.487,0.570,0.822,0.608,0.441,0.228,0.682,0.825,0.847,0.521,0.094,0.844,0.812,0.813,0.815,0.679,0.796,0.701,0.845,0.717,0.815,0.816,0.821,0.795,0.745,0.521,0.573,0.459,0.460,0.803,0.228,0.830,0.459,0.468,0.483,0.445,0.815,0.237,0.669,0.739,0.478,0.821,0.198,0.569,0.795,0.682,0.815,0.591,0.826,0.837,0.464,0.818,0.573,0.473,0.468,0.455,0.815,0.455,0.844,0.421,0.464,0.801,0.826,0.094,0.450,0.682,0.789,0.674,0.827,0.421,0.824,0.574,0.594,0.600,0.217,0.591,0.821,0.606,0.608,0.793,0.487,0.594,0.788,0.662,0.574,0.795,0.415,0.795,0.071,0.569,0.105,0.818,0.672,0.469,0.721,0.664,0.525,0.819,0.822,0.795,0.784,0.460,0.845,0.667,0.460,0.801,0.603,0.574,0.460,0.094,0.474,0.841,0.825,0.608,0.808,0.460,0.410,0.814,0.669,0.669,0.836,0.525,0.487,0.849,0.513,0.574,0.591,0.450,0.198,0.538,0.604,0.574,0.824,0.608,0.569,0.573,0.667,0.811,0.000,0.824,0.705,0.821,0.818,0.217,0.724,0.385,0.674,0.573,0.465,0.473,0.712,0.717,0.796,0.833,0.492,0.478,0.828,0.674,0.812,0.594,0.732,0.450,0.464,0.817,0.818,0.821,0.024,0.538,0.813,0.817,0.410,0.394,0.455,0.459,0.217,0.823,0.807,0.826,0.784,0.795,0.573,0.814,0.824,0.578,0.677,0.727,0.605,0.217,0.821,0.793,0.415,0.806,0.664,0.608,0.459,0.415,0.783,0.795,0.823,0.804,0.574,0.469
7PNB_f_2_NAG;0.679,0.685,0.845,0.800,0.690,0.562,0.691,0.811,0.848,0.529,0.685,0.847,0.829,0.775,0.782,0.775,0.786,0.843,0.681,0.591,0.782,0.852,0.591,0.845,0.774,0.783,0.685,0.844,0.586,0.585,0.593,0.453,0.603,0.530,0.645,0.849,0.793,0.478,0.783,0.585,0.776,0.776,0.690,0.774,0.827,0.786,0.871,0.690,0.577,0.594,0.824,0.666,0.780,0.843,0.455,0.819,0.781,0.824,0.796,0.591,0.682,0.781,0.824,0.691,0.587,0.592,0.680,0.832,0.615,0.841,0.685,0.844,0.454,0.473,0.661,0.871,0.851,0.781,0.793,0.780,0.774,0.604,0.824,0.082,0.775,0.779,0.779,0.780,0.667,0.821,0.803,0.848,0.787,0.528,0.817,0.792,0.871,0.804,0.467,0.841,0.598,0.682,0.768,0.597,0.793,0.775,0.779,0.783,0.581,0.773,0.686,0.795,0.776,0.599,0.067,0.824,0.780,0.800,0.621,0.797,0.587,0.795,0.081,0.840,0.841,0.811,0.821,0.844,0.532,0.843,0.819,0.604,0.776,0.841,0.630,0.817,0.843,0.871,0.799,0.871,0.828,0.792,0.820,0.053,0.833,0.764,0.843,0.822,0.782,0.526,0.473,0.871,0.635,0.774,0.678,0.826,0.774,0.577,0.816,0.843,0.774,0.824,0.776,0.688,0.571,0.819,0.673,0.774,0.798,0.464,0.803,0.828,0.680,0.782,0.776,0.695,0.778,0.840,0.844,0.787,0.817,0.786,0.841,0.843,0.071,0.819,0.792,0.793,0.826,0.470,0.824,0.000,0.839,0.523,0.060,0.821,0.841,0.811,0.841,0.793,0.761,0.771,0.845,0.844,0.630,0.598,0.772,0.772,0.589,0.801,0.657,0.841,0.845,0.780,0.768,0.677,0.575,0.539,0.824,0.786,0.607,0.595,0.802,0.806,0.773,0.775,0.821,0.526,0.640,0.100,0.636,0.871,0.793,0.676,0.672,0.842,0.797,0.846,0.822,0.821,0.535,0.875,0.799,0.120,0.830,0.811,0.775,0.794,0.626,0.871,0.591,0.603,0.843,0.768
7PNB_g_3_YZT;0.864,0.858,0.055,0.712,0.861,0.835,0.862,0.728,0.536,0.834,0.858,0.116,0.703,0.662,0.669,0.687,0.669,0.437,0.854,0.827,0.702,0.536,0.823,0.539,0.678,0.695,0.858,0.468,0.834,0.853,0.865,0.830,0.840,0.834,0.839,0.089,0.631,0.838,0.680,0.841,0.684,0.682,0.861,0.678,0.712,0.691,0.741,0.861,0.837,0.828,0.705,0.875,0.684,0.444,0.830,0.744,0.667,0.690,0.704,0.858,0.864,0.667,0.705,0.861,0.821,0.829,0.880,0.701,0.833,0.106,0.862,0.046,0.831,0.832,0.872,0.733,0.540,0.667,0.631,0.680,0.678,0.831,0.690,0.841,0.662,0.687,0.690,0.680,0.880,0.692,0.711,0.543,0.680,0.837,0.674,0.638,0.733,0.721,0.835,0.479,0.859,0.855,0.682,0.855,0.631,0.662,0.687,0.687,0.835,0.675,0.861,0.685,0.673,0.822,0.841,0.705,0.673,0.712,0.834,0.706,0.856,0.685,0.839,0.437,0.471,0.730,0.683,0.479,0.837,0.449,0.744,0.827,0.684,0.471,0.837,0.703,0.437,0.741,0.691,0.741,0.714,0.628,0.699,0.834,0.703,0.693,0.536,0.696,0.669,0.834,0.834,0.741,0.838,0.678,0.862,0.698,0.678,0.818,0.739,0.437,0.678,0.705,0.675,0.862,0.843,0.736,0.875,0.678,0.689,0.826,0.711,0.701,0.858,0.669,0.684,0.862,0.660,0.437,0.479,0.702,0.674,0.669,0.471,0.425,0.846,0.744,0.628,0.631,0.698,0.838,0.705,0.839,0.000,0.841,0.834,0.683,0.536,0.691,0.123,0.631,0.697,0.662,0.080,0.064,0.833,0.862,0.686,0.655,0.853,0.714,0.870,0.471,0.536,0.673,0.655,0.875,0.845,0.837,0.705,0.669,0.822,0.832,0.689,0.689,0.675,0.697,0.683,0.842,0.847,0.841,0.842,0.733,0.631,0.862,0.874,0.440,0.708,0.533,0.742,0.683,0.837,0.739,0.691,0.842,0.696,0.728,0.662,0.691,0.837,0.741,0.860,0.829,0.437,0.658
7PNB_w_2_NAG;0.724,0.743,0.847,0.814,0.741,0.635,0.730,0.845,0.862,0.043,0.740,0.850,0.811,0.811,0.804,0.806,0.804,0.827,0.739,0.633,0.796,0.858,0.629,0.858,0.804,0.806,0.740,0.843,0.640,0.627,0.636,0.441,0.645,0.069,0.664,0.847,0.818,0.476,0.809,0.635,0.798,0.807,0.728,0.804,0.825,0.800,0.875,0.748,0.642,0.631,0.821,0.681,0.806,0.826,0.429,0.848,0.804,0.826,0.814,0.651,0.718,0.804,0.826,0.726,0.629,0.623,0.672,0.810,0.652,0.844,0.720,0.847,0.456,0.466,0.680,0.875,0.868,0.804,0.818,0.806,0.804,0.619,0.826,0.542,0.806,0.801,0.806,0.806,0.668,0.823,0.813,0.865,0.813,0.039,0.819,0.818,0.875,0.814,0.461,0.839,0.651,0.740,0.790,0.646,0.818,0.811,0.801,0.810,0.634,0.804,0.725,0.809,0.807,0.637,0.546,0.826,0.803,0.814,0.662,0.811,0.641,0.809,0.536,0.823,0.840,0.845,0.823,0.839,0.032,0.838,0.848,0.653,0.802,0.840,0.660,0.811,0.827,0.875,0.813,0.875,0.830,0.818,0.822,0.525,0.807,0.786,0.852,0.808,0.804,0.047,0.448,0.875,0.665,0.804,0.720,0.804,0.804,0.600,0.846,0.827,0.804,0.826,0.802,0.743,0.636,0.848,0.675,0.804,0.808,0.457,0.813,0.810,0.739,0.804,0.802,0.730,0.800,0.823,0.839,0.801,0.819,0.804,0.840,0.827,0.546,0.848,0.818,0.818,0.804,0.468,0.821,0.523,0.841,0.000,0.512,0.823,0.854,0.817,0.840,0.818,0.784,0.806,0.844,0.847,0.668,0.644,0.803,0.807,0.656,0.815,0.686,0.840,0.862,0.803,0.807,0.682,0.636,0.059,0.821,0.804,0.648,0.625,0.812,0.816,0.804,0.794,0.823,0.024,0.656,0.549,0.663,0.875,0.818,0.688,0.677,0.826,0.811,0.859,0.852,0.823,0.059,0.878,0.813,0.535,0.803,0.845,0.806,0.809,0.670,0.875,0.644,0.649,0.827,0.799
7PNB_k_2_NAG;0.687,0.693,0.840,0.799,0.698,0.564,0.696,0.810,0.847,0.518,0.694,0.842,0.836,0.770,0.776,0.769,0.780,0.839,0.690,0.585,0.777,0.847,0.597,0.844,0.768,0.777,0.694,0.840,0.588,0.590,0.599,0.459,0.597,0.523,0.654,0.844,0.783,0.493,0.781,0.587,0.774,0.770,0.695,0.768,0.822,0.780,0.871,0.698,0.575,0.595,0.818,0.674,0.779,0.838,0.470,0.822,0.775,0.819,0.794,0.596,0.687,0.775,0.818,0.696,0.592,0.593,0.688,0.835,0.620,0.837,0.690,0.840,0.469,0.484,0.669,0.871,0.854,0.775,0.783,0.774,0.768,0.602,0.819,0.075,0.770,0.773,0.778,0.774,0.675,0.815,0.802,0.850,0.785,0.525,0.811,0.782,0.871,0.803,0.473,0.836,0.607,0.691,0.762,0.602,0.783,0.770,0.773,0.777,0.579,0.767,0.692,0.789,0.770,0.609,0.103,0.818,0.775,0.799,0.627,0.795,0.593,0.789,0.053,0.835,0.837,0.810,0.815,0.840,0.520,0.839,0.822,0.605,0.774,0.837,0.636,0.824,0.839,0.871,0.793,0.871,0.822,0.782,0.815,0.060,0.836,0.758,0.842,0.828,0.776,0.519,0.479,0.871,0.640,0.768,0.683,0.833,0.768,0.578,0.819,0.839,0.768,0.818,0.774,0.696,0.573,0.822,0.682,0.768,0.792,0.475,0.802,0.831,0.689,0.776,0.774,0.701,0.772,0.835,0.840,0.781,0.811,0.780,0.837,0.839,0.078,0.822,0.782,0.783,0.833,0.481,0.818,0.060,0.834,0.512,0.000,0.815,0.844,0.806,0.837,0.783,0.755,0.765,0.841,0.840,0.628,0.604,0.771,0.766,0.598,0.799,0.666,0.837,0.847,0.775,0.762,0.685,0.580,0.528,0.818,0.780,0.612,0.604,0.796,0.801,0.767,0.770,0.815,0.519,0.638,0.100,0.642,0.871,0.783,0.684,0.680,0.841,0.796,0.845,0.825,0.815,0.532,0.874,0.793,0.093,0.832,0.810,0.770,0.789,0.631,0.871,0.597,0.609,0.839,0.762
7PNB_b_4_BGC;0.841,0.838,0.688,0.667,0.841,0.813,0.842,0.603,0.702,0.819,0.834,0.671,0.667,0.482,0.533,0.478,0.545,0.569,0.834,0.795,0.431,0.711,0.804,0.704,0.483,0.464,0.834,0.586,0.811,0.808,0.817,0.798,0.806,0.820,0.821,0.669,0.521,0.794,0.474,0.827,0.483,0.474,0.841,0.483,0.209,0.440,0.748,0.845,0.806,0.810,0.217,0.829,0.470,0.566,0.799,0.603,0.438,0.012,0.656,0.818,0.844,0.529,0.217,0.841,0.810,0.810,0.816,0.664,0.806,0.688,0.842,0.694,0.796,0.801,0.823,0.748,0.715,0.529,0.521,0.455,0.483,0.805,0.012,0.828,0.469,0.450,0.466,0.455,0.820,0.024,0.664,0.709,0.474,0.823,0.024,0.517,0.748,0.677,0.796,0.576,0.815,0.834,0.432,0.811,0.521,0.482,0.450,0.464,0.812,0.478,0.841,0.417,0.460,0.794,0.824,0.217,0.446,0.667,0.799,0.659,0.816,0.417,0.821,0.569,0.579,0.595,0.000,0.576,0.823,0.591,0.603,0.799,0.483,0.579,0.798,0.647,0.569,0.748,0.411,0.748,0.237,0.517,0.207,0.815,0.657,0.438,0.699,0.649,0.533,0.820,0.803,0.748,0.794,0.483,0.842,0.652,0.483,0.794,0.598,0.569,0.483,0.217,0.483,0.838,0.806,0.614,0.818,0.483,0.406,0.794,0.664,0.654,0.833,0.533,0.470,0.842,0.521,0.569,0.576,0.431,0.024,0.545,0.579,0.569,0.821,0.603,0.517,0.521,0.652,0.799,0.217,0.821,0.683,0.823,0.815,0.000,0.711,0.381,0.660,0.521,0.434,0.482,0.690,0.694,0.806,0.822,0.475,0.487,0.812,0.669,0.817,0.579,0.702,0.446,0.474,0.822,0.803,0.822,0.198,0.545,0.806,0.814,0.406,0.390,0.478,0.441,0.000,0.824,0.804,0.823,0.794,0.748,0.521,0.812,0.825,0.574,0.662,0.706,0.611,0.000,0.822,0.747,0.411,0.808,0.649,0.603,0.469,0.411,0.793,0.748,0.820,0.810,0.569,0.478
7PNB_k_3_YZT;0.841,0.831,0.530,0.722,0.838,0.831,0.846,0.712,0.101,0.855,0.832,0.550,0.688,0.707,0.712,0.713,0.712,0.531,0.831,0.844,0.744,0.101,0.844,0.092,0.704,0.722,0.832,0.594,0.847,0.866,0.874,0.836,0.832,0.852,0.849,0.530,0.660,0.844,0.706,0.850,0.702,0.717,0.841,0.704,0.730,0.734,0.763,0.838,0.840,0.841,0.724,0.859,0.710,0.527,0.836,0.720,0.711,0.709,0.713,0.871,0.852,0.711,0.732,0.842,0.835,0.839,0.858,0.694,0.857,0.540,0.839,0.537,0.834,0.842,0.857,0.763,0.052,0.711,0.660,0.723,0.704,0.837,0.709,0.847,0.707,0.713,0.716,0.699,0.855,0.702,0.728,0.060,0.706,0.854,0.719,0.667,0.763,0.730,0.848,0.594,0.869,0.828,0.717,0.861,0.660,0.707,0.722,0.722,0.841,0.703,0.841,0.728,0.717,0.832,0.844,0.732,0.717,0.722,0.855,0.715,0.865,0.728,0.848,0.531,0.587,0.698,0.711,0.594,0.854,0.615,0.712,0.856,0.702,0.587,0.858,0.679,0.531,0.756,0.726,0.763,0.732,0.667,0.725,0.844,0.696,0.703,0.092,0.681,0.712,0.855,0.840,0.756,0.854,0.704,0.850,0.683,0.704,0.835,0.716,0.531,0.704,0.732,0.718,0.835,0.828,0.712,0.856,0.704,0.732,0.836,0.728,0.694,0.834,0.712,0.710,0.846,0.704,0.531,0.611,0.744,0.719,0.712,0.596,0.521,0.842,0.712,0.667,0.660,0.683,0.841,0.724,0.841,0.536,0.854,0.844,0.711,0.000,0.734,0.550,0.660,0.698,0.707,0.533,0.547,0.858,0.867,0.704,0.709,0.859,0.723,0.855,0.587,0.068,0.717,0.701,0.860,0.829,0.854,0.724,0.712,0.835,0.842,0.732,0.732,0.703,0.723,0.711,0.855,0.846,0.843,0.859,0.756,0.660,0.851,0.859,0.534,0.717,0.100,0.711,0.711,0.854,0.762,0.726,0.841,0.689,0.712,0.707,0.726,0.854,0.756,0.865,0.857,0.521,0.703
7PNB_l_6_MAN;0.831,0.832,0.696,0.625,0.839,0.795,0.832,0.636,0.734,0.813,0.829,0.707,0.686,0.298,0.378,0.308,0.393,0.652,0.832,0.794,0.317,0.734,0.815,0.736,0.364,0.291,0.829,0.667,0.801,0.807,0.819,0.805,0.800,0.814,0.808,0.705,0.581,0.789,0.355,0.817,0.366,0.305,0.831,0.364,0.379,0.294,0.747,0.835,0.801,0.812,0.369,0.828,0.366,0.650,0.806,0.636,0.262,0.375,0.646,0.820,0.834,0.373,0.385,0.832,0.820,0.821,0.831,0.683,0.800,0.705,0.832,0.703,0.803,0.795,0.825,0.747,0.739,0.373,0.581,0.282,0.364,0.811,0.375,0.818,0.282,0.291,0.345,0.265,0.831,0.381,0.622,0.732,0.355,0.817,0.365,0.578,0.747,0.656,0.799,0.657,0.822,0.829,0.336,0.809,0.581,0.298,0.308,0.291,0.807,0.358,0.831,0.098,0.288,0.801,0.814,0.385,0.272,0.636,0.798,0.649,0.818,0.098,0.811,0.652,0.660,0.618,0.381,0.657,0.817,0.662,0.636,0.798,0.366,0.660,0.796,0.667,0.652,0.747,0.088,0.747,0.385,0.578,0.375,0.806,0.676,0.343,0.731,0.669,0.378,0.814,0.797,0.747,0.793,0.364,0.832,0.671,0.364,0.809,0.632,0.652,0.364,0.385,0.351,0.828,0.808,0.636,0.824,0.364,0.078,0.806,0.622,0.674,0.832,0.378,0.366,0.833,0.378,0.652,0.657,0.317,0.365,0.393,0.669,0.652,0.812,0.636,0.578,0.581,0.671,0.794,0.385,0.811,0.691,0.817,0.806,0.381,0.734,0.000,0.678,0.581,0.355,0.298,0.698,0.703,0.801,0.820,0.357,0.305,0.823,0.628,0.823,0.660,0.734,0.272,0.288,0.828,0.810,0.816,0.369,0.393,0.817,0.817,0.078,0.056,0.358,0.346,0.381,0.818,0.803,0.813,0.793,0.747,0.581,0.830,0.831,0.657,0.652,0.738,0.634,0.381,0.816,0.745,0.088,0.798,0.669,0.636,0.282,0.088,0.792,0.747,0.818,0.796,0.652,0.295
7PNB_W_3_YZT;0.866,0.861,0.107,0.709,0.867,0.838,0.864,0.741,0.550,0.833,0.861,0.183,0.715,0.658,0.664,0.673,0.664,0.429,0.857,0.833,0.671,0.550,0.830,0.553,0.646,0.682,0.861,0.449,0.840,0.856,0.868,0.825,0.843,0.833,0.849,0.107,0.653,0.837,0.667,0.851,0.671,0.669,0.863,0.646,0.681,0.678,0.730,0.871,0.840,0.834,0.674,0.877,0.671,0.424,0.825,0.756,0.653,0.667,0.709,0.861,0.867,0.662,0.674,0.864,0.831,0.832,0.879,0.713,0.839,0.140,0.864,0.116,0.830,0.831,0.875,0.722,0.553,0.662,0.653,0.667,0.646,0.837,0.667,0.844,0.658,0.673,0.678,0.667,0.879,0.669,0.707,0.556,0.667,0.836,0.650,0.660,0.722,0.717,0.834,0.460,0.862,0.858,0.651,0.858,0.653,0.658,0.673,0.673,0.845,0.644,0.863,0.680,0.660,0.821,0.844,0.674,0.660,0.709,0.841,0.711,0.859,0.680,0.841,0.429,0.453,0.742,0.660,0.460,0.836,0.429,0.756,0.834,0.671,0.453,0.843,0.699,0.429,0.730,0.678,0.730,0.683,0.651,0.667,0.837,0.715,0.662,0.549,0.709,0.664,0.833,0.829,0.730,0.840,0.646,0.864,0.711,0.646,0.824,0.752,0.417,0.646,0.674,0.662,0.864,0.846,0.748,0.878,0.646,0.676,0.825,0.707,0.713,0.860,0.664,0.671,0.865,0.655,0.429,0.460,0.671,0.650,0.664,0.453,0.405,0.849,0.756,0.651,0.653,0.711,0.837,0.674,0.841,0.123,0.840,0.837,0.660,0.550,0.678,0.000,0.653,0.667,0.658,0.115,0.133,0.840,0.864,0.673,0.660,0.859,0.711,0.876,0.453,0.550,0.660,0.651,0.874,0.851,0.836,0.674,0.664,0.824,0.835,0.676,0.676,0.644,0.667,0.660,0.841,0.846,0.843,0.845,0.722,0.653,0.862,0.873,0.420,0.712,0.546,0.755,0.660,0.836,0.728,0.678,0.841,0.709,0.741,0.658,0.678,0.839,0.730,0.863,0.835,0.417,0.662
7PNB_S_4_BGC;0.825,0.789,0.635,0.640,0.796,0.793,0.826,0.620,0.652,0.815,0.790,0.673,0.581,0.535,0.512,0.543,0.523,0.664,0.789,0.800,0.574,0.660,0.785,0.654,0.546,0.566,0.790,0.660,0.807,0.780,0.788,0.786,0.798,0.816,0.801,0.653,0.000,0.787,0.550,0.811,0.523,0.550,0.824,0.546,0.581,0.581,0.753,0.792,0.803,0.786,0.573,0.817,0.534,0.662,0.791,0.640,0.543,0.529,0.630,0.785,0.832,0.508,0.573,0.825,0.782,0.791,0.812,0.578,0.802,0.653,0.822,0.642,0.776,0.785,0.811,0.753,0.665,0.508,0.000,0.558,0.546,0.785,0.529,0.795,0.535,0.566,0.553,0.535,0.812,0.533,0.637,0.658,0.550,0.818,0.508,0.010,0.753,0.650,0.784,0.651,0.783,0.785,0.550,0.778,0.000,0.535,0.577,0.566,0.801,0.543,0.824,0.585,0.550,0.770,0.795,0.573,0.550,0.640,0.792,0.642,0.779,0.585,0.784,0.664,0.653,0.613,0.521,0.660,0.818,0.655,0.640,0.796,0.534,0.653,0.795,0.570,0.664,0.753,0.581,0.753,0.584,0.010,0.565,0.787,0.581,0.554,0.650,0.563,0.512,0.816,0.795,0.753,0.791,0.546,0.829,0.566,0.546,0.774,0.636,0.655,0.546,0.573,0.523,0.793,0.794,0.640,0.806,0.546,0.578,0.774,0.637,0.567,0.792,0.512,0.534,0.822,0.500,0.664,0.660,0.574,0.508,0.523,0.662,0.655,0.793,0.640,0.010,0.000,0.566,0.779,0.573,0.793,0.631,0.818,0.783,0.521,0.660,0.581,0.653,0.000,0.550,0.535,0.638,0.642,0.799,0.785,0.538,0.539,0.776,0.642,0.813,0.653,0.652,0.550,0.528,0.814,0.807,0.818,0.573,0.523,0.778,0.791,0.578,0.578,0.543,0.569,0.521,0.820,0.805,0.790,0.795,0.753,0.000,0.804,0.813,0.669,0.645,0.656,0.647,0.521,0.818,0.759,0.581,0.784,0.563,0.620,0.535,0.581,0.785,0.753,0.784,0.802,0.655,0.543
7PNB_T_6_MAN;0.803,0.808,0.693,0.592,0.815,0.779,0.804,0.604,0.698,0.784,0.805,0.687,0.664,0.342,0.415,0.206,0.429,0.651,0.808,0.778,0.162,0.698,0.783,0.700,0.345,0.240,0.805,0.628,0.798,0.795,0.799,0.759,0.788,0.785,0.804,0.684,0.550,0.759,0.321,0.810,0.319,0.238,0.803,0.345,0.474,0.172,0.734,0.815,0.793,0.780,0.465,0.812,0.304,0.648,0.764,0.604,0.229,0.429,0.581,0.808,0.806,0.410,0.451,0.803,0.788,0.785,0.807,0.662,0.805,0.684,0.804,0.699,0.761,0.762,0.809,0.734,0.703,0.410,0.550,0.231,0.345,0.780,0.429,0.768,0.342,0.113,0.297,0.327,0.811,0.434,0.600,0.696,0.321,0.788,0.420,0.546,0.734,0.603,0.766,0.608,0.806,0.805,0.073,0.793,0.550,0.342,0.133,0.223,0.799,0.354,0.803,0.283,0.221,0.768,0.764,0.451,0.221,0.581,0.799,0.595,0.803,0.283,0.761,0.641,0.621,0.586,0.434,0.618,0.788,0.632,0.604,0.786,0.319,0.621,0.797,0.645,0.651,0.734,0.292,0.734,0.451,0.546,0.442,0.755,0.655,0.042,0.688,0.648,0.415,0.785,0.764,0.734,0.790,0.345,0.804,0.650,0.345,0.781,0.600,0.651,0.345,0.451,0.288,0.804,0.793,0.615,0.805,0.345,0.318,0.764,0.600,0.652,0.808,0.415,0.304,0.805,0.402,0.641,0.618,0.162,0.420,0.429,0.601,0.651,0.762,0.604,0.546,0.550,0.650,0.761,0.465,0.761,0.697,0.784,0.755,0.434,0.698,0.355,0.667,0.550,0.000,0.357,0.678,0.699,0.801,0.804,0.310,0.333,0.799,0.595,0.812,0.621,0.698,0.221,0.348,0.809,0.794,0.787,0.465,0.429,0.781,0.781,0.318,0.333,0.354,0.063,0.434,0.785,0.799,0.763,0.789,0.734,0.550,0.807,0.807,0.655,0.598,0.702,0.612,0.434,0.787,0.732,0.292,0.747,0.648,0.604,0.342,0.308,0.792,0.734,0.803,0.792,0.651,0.339
7PNB_q_5_MAN;0.825,0.814,0.676,0.644,0.817,0.797,0.826,0.603,0.707,0.803,0.810,0.678,0.674,0.022,0.306,0.279,0.321,0.650,0.810,0.796,0.305,0.707,0.809,0.709,0.290,0.245,0.810,0.646,0.812,0.813,0.825,0.794,0.810,0.808,0.797,0.685,0.535,0.782,0.327,0.827,0.309,0.225,0.825,0.290,0.482,0.314,0.752,0.817,0.811,0.802,0.473,0.805,0.324,0.648,0.795,0.624,0.216,0.478,0.644,0.830,0.828,0.299,0.487,0.825,0.810,0.815,0.817,0.671,0.798,0.676,0.826,0.673,0.788,0.784,0.803,0.752,0.712,0.299,0.535,0.218,0.290,0.793,0.478,0.778,0.022,0.327,0.303,0.065,0.813,0.482,0.641,0.705,0.327,0.806,0.469,0.543,0.752,0.654,0.792,0.646,0.828,0.810,0.339,0.815,0.535,0.022,0.311,0.228,0.817,0.283,0.825,0.288,0.208,0.799,0.774,0.487,0.208,0.654,0.792,0.647,0.824,0.288,0.771,0.650,0.639,0.595,0.482,0.655,0.806,0.650,0.624,0.792,0.324,0.639,0.794,0.645,0.650,0.752,0.282,0.752,0.487,0.532,0.478,0.765,0.664,0.345,0.704,0.647,0.306,0.804,0.791,0.752,0.791,0.290,0.826,0.660,0.290,0.799,0.619,0.641,0.290,0.487,0.309,0.810,0.814,0.624,0.802,0.290,0.257,0.791,0.641,0.662,0.809,0.306,0.324,0.827,0.306,0.650,0.655,0.321,0.469,0.321,0.667,0.641,0.772,0.624,0.532,0.535,0.660,0.783,0.473,0.771,0.662,0.806,0.765,0.482,0.707,0.298,0.658,0.535,0.357,0.000,0.669,0.673,0.794,0.826,0.315,0.033,0.829,0.647,0.809,0.639,0.707,0.208,0.011,0.810,0.808,0.806,0.473,0.321,0.807,0.807,0.275,0.291,0.283,0.364,0.482,0.808,0.813,0.773,0.795,0.752,0.535,0.804,0.809,0.655,0.649,0.711,0.621,0.482,0.806,0.750,0.282,0.770,0.657,0.603,0.022,0.265,0.794,0.752,0.824,0.802,0.641,0.043
7PNB_q_3_YZT;0.867,0.858,0.046,0.727,0.860,0.842,0.865,0.726,0.533,0.837,0.862,0.142,0.692,0.669,0.675,0.667,0.675,0.467,0.858,0.830,0.691,0.533,0.830,0.536,0.684,0.676,0.862,0.464,0.844,0.860,0.868,0.829,0.847,0.838,0.842,0.081,0.638,0.838,0.669,0.851,0.673,0.662,0.864,0.684,0.719,0.680,0.747,0.860,0.848,0.835,0.712,0.878,0.673,0.463,0.830,0.742,0.646,0.697,0.719,0.865,0.867,0.673,0.712,0.864,0.828,0.832,0.886,0.690,0.843,0.115,0.865,0.055,0.831,0.832,0.875,0.739,0.537,0.673,0.638,0.660,0.684,0.838,0.697,0.848,0.669,0.676,0.671,0.678,0.883,0.699,0.725,0.540,0.669,0.840,0.681,0.644,0.739,0.735,0.838,0.475,0.866,0.858,0.671,0.862,0.638,0.669,0.676,0.667,0.842,0.682,0.864,0.691,0.653,0.829,0.848,0.712,0.653,0.727,0.845,0.721,0.863,0.691,0.845,0.456,0.468,0.728,0.690,0.486,0.840,0.456,0.742,0.838,0.673,0.468,0.848,0.692,0.467,0.747,0.698,0.747,0.721,0.635,0.705,0.841,0.692,0.673,0.523,0.686,0.675,0.838,0.833,0.747,0.844,0.684,0.865,0.688,0.684,0.825,0.738,0.456,0.684,0.712,0.664,0.861,0.846,0.734,0.878,0.684,0.696,0.830,0.725,0.690,0.861,0.675,0.673,0.865,0.667,0.456,0.486,0.691,0.681,0.675,0.479,0.444,0.853,0.742,0.635,0.638,0.688,0.838,0.712,0.845,0.080,0.844,0.841,0.690,0.533,0.698,0.115,0.638,0.678,0.669,0.000,0.073,0.844,0.868,0.675,0.662,0.860,0.729,0.873,0.468,0.533,0.653,0.662,0.878,0.848,0.840,0.712,0.675,0.825,0.835,0.696,0.696,0.682,0.687,0.690,0.845,0.851,0.848,0.849,0.739,0.638,0.865,0.877,0.459,0.723,0.530,0.741,0.690,0.840,0.745,0.698,0.845,0.686,0.726,0.669,0.698,0.843,0.747,0.866,0.840,0.456,0.664
7PNB_l_3_YZT;0.866,0.860,0.028,0.724,0.863,0.841,0.864,0.739,0.547,0.840,0.864,0.109,0.705,0.673,0.680,0.689,0.680,0.471,0.860,0.833,0.705,0.547,0.829,0.550,0.689,0.698,0.864,0.467,0.840,0.859,0.871,0.835,0.842,0.840,0.845,0.064,0.642,0.844,0.682,0.847,0.686,0.685,0.863,0.689,0.724,0.694,0.744,0.863,0.843,0.834,0.717,0.880,0.686,0.467,0.836,0.755,0.669,0.701,0.715,0.864,0.866,0.678,0.717,0.863,0.827,0.831,0.886,0.703,0.839,0.082,0.864,0.019,0.837,0.838,0.878,0.736,0.550,0.678,0.642,0.682,0.689,0.837,0.701,0.847,0.673,0.689,0.693,0.691,0.886,0.703,0.722,0.553,0.682,0.843,0.685,0.649,0.736,0.732,0.841,0.478,0.865,0.861,0.685,0.861,0.642,0.673,0.689,0.689,0.841,0.687,0.863,0.696,0.676,0.827,0.847,0.717,0.676,0.724,0.840,0.717,0.862,0.696,0.844,0.459,0.471,0.741,0.694,0.478,0.843,0.448,0.755,0.833,0.686,0.471,0.843,0.705,0.471,0.744,0.703,0.744,0.726,0.639,0.710,0.840,0.705,0.695,0.546,0.699,0.680,0.840,0.840,0.744,0.843,0.689,0.864,0.701,0.689,0.824,0.750,0.459,0.689,0.717,0.678,0.864,0.845,0.747,0.881,0.689,0.701,0.832,0.722,0.703,0.863,0.680,0.686,0.864,0.671,0.459,0.478,0.705,0.685,0.680,0.471,0.448,0.852,0.755,0.639,0.642,0.701,0.844,0.717,0.844,0.064,0.847,0.840,0.694,0.547,0.703,0.133,0.642,0.699,0.673,0.073,0.000,0.839,0.868,0.688,0.667,0.859,0.725,0.876,0.471,0.547,0.676,0.667,0.881,0.851,0.843,0.717,0.680,0.824,0.834,0.701,0.701,0.687,0.700,0.694,0.848,0.850,0.847,0.848,0.736,0.642,0.868,0.880,0.463,0.719,0.543,0.753,0.694,0.843,0.742,0.703,0.848,0.699,0.739,0.673,0.703,0.842,0.744,0.866,0.835,0.459,0.669
7PNB_T_1_NAG;0.690,0.728,0.840,0.842,0.730,0.605,0.696,0.817,0.861,0.661,0.726,0.849,0.811,0.790,0.784,0.802,0.780,0.842,0.722,0.607,0.810,0.858,0.499,0.858,0.780,0.806,0.726,0.839,0.606,0.648,0.671,0.663,0.615,0.662,0.534,0.840,0.799,0.652,0.805,0.590,0.799,0.803,0.681,0.780,0.800,0.809,0.870,0.730,0.609,0.497,0.801,0.639,0.803,0.841,0.661,0.813,0.800,0.810,0.842,0.651,0.700,0.783,0.796,0.688,0.506,0.494,0.657,0.811,0.201,0.840,0.686,0.839,0.641,0.651,0.640,0.870,0.867,0.783,0.799,0.807,0.780,0.491,0.810,0.636,0.790,0.806,0.810,0.794,0.636,0.811,0.842,0.864,0.805,0.668,0.802,0.802,0.870,0.846,0.645,0.839,0.650,0.722,0.812,0.656,0.799,0.790,0.806,0.802,0.589,0.783,0.684,0.793,0.803,0.524,0.639,0.796,0.808,0.846,0.103,0.839,0.654,0.793,0.634,0.838,0.840,0.818,0.806,0.839,0.664,0.838,0.813,0.312,0.803,0.840,0.111,0.811,0.842,0.870,0.796,0.870,0.801,0.802,0.797,0.628,0.811,0.808,0.855,0.812,0.784,0.659,0.650,0.870,0.168,0.780,0.692,0.813,0.780,0.485,0.810,0.838,0.780,0.796,0.799,0.728,0.603,0.809,0.647,0.780,0.800,0.646,0.842,0.815,0.721,0.784,0.803,0.696,0.780,0.838,0.839,0.806,0.802,0.780,0.843,0.838,0.635,0.813,0.802,0.799,0.813,0.644,0.796,0.630,0.833,0.668,0.628,0.806,0.858,0.801,0.840,0.799,0.801,0.794,0.844,0.839,0.000,0.665,0.807,0.787,0.652,0.843,0.630,0.840,0.861,0.808,0.795,0.661,0.628,0.667,0.801,0.780,0.507,0.499,0.796,0.800,0.783,0.807,0.806,0.666,0.618,0.649,0.129,0.870,0.799,0.660,0.659,0.845,0.839,0.858,0.812,0.806,0.670,0.870,0.796,0.633,0.812,0.817,0.790,0.801,0.114,0.870,0.654,0.226,0.838,0.787
7PNB_l_2_NAG;0.701,0.704,0.864,0.821,0.703,0.682,0.707,0.816,0.867,0.649,0.702,0.877,0.806,0.830,0.808,0.817,0.812,0.856,0.697,0.680,0.808,0.864,0.616,0.864,0.816,0.817,0.702,0.860,0.683,0.093,0.094,0.622,0.685,0.650,0.692,0.861,0.785,0.605,0.808,0.668,0.801,0.818,0.709,0.816,0.832,0.808,0.877,0.703,0.686,0.607,0.825,0.626,0.801,0.855,0.615,0.812,0.819,0.821,0.825,0.119,0.698,0.807,0.825,0.710,0.641,0.624,0.623,0.805,0.635,0.871,0.701,0.868,0.602,0.608,0.624,0.877,0.870,0.807,0.785,0.818,0.816,0.606,0.821,0.600,0.826,0.809,0.809,0.818,0.641,0.822,0.825,0.870,0.808,0.648,0.818,0.784,0.877,0.825,0.610,0.853,0.064,0.698,0.810,0.053,0.785,0.830,0.809,0.821,0.681,0.815,0.706,0.808,0.818,0.631,0.600,0.825,0.814,0.825,0.649,0.822,0.053,0.808,0.598,0.852,0.857,0.812,0.822,0.853,0.648,0.863,0.812,0.647,0.801,0.857,0.651,0.806,0.856,0.877,0.812,0.877,0.829,0.788,0.821,0.596,0.806,0.807,0.865,0.803,0.808,0.642,0.611,0.877,0.641,0.816,0.701,0.799,0.816,0.624,0.809,0.856,0.816,0.825,0.797,0.704,0.679,0.816,0.619,0.816,0.811,0.604,0.825,0.801,0.697,0.808,0.801,0.711,0.803,0.852,0.853,0.808,0.818,0.812,0.854,0.856,0.592,0.812,0.788,0.785,0.799,0.605,0.833,0.598,0.862,0.644,0.604,0.822,0.867,0.820,0.864,0.785,0.804,0.826,0.868,0.868,0.665,0.000,0.802,0.827,0.161,0.822,0.628,0.857,0.871,0.814,0.823,0.623,0.690,0.654,0.829,0.812,0.624,0.608,0.811,0.815,0.815,0.814,0.822,0.646,0.671,0.595,0.650,0.877,0.785,0.630,0.625,0.855,0.823,0.865,0.815,0.822,0.651,0.880,0.812,0.586,0.799,0.816,0.826,0.808,0.643,0.877,0.046,0.635,0.856,0.823
7PNB_V_6_MAN;0.805,0.794,0.682,0.612,0.797,0.786,0.806,0.603,0.704,0.799,0.790,0.701,0.680,0.330,0.348,0.262,0.362,0.684,0.790,0.784,0.303,0.704,0.793,0.706,0.403,0.262,0.790,0.662,0.788,0.793,0.810,0.779,0.786,0.800,0.810,0.690,0.538,0.766,0.051,0.811,0.051,0.243,0.805,0.403,0.500,0.280,0.755,0.801,0.791,0.787,0.492,0.810,0.051,0.682,0.779,0.633,0.250,0.470,0.622,0.802,0.808,0.357,0.492,0.805,0.799,0.795,0.813,0.678,0.807,0.690,0.806,0.688,0.772,0.768,0.807,0.755,0.708,0.357,0.538,0.252,0.403,0.786,0.470,0.779,0.330,0.278,0.021,0.330,0.809,0.475,0.619,0.702,0.051,0.803,0.487,0.534,0.755,0.642,0.777,0.653,0.804,0.790,0.291,0.791,0.538,0.330,0.262,0.262,0.809,0.398,0.805,0.363,0.243,0.783,0.775,0.492,0.243,0.622,0.805,0.635,0.801,0.363,0.777,0.675,0.656,0.596,0.475,0.662,0.803,0.667,0.633,0.797,0.031,0.656,0.803,0.653,0.684,0.755,0.372,0.755,0.492,0.534,0.483,0.767,0.671,0.297,0.693,0.655,0.348,0.800,0.775,0.755,0.796,0.403,0.806,0.667,0.403,0.787,0.629,0.684,0.403,0.492,0.070,0.790,0.791,0.633,0.803,0.403,0.366,0.775,0.619,0.669,0.789,0.348,0.051,0.807,0.348,0.675,0.662,0.318,0.487,0.362,0.664,0.684,0.777,0.633,0.534,0.538,0.667,0.763,0.492,0.772,0.686,0.803,0.771,0.475,0.704,0.357,0.673,0.538,0.310,0.315,0.675,0.688,0.807,0.802,0.000,0.321,0.805,0.615,0.806,0.656,0.704,0.243,0.306,0.811,0.792,0.802,0.492,0.362,0.791,0.787,0.381,0.381,0.398,0.315,0.475,0.804,0.801,0.774,0.796,0.755,0.538,0.805,0.809,0.680,0.638,0.707,0.630,0.475,0.802,0.761,0.372,0.767,0.664,0.603,0.330,0.357,0.799,0.755,0.801,0.803,0.684,0.327
7PNB_g_5_MAN;0.826,0.806,0.669,0.636,0.809,0.790,0.827,0.595,0.709,0.804,0.803,0.671,0.667,0.011,0.280,0.269,0.296,0.653,0.802,0.788,0.311,0.709,0.801,0.711,0.280,0.235,0.803,0.639,0.804,0.814,0.826,0.795,0.803,0.808,0.798,0.678,0.539,0.783,0.318,0.820,0.300,0.216,0.825,0.280,0.487,0.305,0.745,0.809,0.803,0.795,0.478,0.802,0.315,0.650,0.796,0.617,0.206,0.482,0.636,0.831,0.829,0.274,0.478,0.826,0.803,0.807,0.813,0.664,0.790,0.669,0.827,0.667,0.789,0.785,0.799,0.745,0.713,0.274,0.539,0.208,0.280,0.786,0.482,0.779,0.033,0.302,0.309,0.074,0.809,0.487,0.634,0.707,0.318,0.807,0.474,0.547,0.745,0.647,0.793,0.639,0.828,0.803,0.330,0.816,0.539,0.011,0.286,0.218,0.810,0.290,0.825,0.262,0.198,0.791,0.775,0.478,0.198,0.647,0.784,0.639,0.825,0.262,0.772,0.643,0.632,0.588,0.487,0.648,0.807,0.643,0.617,0.784,0.315,0.632,0.787,0.638,0.653,0.745,0.272,0.745,0.478,0.535,0.469,0.766,0.657,0.336,0.706,0.640,0.280,0.804,0.792,0.745,0.783,0.280,0.827,0.652,0.280,0.791,0.612,0.643,0.280,0.478,0.300,0.802,0.807,0.617,0.799,0.280,0.282,0.792,0.634,0.655,0.801,0.280,0.315,0.827,0.280,0.643,0.648,0.311,0.474,0.296,0.660,0.643,0.773,0.617,0.535,0.539,0.652,0.784,0.478,0.772,0.655,0.807,0.766,0.487,0.709,0.305,0.660,0.539,0.333,0.033,0.662,0.667,0.787,0.827,0.321,0.000,0.829,0.639,0.806,0.632,0.709,0.198,0.043,0.807,0.800,0.806,0.478,0.296,0.799,0.799,0.282,0.298,0.290,0.339,0.487,0.808,0.806,0.774,0.787,0.745,0.539,0.801,0.805,0.657,0.642,0.712,0.614,0.487,0.806,0.743,0.272,0.771,0.650,0.595,0.033,0.288,0.786,0.745,0.825,0.794,0.643,0.032
7PNB_0_2_NAG;0.715,0.708,0.856,0.820,0.706,0.683,0.714,0.811,0.859,0.661,0.705,0.869,0.801,0.833,0.803,0.812,0.807,0.854,0.701,0.684,0.812,0.859,0.610,0.856,0.811,0.820,0.705,0.859,0.687,0.157,0.145,0.634,0.689,0.661,0.683,0.852,0.776,0.625,0.815,0.676,0.809,0.822,0.716,0.811,0.827,0.811,0.875,0.706,0.686,0.616,0.824,0.638,0.805,0.854,0.631,0.803,0.822,0.816,0.812,0.155,0.712,0.802,0.828,0.717,0.628,0.614,0.639,0.801,0.618,0.859,0.708,0.859,0.619,0.628,0.636,0.875,0.862,0.802,0.776,0.821,0.811,0.622,0.816,0.590,0.829,0.812,0.812,0.821,0.642,0.817,0.824,0.862,0.811,0.660,0.808,0.775,0.875,0.816,0.633,0.852,0.151,0.702,0.805,0.167,0.776,0.833,0.812,0.824,0.679,0.810,0.713,0.812,0.822,0.625,0.590,0.828,0.818,0.816,0.629,0.809,0.160,0.812,0.592,0.851,0.856,0.811,0.812,0.852,0.660,0.862,0.807,0.637,0.809,0.856,0.641,0.801,0.854,0.875,0.815,0.875,0.828,0.779,0.824,0.590,0.801,0.802,0.857,0.798,0.803,0.654,0.631,0.875,0.635,0.811,0.714,0.795,0.811,0.618,0.804,0.854,0.811,0.828,0.801,0.708,0.680,0.811,0.639,0.811,0.814,0.617,0.824,0.797,0.701,0.803,0.809,0.718,0.799,0.851,0.852,0.812,0.808,0.807,0.845,0.854,0.586,0.807,0.779,0.776,0.795,0.625,0.828,0.589,0.853,0.656,0.598,0.812,0.859,0.823,0.859,0.776,0.799,0.829,0.860,0.859,0.652,0.161,0.805,0.829,0.000,0.821,0.622,0.856,0.859,0.818,0.826,0.635,0.690,0.666,0.824,0.807,0.614,0.613,0.814,0.818,0.810,0.809,0.812,0.658,0.654,0.585,0.644,0.875,0.776,0.631,0.630,0.854,0.810,0.856,0.810,0.812,0.662,0.878,0.815,0.580,0.794,0.811,0.829,0.811,0.626,0.875,0.154,0.622,0.854,0.826
7PNB_j_4_MAN;0.792,0.801,0.727,0.011,0.808,0.801,0.793,0.711,0.723,0.807,0.802,0.730,0.664,0.647,0.614,0.634,0.624,0.722,0.797,0.828,0.609,0.731,0.805,0.725,0.624,0.644,0.802,0.717,0.824,0.817,0.825,0.811,0.818,0.808,0.829,0.727,0.642,0.820,0.617,0.843,0.622,0.629,0.787,0.624,0.672,0.617,0.752,0.812,0.819,0.806,0.664,0.837,0.612,0.720,0.816,0.729,0.621,0.667,0.075,0.818,0.799,0.611,0.664,0.788,0.806,0.811,0.847,0.671,0.838,0.719,0.784,0.725,0.813,0.818,0.838,0.752,0.720,0.611,0.642,0.636,0.624,0.813,0.667,0.803,0.647,0.602,0.619,0.647,0.840,0.669,0.022,0.722,0.617,0.811,0.669,0.650,0.752,0.096,0.809,0.700,0.824,0.798,0.597,0.815,0.642,0.647,0.602,0.644,0.833,0.621,0.787,0.620,0.629,0.799,0.803,0.664,0.629,0.033,0.836,0.125,0.820,0.620,0.805,0.713,0.711,0.704,0.669,0.700,0.811,0.713,0.729,0.837,0.612,0.711,0.839,0.645,0.722,0.752,0.628,0.752,0.664,0.650,0.656,0.803,0.674,0.600,0.728,0.657,0.614,0.808,0.816,0.752,0.839,0.624,0.797,0.660,0.624,0.799,0.724,0.713,0.624,0.664,0.612,0.801,0.818,0.738,0.834,0.624,0.636,0.808,0.022,0.662,0.801,0.614,0.612,0.785,0.603,0.713,0.700,0.609,0.669,0.624,0.702,0.713,0.801,0.729,0.650,0.642,0.660,0.812,0.674,0.801,0.714,0.815,0.799,0.669,0.723,0.628,0.711,0.642,0.595,0.647,0.729,0.725,0.843,0.822,0.615,0.639,0.821,0.000,0.833,0.711,0.723,0.629,0.639,0.842,0.820,0.810,0.664,0.624,0.807,0.803,0.636,0.636,0.621,0.615,0.669,0.816,0.805,0.799,0.840,0.752,0.642,0.843,0.844,0.727,0.115,0.727,0.736,0.669,0.810,0.758,0.628,0.804,0.667,0.711,0.647,0.628,0.838,0.752,0.812,0.831,0.713,0.642
7PNB_0_1_NAG;0.694,0.703,0.876,0.832,0.698,0.682,0.710,0.799,0.858,0.680,0.694,0.882,0.810,0.809,0.807,0.817,0.807,0.858,0.697,0.680,0.824,0.858,0.621,0.859,0.807,0.817,0.694,0.862,0.673,0.622,0.638,0.658,0.688,0.688,0.678,0.873,0.813,0.647,0.808,0.678,0.805,0.818,0.702,0.807,0.815,0.827,0.891,0.695,0.675,0.619,0.816,0.148,0.805,0.857,0.649,0.787,0.818,0.820,0.825,0.613,0.711,0.807,0.816,0.706,0.635,0.621,0.236,0.809,0.611,0.876,0.700,0.876,0.640,0.649,0.160,0.891,0.861,0.807,0.813,0.817,0.807,0.618,0.820,0.666,0.805,0.828,0.812,0.805,0.188,0.821,0.836,0.858,0.812,0.683,0.817,0.816,0.891,0.836,0.657,0.858,0.616,0.697,0.822,0.630,0.813,0.809,0.825,0.821,0.674,0.807,0.708,0.820,0.818,0.629,0.659,0.816,0.814,0.832,0.621,0.829,0.625,0.820,0.671,0.854,0.859,0.796,0.817,0.862,0.679,0.868,0.787,0.637,0.801,0.859,0.626,0.806,0.858,0.891,0.823,0.891,0.816,0.816,0.812,0.666,0.806,0.815,0.853,0.803,0.807,0.674,0.649,0.891,0.616,0.807,0.706,0.803,0.807,0.621,0.780,0.854,0.807,0.816,0.805,0.697,0.676,0.791,0.183,0.807,0.827,0.642,0.836,0.809,0.689,0.807,0.801,0.704,0.807,0.854,0.862,0.824,0.817,0.807,0.859,0.854,0.655,0.787,0.816,0.813,0.803,0.649,0.812,0.657,0.870,0.686,0.666,0.817,0.855,0.823,0.876,0.813,0.812,0.809,0.873,0.876,0.630,0.628,0.806,0.806,0.622,0.833,0.000,0.859,0.855,0.814,0.810,0.189,0.666,0.685,0.812,0.807,0.632,0.613,0.827,0.831,0.807,0.825,0.817,0.688,0.701,0.662,0.618,0.891,0.813,0.257,0.208,0.860,0.830,0.859,0.791,0.817,0.685,0.894,0.823,0.663,0.803,0.799,0.805,0.823,0.618,0.891,0.628,0.629,0.854,0.803
7PNB_T_3_YZT;0.859,0.861,0.475,0.709,0.867,0.827,0.857,0.732,0.578,0.837,0.861,0.429,0.699,0.639,0.646,0.636,0.646,0.315,0.857,0.818,0.624,0.587,0.833,0.581,0.637,0.636,0.861,0.009,0.840,0.849,0.860,0.821,0.835,0.837,0.838,0.453,0.653,0.826,0.649,0.851,0.653,0.632,0.856,0.637,0.602,0.641,0.690,0.871,0.832,0.834,0.594,0.863,0.644,0.323,0.825,0.732,0.615,0.586,0.709,0.854,0.859,0.644,0.594,0.857,0.835,0.835,0.862,0.697,0.839,0.475,0.857,0.482,0.826,0.827,0.861,0.682,0.591,0.644,0.653,0.629,0.637,0.834,0.586,0.848,0.629,0.636,0.651,0.629,0.858,0.590,0.707,0.584,0.649,0.840,0.568,0.651,0.682,0.725,0.826,0.046,0.855,0.858,0.622,0.851,0.653,0.639,0.636,0.627,0.838,0.634,0.856,0.653,0.622,0.828,0.844,0.594,0.622,0.717,0.837,0.711,0.852,0.653,0.841,0.315,0.037,0.726,0.579,0.082,0.840,0.100,0.732,0.826,0.653,0.019,0.836,0.682,0.315,0.682,0.660,0.690,0.604,0.651,0.586,0.837,0.699,0.615,0.577,0.692,0.646,0.837,0.825,0.682,0.837,0.637,0.857,0.703,0.637,0.824,0.728,0.341,0.637,0.594,0.635,0.864,0.831,0.741,0.853,0.637,0.657,0.829,0.707,0.697,0.860,0.646,0.644,0.858,0.637,0.315,0.082,0.624,0.568,0.646,0.107,0.354,0.842,0.732,0.651,0.653,0.703,0.826,0.594,0.841,0.471,0.840,0.837,0.579,0.587,0.660,0.453,0.653,0.621,0.639,0.468,0.471,0.840,0.857,0.656,0.632,0.856,0.711,0.859,0.000,0.578,0.622,0.632,0.864,0.833,0.839,0.594,0.646,0.832,0.835,0.657,0.657,0.634,0.629,0.579,0.841,0.831,0.843,0.837,0.673,0.653,0.858,0.866,0.331,0.712,0.574,0.739,0.579,0.839,0.679,0.660,0.830,0.701,0.732,0.629,0.660,0.835,0.682,0.855,0.835,0.328,0.625
7PNB_L_3_YZT;0.852,0.842,0.530,0.722,0.849,0.838,0.853,0.720,0.035,0.862,0.843,0.560,0.696,0.707,0.712,0.713,0.712,0.541,0.842,0.848,0.744,0.101,0.844,0.043,0.712,0.722,0.843,0.584,0.854,0.866,0.877,0.840,0.839,0.859,0.856,0.530,0.652,0.848,0.706,0.861,0.702,0.717,0.852,0.712,0.739,0.734,0.763,0.849,0.843,0.845,0.732,0.859,0.710,0.537,0.840,0.712,0.711,0.709,0.713,0.871,0.863,0.711,0.732,0.853,0.839,0.843,0.861,0.702,0.861,0.550,0.850,0.537,0.837,0.846,0.857,0.763,0.035,0.711,0.652,0.723,0.712,0.845,0.709,0.851,0.707,0.713,0.716,0.699,0.855,0.711,0.728,0.009,0.706,0.862,0.711,0.658,0.763,0.738,0.852,0.584,0.869,0.839,0.717,0.865,0.652,0.707,0.722,0.722,0.848,0.711,0.852,0.728,0.717,0.835,0.847,0.732,0.717,0.722,0.858,0.723,0.865,0.728,0.852,0.541,0.578,0.706,0.702,0.584,0.862,0.606,0.704,0.856,0.702,0.578,0.861,0.688,0.541,0.756,0.726,0.763,0.732,0.658,0.725,0.847,0.704,0.703,0.043,0.689,0.712,0.863,0.844,0.756,0.858,0.712,0.860,0.691,0.712,0.835,0.708,0.541,0.712,0.732,0.718,0.846,0.831,0.704,0.856,0.712,0.732,0.840,0.728,0.702,0.845,0.712,0.710,0.854,0.704,0.541,0.603,0.744,0.711,0.712,0.587,0.531,0.849,0.704,0.658,0.652,0.691,0.848,0.732,0.845,0.536,0.862,0.847,0.702,0.068,0.734,0.550,0.652,0.698,0.707,0.533,0.547,0.861,0.871,0.704,0.709,0.859,0.723,0.855,0.578,0.000,0.717,0.701,0.860,0.833,0.861,0.732,0.712,0.835,0.845,0.732,0.732,0.711,0.723,0.702,0.863,0.850,0.850,0.863,0.756,0.652,0.854,0.859,0.544,0.725,0.051,0.703,0.702,0.861,0.762,0.726,0.848,0.698,0.720,0.707,0.726,0.857,0.756,0.869,0.857,0.531,0.711
7PNB_x_5_MAN;0.822,0.827,0.669,0.626,0.829,0.794,0.823,0.627,0.717,0.799,0.823,0.680,0.647,0.208,0.357,0.105,0.372,0.653,0.823,0.780,0.173,0.717,0.801,0.719,0.357,0.043,0.823,0.629,0.804,0.801,0.814,0.782,0.799,0.800,0.806,0.678,0.550,0.765,0.255,0.820,0.252,0.043,0.821,0.357,0.459,0.146,0.737,0.833,0.803,0.795,0.450,0.810,0.252,0.650,0.783,0.647,0.032,0.441,0.626,0.814,0.825,0.351,0.464,0.822,0.807,0.803,0.817,0.645,0.807,0.678,0.823,0.676,0.776,0.772,0.807,0.737,0.722,0.351,0.550,0.011,0.357,0.798,0.441,0.787,0.190,0.182,0.229,0.190,0.813,0.446,0.623,0.715,0.255,0.803,0.432,0.547,0.737,0.636,0.780,0.620,0.816,0.823,0.198,0.803,0.550,0.208,0.163,0.043,0.810,0.351,0.821,0.228,0.022,0.787,0.783,0.464,0.000,0.636,0.805,0.629,0.813,0.228,0.780,0.643,0.622,0.619,0.446,0.629,0.803,0.634,0.647,0.796,0.252,0.622,0.803,0.618,0.653,0.737,0.238,0.737,0.464,0.547,0.455,0.775,0.638,0.206,0.706,0.620,0.357,0.800,0.779,0.737,0.796,0.357,0.823,0.633,0.357,0.799,0.642,0.653,0.357,0.464,0.236,0.823,0.803,0.647,0.803,0.357,0.230,0.783,0.623,0.635,0.822,0.357,0.252,0.823,0.342,0.643,0.629,0.173,0.432,0.372,0.641,0.653,0.781,0.647,0.547,0.550,0.633,0.771,0.450,0.780,0.673,0.803,0.775,0.446,0.717,0.272,0.660,0.550,0.221,0.208,0.653,0.676,0.808,0.814,0.243,0.198,0.818,0.629,0.814,0.622,0.717,0.000,0.198,0.811,0.796,0.802,0.450,0.372,0.799,0.795,0.230,0.248,0.351,0.225,0.446,0.804,0.806,0.782,0.796,0.737,0.550,0.805,0.810,0.657,0.632,0.720,0.644,0.446,0.802,0.735,0.238,0.771,0.630,0.627,0.190,0.238,0.799,0.737,0.813,0.799,0.653,0.188
7PNB_l_5_MAN;0.822,0.810,0.669,0.636,0.813,0.794,0.823,0.595,0.701,0.804,0.807,0.671,0.676,0.033,0.296,0.269,0.312,0.643,0.806,0.792,0.295,0.701,0.805,0.703,0.280,0.235,0.807,0.639,0.812,0.810,0.822,0.791,0.807,0.804,0.794,0.678,0.528,0.779,0.318,0.828,0.300,0.216,0.821,0.280,0.473,0.305,0.745,0.813,0.808,0.799,0.464,0.806,0.315,0.641,0.792,0.617,0.206,0.469,0.636,0.827,0.825,0.290,0.478,0.822,0.807,0.811,0.817,0.674,0.799,0.669,0.823,0.667,0.785,0.781,0.803,0.745,0.705,0.290,0.528,0.208,0.280,0.790,0.469,0.775,0.033,0.318,0.294,0.074,0.813,0.474,0.634,0.699,0.318,0.807,0.460,0.535,0.745,0.647,0.789,0.639,0.824,0.807,0.330,0.812,0.528,0.033,0.302,0.218,0.814,0.274,0.821,0.279,0.198,0.795,0.770,0.478,0.198,0.647,0.792,0.639,0.821,0.279,0.768,0.643,0.632,0.588,0.474,0.648,0.807,0.643,0.617,0.788,0.315,0.632,0.795,0.647,0.643,0.745,0.272,0.745,0.478,0.524,0.469,0.762,0.667,0.336,0.698,0.650,0.296,0.804,0.787,0.745,0.792,0.280,0.823,0.662,0.280,0.795,0.612,0.634,0.280,0.478,0.300,0.806,0.811,0.617,0.803,0.280,0.248,0.787,0.634,0.664,0.806,0.296,0.315,0.823,0.296,0.643,0.648,0.311,0.460,0.312,0.660,0.634,0.768,0.617,0.524,0.528,0.662,0.780,0.464,0.768,0.655,0.807,0.762,0.474,0.701,0.288,0.651,0.528,0.348,0.011,0.662,0.667,0.795,0.823,0.306,0.043,0.826,0.639,0.810,0.632,0.701,0.198,0.000,0.811,0.804,0.806,0.464,0.312,0.803,0.803,0.265,0.282,0.274,0.355,0.474,0.808,0.810,0.770,0.796,0.745,0.528,0.805,0.810,0.648,0.642,0.704,0.614,0.474,0.806,0.743,0.272,0.767,0.660,0.595,0.033,0.255,0.794,0.745,0.821,0.799,0.634,0.053
7PNB_W_1_NAG;0.713,0.712,0.881,0.841,0.708,0.701,0.735,0.800,0.856,0.686,0.704,0.883,0.811,0.810,0.808,0.818,0.808,0.863,0.706,0.702,0.821,0.856,0.641,0.857,0.800,0.814,0.704,0.867,0.695,0.621,0.626,0.654,0.700,0.691,0.694,0.874,0.814,0.649,0.813,0.698,0.806,0.815,0.727,0.800,0.820,0.828,0.893,0.705,0.701,0.643,0.821,0.085,0.810,0.862,0.640,0.788,0.811,0.825,0.837,0.627,0.726,0.807,0.821,0.731,0.655,0.642,0.135,0.810,0.649,0.878,0.725,0.881,0.642,0.652,0.070,0.893,0.862,0.807,0.814,0.814,0.800,0.638,0.825,0.689,0.806,0.829,0.817,0.802,0.174,0.826,0.844,0.863,0.817,0.689,0.822,0.817,0.893,0.845,0.663,0.860,0.626,0.707,0.819,0.629,0.814,0.810,0.826,0.818,0.697,0.799,0.733,0.821,0.815,0.645,0.679,0.821,0.811,0.841,0.655,0.842,0.627,0.821,0.690,0.859,0.864,0.797,0.822,0.863,0.686,0.873,0.788,0.678,0.806,0.864,0.657,0.807,0.863,0.893,0.824,0.893,0.821,0.817,0.817,0.685,0.807,0.811,0.854,0.803,0.808,0.680,0.640,0.893,0.651,0.800,0.725,0.804,0.800,0.634,0.785,0.859,0.800,0.821,0.810,0.706,0.701,0.792,0.168,0.800,0.828,0.644,0.844,0.810,0.699,0.808,0.806,0.729,0.808,0.859,0.863,0.821,0.822,0.808,0.860,0.859,0.678,0.788,0.817,0.814,0.804,0.648,0.817,0.677,0.875,0.682,0.685,0.822,0.860,0.828,0.874,0.814,0.809,0.810,0.878,0.881,0.661,0.623,0.811,0.807,0.635,0.842,0.189,0.864,0.860,0.811,0.811,0.000,0.692,0.692,0.817,0.808,0.652,0.637,0.828,0.832,0.799,0.822,0.822,0.680,0.707,0.688,0.653,0.893,0.814,0.138,0.060,0.865,0.842,0.857,0.791,0.822,0.692,0.896,0.824,0.676,0.803,0.800,0.806,0.824,0.649,0.893,0.627,0.660,0.859,0.803
7PNB_f_1_NAG;0.716,0.713,0.851,0.819,0.721,0.253,0.735,0.814,0.836,0.637,0.714,0.850,0.796,0.803,0.793,0.803,0.789,0.835,0.713,0.154,0.814,0.840,0.615,0.833,0.801,0.799,0.714,0.836,0.246,0.687,0.702,0.595,0.282,0.631,0.654,0.851,0.807,0.604,0.794,0.267,0.791,0.796,0.724,0.801,0.822,0.814,0.878,0.715,0.194,0.621,0.818,0.674,0.795,0.834,0.584,0.814,0.797,0.806,0.819,0.693,0.727,0.797,0.818,0.728,0.637,0.627,0.688,0.799,0.597,0.848,0.726,0.851,0.594,0.608,0.679,0.878,0.839,0.797,0.807,0.795,0.801,0.616,0.806,0.584,0.803,0.803,0.795,0.808,0.665,0.803,0.823,0.836,0.798,0.640,0.807,0.811,0.878,0.827,0.598,0.832,0.692,0.710,0.800,0.691,0.807,0.803,0.807,0.803,0.215,0.805,0.727,0.802,0.796,0.645,0.576,0.818,0.796,0.823,0.623,0.820,0.679,0.802,0.598,0.831,0.833,0.806,0.803,0.836,0.636,0.839,0.814,0.578,0.791,0.833,0.636,0.796,0.835,0.878,0.806,0.878,0.818,0.807,0.815,0.599,0.800,0.797,0.831,0.797,0.793,0.642,0.603,0.878,0.629,0.801,0.719,0.797,0.801,0.620,0.807,0.831,0.801,0.818,0.799,0.719,0.226,0.818,0.661,0.801,0.813,0.607,0.823,0.803,0.712,0.793,0.791,0.733,0.793,0.831,0.836,0.814,0.807,0.789,0.837,0.831,0.572,0.814,0.807,0.807,0.797,0.601,0.818,0.575,0.845,0.636,0.580,0.803,0.829,0.810,0.851,0.807,0.794,0.808,0.848,0.851,0.628,0.690,0.792,0.800,0.690,0.820,0.666,0.833,0.833,0.796,0.804,0.692,0.000,0.639,0.818,0.789,0.638,0.626,0.813,0.809,0.805,0.803,0.803,0.634,0.634,0.591,0.642,0.878,0.807,0.688,0.690,0.838,0.820,0.834,0.817,0.803,0.646,0.881,0.806,0.601,0.801,0.814,0.803,0.810,0.631,0.878,0.686,0.597,0.831,0.797
7PNB_m_2_NAG;0.720,0.742,0.843,0.809,0.741,0.631,0.729,0.844,0.861,0.039,0.739,0.845,0.810,0.810,0.808,0.805,0.808,0.826,0.739,0.636,0.800,0.858,0.628,0.858,0.804,0.805,0.739,0.843,0.631,0.637,0.646,0.430,0.644,0.012,0.670,0.843,0.818,0.460,0.808,0.638,0.801,0.806,0.728,0.804,0.824,0.804,0.874,0.747,0.638,0.627,0.821,0.691,0.806,0.826,0.432,0.848,0.803,0.826,0.809,0.658,0.717,0.807,0.825,0.725,0.624,0.618,0.678,0.810,0.651,0.839,0.719,0.843,0.450,0.460,0.689,0.874,0.868,0.807,0.818,0.806,0.804,0.618,0.826,0.553,0.806,0.805,0.805,0.806,0.681,0.822,0.809,0.864,0.812,0.036,0.818,0.821,0.874,0.809,0.450,0.839,0.660,0.739,0.794,0.656,0.818,0.810,0.805,0.809,0.633,0.803,0.724,0.809,0.806,0.636,0.561,0.825,0.802,0.809,0.665,0.806,0.651,0.809,0.547,0.822,0.839,0.845,0.822,0.839,0.028,0.838,0.848,0.656,0.801,0.839,0.667,0.810,0.826,0.874,0.812,0.874,0.829,0.817,0.821,0.540,0.806,0.790,0.852,0.807,0.808,0.028,0.460,0.874,0.668,0.804,0.716,0.803,0.804,0.595,0.845,0.822,0.804,0.825,0.801,0.742,0.632,0.848,0.674,0.804,0.807,0.451,0.809,0.810,0.738,0.808,0.801,0.730,0.804,0.822,0.839,0.804,0.818,0.808,0.839,0.822,0.561,0.848,0.817,0.818,0.803,0.467,0.821,0.539,0.837,0.059,0.528,0.822,0.854,0.816,0.836,0.818,0.787,0.806,0.840,0.843,0.667,0.654,0.802,0.806,0.666,0.810,0.685,0.839,0.861,0.802,0.806,0.692,0.639,0.000,0.821,0.808,0.647,0.620,0.811,0.816,0.803,0.797,0.822,0.058,0.659,0.556,0.669,0.874,0.818,0.691,0.687,0.825,0.806,0.858,0.851,0.822,0.016,0.877,0.812,0.546,0.803,0.844,0.806,0.808,0.673,0.874,0.654,0.648,0.822,0.799
7PNB_s_4_BGC;0.840,0.841,0.710,0.661,0.844,0.816,0.841,0.608,0.732,0.818,0.837,0.695,0.681,0.473,0.525,0.496,0.538,0.574,0.837,0.806,0.450,0.724,0.811,0.725,0.460,0.468,0.837,0.602,0.822,0.811,0.828,0.822,0.817,0.819,0.824,0.692,0.573,0.806,0.478,0.830,0.487,0.478,0.840,0.460,0.012,0.444,0.787,0.848,0.818,0.812,0.024,0.820,0.487,0.570,0.822,0.608,0.441,0.209,0.672,0.820,0.843,0.521,0.094,0.840,0.812,0.813,0.815,0.679,0.800,0.701,0.841,0.717,0.815,0.812,0.821,0.787,0.745,0.521,0.573,0.459,0.460,0.803,0.209,0.830,0.459,0.455,0.483,0.445,0.815,0.217,0.659,0.739,0.478,0.821,0.178,0.569,0.787,0.672,0.811,0.591,0.822,0.837,0.464,0.813,0.573,0.473,0.455,0.468,0.815,0.455,0.840,0.406,0.464,0.801,0.826,0.094,0.450,0.672,0.794,0.664,0.823,0.406,0.824,0.574,0.594,0.600,0.198,0.591,0.821,0.606,0.608,0.798,0.487,0.594,0.792,0.662,0.574,0.787,0.400,0.787,0.071,0.569,0.082,0.818,0.672,0.469,0.721,0.664,0.525,0.819,0.818,0.787,0.789,0.460,0.841,0.667,0.460,0.801,0.603,0.574,0.460,0.094,0.474,0.841,0.825,0.608,0.808,0.460,0.394,0.814,0.659,0.669,0.836,0.525,0.487,0.845,0.513,0.574,0.591,0.450,0.178,0.538,0.604,0.574,0.824,0.608,0.569,0.573,0.667,0.806,0.024,0.824,0.705,0.821,0.818,0.198,0.724,0.369,0.674,0.573,0.465,0.473,0.712,0.717,0.801,0.829,0.492,0.478,0.824,0.664,0.812,0.594,0.732,0.450,0.464,0.817,0.818,0.821,0.000,0.538,0.813,0.817,0.394,0.379,0.455,0.473,0.198,0.823,0.807,0.826,0.788,0.787,0.573,0.814,0.824,0.578,0.667,0.727,0.605,0.198,0.821,0.785,0.400,0.806,0.664,0.608,0.459,0.400,0.787,0.787,0.819,0.809,0.574,0.469
7PNB_m_6_MAN;0.819,0.791,0.673,0.621,0.798,0.779,0.820,0.602,0.712,0.805,0.792,0.702,0.643,0.306,0.021,0.389,0.000,0.676,0.787,0.781,0.412,0.712,0.774,0.714,0.368,0.404,0.792,0.653,0.789,0.803,0.819,0.788,0.783,0.806,0.791,0.682,0.523,0.771,0.360,0.809,0.342,0.386,0.818,0.368,0.546,0.421,0.732,0.798,0.784,0.771,0.538,0.807,0.342,0.673,0.793,0.622,0.377,0.542,0.621,0.816,0.822,0.032,0.538,0.819,0.775,0.780,0.818,0.640,0.783,0.682,0.820,0.680,0.778,0.774,0.805,0.732,0.717,0.032,0.523,0.381,0.368,0.762,0.542,0.793,0.321,0.417,0.365,0.321,0.807,0.545,0.618,0.711,0.360,0.808,0.557,0.520,0.732,0.632,0.778,0.644,0.814,0.787,0.427,0.801,0.523,0.306,0.404,0.389,0.803,0.377,0.818,0.355,0.372,0.763,0.789,0.538,0.372,0.632,0.785,0.624,0.806,0.355,0.786,0.667,0.646,0.594,0.545,0.653,0.808,0.658,0.622,0.772,0.357,0.646,0.784,0.633,0.676,0.732,0.364,0.732,0.538,0.520,0.529,0.780,0.643,0.432,0.710,0.645,0.021,0.806,0.785,0.732,0.780,0.368,0.820,0.648,0.368,0.763,0.618,0.676,0.368,0.538,0.357,0.791,0.788,0.632,0.808,0.368,0.373,0.785,0.618,0.650,0.790,0.021,0.342,0.820,0.042,0.667,0.653,0.412,0.557,0.000,0.664,0.676,0.787,0.622,0.520,0.523,0.648,0.773,0.538,0.786,0.669,0.804,0.780,0.545,0.712,0.393,0.664,0.523,0.429,0.321,0.675,0.680,0.780,0.812,0.362,0.296,0.807,0.624,0.807,0.646,0.712,0.372,0.312,0.808,0.789,0.808,0.538,0.000,0.772,0.772,0.373,0.387,0.377,0.436,0.545,0.806,0.781,0.788,0.780,0.732,0.523,0.802,0.807,0.680,0.627,0.716,0.630,0.545,0.808,0.730,0.364,0.777,0.645,0.602,0.321,0.378,0.779,0.732,0.802,0.779,0.676,0.318
7PNB_X_1_NAG;0.701,0.697,0.824,0.806,0.699,0.641,0.720,0.801,0.835,0.642,0.698,0.826,0.799,0.803,0.776,0.790,0.772,0.841,0.694,0.646,0.797,0.835,0.097,0.832,0.793,0.802,0.698,0.835,0.638,0.614,0.634,0.640,0.650,0.643,0.593,0.821,0.778,0.643,0.797,0.655,0.791,0.795,0.712,0.793,0.817,0.801,0.866,0.695,0.640,0.243,0.813,0.651,0.786,0.841,0.641,0.801,0.792,0.810,0.798,0.609,0.714,0.775,0.813,0.719,0.105,0.122,0.656,0.799,0.479,0.821,0.710,0.824,0.633,0.646,0.649,0.866,0.842,0.775,0.778,0.799,0.793,0.291,0.810,0.612,0.807,0.798,0.798,0.811,0.638,0.810,0.805,0.839,0.793,0.645,0.806,0.782,0.866,0.794,0.640,0.831,0.616,0.694,0.783,0.619,0.778,0.803,0.798,0.802,0.629,0.796,0.715,0.810,0.795,0.161,0.605,0.813,0.799,0.802,0.519,0.786,0.606,0.810,0.611,0.838,0.832,0.801,0.806,0.831,0.641,0.834,0.801,0.488,0.791,0.832,0.520,0.803,0.841,0.866,0.813,0.866,0.817,0.782,0.810,0.609,0.799,0.784,0.826,0.800,0.776,0.639,0.638,0.866,0.550,0.793,0.707,0.801,0.793,0.168,0.798,0.838,0.793,0.813,0.786,0.700,0.645,0.801,0.638,0.793,0.816,0.638,0.805,0.803,0.693,0.776,0.791,0.727,0.772,0.838,0.831,0.793,0.806,0.772,0.828,0.838,0.612,0.801,0.782,0.778,0.801,0.632,0.813,0.607,0.822,0.648,0.612,0.806,0.835,0.817,0.824,0.778,0.781,0.807,0.825,0.824,0.507,0.624,0.791,0.799,0.614,0.807,0.632,0.832,0.835,0.799,0.803,0.652,0.638,0.647,0.813,0.772,0.000,0.221,0.812,0.816,0.796,0.786,0.806,0.639,0.668,0.622,0.538,0.866,0.778,0.648,0.654,0.844,0.787,0.833,0.804,0.806,0.651,0.869,0.813,0.621,0.800,0.801,0.807,0.817,0.527,0.866,0.610,0.466,0.838,0.804
7PNB_c_1_NAG;0.692,0.711,0.835,0.802,0.713,0.618,0.705,0.805,0.845,0.619,0.712,0.837,0.807,0.803,0.776,0.790,0.772,0.844,0.708,0.619,0.793,0.842,0.162,0.842,0.797,0.798,0.712,0.838,0.626,0.602,0.625,0.625,0.642,0.616,0.569,0.831,0.791,0.620,0.789,0.628,0.783,0.791,0.697,0.797,0.820,0.797,0.868,0.710,0.614,0.040,0.817,0.632,0.783,0.844,0.626,0.809,0.792,0.814,0.798,0.597,0.702,0.776,0.817,0.704,0.219,0.160,0.640,0.807,0.480,0.831,0.695,0.834,0.613,0.615,0.634,0.868,0.848,0.776,0.791,0.795,0.797,0.146,0.814,0.604,0.807,0.794,0.794,0.811,0.633,0.814,0.801,0.845,0.789,0.621,0.814,0.794,0.868,0.794,0.617,0.834,0.607,0.709,0.783,0.610,0.791,0.803,0.794,0.798,0.620,0.800,0.700,0.809,0.791,0.307,0.604,0.817,0.795,0.802,0.497,0.786,0.594,0.809,0.606,0.841,0.835,0.805,0.814,0.834,0.618,0.837,0.809,0.493,0.783,0.835,0.503,0.811,0.844,0.868,0.813,0.868,0.821,0.794,0.814,0.604,0.807,0.784,0.836,0.808,0.776,0.612,0.615,0.868,0.517,0.797,0.698,0.808,0.797,0.179,0.806,0.841,0.797,0.817,0.783,0.714,0.619,0.809,0.637,0.797,0.816,0.615,0.801,0.810,0.707,0.776,0.783,0.715,0.772,0.841,0.834,0.789,0.814,0.772,0.835,0.841,0.599,0.809,0.794,0.791,0.808,0.601,0.817,0.595,0.832,0.625,0.604,0.814,0.842,0.817,0.835,0.791,0.781,0.807,0.835,0.834,0.499,0.608,0.787,0.799,0.613,0.803,0.613,0.835,0.845,0.795,0.803,0.637,0.626,0.620,0.817,0.772,0.221,0.000,0.812,0.816,0.800,0.786,0.814,0.616,0.645,0.606,0.521,0.868,0.791,0.636,0.645,0.847,0.787,0.843,0.812,0.814,0.624,0.871,0.813,0.616,0.808,0.805,0.807,0.817,0.514,0.868,0.594,0.457,0.841,0.804
7PNB_W_6_MAN;0.834,0.832,0.694,0.633,0.838,0.803,0.836,0.644,0.732,0.809,0.828,0.705,0.683,0.275,0.358,0.267,0.373,0.650,0.832,0.797,0.277,0.732,0.810,0.734,0.343,0.250,0.828,0.664,0.809,0.798,0.811,0.804,0.808,0.809,0.799,0.703,0.578,0.788,0.393,0.825,0.389,0.265,0.834,0.343,0.404,0.235,0.736,0.834,0.808,0.807,0.394,0.827,0.375,0.647,0.805,0.644,0.220,0.400,0.643,0.811,0.838,0.352,0.410,0.835,0.816,0.816,0.830,0.681,0.795,0.703,0.836,0.701,0.802,0.794,0.824,0.736,0.737,0.352,0.578,0.240,0.343,0.807,0.400,0.809,0.257,0.250,0.369,0.240,0.830,0.406,0.630,0.731,0.378,0.812,0.390,0.575,0.736,0.654,0.798,0.655,0.813,0.828,0.298,0.800,0.578,0.275,0.267,0.250,0.814,0.336,0.834,0.045,0.248,0.796,0.805,0.410,0.230,0.643,0.793,0.646,0.810,0.045,0.802,0.650,0.657,0.626,0.406,0.655,0.812,0.660,0.644,0.789,0.389,0.657,0.792,0.664,0.650,0.736,0.034,0.736,0.410,0.575,0.400,0.796,0.674,0.305,0.730,0.667,0.358,0.809,0.796,0.736,0.788,0.343,0.836,0.669,0.343,0.804,0.639,0.650,0.343,0.410,0.360,0.828,0.816,0.644,0.824,0.343,0.023,0.805,0.630,0.672,0.831,0.358,0.389,0.836,0.358,0.650,0.655,0.260,0.390,0.373,0.667,0.650,0.803,0.644,0.575,0.578,0.669,0.793,0.410,0.802,0.689,0.812,0.796,0.406,0.732,0.078,0.676,0.578,0.318,0.275,0.696,0.701,0.796,0.811,0.381,0.282,0.814,0.636,0.827,0.657,0.732,0.230,0.265,0.828,0.813,0.811,0.394,0.373,0.812,0.812,0.000,0.023,0.336,0.308,0.406,0.813,0.806,0.804,0.788,0.736,0.578,0.829,0.831,0.655,0.649,0.736,0.641,0.406,0.811,0.735,0.034,0.789,0.667,0.644,0.257,0.034,0.786,0.736,0.810,0.791,0.650,0.272
7PNB_g_6_MAN;0.834,0.832,0.694,0.633,0.838,0.799,0.836,0.644,0.732,0.813,0.828,0.705,0.683,0.291,0.373,0.284,0.387,0.650,0.832,0.793,0.294,0.732,0.814,0.734,0.358,0.267,0.828,0.664,0.805,0.802,0.815,0.808,0.804,0.813,0.803,0.703,0.578,0.792,0.378,0.821,0.389,0.282,0.834,0.358,0.388,0.253,0.736,0.834,0.804,0.811,0.379,0.831,0.375,0.647,0.809,0.644,0.238,0.385,0.643,0.815,0.838,0.367,0.394,0.835,0.820,0.820,0.834,0.681,0.799,0.703,0.836,0.701,0.806,0.799,0.828,0.736,0.737,0.367,0.578,0.257,0.358,0.811,0.385,0.813,0.275,0.267,0.369,0.257,0.834,0.390,0.630,0.731,0.364,0.816,0.375,0.575,0.736,0.654,0.802,0.655,0.817,0.828,0.314,0.804,0.578,0.291,0.284,0.267,0.810,0.352,0.834,0.067,0.265,0.800,0.809,0.394,0.248,0.643,0.797,0.646,0.814,0.067,0.806,0.650,0.657,0.626,0.390,0.655,0.816,0.660,0.644,0.793,0.389,0.657,0.796,0.664,0.650,0.736,0.056,0.736,0.394,0.575,0.385,0.801,0.674,0.321,0.730,0.667,0.373,0.813,0.801,0.736,0.792,0.358,0.836,0.669,0.358,0.808,0.639,0.650,0.358,0.394,0.360,0.828,0.812,0.644,0.828,0.358,0.045,0.809,0.630,0.672,0.831,0.373,0.389,0.836,0.373,0.650,0.655,0.277,0.375,0.387,0.667,0.650,0.807,0.644,0.575,0.578,0.669,0.797,0.394,0.806,0.689,0.816,0.801,0.390,0.732,0.056,0.676,0.578,0.333,0.291,0.696,0.701,0.800,0.815,0.381,0.298,0.818,0.636,0.831,0.657,0.732,0.248,0.282,0.832,0.809,0.816,0.379,0.387,0.816,0.816,0.023,0.000,0.352,0.324,0.390,0.818,0.806,0.808,0.792,0.736,0.578,0.833,0.834,0.655,0.649,0.736,0.641,0.390,0.816,0.735,0.056,0.793,0.667,0.644,0.275,0.056,0.791,0.736,0.814,0.795,0.650,0.288
7PNB_r_5_MAN;0.826,0.790,0.680,0.618,0.793,0.782,0.827,0.630,0.711,0.800,0.787,0.682,0.678,0.283,0.363,0.355,0.377,0.636,0.786,0.793,0.378,0.703,0.798,0.712,0.011,0.369,0.787,0.641,0.801,0.802,0.810,0.766,0.795,0.801,0.795,0.671,0.543,0.766,0.397,0.812,0.379,0.366,0.826,0.011,0.464,0.387,0.747,0.793,0.796,0.795,0.455,0.799,0.393,0.634,0.767,0.640,0.357,0.474,0.597,0.819,0.829,0.357,0.469,0.827,0.795,0.800,0.806,0.676,0.787,0.671,0.827,0.687,0.760,0.764,0.800,0.747,0.715,0.357,0.543,0.360,0.011,0.782,0.474,0.780,0.267,0.398,0.402,0.250,0.806,0.478,0.615,0.709,0.397,0.804,0.465,0.550,0.747,0.608,0.768,0.632,0.817,0.787,0.366,0.804,0.543,0.283,0.384,0.355,0.802,0.000,0.826,0.349,0.351,0.784,0.775,0.469,0.351,0.608,0.780,0.600,0.814,0.349,0.773,0.636,0.634,0.622,0.478,0.641,0.804,0.646,0.640,0.780,0.393,0.634,0.783,0.650,0.636,0.747,0.343,0.747,0.469,0.539,0.460,0.767,0.669,0.357,0.708,0.652,0.363,0.801,0.771,0.747,0.771,0.011,0.827,0.664,0.011,0.792,0.635,0.627,0.011,0.469,0.379,0.786,0.799,0.640,0.799,0.011,0.336,0.767,0.615,0.667,0.785,0.363,0.393,0.828,0.363,0.636,0.641,0.378,0.465,0.377,0.634,0.627,0.774,0.640,0.539,0.543,0.664,0.768,0.455,0.773,0.675,0.804,0.767,0.478,0.703,0.358,0.644,0.543,0.354,0.283,0.682,0.687,0.783,0.815,0.398,0.290,0.810,0.621,0.807,0.634,0.711,0.351,0.274,0.799,0.805,0.803,0.455,0.377,0.796,0.800,0.336,0.352,0.000,0.375,0.478,0.805,0.806,0.775,0.775,0.747,0.543,0.797,0.798,0.641,0.603,0.714,0.637,0.478,0.803,0.745,0.343,0.754,0.662,0.630,0.267,0.343,0.774,0.747,0.814,0.791,0.627,0.280
7PNB_Y_6_MAN;0.817,0.814,0.693,0.612,0.821,0.789,0.818,0.624,0.723,0.794,0.810,0.687,0.683,0.349,0.422,0.192,0.436,0.660,0.814,0.787,0.106,0.723,0.788,0.725,0.366,0.228,0.810,0.636,0.803,0.805,0.809,0.773,0.794,0.795,0.810,0.685,0.569,0.773,0.327,0.815,0.324,0.225,0.817,0.366,0.468,0.137,0.743,0.821,0.799,0.786,0.473,0.826,0.309,0.657,0.778,0.624,0.233,0.436,0.602,0.818,0.820,0.417,0.445,0.817,0.794,0.790,0.817,0.681,0.810,0.685,0.818,0.700,0.775,0.776,0.823,0.743,0.728,0.417,0.569,0.235,0.366,0.785,0.436,0.782,0.349,0.075,0.303,0.333,0.825,0.441,0.620,0.722,0.327,0.798,0.427,0.566,0.743,0.623,0.775,0.627,0.816,0.810,0.033,0.803,0.569,0.349,0.096,0.210,0.805,0.375,0.817,0.272,0.225,0.774,0.778,0.445,0.225,0.602,0.804,0.615,0.812,0.272,0.775,0.650,0.629,0.606,0.441,0.627,0.798,0.631,0.624,0.787,0.324,0.629,0.803,0.664,0.660,0.743,0.282,0.743,0.445,0.566,0.450,0.770,0.674,0.043,0.712,0.667,0.422,0.795,0.778,0.743,0.795,0.366,0.818,0.669,0.366,0.786,0.619,0.660,0.366,0.445,0.294,0.810,0.802,0.634,0.818,0.366,0.308,0.774,0.620,0.671,0.813,0.422,0.309,0.818,0.409,0.650,0.627,0.106,0.427,0.436,0.610,0.660,0.776,0.624,0.566,0.569,0.669,0.775,0.459,0.775,0.697,0.794,0.770,0.441,0.723,0.346,0.667,0.569,0.063,0.364,0.687,0.700,0.807,0.814,0.315,0.339,0.809,0.615,0.825,0.629,0.723,0.225,0.355,0.822,0.803,0.797,0.473,0.436,0.786,0.786,0.308,0.324,0.375,0.000,0.441,0.795,0.809,0.777,0.795,0.743,0.569,0.816,0.821,0.664,0.618,0.727,0.632,0.441,0.797,0.742,0.282,0.762,0.667,0.624,0.349,0.298,0.798,0.743,0.812,0.794,0.660,0.345
7PNB_g_4_BGC;0.841,0.838,0.688,0.667,0.841,0.813,0.842,0.603,0.702,0.819,0.834,0.671,0.667,0.482,0.533,0.478,0.545,0.569,0.834,0.795,0.431,0.711,0.804,0.704,0.483,0.464,0.834,0.586,0.811,0.808,0.817,0.798,0.806,0.820,0.821,0.669,0.521,0.794,0.474,0.827,0.483,0.474,0.841,0.483,0.209,0.440,0.748,0.845,0.806,0.810,0.217,0.829,0.470,0.566,0.799,0.603,0.438,0.012,0.656,0.818,0.844,0.529,0.217,0.841,0.810,0.810,0.816,0.664,0.806,0.688,0.842,0.694,0.796,0.801,0.823,0.748,0.715,0.529,0.521,0.455,0.483,0.805,0.012,0.828,0.469,0.450,0.466,0.455,0.820,0.024,0.664,0.709,0.474,0.823,0.024,0.517,0.748,0.677,0.796,0.576,0.815,0.834,0.432,0.811,0.521,0.482,0.450,0.464,0.812,0.478,0.841,0.417,0.460,0.794,0.824,0.217,0.446,0.667,0.799,0.659,0.816,0.417,0.821,0.569,0.579,0.595,0.000,0.576,0.823,0.591,0.603,0.799,0.483,0.579,0.798,0.647,0.569,0.748,0.411,0.748,0.237,0.517,0.207,0.815,0.657,0.438,0.699,0.649,0.533,0.820,0.803,0.748,0.794,0.483,0.842,0.652,0.483,0.794,0.598,0.569,0.483,0.217,0.483,0.838,0.806,0.614,0.818,0.483,0.406,0.794,0.664,0.654,0.833,0.533,0.470,0.842,0.521,0.569,0.576,0.431,0.024,0.545,0.579,0.569,0.821,0.603,0.517,0.521,0.652,0.799,0.217,0.821,0.683,0.823,0.815,0.000,0.711,0.381,0.660,0.521,0.434,0.482,0.690,0.694,0.806,0.822,0.475,0.487,0.812,0.669,0.817,0.579,0.702,0.446,0.474,0.822,0.803,0.822,0.198,0.545,0.806,0.814,0.406,0.390,0.478,0.441,0.000,0.824,0.804,0.823,0.794,0.748,0.521,0.812,0.825,0.574,0.662,0.706,0.611,0.000,0.822,0.747,0.411,0.808,0.649,0.603,0.469,0.411,0.793,0.748,0.820,0.810,0.569,0.478
7PNB_r_2_NAG;0.719,0.738,0.848,0.815,0.736,0.634,0.728,0.846,0.863,0.058,0.735,0.851,0.812,0.812,0.806,0.807,0.806,0.828,0.734,0.632,0.798,0.859,0.620,0.859,0.806,0.807,0.735,0.844,0.638,0.629,0.638,0.430,0.647,0.062,0.652,0.848,0.820,0.465,0.810,0.633,0.799,0.808,0.727,0.806,0.826,0.801,0.875,0.743,0.641,0.626,0.823,0.680,0.808,0.827,0.417,0.849,0.805,0.827,0.815,0.653,0.716,0.805,0.827,0.724,0.616,0.617,0.670,0.812,0.651,0.845,0.718,0.848,0.445,0.456,0.678,0.875,0.869,0.805,0.820,0.808,0.806,0.614,0.827,0.544,0.808,0.803,0.807,0.808,0.667,0.824,0.815,0.866,0.814,0.054,0.820,0.819,0.875,0.815,0.450,0.840,0.653,0.735,0.792,0.648,0.820,0.812,0.803,0.811,0.629,0.805,0.723,0.811,0.808,0.628,0.549,0.827,0.804,0.815,0.661,0.812,0.643,0.811,0.539,0.824,0.841,0.846,0.824,0.840,0.047,0.839,0.849,0.651,0.803,0.841,0.659,0.812,0.828,0.875,0.814,0.875,0.831,0.819,0.823,0.532,0.808,0.788,0.853,0.809,0.806,0.062,0.437,0.875,0.663,0.806,0.715,0.805,0.806,0.595,0.847,0.828,0.806,0.827,0.803,0.738,0.635,0.849,0.674,0.806,0.809,0.446,0.815,0.812,0.734,0.806,0.803,0.729,0.801,0.824,0.840,0.802,0.820,0.806,0.841,0.828,0.552,0.849,0.819,0.820,0.805,0.458,0.823,0.526,0.842,0.024,0.519,0.824,0.855,0.818,0.841,0.820,0.785,0.808,0.845,0.848,0.666,0.646,0.804,0.808,0.658,0.816,0.688,0.841,0.863,0.804,0.808,0.680,0.634,0.058,0.823,0.806,0.639,0.616,0.813,0.818,0.805,0.795,0.824,0.000,0.650,0.551,0.661,0.875,0.820,0.686,0.675,0.827,0.812,0.860,0.853,0.824,0.058,0.879,0.814,0.542,0.805,0.846,0.808,0.810,0.668,0.875,0.646,0.647,0.828,0.801
7E6X_E_2_NAG;0.706,0.702,0.850,0.804,0.707,0.622,0.705,0.832,0.850,0.657,0.703,0.860,0.797,0.809,0.781,0.813,0.781,0.837,0.699,0.628,0.808,0.854,0.660,0.847,0.803,0.813,0.703,0.834,0.634,0.651,0.660,0.673,0.636,0.650,0.659,0.854,0.805,0.665,0.799,0.641,0.792,0.810,0.697,0.803,0.807,0.811,0.855,0.714,0.633,0.647,0.812,0.700,0.796,0.837,0.667,0.836,0.802,0.808,0.809,0.668,0.710,0.781,0.812,0.698,0.667,0.668,0.691,0.801,0.606,0.846,0.699,0.850,0.661,0.671,0.702,0.855,0.856,0.781,0.805,0.809,0.803,0.650,0.808,0.638,0.809,0.809,0.804,0.813,0.697,0.804,0.804,0.853,0.804,0.659,0.809,0.804,0.855,0.809,0.665,0.831,0.670,0.699,0.810,0.666,0.805,0.809,0.809,0.813,0.632,0.806,0.701,0.799,0.810,0.678,0.645,0.812,0.806,0.809,0.624,0.805,0.664,0.799,0.647,0.833,0.831,0.836,0.804,0.834,0.656,0.833,0.840,0.610,0.796,0.831,0.626,0.797,0.837,0.855,0.803,0.855,0.812,0.808,0.812,0.649,0.801,0.806,0.844,0.802,0.781,0.661,0.670,0.855,0.634,0.803,0.709,0.794,0.803,0.657,0.837,0.837,0.803,0.812,0.801,0.702,0.612,0.840,0.701,0.803,0.806,0.674,0.804,0.801,0.701,0.781,0.792,0.706,0.777,0.833,0.834,0.808,0.809,0.781,0.839,0.837,0.633,0.840,0.808,0.805,0.794,0.664,0.807,0.640,0.847,0.656,0.638,0.804,0.846,0.803,0.846,0.805,0.799,0.813,0.851,0.850,0.618,0.671,0.801,0.806,0.654,0.805,0.701,0.831,0.850,0.806,0.810,0.707,0.634,0.659,0.807,0.781,0.668,0.645,0.806,0.806,0.806,0.809,0.804,0.650,0.000,0.641,0.632,0.855,0.805,0.693,0.709,0.840,0.801,0.847,0.843,0.804,0.662,0.855,0.803,0.646,0.798,0.832,0.809,0.807,0.617,0.855,0.668,0.609,0.837,0.802
7PNB_a_2_NAG;0.679,0.682,0.847,0.798,0.687,0.563,0.682,0.817,0.854,0.550,0.683,0.849,0.835,0.777,0.784,0.777,0.788,0.846,0.679,0.599,0.784,0.854,0.614,0.851,0.775,0.785,0.683,0.847,0.591,0.585,0.590,0.458,0.611,0.551,0.646,0.851,0.790,0.482,0.785,0.593,0.778,0.778,0.681,0.775,0.829,0.788,0.874,0.687,0.590,0.605,0.826,0.674,0.782,0.845,0.464,0.833,0.783,0.822,0.794,0.591,0.676,0.783,0.826,0.681,0.603,0.611,0.688,0.838,0.634,0.843,0.675,0.847,0.467,0.473,0.672,0.874,0.853,0.783,0.790,0.782,0.775,0.612,0.822,0.057,0.777,0.781,0.781,0.782,0.674,0.819,0.801,0.850,0.789,0.549,0.819,0.790,0.874,0.802,0.476,0.843,0.602,0.680,0.770,0.593,0.790,0.777,0.781,0.785,0.589,0.775,0.677,0.797,0.778,0.611,0.079,0.826,0.782,0.798,0.644,0.794,0.588,0.797,0.100,0.842,0.843,0.818,0.823,0.847,0.553,0.846,0.833,0.616,0.778,0.843,0.653,0.823,0.846,0.874,0.801,0.874,0.830,0.790,0.822,0.107,0.839,0.766,0.848,0.828,0.784,0.547,0.473,0.874,0.654,0.775,0.675,0.832,0.775,0.592,0.830,0.846,0.775,0.826,0.778,0.686,0.580,0.833,0.681,0.775,0.800,0.478,0.801,0.834,0.678,0.784,0.778,0.690,0.780,0.842,0.847,0.789,0.819,0.788,0.843,0.846,0.067,0.833,0.790,0.790,0.832,0.470,0.826,0.100,0.841,0.549,0.100,0.823,0.843,0.813,0.843,0.790,0.763,0.773,0.848,0.847,0.649,0.595,0.774,0.774,0.585,0.799,0.662,0.843,0.850,0.782,0.770,0.688,0.591,0.556,0.826,0.788,0.622,0.606,0.804,0.808,0.775,0.777,0.823,0.551,0.641,0.000,0.655,0.874,0.790,0.684,0.683,0.845,0.795,0.851,0.836,0.823,0.552,0.877,0.801,0.075,0.836,0.817,0.777,0.796,0.648,0.874,0.588,0.623,0.846,0.770
7PNB_s_1_NAG;0.679,0.747,0.845,0.840,0.743,0.626,0.688,0.818,0.863,0.660,0.738,0.858,0.820,0.791,0.776,0.794,0.780,0.843,0.741,0.621,0.798,0.859,0.526,0.859,0.771,0.794,0.738,0.837,0.631,0.640,0.652,0.652,0.640,0.665,0.536,0.845,0.795,0.640,0.794,0.611,0.787,0.792,0.669,0.771,0.788,0.797,0.868,0.743,0.626,0.524,0.788,0.630,0.791,0.843,0.653,0.814,0.792,0.798,0.840,0.646,0.689,0.775,0.784,0.677,0.537,0.522,0.649,0.820,0.206,0.848,0.675,0.848,0.636,0.639,0.632,0.868,0.869,0.775,0.795,0.795,0.771,0.514,0.798,0.649,0.791,0.794,0.799,0.782,0.631,0.799,0.839,0.866,0.794,0.667,0.790,0.794,0.868,0.844,0.640,0.833,0.645,0.741,0.800,0.644,0.795,0.791,0.794,0.790,0.610,0.775,0.676,0.785,0.792,0.538,0.642,0.784,0.796,0.844,0.101,0.836,0.643,0.785,0.647,0.839,0.837,0.818,0.794,0.833,0.663,0.836,0.814,0.277,0.791,0.837,0.050,0.812,0.843,0.868,0.789,0.868,0.788,0.799,0.785,0.638,0.816,0.796,0.857,0.809,0.776,0.658,0.638,0.868,0.068,0.771,0.681,0.810,0.771,0.513,0.811,0.843,0.771,0.784,0.787,0.741,0.627,0.810,0.635,0.771,0.792,0.631,0.839,0.816,0.734,0.776,0.791,0.686,0.771,0.839,0.833,0.794,0.790,0.780,0.837,0.843,0.648,0.814,0.799,0.795,0.810,0.635,0.784,0.636,0.842,0.663,0.642,0.794,0.859,0.793,0.845,0.795,0.789,0.795,0.849,0.848,0.129,0.650,0.796,0.787,0.644,0.840,0.618,0.837,0.863,0.796,0.796,0.653,0.642,0.669,0.788,0.780,0.538,0.521,0.788,0.792,0.775,0.795,0.794,0.661,0.632,0.655,0.000,0.868,0.795,0.662,0.651,0.846,0.837,0.860,0.813,0.794,0.669,0.868,0.789,0.635,0.809,0.818,0.791,0.793,0.083,0.868,0.643,0.218,0.843,0.788
7PNB_e_3_YZT;0.871,0.869,0.738,0.750,0.872,0.875,0.873,0.824,0.749,0.875,0.866,0.741,0.762,0.752,0.732,0.733,0.732,0.717,0.866,0.878,0.732,0.756,0.867,0.743,0.748,0.733,0.866,0.671,0.881,0.871,0.876,0.870,0.877,0.872,0.868,0.738,0.753,0.875,0.758,0.895,0.753,0.728,0.869,0.748,0.793,0.747,0.039,0.872,0.874,0.868,0.787,0.893,0.753,0.715,0.874,0.824,0.730,0.747,0.750,0.877,0.875,0.730,0.795,0.869,0.872,0.869,0.891,0.769,0.870,0.738,0.869,0.736,0.871,0.877,0.887,0.020,0.753,0.730,0.753,0.735,0.748,0.871,0.747,0.878,0.743,0.742,0.759,0.743,0.891,0.748,0.748,0.754,0.758,0.875,0.757,0.752,0.020,0.750,0.871,0.688,0.878,0.866,0.737,0.874,0.753,0.752,0.742,0.733,0.889,0.747,0.869,0.732,0.728,0.855,0.874,0.795,0.737,0.750,0.871,0.752,0.878,0.732,0.875,0.709,0.690,0.818,0.748,0.688,0.875,0.684,0.824,0.865,0.753,0.682,0.870,0.762,0.717,0.020,0.738,0.039,0.803,0.759,0.788,0.871,0.762,0.739,0.746,0.764,0.732,0.875,0.874,0.020,0.871,0.748,0.873,0.758,0.748,0.862,0.819,0.725,0.748,0.795,0.761,0.869,0.876,0.831,0.893,0.748,0.736,0.871,0.748,0.769,0.865,0.732,0.753,0.873,0.732,0.709,0.688,0.732,0.757,0.732,0.690,0.717,0.872,0.824,0.759,0.753,0.758,0.868,0.795,0.871,0.733,0.875,0.871,0.748,0.756,0.747,0.722,0.753,0.734,0.752,0.739,0.736,0.870,0.877,0.755,0.745,0.875,0.752,0.891,0.673,0.756,0.737,0.745,0.893,0.878,0.874,0.787,0.732,0.866,0.868,0.736,0.736,0.747,0.743,0.748,0.875,0.855,0.874,0.868,0.000,0.753,0.887,0.889,0.722,0.745,0.744,0.830,0.748,0.874,0.029,0.738,0.864,0.764,0.824,0.743,0.738,0.870,0.020,0.875,0.866,0.717,0.739
7PNB_X_4_BGC;0.825,0.789,0.635,0.640,0.796,0.793,0.826,0.620,0.652,0.815,0.790,0.673,0.581,0.535,0.512,0.543,0.523,0.664,0.789,0.800,0.574,0.660,0.785,0.654,0.546,0.566,0.790,0.660,0.807,0.780,0.788,0.786,0.798,0.816,0.801,0.653,0.000,0.787,0.550,0.811,0.523,0.550,0.824,0.546,0.581,0.581,0.753,0.792,0.803,0.786,0.573,0.817,0.534,0.662,0.791,0.640,0.543,0.529,0.630,0.785,0.832,0.508,0.573,0.825,0.782,0.791,0.812,0.578,0.802,0.653,0.822,0.642,0.776,0.785,0.811,0.753,0.665,0.508,0.000,0.558,0.546,0.785,0.529,0.795,0.535,0.566,0.553,0.535,0.812,0.533,0.637,0.658,0.550,0.818,0.508,0.010,0.753,0.650,0.784,0.651,0.783,0.785,0.550,0.778,0.000,0.535,0.577,0.566,0.801,0.543,0.824,0.585,0.550,0.770,0.795,0.573,0.550,0.640,0.792,0.642,0.779,0.585,0.784,0.664,0.653,0.613,0.521,0.660,0.818,0.655,0.640,0.796,0.534,0.653,0.795,0.570,0.664,0.753,0.581,0.753,0.584,0.010,0.565,0.787,0.581,0.554,0.650,0.563,0.512,0.816,0.795,0.753,0.791,0.546,0.829,0.566,0.546,0.774,0.636,0.655,0.546,0.573,0.523,0.793,0.794,0.640,0.806,0.546,0.578,0.774,0.637,0.567,0.792,0.512,0.534,0.822,0.500,0.664,0.660,0.574,0.508,0.523,0.662,0.655,0.793,0.640,0.010,0.000,0.566,0.779,0.573,0.793,0.631,0.818,0.783,0.521,0.660,0.581,0.653,0.000,0.550,0.535,0.638,0.642,0.799,0.785,0.538,0.539,0.776,0.642,0.813,0.653,0.652,0.550,0.528,0.814,0.807,0.818,0.573,0.523,0.778,0.791,0.578,0.578,0.543,0.569,0.521,0.820,0.805,0.790,0.795,0.753,0.000,0.804,0.813,0.669,0.645,0.656,0.647,0.521,0.818,0.759,0.581,0.784,0.563,0.620,0.535,0.581,0.785,0.753,0.784,0.802,0.655,0.543
7PNB_v_1_NAG;0.709,0.692,0.869,0.843,0.687,0.693,0.730,0.786,0.851,0.685,0.683,0.867,0.789,0.804,0.806,0.811,0.802,0.857,0.685,0.698,0.819,0.851,0.640,0.851,0.798,0.811,0.683,0.861,0.684,0.616,0.629,0.660,0.686,0.690,0.703,0.862,0.804,0.655,0.807,0.687,0.800,0.809,0.726,0.798,0.818,0.826,0.887,0.687,0.697,0.642,0.818,0.193,0.804,0.856,0.650,0.782,0.805,0.815,0.835,0.630,0.725,0.805,0.823,0.730,0.650,0.641,0.188,0.788,0.655,0.858,0.721,0.868,0.649,0.661,0.167,0.887,0.857,0.805,0.804,0.808,0.798,0.634,0.815,0.684,0.800,0.827,0.811,0.804,0.219,0.812,0.846,0.857,0.811,0.691,0.812,0.807,0.887,0.843,0.669,0.861,0.629,0.686,0.809,0.632,0.804,0.804,0.823,0.815,0.689,0.797,0.729,0.823,0.809,0.641,0.678,0.823,0.805,0.839,0.662,0.839,0.634,0.823,0.686,0.853,0.858,0.782,0.812,0.865,0.688,0.867,0.782,0.674,0.800,0.858,0.663,0.789,0.857,0.887,0.826,0.887,0.818,0.807,0.819,0.681,0.785,0.809,0.848,0.785,0.806,0.683,0.654,0.887,0.661,0.798,0.721,0.786,0.798,0.634,0.775,0.853,0.798,0.823,0.804,0.685,0.691,0.786,0.238,0.798,0.829,0.650,0.846,0.792,0.678,0.806,0.800,0.725,0.802,0.853,0.865,0.819,0.812,0.802,0.858,0.853,0.677,0.782,0.807,0.804,0.786,0.658,0.814,0.676,0.862,0.688,0.684,0.812,0.851,0.830,0.862,0.804,0.807,0.804,0.865,0.868,0.660,0.630,0.805,0.801,0.631,0.843,0.257,0.858,0.854,0.805,0.805,0.138,0.688,0.691,0.814,0.802,0.648,0.636,0.829,0.833,0.797,0.816,0.812,0.686,0.693,0.684,0.662,0.887,0.804,0.000,0.152,0.859,0.840,0.852,0.785,0.812,0.694,0.890,0.826,0.682,0.785,0.786,0.800,0.826,0.659,0.887,0.630,0.662,0.853,0.793
7PNB_R_1_NAG;0.718,0.724,0.880,0.844,0.719,0.699,0.740,0.807,0.855,0.681,0.715,0.886,0.813,0.809,0.807,0.816,0.807,0.865,0.717,0.701,0.820,0.855,0.649,0.856,0.799,0.812,0.715,0.870,0.694,0.615,0.627,0.652,0.695,0.686,0.706,0.877,0.813,0.647,0.811,0.693,0.805,0.814,0.732,0.799,0.827,0.827,0.889,0.716,0.699,0.651,0.828,0.092,0.809,0.865,0.639,0.795,0.814,0.828,0.840,0.625,0.731,0.806,0.828,0.736,0.656,0.650,0.129,0.813,0.647,0.877,0.730,0.880,0.640,0.650,0.070,0.889,0.862,0.806,0.813,0.813,0.799,0.640,0.828,0.684,0.805,0.828,0.816,0.801,0.148,0.829,0.847,0.862,0.815,0.684,0.825,0.816,0.889,0.848,0.661,0.863,0.624,0.718,0.818,0.630,0.813,0.809,0.824,0.816,0.692,0.798,0.738,0.824,0.814,0.647,0.674,0.828,0.810,0.844,0.654,0.844,0.629,0.824,0.685,0.862,0.866,0.803,0.825,0.866,0.681,0.872,0.795,0.676,0.805,0.866,0.659,0.809,0.865,0.889,0.827,0.889,0.828,0.816,0.824,0.680,0.809,0.810,0.853,0.806,0.807,0.675,0.639,0.889,0.649,0.799,0.730,0.807,0.799,0.643,0.792,0.862,0.799,0.828,0.809,0.717,0.697,0.799,0.175,0.799,0.831,0.642,0.847,0.813,0.710,0.807,0.805,0.734,0.807,0.862,0.866,0.820,0.825,0.807,0.863,0.862,0.673,0.795,0.816,0.813,0.807,0.647,0.824,0.672,0.874,0.677,0.680,0.825,0.859,0.831,0.873,0.813,0.807,0.809,0.877,0.880,0.659,0.625,0.809,0.805,0.630,0.844,0.208,0.866,0.859,0.810,0.810,0.060,0.690,0.687,0.824,0.807,0.654,0.645,0.831,0.834,0.798,0.821,0.825,0.675,0.709,0.683,0.651,0.889,0.813,0.152,0.000,0.868,0.845,0.856,0.798,0.825,0.687,0.892,0.827,0.671,0.806,0.807,0.805,0.827,0.647,0.889,0.629,0.658,0.862,0.802
7PNB_X_3_YZT;0.854,0.862,0.455,0.725,0.869,0.835,0.851,0.748,0.544,0.822,0.863,0.431,0.706,0.655,0.680,0.671,0.680,0.019,0.859,0.823,0.660,0.554,0.842,0.547,0.643,0.662,0.863,0.339,0.838,0.846,0.858,0.830,0.840,0.823,0.843,0.432,0.669,0.838,0.682,0.845,0.678,0.667,0.850,0.643,0.586,0.667,0.738,0.872,0.833,0.843,0.578,0.865,0.678,0.010,0.826,0.748,0.660,0.581,0.725,0.851,0.853,0.678,0.578,0.851,0.840,0.844,0.856,0.704,0.844,0.432,0.851,0.451,0.831,0.840,0.862,0.730,0.548,0.678,0.669,0.664,0.643,0.839,0.581,0.849,0.645,0.671,0.685,0.655,0.860,0.585,0.723,0.551,0.682,0.826,0.562,0.667,0.730,0.742,0.835,0.352,0.853,0.859,0.657,0.848,0.669,0.655,0.671,0.671,0.835,0.641,0.850,0.660,0.667,0.833,0.845,0.578,0.657,0.733,0.842,0.727,0.849,0.660,0.846,0.019,0.303,0.742,0.574,0.325,0.826,0.328,0.748,0.839,0.678,0.317,0.841,0.697,0.019,0.730,0.657,0.738,0.589,0.667,0.570,0.838,0.706,0.660,0.544,0.708,0.680,0.823,0.834,0.730,0.845,0.643,0.851,0.710,0.643,0.833,0.744,0.038,0.643,0.578,0.669,0.866,0.840,0.756,0.854,0.643,0.655,0.834,0.723,0.704,0.862,0.680,0.678,0.852,0.671,0.019,0.365,0.660,0.562,0.680,0.344,0.057,0.847,0.748,0.667,0.669,0.710,0.838,0.578,0.842,0.440,0.826,0.841,0.574,0.534,0.657,0.420,0.669,0.655,0.655,0.459,0.463,0.845,0.855,0.680,0.657,0.854,0.727,0.860,0.331,0.544,0.657,0.648,0.865,0.838,0.825,0.578,0.680,0.844,0.847,0.655,0.655,0.641,0.664,0.574,0.827,0.840,0.845,0.846,0.722,0.669,0.859,0.868,0.000,0.728,0.550,0.755,0.574,0.825,0.736,0.657,0.834,0.708,0.748,0.645,0.657,0.844,0.730,0.853,0.848,0.019,0.650
7PNB_y_4_MAN;0.793,0.785,0.721,0.105,0.792,0.798,0.798,0.704,0.725,0.804,0.786,0.724,0.647,0.649,0.617,0.615,0.627,0.724,0.781,0.829,0.612,0.725,0.785,0.719,0.606,0.647,0.786,0.719,0.820,0.814,0.814,0.812,0.815,0.804,0.814,0.721,0.645,0.825,0.640,0.839,0.635,0.632,0.788,0.606,0.674,0.620,0.745,0.796,0.816,0.791,0.667,0.838,0.635,0.722,0.816,0.722,0.624,0.659,0.065,0.818,0.800,0.614,0.687,0.789,0.786,0.791,0.848,0.655,0.835,0.712,0.785,0.719,0.814,0.823,0.839,0.745,0.722,0.614,0.645,0.639,0.606,0.798,0.659,0.800,0.649,0.626,0.642,0.649,0.840,0.662,0.096,0.723,0.640,0.807,0.662,0.652,0.745,0.022,0.814,0.702,0.824,0.782,0.600,0.816,0.645,0.649,0.615,0.647,0.829,0.603,0.788,0.644,0.632,0.779,0.800,0.687,0.632,0.085,0.833,0.011,0.821,0.644,0.801,0.715,0.712,0.697,0.662,0.702,0.807,0.715,0.722,0.829,0.635,0.712,0.836,0.628,0.724,0.745,0.652,0.745,0.687,0.652,0.679,0.800,0.657,0.603,0.722,0.640,0.617,0.804,0.820,0.745,0.836,0.606,0.798,0.643,0.606,0.787,0.717,0.715,0.606,0.687,0.635,0.785,0.815,0.731,0.834,0.606,0.649,0.808,0.096,0.645,0.784,0.617,0.635,0.790,0.606,0.715,0.702,0.612,0.662,0.627,0.695,0.715,0.798,0.722,0.652,0.645,0.643,0.813,0.677,0.797,0.708,0.811,0.796,0.662,0.717,0.652,0.712,0.645,0.598,0.649,0.723,0.719,0.839,0.823,0.638,0.642,0.810,0.115,0.830,0.712,0.725,0.632,0.642,0.842,0.820,0.806,0.667,0.627,0.787,0.787,0.649,0.649,0.603,0.618,0.662,0.812,0.801,0.795,0.837,0.745,0.645,0.840,0.845,0.728,0.000,0.720,0.729,0.662,0.806,0.752,0.652,0.801,0.650,0.704,0.649,0.652,0.835,0.745,0.813,0.827,0.715,0.644
7PNB_a_3_YZT;0.853,0.840,0.527,0.725,0.846,0.839,0.858,0.724,0.017,0.859,0.840,0.556,0.683,0.711,0.716,0.717,0.716,0.547,0.840,0.845,0.747,0.051,0.841,0.009,0.716,0.725,0.840,0.581,0.852,0.860,0.871,0.841,0.836,0.856,0.853,0.527,0.656,0.849,0.710,0.858,0.706,0.720,0.853,0.716,0.734,0.738,0.751,0.846,0.841,0.842,0.727,0.857,0.713,0.544,0.841,0.716,0.714,0.712,0.717,0.865,0.863,0.714,0.735,0.854,0.836,0.840,0.859,0.689,0.858,0.546,0.850,0.533,0.839,0.847,0.854,0.751,0.068,0.714,0.656,0.727,0.716,0.842,0.712,0.852,0.711,0.717,0.720,0.703,0.852,0.714,0.731,0.060,0.710,0.859,0.714,0.662,0.751,0.733,0.853,0.581,0.862,0.836,0.720,0.862,0.656,0.711,0.725,0.725,0.846,0.714,0.853,0.731,0.720,0.833,0.848,0.735,0.720,0.725,0.856,0.719,0.863,0.731,0.849,0.547,0.574,0.710,0.706,0.590,0.859,0.611,0.708,0.853,0.706,0.574,0.858,0.675,0.547,0.744,0.730,0.751,0.735,0.662,0.729,0.845,0.691,0.706,0.026,0.677,0.716,0.860,0.845,0.744,0.855,0.716,0.861,0.679,0.716,0.833,0.712,0.547,0.716,0.735,0.721,0.843,0.832,0.708,0.854,0.716,0.736,0.841,0.731,0.689,0.843,0.716,0.713,0.858,0.708,0.547,0.599,0.747,0.714,0.716,0.583,0.537,0.850,0.708,0.662,0.656,0.679,0.845,0.727,0.846,0.533,0.859,0.845,0.706,0.100,0.738,0.546,0.656,0.702,0.711,0.530,0.543,0.858,0.865,0.707,0.712,0.856,0.727,0.859,0.574,0.051,0.720,0.704,0.857,0.834,0.858,0.727,0.716,0.833,0.843,0.736,0.736,0.714,0.727,0.706,0.860,0.847,0.851,0.860,0.744,0.656,0.852,0.856,0.550,0.720,0.000,0.706,0.706,0.858,0.750,0.730,0.845,0.685,0.724,0.711,0.730,0.854,0.744,0.863,0.854,0.537,0.714
7PNB_a_5_MAN;0.853,0.815,0.747,0.734,0.814,0.819,0.854,0.131,0.703,0.848,0.808,0.750,0.705,0.621,0.640,0.649,0.630,0.750,0.815,0.822,0.657,0.711,0.806,0.704,0.640,0.649,0.808,0.745,0.837,0.814,0.827,0.824,0.832,0.849,0.819,0.739,0.647,0.821,0.622,0.844,0.618,0.644,0.857,0.640,0.613,0.654,0.830,0.814,0.820,0.807,0.605,0.795,0.628,0.748,0.821,0.032,0.637,0.619,0.725,0.819,0.860,0.637,0.593,0.858,0.807,0.816,0.810,0.703,0.816,0.755,0.858,0.753,0.814,0.819,0.792,0.830,0.707,0.637,0.647,0.642,0.640,0.807,0.619,0.833,0.621,0.629,0.625,0.611,0.794,0.622,0.741,0.709,0.632,0.856,0.611,0.655,0.830,0.743,0.826,0.737,0.813,0.812,0.624,0.816,0.647,0.621,0.639,0.639,0.834,0.637,0.857,0.626,0.634,0.812,0.825,0.593,0.644,0.734,0.818,0.727,0.814,0.626,0.826,0.742,0.739,0.102,0.611,0.745,0.852,0.758,0.011,0.810,0.618,0.739,0.820,0.714,0.750,0.830,0.634,0.830,0.605,0.645,0.585,0.825,0.697,0.617,0.708,0.707,0.640,0.853,0.821,0.830,0.813,0.640,0.858,0.709,0.640,0.804,0.032,0.742,0.640,0.593,0.628,0.811,0.823,0.011,0.795,0.640,0.641,0.821,0.741,0.712,0.810,0.640,0.618,0.859,0.630,0.742,0.745,0.657,0.611,0.630,0.739,0.742,0.827,0.011,0.645,0.647,0.709,0.826,0.605,0.822,0.742,0.852,0.825,0.611,0.711,0.634,0.755,0.647,0.612,0.621,0.741,0.753,0.812,0.815,0.630,0.614,0.810,0.736,0.791,0.739,0.703,0.644,0.614,0.791,0.817,0.851,0.605,0.630,0.804,0.812,0.641,0.641,0.637,0.632,0.611,0.853,0.843,0.836,0.813,0.830,0.647,0.785,0.798,0.755,0.729,0.706,0.000,0.611,0.855,0.829,0.634,0.826,0.707,0.131,0.621,0.634,0.812,0.830,0.814,0.812,0.742,0.617
7PNB_R_4_BGC;0.841,0.838,0.688,0.667,0.841,0.813,0.842,0.603,0.702,0.819,0.834,0.671,0.667,0.482,0.533,0.478,0.545,0.569,0.834,0.795,0.431,0.711,0.804,0.704,0.483,0.464,0.834,0.586,0.811,0.808,0.817,0.798,0.806,0.820,0.821,0.669,0.521,0.794,0.474,0.827,0.483,0.474,0.841,0.483,0.209,0.440,0.748,0.845,0.806,0.810,0.217,0.829,0.470,0.566,0.799,0.603,0.438,0.012,0.656,0.818,0.844,0.529,0.217,0.841,0.810,0.810,0.816,0.664,0.806,0.688,0.842,0.694,0.796,0.801,0.823,0.748,0.715,0.529,0.521,0.455,0.483,0.805,0.012,0.828,0.469,0.450,0.466,0.455,0.820,0.024,0.664,0.709,0.474,0.823,0.024,0.517,0.748,0.677,0.796,0.576,0.815,0.834,0.432,0.811,0.521,0.482,0.450,0.464,0.812,0.478,0.841,0.417,0.460,0.794,0.824,0.217,0.446,0.667,0.799,0.659,0.816,0.417,0.821,0.569,0.579,0.595,0.000,0.576,0.823,0.591,0.603,0.799,0.483,0.579,0.798,0.647,0.569,0.748,0.411,0.748,0.237,0.517,0.207,0.815,0.657,0.438,0.699,0.649,0.533,0.820,0.803,0.748,0.794,0.483,0.842,0.652,0.483,0.794,0.598,0.569,0.483,0.217,0.483,0.838,0.806,0.614,0.818,0.483,0.406,0.794,0.664,0.654,0.833,0.533,0.470,0.842,0.521,0.569,0.576,0.431,0.024,0.545,0.579,0.569,0.821,0.603,0.517,0.521,0.652,0.799,0.217,0.821,0.683,0.823,0.815,0.000,0.711,0.381,0.660,0.521,0.434,0.482,0.690,0.694,0.806,0.822,0.475,0.487,0.812,0.669,0.817,0.579,0.702,0.446,0.474,0.822,0.803,0.822,0.198,0.545,0.806,0.814,0.406,0.390,0.478,0.441,0.000,0.824,0.804,0.823,0.794,0.748,0.521,0.812,0.825,0.574,0.662,0.706,0.611,0.000,0.822,0.747,0.411,0.808,0.649,0.603,0.469,0.411,0.793,0.748,0.820,0.810,0.569,0.478
7PNB_N_2_NAG;0.716,0.742,0.843,0.809,0.741,0.638,0.726,0.848,0.861,0.039,0.739,0.845,0.810,0.810,0.808,0.805,0.808,0.826,0.739,0.643,0.800,0.858,0.632,0.858,0.804,0.805,0.739,0.843,0.639,0.633,0.642,0.420,0.651,0.028,0.663,0.843,0.818,0.460,0.808,0.645,0.801,0.806,0.724,0.804,0.824,0.804,0.874,0.747,0.645,0.630,0.821,0.691,0.806,0.826,0.422,0.852,0.803,0.826,0.809,0.654,0.714,0.807,0.825,0.722,0.628,0.622,0.678,0.810,0.651,0.839,0.716,0.843,0.440,0.451,0.689,0.874,0.868,0.807,0.818,0.806,0.804,0.622,0.826,0.549,0.806,0.805,0.805,0.806,0.681,0.822,0.809,0.864,0.812,0.020,0.818,0.821,0.874,0.809,0.450,0.839,0.657,0.739,0.794,0.652,0.818,0.810,0.805,0.809,0.641,0.803,0.721,0.809,0.806,0.633,0.557,0.825,0.802,0.809,0.665,0.806,0.647,0.809,0.543,0.822,0.839,0.848,0.822,0.839,0.028,0.838,0.852,0.663,0.801,0.839,0.667,0.810,0.826,0.874,0.812,0.874,0.829,0.817,0.821,0.536,0.806,0.790,0.852,0.807,0.808,0.028,0.451,0.874,0.668,0.804,0.713,0.803,0.804,0.599,0.849,0.822,0.804,0.825,0.801,0.742,0.639,0.852,0.681,0.804,0.807,0.441,0.809,0.810,0.738,0.808,0.801,0.727,0.804,0.822,0.839,0.804,0.818,0.808,0.839,0.822,0.557,0.852,0.817,0.818,0.803,0.467,0.821,0.535,0.837,0.059,0.532,0.822,0.854,0.816,0.836,0.818,0.787,0.806,0.840,0.843,0.670,0.651,0.802,0.806,0.662,0.810,0.685,0.839,0.861,0.802,0.806,0.692,0.646,0.016,0.821,0.808,0.651,0.624,0.811,0.816,0.803,0.797,0.822,0.058,0.662,0.552,0.669,0.874,0.818,0.694,0.687,0.825,0.806,0.858,0.855,0.822,0.000,0.877,0.812,0.542,0.803,0.848,0.806,0.808,0.673,0.874,0.651,0.655,0.822,0.799
7PNB_y_3_YZT;0.875,0.873,0.744,0.757,0.875,0.879,0.876,0.823,0.754,0.878,0.869,0.747,0.769,0.750,0.730,0.740,0.730,0.731,0.869,0.881,0.730,0.762,0.870,0.749,0.747,0.740,0.869,0.677,0.884,0.875,0.879,0.873,0.880,0.875,0.871,0.744,0.759,0.875,0.756,0.898,0.759,0.735,0.872,0.747,0.792,0.745,0.029,0.875,0.877,0.871,0.785,0.896,0.752,0.730,0.877,0.823,0.728,0.745,0.757,0.880,0.879,0.728,0.793,0.872,0.875,0.872,0.894,0.775,0.869,0.744,0.873,0.742,0.875,0.876,0.890,0.049,0.759,0.728,0.759,0.733,0.747,0.874,0.745,0.881,0.742,0.740,0.758,0.742,0.894,0.747,0.755,0.760,0.756,0.878,0.755,0.758,0.049,0.757,0.871,0.694,0.881,0.869,0.735,0.877,0.759,0.750,0.740,0.732,0.892,0.745,0.872,0.730,0.727,0.858,0.877,0.793,0.735,0.757,0.871,0.758,0.881,0.730,0.878,0.723,0.696,0.817,0.747,0.694,0.878,0.690,0.823,0.865,0.759,0.688,0.870,0.769,0.731,0.010,0.736,0.029,0.801,0.766,0.787,0.874,0.769,0.737,0.751,0.770,0.730,0.879,0.877,0.010,0.870,0.747,0.876,0.764,0.747,0.865,0.818,0.739,0.747,0.793,0.759,0.873,0.879,0.830,0.896,0.747,0.735,0.874,0.755,0.775,0.869,0.730,0.752,0.877,0.730,0.723,0.694,0.730,0.755,0.730,0.696,0.731,0.875,0.823,0.766,0.759,0.764,0.871,0.793,0.875,0.739,0.878,0.874,0.747,0.762,0.745,0.728,0.759,0.732,0.750,0.745,0.742,0.870,0.880,0.761,0.743,0.878,0.758,0.894,0.679,0.762,0.735,0.743,0.896,0.881,0.877,0.785,0.730,0.869,0.871,0.735,0.735,0.745,0.742,0.747,0.879,0.855,0.877,0.868,0.029,0.759,0.890,0.892,0.736,0.752,0.750,0.829,0.747,0.877,0.000,0.736,0.867,0.770,0.823,0.742,0.736,0.869,0.010,0.878,0.866,0.731,0.737
7PNB_M_6_MAN;0.831,0.824,0.696,0.625,0.831,0.795,0.832,0.636,0.726,0.809,0.821,0.707,0.686,0.265,0.349,0.275,0.364,0.652,0.824,0.789,0.284,0.726,0.811,0.728,0.333,0.257,0.821,0.667,0.801,0.803,0.815,0.801,0.800,0.810,0.803,0.705,0.581,0.784,0.384,0.817,0.395,0.272,0.831,0.333,0.410,0.260,0.738,0.827,0.801,0.808,0.400,0.824,0.381,0.650,0.801,0.636,0.228,0.406,0.636,0.812,0.834,0.343,0.385,0.832,0.816,0.817,0.827,0.683,0.796,0.705,0.832,0.703,0.799,0.791,0.821,0.738,0.731,0.343,0.581,0.248,0.333,0.807,0.406,0.806,0.265,0.222,0.360,0.248,0.827,0.411,0.633,0.724,0.384,0.813,0.396,0.578,0.738,0.656,0.794,0.657,0.814,0.821,0.288,0.801,0.581,0.265,0.240,0.257,0.807,0.343,0.831,0.011,0.255,0.797,0.801,0.385,0.238,0.636,0.794,0.649,0.810,0.011,0.799,0.652,0.660,0.618,0.411,0.657,0.813,0.662,0.636,0.789,0.381,0.660,0.792,0.667,0.652,0.738,0.000,0.738,0.385,0.578,0.375,0.793,0.676,0.295,0.723,0.669,0.349,0.810,0.793,0.738,0.789,0.333,0.832,0.671,0.333,0.805,0.632,0.652,0.333,0.385,0.366,0.820,0.808,0.636,0.820,0.333,0.034,0.801,0.633,0.674,0.824,0.349,0.381,0.833,0.349,0.652,0.657,0.284,0.396,0.364,0.660,0.652,0.799,0.636,0.578,0.581,0.671,0.789,0.415,0.799,0.691,0.813,0.793,0.411,0.726,0.088,0.678,0.581,0.292,0.282,0.698,0.703,0.796,0.812,0.372,0.272,0.815,0.628,0.823,0.660,0.726,0.238,0.272,0.824,0.806,0.812,0.400,0.364,0.813,0.813,0.034,0.056,0.343,0.282,0.411,0.814,0.803,0.801,0.789,0.738,0.581,0.826,0.827,0.657,0.652,0.730,0.634,0.411,0.812,0.736,0.000,0.785,0.669,0.636,0.265,0.023,0.787,0.738,0.810,0.792,0.652,0.279
7PNB_z_2_NAG;0.684,0.697,0.844,0.803,0.702,0.577,0.694,0.810,0.848,0.540,0.698,0.850,0.836,0.775,0.773,0.761,0.777,0.835,0.694,0.602,0.769,0.844,0.613,0.845,0.755,0.770,0.698,0.833,0.593,0.576,0.581,0.452,0.606,0.542,0.651,0.848,0.784,0.471,0.774,0.592,0.767,0.767,0.692,0.755,0.810,0.772,0.864,0.702,0.592,0.607,0.806,0.668,0.771,0.835,0.453,0.822,0.772,0.807,0.799,0.578,0.685,0.772,0.806,0.693,0.601,0.610,0.683,0.836,0.625,0.844,0.687,0.848,0.457,0.467,0.663,0.864,0.850,0.772,0.784,0.770,0.755,0.614,0.807,0.093,0.770,0.765,0.774,0.762,0.669,0.804,0.807,0.847,0.778,0.539,0.804,0.783,0.864,0.808,0.466,0.825,0.593,0.695,0.758,0.584,0.784,0.775,0.765,0.770,0.591,0.754,0.689,0.782,0.767,0.610,0.100,0.806,0.771,0.803,0.628,0.800,0.579,0.782,0.120,0.832,0.830,0.811,0.808,0.829,0.543,0.832,0.822,0.610,0.767,0.830,0.637,0.825,0.835,0.864,0.785,0.864,0.811,0.783,0.803,0.107,0.836,0.750,0.842,0.829,0.773,0.542,0.467,0.864,0.634,0.755,0.680,0.833,0.755,0.595,0.819,0.835,0.755,0.806,0.767,0.701,0.590,0.822,0.676,0.755,0.784,0.472,0.807,0.832,0.693,0.773,0.767,0.698,0.768,0.832,0.829,0.773,0.804,0.777,0.826,0.835,0.081,0.822,0.783,0.784,0.833,0.464,0.806,0.120,0.842,0.535,0.093,0.808,0.841,0.798,0.841,0.784,0.747,0.770,0.845,0.848,0.633,0.586,0.767,0.771,0.580,0.804,0.663,0.830,0.848,0.771,0.767,0.676,0.601,0.546,0.806,0.777,0.621,0.616,0.789,0.793,0.754,0.762,0.808,0.542,0.646,0.075,0.635,0.864,0.784,0.682,0.671,0.834,0.801,0.845,0.826,0.808,0.542,0.867,0.785,0.000,0.833,0.810,0.770,0.781,0.628,0.864,0.579,0.610,0.835,0.763
7PNB_L_4_BGC;0.782,0.803,0.692,0.664,0.801,0.799,0.782,0.701,0.689,0.800,0.799,0.712,0.050,0.657,0.636,0.655,0.645,0.703,0.799,0.801,0.652,0.681,0.802,0.683,0.664,0.645,0.799,0.707,0.797,0.794,0.802,0.796,0.787,0.805,0.807,0.684,0.563,0.817,0.667,0.804,0.653,0.640,0.776,0.664,0.672,0.659,0.764,0.801,0.800,0.807,0.664,0.803,0.662,0.701,0.793,0.701,0.633,0.657,0.655,0.799,0.788,0.633,0.684,0.777,0.799,0.800,0.802,0.040,0.815,0.692,0.778,0.699,0.802,0.823,0.800,0.764,0.702,0.633,0.563,0.638,0.664,0.810,0.657,0.836,0.657,0.674,0.678,0.667,0.806,0.659,0.662,0.704,0.667,0.803,0.649,0.570,0.764,0.655,0.822,0.707,0.793,0.799,0.650,0.788,0.563,0.657,0.664,0.655,0.802,0.662,0.776,0.662,0.640,0.796,0.828,0.684,0.630,0.664,0.805,0.657,0.797,0.662,0.830,0.695,0.701,0.694,0.649,0.715,0.803,0.720,0.701,0.818,0.662,0.701,0.812,0.069,0.703,0.764,0.669,0.764,0.684,0.570,0.676,0.828,0.030,0.652,0.679,0.040,0.636,0.797,0.809,0.764,0.809,0.664,0.786,0.010,0.664,0.800,0.696,0.695,0.664,0.684,0.662,0.803,0.787,0.709,0.795,0.664,0.667,0.813,0.662,0.020,0.798,0.636,0.662,0.783,0.626,0.695,0.715,0.652,0.649,0.645,0.717,0.695,0.826,0.701,0.570,0.563,0.010,0.817,0.664,0.830,0.696,0.803,0.832,0.649,0.689,0.669,0.709,0.563,0.648,0.657,0.686,0.699,0.812,0.799,0.664,0.650,0.794,0.667,0.803,0.701,0.698,0.630,0.660,0.803,0.801,0.803,0.664,0.645,0.800,0.808,0.667,0.667,0.662,0.667,0.649,0.805,0.798,0.836,0.809,0.764,0.563,0.785,0.806,0.708,0.650,0.685,0.707,0.649,0.803,0.770,0.669,0.833,0.000,0.701,0.657,0.669,0.807,0.764,0.789,0.819,0.695,0.652
7PNB_z_5_MAN;0.846,0.808,0.732,0.709,0.802,0.811,0.847,0.000,0.720,0.837,0.800,0.735,0.699,0.603,0.612,0.642,0.602,0.744,0.803,0.818,0.639,0.720,0.803,0.722,0.632,0.642,0.800,0.739,0.829,0.819,0.823,0.817,0.824,0.842,0.823,0.732,0.620,0.822,0.594,0.837,0.590,0.627,0.850,0.632,0.616,0.647,0.824,0.806,0.817,0.800,0.608,0.803,0.590,0.742,0.818,0.121,0.619,0.600,0.700,0.820,0.853,0.609,0.597,0.850,0.804,0.813,0.815,0.697,0.820,0.732,0.851,0.739,0.811,0.820,0.801,0.824,0.717,0.609,0.620,0.624,0.632,0.799,0.600,0.822,0.603,0.632,0.597,0.603,0.803,0.592,0.716,0.719,0.604,0.848,0.603,0.628,0.824,0.718,0.823,0.731,0.818,0.804,0.606,0.817,0.620,0.603,0.632,0.632,0.831,0.630,0.850,0.629,0.617,0.809,0.814,0.597,0.627,0.709,0.822,0.702,0.814,0.629,0.815,0.735,0.732,0.032,0.603,0.739,0.845,0.744,0.121,0.814,0.590,0.732,0.825,0.707,0.744,0.824,0.636,0.824,0.608,0.618,0.589,0.814,0.690,0.609,0.726,0.701,0.612,0.842,0.822,0.824,0.818,0.632,0.851,0.703,0.632,0.801,0.139,0.735,0.632,0.597,0.590,0.803,0.820,0.121,0.804,0.632,0.644,0.818,0.716,0.705,0.799,0.612,0.579,0.851,0.602,0.735,0.739,0.639,0.603,0.602,0.732,0.735,0.811,0.121,0.618,0.620,0.703,0.826,0.608,0.811,0.728,0.845,0.810,0.603,0.712,0.636,0.741,0.620,0.604,0.603,0.726,0.739,0.817,0.816,0.603,0.595,0.811,0.711,0.799,0.732,0.720,0.627,0.595,0.800,0.814,0.844,0.608,0.602,0.801,0.805,0.644,0.644,0.630,0.624,0.603,0.846,0.832,0.817,0.818,0.824,0.620,0.786,0.807,0.748,0.704,0.724,0.131,0.603,0.848,0.823,0.636,0.810,0.701,0.000,0.603,0.636,0.816,0.824,0.814,0.816,0.735,0.588
7PNB_R_5_MAN;0.825,0.814,0.676,0.644,0.817,0.793,0.826,0.603,0.707,0.803,0.810,0.678,0.674,0.022,0.306,0.262,0.321,0.641,0.810,0.792,0.305,0.707,0.809,0.709,0.274,0.228,0.810,0.636,0.808,0.813,0.825,0.794,0.806,0.808,0.797,0.685,0.535,0.782,0.327,0.823,0.309,0.208,0.825,0.274,0.468,0.298,0.743,0.817,0.807,0.802,0.459,0.801,0.324,0.638,0.795,0.624,0.198,0.464,0.644,0.830,0.828,0.299,0.473,0.825,0.810,0.815,0.813,0.671,0.794,0.676,0.826,0.673,0.788,0.784,0.799,0.743,0.712,0.299,0.535,0.200,0.274,0.793,0.464,0.782,0.000,0.311,0.318,0.043,0.809,0.469,0.641,0.705,0.327,0.806,0.455,0.543,0.743,0.654,0.792,0.636,0.828,0.810,0.324,0.815,0.535,0.022,0.295,0.210,0.813,0.267,0.825,0.272,0.190,0.799,0.778,0.473,0.190,0.654,0.787,0.647,0.824,0.272,0.775,0.641,0.629,0.595,0.469,0.646,0.806,0.641,0.624,0.787,0.324,0.629,0.790,0.645,0.641,0.743,0.265,0.743,0.473,0.532,0.464,0.770,0.664,0.330,0.704,0.647,0.306,0.804,0.791,0.743,0.787,0.274,0.826,0.660,0.274,0.799,0.619,0.631,0.274,0.473,0.309,0.810,0.810,0.624,0.798,0.274,0.257,0.791,0.641,0.662,0.809,0.306,0.324,0.827,0.306,0.641,0.646,0.305,0.455,0.321,0.658,0.631,0.776,0.624,0.532,0.535,0.660,0.783,0.459,0.775,0.662,0.806,0.770,0.469,0.707,0.282,0.658,0.535,0.342,0.022,0.669,0.673,0.790,0.826,0.330,0.033,0.829,0.647,0.805,0.629,0.707,0.190,0.033,0.806,0.803,0.806,0.459,0.321,0.807,0.807,0.257,0.275,0.267,0.349,0.469,0.808,0.809,0.777,0.791,0.743,0.535,0.800,0.805,0.645,0.649,0.711,0.621,0.469,0.806,0.742,0.265,0.770,0.657,0.603,0.000,0.265,0.789,0.743,0.824,0.798,0.631,0.022
7PNB_q_6_MAN;0.827,0.828,0.696,0.625,0.835,0.799,0.828,0.636,0.726,0.805,0.825,0.707,0.686,0.282,0.364,0.275,0.378,0.652,0.828,0.794,0.267,0.726,0.815,0.728,0.349,0.257,0.825,0.667,0.806,0.799,0.811,0.796,0.804,0.806,0.799,0.705,0.581,0.780,0.384,0.821,0.395,0.272,0.827,0.349,0.410,0.260,0.738,0.831,0.805,0.812,0.400,0.824,0.381,0.650,0.797,0.636,0.228,0.406,0.636,0.808,0.830,0.358,0.400,0.828,0.820,0.821,0.827,0.683,0.800,0.705,0.828,0.703,0.794,0.786,0.821,0.738,0.731,0.358,0.581,0.248,0.349,0.811,0.406,0.801,0.265,0.240,0.345,0.248,0.827,0.411,0.633,0.724,0.384,0.809,0.396,0.578,0.738,0.656,0.790,0.657,0.810,0.825,0.288,0.796,0.581,0.282,0.257,0.257,0.811,0.343,0.827,0.034,0.255,0.801,0.797,0.400,0.238,0.636,0.798,0.649,0.806,0.034,0.794,0.652,0.660,0.618,0.411,0.657,0.809,0.662,0.636,0.794,0.381,0.660,0.796,0.667,0.652,0.738,0.023,0.738,0.400,0.578,0.390,0.789,0.676,0.295,0.723,0.669,0.364,0.806,0.789,0.738,0.793,0.349,0.828,0.671,0.349,0.809,0.632,0.652,0.349,0.400,0.366,0.824,0.812,0.636,0.820,0.349,0.011,0.797,0.633,0.674,0.828,0.364,0.381,0.829,0.364,0.652,0.657,0.284,0.396,0.378,0.660,0.652,0.795,0.636,0.578,0.581,0.671,0.785,0.415,0.794,0.691,0.809,0.789,0.411,0.726,0.088,0.678,0.581,0.308,0.265,0.698,0.703,0.801,0.808,0.357,0.288,0.811,0.628,0.823,0.660,0.726,0.238,0.255,0.824,0.810,0.808,0.400,0.378,0.817,0.817,0.034,0.056,0.343,0.298,0.411,0.810,0.807,0.796,0.793,0.738,0.581,0.826,0.827,0.657,0.652,0.730,0.634,0.411,0.808,0.736,0.023,0.781,0.669,0.636,0.265,0.000,0.792,0.738,0.806,0.796,0.652,0.279
7PNB_i_1_NAG;0.675,0.737,0.839,0.838,0.739,0.608,0.688,0.816,0.857,0.664,0.734,0.853,0.815,0.789,0.775,0.793,0.779,0.841,0.731,0.617,0.801,0.854,0.519,0.854,0.770,0.797,0.734,0.835,0.612,0.626,0.642,0.652,0.622,0.668,0.524,0.839,0.785,0.640,0.797,0.596,0.790,0.794,0.669,0.770,0.786,0.800,0.870,0.739,0.615,0.517,0.787,0.627,0.794,0.841,0.649,0.812,0.791,0.796,0.838,0.632,0.686,0.774,0.783,0.677,0.526,0.514,0.642,0.814,0.152,0.843,0.674,0.842,0.633,0.639,0.629,0.870,0.863,0.774,0.785,0.798,0.770,0.511,0.796,0.638,0.789,0.797,0.801,0.781,0.628,0.797,0.837,0.860,0.797,0.670,0.789,0.789,0.870,0.842,0.640,0.831,0.631,0.731,0.803,0.634,0.785,0.789,0.797,0.793,0.592,0.774,0.676,0.784,0.794,0.523,0.635,0.783,0.799,0.842,0.042,0.834,0.636,0.784,0.637,0.838,0.835,0.817,0.793,0.831,0.667,0.834,0.812,0.270,0.794,0.835,0.079,0.807,0.841,0.870,0.787,0.870,0.787,0.789,0.783,0.631,0.815,0.799,0.851,0.807,0.775,0.661,0.638,0.870,0.090,0.770,0.678,0.808,0.770,0.506,0.810,0.838,0.770,0.783,0.790,0.737,0.609,0.808,0.628,0.770,0.791,0.631,0.837,0.810,0.730,0.775,0.794,0.686,0.770,0.838,0.831,0.796,0.789,0.779,0.835,0.838,0.638,0.812,0.789,0.785,0.808,0.636,0.783,0.626,0.837,0.670,0.631,0.793,0.854,0.792,0.839,0.785,0.792,0.794,0.843,0.842,0.114,0.643,0.799,0.786,0.626,0.838,0.618,0.835,0.857,0.799,0.794,0.649,0.631,0.673,0.787,0.779,0.527,0.514,0.786,0.791,0.774,0.798,0.793,0.668,0.617,0.648,0.083,0.870,0.785,0.659,0.647,0.844,0.835,0.854,0.812,0.793,0.673,0.869,0.787,0.628,0.807,0.816,0.789,0.792,0.000,0.870,0.636,0.198,0.838,0.787
7PNB_P_3_YZT;0.871,0.869,0.745,0.750,0.872,0.875,0.873,0.824,0.749,0.875,0.866,0.748,0.762,0.752,0.732,0.733,0.732,0.725,0.866,0.878,0.732,0.756,0.867,0.743,0.748,0.733,0.866,0.679,0.881,0.871,0.876,0.870,0.877,0.872,0.868,0.745,0.753,0.875,0.758,0.895,0.753,0.728,0.869,0.748,0.793,0.747,0.020,0.872,0.874,0.868,0.787,0.893,0.753,0.723,0.874,0.824,0.730,0.747,0.750,0.877,0.875,0.730,0.795,0.869,0.872,0.869,0.891,0.769,0.870,0.745,0.869,0.744,0.871,0.877,0.887,0.039,0.753,0.730,0.753,0.735,0.748,0.871,0.747,0.878,0.743,0.742,0.759,0.743,0.891,0.748,0.748,0.754,0.758,0.875,0.757,0.752,0.039,0.750,0.871,0.696,0.878,0.866,0.737,0.874,0.753,0.752,0.742,0.733,0.889,0.747,0.869,0.732,0.728,0.855,0.874,0.795,0.737,0.750,0.871,0.752,0.878,0.732,0.875,0.717,0.698,0.818,0.748,0.696,0.875,0.692,0.824,0.865,0.753,0.690,0.870,0.762,0.725,0.000,0.738,0.020,0.803,0.759,0.788,0.871,0.762,0.739,0.746,0.764,0.732,0.875,0.874,0.000,0.871,0.748,0.873,0.758,0.748,0.862,0.819,0.733,0.748,0.795,0.761,0.869,0.876,0.831,0.893,0.748,0.736,0.871,0.748,0.769,0.865,0.732,0.753,0.873,0.732,0.717,0.696,0.732,0.757,0.732,0.698,0.725,0.872,0.824,0.759,0.753,0.758,0.868,0.795,0.871,0.741,0.875,0.871,0.748,0.756,0.747,0.730,0.753,0.734,0.752,0.747,0.744,0.870,0.877,0.755,0.745,0.875,0.752,0.891,0.682,0.756,0.737,0.745,0.893,0.878,0.874,0.787,0.732,0.866,0.868,0.736,0.736,0.747,0.743,0.748,0.875,0.855,0.874,0.868,0.020,0.753,0.887,0.889,0.730,0.745,0.744,0.830,0.748,0.874,0.010,0.738,0.864,0.764,0.824,0.743,0.738,0.870,0.000,0.875,0.866,0.725,0.739
7PNB_b_2_NAG;0.698,0.701,0.863,0.812,0.699,0.675,0.704,0.814,0.865,0.649,0.698,0.875,0.797,0.828,0.798,0.816,0.802,0.854,0.694,0.677,0.807,0.862,0.602,0.862,0.814,0.816,0.698,0.858,0.673,0.092,0.114,0.622,0.674,0.650,0.692,0.859,0.784,0.609,0.807,0.661,0.800,0.817,0.706,0.814,0.822,0.806,0.875,0.699,0.679,0.596,0.819,0.630,0.800,0.854,0.619,0.810,0.818,0.819,0.816,0.090,0.695,0.797,0.823,0.706,0.627,0.610,0.631,0.796,0.628,0.866,0.697,0.866,0.606,0.612,0.628,0.875,0.868,0.797,0.784,0.816,0.814,0.603,0.819,0.593,0.824,0.808,0.807,0.816,0.645,0.820,0.815,0.869,0.807,0.648,0.816,0.783,0.875,0.816,0.614,0.851,0.064,0.695,0.809,0.068,0.784,0.828,0.808,0.820,0.674,0.814,0.702,0.807,0.817,0.617,0.593,0.823,0.813,0.816,0.639,0.812,0.038,0.807,0.591,0.850,0.855,0.811,0.820,0.851,0.648,0.861,0.810,0.647,0.800,0.855,0.640,0.797,0.854,0.875,0.810,0.875,0.823,0.787,0.819,0.593,0.797,0.805,0.863,0.793,0.798,0.643,0.616,0.875,0.634,0.814,0.697,0.790,0.814,0.610,0.807,0.854,0.814,0.823,0.796,0.701,0.676,0.814,0.623,0.814,0.810,0.604,0.815,0.792,0.693,0.798,0.800,0.708,0.794,0.850,0.851,0.807,0.816,0.802,0.852,0.854,0.585,0.810,0.787,0.784,0.790,0.609,0.823,0.591,0.860,0.644,0.597,0.820,0.865,0.818,0.863,0.784,0.803,0.824,0.866,0.866,0.654,0.046,0.801,0.825,0.154,0.812,0.628,0.855,0.869,0.813,0.821,0.627,0.686,0.654,0.819,0.802,0.610,0.594,0.810,0.814,0.814,0.812,0.820,0.646,0.668,0.588,0.643,0.875,0.784,0.630,0.629,0.853,0.813,0.863,0.814,0.820,0.651,0.878,0.810,0.579,0.789,0.814,0.824,0.806,0.636,0.875,0.000,0.628,0.854,0.822
7PNB_Y_1_NAG;0.682,0.740,0.835,0.830,0.742,0.561,0.688,0.816,0.857,0.646,0.738,0.845,0.819,0.798,0.783,0.793,0.779,0.845,0.734,0.579,0.796,0.857,0.457,0.854,0.787,0.797,0.738,0.835,0.570,0.611,0.642,0.641,0.587,0.640,0.524,0.835,0.802,0.617,0.801,0.552,0.794,0.794,0.673,0.787,0.808,0.796,0.866,0.742,0.573,0.460,0.804,0.641,0.798,0.845,0.642,0.812,0.791,0.813,0.830,0.621,0.693,0.782,0.800,0.681,0.469,0.457,0.663,0.818,0.097,0.835,0.678,0.835,0.622,0.624,0.639,0.866,0.863,0.782,0.802,0.798,0.787,0.468,0.813,0.612,0.798,0.793,0.805,0.798,0.646,0.814,0.829,0.860,0.801,0.652,0.806,0.801,0.866,0.834,0.622,0.835,0.627,0.734,0.799,0.634,0.802,0.798,0.793,0.793,0.552,0.791,0.676,0.788,0.794,0.461,0.609,0.800,0.799,0.834,0.174,0.827,0.625,0.788,0.611,0.841,0.835,0.817,0.810,0.835,0.649,0.834,0.812,0.156,0.798,0.835,0.181,0.819,0.845,0.866,0.792,0.866,0.804,0.805,0.801,0.609,0.819,0.795,0.851,0.819,0.783,0.643,0.624,0.866,0.210,0.787,0.685,0.820,0.787,0.452,0.810,0.845,0.787,0.800,0.794,0.740,0.559,0.808,0.646,0.787,0.795,0.624,0.829,0.822,0.733,0.783,0.798,0.689,0.779,0.841,0.835,0.792,0.806,0.779,0.839,0.845,0.612,0.812,0.805,0.802,0.820,0.614,0.804,0.603,0.829,0.649,0.609,0.810,0.857,0.796,0.835,0.802,0.792,0.802,0.840,0.835,0.226,0.635,0.803,0.794,0.622,0.831,0.629,0.835,0.857,0.799,0.799,0.660,0.597,0.648,0.809,0.779,0.466,0.457,0.791,0.795,0.791,0.794,0.810,0.647,0.609,0.623,0.218,0.866,0.802,0.662,0.658,0.848,0.827,0.854,0.812,0.810,0.655,0.866,0.792,0.610,0.819,0.816,0.798,0.796,0.198,0.866,0.628,0.000,0.845,0.795
7PNB_N_3_YZT;0.851,0.856,0.452,0.711,0.862,0.829,0.848,0.735,0.531,0.819,0.856,0.427,0.693,0.641,0.676,0.667,0.676,0.019,0.852,0.820,0.655,0.541,0.835,0.534,0.629,0.657,0.856,0.336,0.835,0.847,0.859,0.827,0.834,0.820,0.840,0.429,0.655,0.836,0.687,0.846,0.682,0.662,0.847,0.629,0.581,0.662,0.733,0.866,0.827,0.836,0.574,0.858,0.682,0.010,0.824,0.735,0.655,0.577,0.711,0.852,0.851,0.673,0.574,0.848,0.833,0.838,0.850,0.691,0.838,0.429,0.848,0.448,0.825,0.837,0.856,0.725,0.534,0.673,0.655,0.660,0.629,0.832,0.577,0.850,0.631,0.667,0.689,0.641,0.854,0.580,0.709,0.537,0.687,0.823,0.558,0.662,0.725,0.728,0.832,0.349,0.854,0.853,0.653,0.849,0.655,0.641,0.667,0.667,0.828,0.627,0.847,0.655,0.662,0.826,0.846,0.574,0.653,0.720,0.835,0.713,0.850,0.655,0.843,0.019,0.301,0.729,0.569,0.323,0.823,0.325,0.735,0.836,0.682,0.315,0.838,0.684,0.019,0.725,0.652,0.733,0.585,0.653,0.566,0.839,0.693,0.655,0.530,0.695,0.676,0.820,0.831,0.725,0.839,0.629,0.848,0.697,0.629,0.826,0.731,0.019,0.629,0.574,0.673,0.859,0.833,0.744,0.848,0.629,0.650,0.827,0.709,0.691,0.855,0.676,0.682,0.849,0.667,0.019,0.362,0.655,0.558,0.676,0.341,0.038,0.844,0.735,0.653,0.655,0.697,0.835,0.574,0.843,0.437,0.827,0.839,0.569,0.521,0.652,0.417,0.655,0.651,0.641,0.456,0.459,0.838,0.856,0.684,0.643,0.854,0.713,0.854,0.328,0.531,0.653,0.634,0.859,0.831,0.822,0.574,0.676,0.838,0.841,0.650,0.650,0.627,0.660,0.569,0.828,0.837,0.846,0.843,0.717,0.655,0.853,0.862,0.019,0.715,0.537,0.742,0.569,0.822,0.731,0.652,0.835,0.695,0.735,0.631,0.652,0.838,0.725,0.854,0.845,0.000,0.636
7PNB_W_5_MAN;0.818,0.807,0.671,0.639,0.810,0.786,0.819,0.588,0.711,0.796,0.803,0.664,0.669,0.043,0.303,0.260,0.318,0.646,0.803,0.785,0.302,0.711,0.806,0.712,0.287,0.225,0.803,0.632,0.801,0.810,0.823,0.787,0.799,0.801,0.790,0.680,0.543,0.775,0.324,0.816,0.306,0.206,0.818,0.287,0.478,0.295,0.739,0.810,0.800,0.799,0.469,0.799,0.321,0.643,0.788,0.619,0.196,0.474,0.639,0.827,0.821,0.296,0.482,0.818,0.807,0.812,0.806,0.667,0.791,0.662,0.819,0.669,0.781,0.777,0.796,0.739,0.715,0.296,0.543,0.198,0.287,0.791,0.474,0.775,0.022,0.308,0.315,0.064,0.806,0.465,0.636,0.709,0.324,0.799,0.465,0.550,0.739,0.649,0.785,0.632,0.825,0.803,0.321,0.812,0.543,0.043,0.292,0.208,0.806,0.280,0.818,0.269,0.188,0.796,0.771,0.482,0.188,0.649,0.785,0.642,0.822,0.269,0.768,0.636,0.625,0.580,0.478,0.641,0.799,0.636,0.619,0.784,0.321,0.625,0.787,0.640,0.646,0.739,0.279,0.739,0.482,0.539,0.474,0.762,0.660,0.327,0.708,0.643,0.303,0.796,0.784,0.739,0.784,0.287,0.819,0.655,0.287,0.796,0.615,0.636,0.287,0.482,0.306,0.803,0.803,0.619,0.795,0.287,0.272,0.784,0.636,0.657,0.802,0.303,0.321,0.820,0.303,0.636,0.641,0.302,0.465,0.318,0.653,0.636,0.769,0.619,0.539,0.543,0.655,0.776,0.469,0.768,0.658,0.799,0.762,0.478,0.703,0.295,0.662,0.543,0.339,0.043,0.664,0.669,0.787,0.823,0.327,0.032,0.826,0.642,0.803,0.625,0.711,0.188,0.053,0.803,0.797,0.799,0.469,0.318,0.804,0.804,0.272,0.288,0.280,0.345,0.478,0.801,0.802,0.770,0.788,0.739,0.543,0.793,0.802,0.650,0.644,0.714,0.617,0.478,0.799,0.737,0.279,0.763,0.652,0.588,0.022,0.279,0.787,0.739,0.822,0.795,0.636,0.000
