7PNB_o_1_NAG;0.000,0.431,0.677,0.563,0.432,0.484,0.043,0.639,0.675,0.497,0.433,0.679,0.571,0.612,0.599,0.614,0.599,0.652,0.426,0.493,0.594,0.669,0.492,0.673,0.616,0.618,0.433,0.662,0.487,0.471,0.479,0.473,0.491,0.490,0.473,0.669,0.612,0.479,0.599,0.481,0.601,0.611,0.023,0.616,0.633,0.597,0.673,0.431,0.504,0.470,0.622,0.492,0.595,0.652,0.474,0.637,0.605,0.626,0.567,0.470,0.025,0.597,0.631,0.030,0.493,0.488,0.479,0.577,0.471,0.669,0.026,0.675,0.482,0.474,0.476,0.673,0.673,0.601,0.612,0.607,0.618,0.486,0.626,0.460,0.609,0.592,0.592,0.611,0.484,0.622,0.569,0.671,0.599,0.497,0.624,0.611,0.671,0.573,0.468,0.662,0.474,0.428,0.590,0.471,0.612,0.612,0.588,0.618,0.484,0.614,0.034,0.601,0.603,0.490,0.457,0.631,0.609,0.569,0.462,0.567,0.473,0.601,0.470,0.650,0.660,0.639,0.628,0.660,0.497,0.665,0.641,0.468,0.595,0.660,0.460,0.578,0.652,0.673,0.603,0.673,0.631,0.614,0.620,0.470,0.578,0.590,0.665,0.573,0.603,0.492,0.462,0.671,0.468,0.616,0.007,0.565,0.616,0.478,0.637,0.656,0.616,0.631,0.592,0.433,0.489,0.647,0.495,0.618,0.605,0.478,0.569,0.578,0.428,0.599,0.595,0.033,0.595,0.650,0.660,0.597,0.624,0.599,0.660,0.656,0.456,0.641,0.614,0.612,0.565,0.466,0.635,0.459,0.673,0.500,0.468,0.628,0.662,0.611,0.677,0.612,0.588,0.607,0.679,0.677,0.482,0.474,0.586,0.611,0.485,0.565,0.481,0.660,0.673,0.609,0.603,0.497,0.495,0.496,0.622,0.599,0.492,0.475,0.612,0.611,0.614,0.605,0.628,0.492,0.486,0.451,0.477,0.671,0.612,0.501,0.508,0.654,0.569,0.671,0.647,0.628,0.493,0.675,0.605,0.457,0.571,0.639,0.609,0.601,0.467,0.671,0.471,0.473,0.656,0.605
7PNB_P_2_NAG;0.431,0.000,0.680,0.551,0.008,0.480,0.442,0.589,0.650,0.510,0.007,0.680,0.578,0.581,0.566,0.597,0.564,0.663,0.006,0.492,0.604,0.642,0.488,0.646,0.559,0.612,0.007,0.659,0.485,0.487,0.484,0.519,0.485,0.508,0.520,0.676,0.572,0.512,0.570,0.488,0.561,0.604,0.437,0.559,0.629,0.591,0.636,0.018,0.481,0.499,0.616,0.492,0.564,0.663,0.523,0.585,0.589,0.627,0.542,0.490,0.437,0.566,0.625,0.433,0.486,0.491,0.500,0.580,0.514,0.672,0.428,0.680,0.516,0.513,0.496,0.636,0.652,0.568,0.572,0.602,0.562,0.479,0.627,0.472,0.587,0.581,0.570,0.595,0.485,0.621,0.557,0.650,0.572,0.512,0.629,0.572,0.634,0.544,0.510,0.667,0.490,0.004,0.576,0.479,0.570,0.581,0.578,0.612,0.480,0.562,0.435,0.580,0.597,0.480,0.470,0.625,0.598,0.551,0.510,0.538,0.479,0.576,0.458,0.652,0.661,0.585,0.627,0.669,0.514,0.663,0.597,0.508,0.562,0.661,0.510,0.574,0.663,0.636,0.589,0.636,0.623,0.576,0.610,0.469,0.581,0.576,0.642,0.580,0.568,0.513,0.514,0.634,0.513,0.557,0.435,0.581,0.557,0.494,0.597,0.659,0.559,0.623,0.568,0.008,0.481,0.598,0.483,0.561,0.597,0.514,0.555,0.585,0.012,0.568,0.566,0.437,0.564,0.652,0.669,0.604,0.631,0.564,0.665,0.661,0.461,0.597,0.576,0.572,0.581,0.495,0.627,0.466,0.680,0.514,0.469,0.627,0.638,0.600,0.684,0.570,0.568,0.585,0.678,0.678,0.503,0.484,0.562,0.572,0.486,0.553,0.483,0.663,0.652,0.598,0.581,0.504,0.497,0.513,0.614,0.564,0.486,0.499,0.600,0.598,0.561,0.587,0.627,0.508,0.460,0.468,0.514,0.634,0.572,0.482,0.512,0.674,0.540,0.646,0.597,0.627,0.516,0.640,0.591,0.472,0.583,0.589,0.585,0.597,0.512,0.634,0.477,0.514,0.659,0.570
7PNB_v_3_YZT;0.677,0.680,0.000,0.458,0.686,0.635,0.675,0.455,0.285,0.614,0.686,0.045,0.433,0.361,0.382,0.370,0.385,0.209,0.682,0.605,0.370,0.285,0.616,0.285,0.394,0.379,0.686,0.224,0.617,0.658,0.669,0.603,0.627,0.616,0.639,0.012,0.364,0.614,0.370,0.616,0.376,0.367,0.675,0.394,0.382,0.364,0.506,0.686,0.626,0.622,0.379,0.682,0.373,0.206,0.603,0.470,0.352,0.385,0.452,0.658,0.675,0.382,0.373,0.675,0.612,0.616,0.684,0.430,0.599,0.024,0.677,0.003,0.611,0.609,0.676,0.503,0.294,0.385,0.364,0.367,0.394,0.622,0.382,0.633,0.361,0.364,0.373,0.367,0.688,0.388,0.458,0.285,0.373,0.618,0.364,0.364,0.503,0.464,0.611,0.233,0.667,0.682,0.361,0.656,0.361,0.361,0.364,0.367,0.609,0.394,0.675,0.373,0.361,0.618,0.635,0.373,0.358,0.458,0.605,0.439,0.654,0.373,0.633,0.203,0.230,0.461,0.373,0.227,0.618,0.209,0.479,0.601,0.376,0.230,0.609,0.433,0.209,0.503,0.379,0.506,0.382,0.361,0.370,0.622,0.433,0.370,0.276,0.430,0.382,0.614,0.607,0.509,0.607,0.391,0.669,0.433,0.391,0.612,0.476,0.200,0.394,0.373,0.367,0.686,0.629,0.470,0.679,0.391,0.370,0.603,0.455,0.427,0.688,0.382,0.376,0.679,0.376,0.203,0.227,0.370,0.367,0.385,0.230,0.197,0.645,0.479,0.361,0.364,0.433,0.616,0.376,0.629,0.018,0.620,0.622,0.373,0.282,0.376,0.036,0.361,0.373,0.361,0.015,0.009,0.605,0.673,0.373,0.361,0.660,0.458,0.669,0.230,0.279,0.358,0.358,0.680,0.637,0.618,0.379,0.382,0.609,0.624,0.376,0.376,0.394,0.367,0.373,0.620,0.616,0.631,0.614,0.506,0.364,0.655,0.678,0.203,0.442,0.282,0.476,0.376,0.618,0.503,0.376,0.626,0.430,0.458,0.358,0.379,0.605,0.506,0.667,0.597,0.200,0.361
7PNB_U_4_MAN;0.563,0.551,0.458,0.000,0.559,0.577,0.563,0.418,0.473,0.584,0.551,0.464,0.373,0.361,0.342,0.355,0.348,0.455,0.549,0.612,0.330,0.470,0.573,0.476,0.336,0.370,0.551,0.433,0.616,0.584,0.588,0.578,0.602,0.582,0.611,0.458,0.352,0.588,0.342,0.631,0.348,0.348,0.560,0.336,0.403,0.336,0.488,0.561,0.599,0.571,0.388,0.626,0.336,0.455,0.597,0.439,0.327,0.385,0.018,0.580,0.569,0.339,0.391,0.560,0.575,0.578,0.648,0.382,0.612,0.455,0.558,0.458,0.582,0.578,0.621,0.491,0.473,0.345,0.352,0.352,0.336,0.571,0.385,0.563,0.358,0.318,0.339,0.364,0.629,0.388,0.003,0.473,0.342,0.588,0.385,0.358,0.488,0.024,0.561,0.424,0.594,0.549,0.312,0.584,0.352,0.361,0.318,0.358,0.611,0.336,0.560,0.336,0.336,0.567,0.565,0.391,0.342,0.006,0.605,0.033,0.584,0.336,0.558,0.442,0.427,0.418,0.385,0.421,0.588,0.430,0.445,0.614,0.339,0.427,0.607,0.361,0.455,0.488,0.348,0.488,0.397,0.364,0.376,0.565,0.385,0.321,0.476,0.370,0.345,0.584,0.577,0.488,0.609,0.336,0.569,0.373,0.336,0.571,0.439,0.448,0.336,0.391,0.336,0.551,0.597,0.452,0.629,0.336,0.352,0.567,0.003,0.376,0.553,0.342,0.336,0.556,0.339,0.442,0.421,0.330,0.385,0.348,0.424,0.448,0.552,0.445,0.364,0.352,0.373,0.569,0.406,0.558,0.448,0.594,0.552,0.385,0.461,0.345,0.452,0.352,0.309,0.361,0.461,0.458,0.611,0.592,0.339,0.348,0.588,0.003,0.622,0.427,0.470,0.342,0.352,0.631,0.609,0.588,0.388,0.348,0.577,0.565,0.352,0.352,0.336,0.336,0.385,0.594,0.561,0.560,0.611,0.488,0.352,0.633,0.634,0.476,0.030,0.476,0.452,0.385,0.588,0.488,0.348,0.569,0.382,0.421,0.358,0.348,0.611,0.485,0.578,0.599,0.448,0.352
7PNB_t_2_NAG;0.432,0.008,0.686,0.559,0.000,0.490,0.443,0.585,0.659,0.510,0.004,0.686,0.580,0.583,0.574,0.604,0.572,0.674,0.006,0.502,0.608,0.652,0.491,0.655,0.561,0.614,0.004,0.669,0.493,0.487,0.483,0.521,0.493,0.508,0.525,0.680,0.581,0.514,0.572,0.494,0.562,0.606,0.439,0.561,0.634,0.595,0.638,0.018,0.491,0.502,0.621,0.486,0.566,0.674,0.525,0.585,0.591,0.633,0.547,0.488,0.439,0.574,0.631,0.435,0.488,0.494,0.499,0.581,0.519,0.676,0.429,0.686,0.519,0.516,0.489,0.638,0.661,0.576,0.581,0.604,0.564,0.484,0.633,0.477,0.589,0.591,0.572,0.597,0.479,0.627,0.564,0.659,0.574,0.512,0.634,0.581,0.636,0.549,0.513,0.676,0.488,0.007,0.585,0.477,0.580,0.583,0.581,0.614,0.487,0.564,0.436,0.589,0.598,0.486,0.476,0.631,0.600,0.559,0.513,0.544,0.477,0.585,0.464,0.663,0.670,0.585,0.633,0.678,0.514,0.672,0.597,0.508,0.564,0.670,0.513,0.580,0.674,0.638,0.598,0.638,0.629,0.585,0.616,0.475,0.578,0.585,0.652,0.576,0.576,0.513,0.517,0.636,0.510,0.559,0.436,0.578,0.559,0.498,0.597,0.670,0.561,0.629,0.570,0.006,0.490,0.598,0.476,0.562,0.606,0.517,0.562,0.587,0.007,0.576,0.568,0.439,0.572,0.663,0.678,0.608,0.636,0.572,0.674,0.672,0.466,0.597,0.585,0.581,0.578,0.498,0.633,0.472,0.686,0.514,0.475,0.633,0.648,0.610,0.693,0.580,0.578,0.587,0.684,0.682,0.506,0.483,0.564,0.574,0.484,0.561,0.476,0.672,0.661,0.600,0.583,0.497,0.505,0.513,0.619,0.572,0.488,0.502,0.610,0.608,0.562,0.597,0.633,0.508,0.466,0.473,0.512,0.636,0.581,0.477,0.506,0.686,0.545,0.655,0.597,0.633,0.516,0.642,0.600,0.477,0.580,0.585,0.587,0.606,0.514,0.636,0.476,0.519,0.670,0.572
7PNB_p_1_NAG;0.484,0.480,0.635,0.577,0.490,0.000,0.501,0.580,0.652,0.379,0.479,0.629,0.573,0.541,0.539,0.529,0.531,0.607,0.479,0.096,0.552,0.652,0.379,0.648,0.535,0.541,0.479,0.609,0.039,0.427,0.445,0.349,0.051,0.374,0.376,0.635,0.563,0.365,0.531,0.070,0.529,0.533,0.489,0.535,0.558,0.554,0.701,0.487,0.055,0.375,0.556,0.455,0.533,0.607,0.346,0.584,0.535,0.556,0.569,0.444,0.490,0.541,0.558,0.492,0.386,0.376,0.468,0.577,0.321,0.626,0.492,0.633,0.359,0.360,0.455,0.703,0.650,0.541,0.563,0.537,0.535,0.372,0.554,0.316,0.539,0.541,0.535,0.543,0.454,0.554,0.578,0.641,0.535,0.380,0.552,0.565,0.701,0.580,0.349,0.607,0.437,0.476,0.537,0.430,0.563,0.541,0.544,0.537,0.060,0.537,0.493,0.537,0.533,0.397,0.319,0.558,0.539,0.578,0.343,0.563,0.433,0.537,0.330,0.605,0.607,0.571,0.556,0.609,0.378,0.611,0.586,0.320,0.529,0.607,0.357,0.567,0.607,0.701,0.539,0.701,0.558,0.561,0.556,0.332,0.578,0.535,0.641,0.575,0.537,0.380,0.356,0.701,0.361,0.535,0.485,0.577,0.535,0.370,0.584,0.607,0.535,0.558,0.529,0.487,0.032,0.588,0.445,0.535,0.544,0.363,0.578,0.580,0.480,0.539,0.529,0.500,0.535,0.605,0.609,0.550,0.552,0.531,0.609,0.607,0.309,0.586,0.561,0.563,0.577,0.353,0.552,0.320,0.626,0.379,0.323,0.556,0.633,0.537,0.626,0.563,0.533,0.544,0.637,0.633,0.346,0.437,0.531,0.539,0.441,0.578,0.449,0.607,0.641,0.539,0.543,0.472,0.106,0.376,0.556,0.535,0.393,0.380,0.544,0.541,0.537,0.539,0.556,0.379,0.367,0.320,0.364,0.701,0.563,0.468,0.473,0.611,0.565,0.648,0.586,0.558,0.382,0.701,0.539,0.330,0.580,0.580,0.539,0.543,0.350,0.699,0.431,0.319,0.607,0.535
7PNB_U_1_NAG;0.043,0.442,0.675,0.563,0.443,0.501,0.000,0.643,0.673,0.503,0.444,0.679,0.573,0.618,0.601,0.618,0.601,0.652,0.437,0.512,0.597,0.673,0.508,0.675,0.620,0.622,0.444,0.662,0.505,0.473,0.478,0.485,0.514,0.503,0.478,0.667,0.614,0.497,0.601,0.501,0.605,0.614,0.025,0.620,0.635,0.603,0.677,0.442,0.526,0.482,0.626,0.505,0.597,0.652,0.488,0.641,0.611,0.628,0.567,0.470,0.032,0.599,0.626,0.018,0.515,0.503,0.490,0.578,0.484,0.667,0.019,0.673,0.492,0.490,0.495,0.677,0.671,0.603,0.614,0.612,0.622,0.492,0.628,0.462,0.614,0.595,0.595,0.616,0.498,0.624,0.571,0.669,0.601,0.504,0.626,0.612,0.675,0.578,0.478,0.662,0.474,0.439,0.594,0.471,0.614,0.618,0.592,0.622,0.503,0.618,0.014,0.605,0.609,0.510,0.466,0.628,0.614,0.569,0.470,0.573,0.474,0.605,0.468,0.650,0.660,0.641,0.629,0.660,0.504,0.665,0.643,0.486,0.597,0.660,0.466,0.580,0.652,0.677,0.607,0.677,0.628,0.616,0.618,0.471,0.580,0.594,0.667,0.575,0.605,0.496,0.479,0.675,0.482,0.620,0.041,0.567,0.620,0.490,0.639,0.656,0.620,0.628,0.594,0.444,0.507,0.652,0.508,0.622,0.611,0.488,0.571,0.580,0.439,0.601,0.597,0.018,0.597,0.650,0.660,0.601,0.626,0.601,0.658,0.656,0.464,0.645,0.616,0.614,0.567,0.485,0.637,0.467,0.671,0.507,0.474,0.629,0.665,0.616,0.675,0.614,0.592,0.612,0.679,0.675,0.489,0.474,0.588,0.616,0.479,0.565,0.495,0.660,0.671,0.614,0.609,0.512,0.515,0.505,0.626,0.601,0.508,0.488,0.618,0.616,0.618,0.607,0.629,0.501,0.486,0.449,0.485,0.675,0.614,0.519,0.523,0.654,0.575,0.673,0.650,0.629,0.503,0.679,0.609,0.463,0.573,0.645,0.614,0.605,0.481,0.675,0.471,0.478,0.656,0.611
7PNB_u_5_MAN;0.639,0.589,0.455,0.418,0.585,0.580,0.643,0.000,0.445,0.612,0.580,0.452,0.421,0.312,0.333,0.324,0.327,0.452,0.585,0.580,0.330,0.430,0.567,0.448,0.348,0.315,0.580,0.445,0.598,0.590,0.588,0.577,0.600,0.618,0.599,0.455,0.327,0.575,0.303,0.610,0.306,0.306,0.647,0.348,0.327,0.333,0.582,0.593,0.588,0.563,0.324,0.563,0.297,0.452,0.580,0.042,0.300,0.297,0.409,0.578,0.650,0.333,0.303,0.647,0.565,0.575,0.574,0.421,0.567,0.458,0.647,0.461,0.569,0.569,0.557,0.585,0.439,0.336,0.327,0.306,0.348,0.563,0.300,0.580,0.312,0.318,0.300,0.312,0.559,0.294,0.427,0.442,0.309,0.629,0.300,0.330,0.585,0.427,0.575,0.442,0.588,0.585,0.309,0.582,0.327,0.312,0.318,0.309,0.597,0.348,0.647,0.333,0.300,0.590,0.575,0.303,0.309,0.418,0.571,0.406,0.578,0.333,0.577,0.448,0.442,0.009,0.300,0.452,0.620,0.455,0.042,0.567,0.297,0.442,0.573,0.430,0.452,0.579,0.339,0.582,0.318,0.327,0.300,0.575,0.415,0.309,0.455,0.424,0.336,0.616,0.573,0.585,0.569,0.348,0.645,0.427,0.348,0.567,0.048,0.452,0.348,0.303,0.297,0.585,0.586,0.042,0.560,0.348,0.345,0.577,0.427,0.427,0.581,0.333,0.291,0.645,0.321,0.448,0.452,0.327,0.300,0.327,0.442,0.452,0.573,0.042,0.327,0.327,0.427,0.578,0.324,0.571,0.452,0.618,0.563,0.300,0.427,0.345,0.464,0.327,0.300,0.312,0.445,0.461,0.569,0.584,0.306,0.309,0.575,0.418,0.560,0.442,0.445,0.309,0.309,0.557,0.582,0.620,0.324,0.324,0.565,0.565,0.342,0.348,0.348,0.318,0.300,0.618,0.566,0.575,0.571,0.588,0.327,0.538,0.564,0.458,0.406,0.448,0.045,0.297,0.629,0.579,0.339,0.567,0.427,0.000,0.312,0.333,0.567,0.582,0.578,0.569,0.452,0.306
7PNB_u_3_YZT;0.675,0.650,0.285,0.473,0.659,0.652,0.673,0.445,0.000,0.675,0.650,0.303,0.415,0.430,0.430,0.458,0.427,0.294,0.650,0.658,0.473,0.027,0.650,0.003,0.442,0.458,0.650,0.327,0.661,0.671,0.684,0.635,0.644,0.673,0.679,0.282,0.385,0.635,0.430,0.669,0.430,0.458,0.677,0.442,0.452,0.452,0.512,0.659,0.652,0.652,0.436,0.669,0.433,0.291,0.637,0.455,0.433,0.409,0.461,0.669,0.692,0.427,0.439,0.677,0.645,0.648,0.665,0.418,0.664,0.297,0.675,0.288,0.631,0.635,0.663,0.515,0.018,0.430,0.385,0.448,0.439,0.643,0.412,0.656,0.430,0.433,0.439,0.424,0.657,0.412,0.479,0.015,0.430,0.675,0.412,0.391,0.518,0.488,0.643,0.327,0.673,0.646,0.439,0.675,0.385,0.430,0.439,0.461,0.652,0.442,0.677,0.445,0.445,0.641,0.654,0.439,0.436,0.473,0.664,0.470,0.675,0.445,0.652,0.294,0.327,0.439,0.406,0.330,0.675,0.348,0.442,0.671,0.427,0.327,0.669,0.409,0.294,0.506,0.445,0.512,0.442,0.394,0.424,0.652,0.421,0.430,0.009,0.412,0.427,0.675,0.628,0.512,0.664,0.442,0.686,0.415,0.442,0.641,0.448,0.291,0.442,0.439,0.439,0.655,0.637,0.439,0.664,0.439,0.452,0.633,0.482,0.415,0.655,0.427,0.433,0.679,0.427,0.294,0.342,0.473,0.412,0.427,0.333,0.285,0.652,0.442,0.394,0.385,0.415,0.637,0.448,0.652,0.288,0.677,0.647,0.406,0.039,0.448,0.300,0.385,0.421,0.430,0.288,0.294,0.667,0.673,0.427,0.433,0.660,0.473,0.667,0.324,0.012,0.436,0.427,0.667,0.650,0.675,0.436,0.427,0.641,0.650,0.448,0.448,0.442,0.455,0.406,0.677,0.646,0.658,0.675,0.512,0.385,0.646,0.663,0.300,0.473,0.006,0.439,0.403,0.675,0.512,0.442,0.654,0.418,0.448,0.430,0.439,0.665,0.509,0.673,0.669,0.285,0.436
7PNB_X_2_NAG;0.497,0.510,0.614,0.584,0.510,0.379,0.503,0.612,0.675,0.000,0.509,0.612,0.575,0.556,0.552,0.543,0.552,0.584,0.509,0.379,0.546,0.662,0.400,0.669,0.565,0.543,0.509,0.609,0.378,0.383,0.390,0.210,0.391,0.018,0.429,0.616,0.571,0.250,0.552,0.385,0.546,0.544,0.501,0.565,0.580,0.554,0.688,0.517,0.382,0.401,0.578,0.455,0.544,0.584,0.205,0.616,0.544,0.580,0.586,0.400,0.489,0.552,0.580,0.499,0.394,0.394,0.447,0.573,0.391,0.612,0.493,0.612,0.231,0.239,0.450,0.690,0.684,0.552,0.571,0.544,0.565,0.391,0.580,0.299,0.554,0.558,0.546,0.552,0.446,0.578,0.582,0.681,0.556,0.007,0.573,0.573,0.690,0.586,0.231,0.607,0.404,0.509,0.541,0.398,0.571,0.556,0.558,0.548,0.375,0.563,0.497,0.556,0.546,0.412,0.301,0.582,0.543,0.586,0.405,0.577,0.391,0.554,0.294,0.578,0.605,0.612,0.577,0.605,0.004,0.603,0.620,0.397,0.544,0.605,0.404,0.575,0.584,0.688,0.561,0.688,0.586,0.569,0.580,0.280,0.571,0.539,0.665,0.573,0.550,0.007,0.236,0.690,0.412,0.565,0.490,0.571,0.565,0.370,0.612,0.582,0.565,0.582,0.541,0.512,0.382,0.628,0.438,0.565,0.554,0.227,0.582,0.571,0.510,0.552,0.541,0.504,0.548,0.578,0.605,0.550,0.573,0.552,0.609,0.582,0.306,0.622,0.569,0.571,0.571,0.250,0.573,0.280,0.607,0.015,0.277,0.577,0.665,0.561,0.612,0.571,0.537,0.552,0.612,0.614,0.409,0.398,0.544,0.550,0.413,0.586,0.452,0.605,0.679,0.543,0.554,0.451,0.380,0.014,0.578,0.552,0.412,0.396,0.558,0.561,0.563,0.543,0.577,0.021,0.404,0.299,0.407,0.690,0.571,0.458,0.450,0.582,0.578,0.669,0.629,0.577,0.014,0.692,0.561,0.287,0.569,0.614,0.554,0.556,0.411,0.688,0.396,0.401,0.582,0.544
7PNB_U_2_NAG;0.433,0.007,0.686,0.551,0.004,0.479,0.444,0.580,0.650,0.509,0.000,0.686,0.576,0.576,0.564,0.597,0.562,0.663,0.004,0.494,0.600,0.642,0.490,0.646,0.555,0.606,0.000,0.659,0.485,0.486,0.481,0.510,0.483,0.506,0.519,0.680,0.568,0.502,0.564,0.489,0.555,0.598,0.440,0.555,0.623,0.587,0.633,0.019,0.481,0.501,0.610,0.483,0.559,0.663,0.514,0.578,0.583,0.619,0.542,0.487,0.440,0.564,0.619,0.436,0.487,0.492,0.494,0.578,0.514,0.676,0.431,0.686,0.506,0.503,0.486,0.633,0.652,0.566,0.568,0.597,0.557,0.483,0.619,0.466,0.581,0.578,0.564,0.589,0.475,0.614,0.557,0.650,0.566,0.510,0.621,0.570,0.631,0.544,0.502,0.667,0.487,0.003,0.572,0.476,0.566,0.576,0.574,0.606,0.480,0.559,0.437,0.576,0.591,0.481,0.465,0.619,0.593,0.551,0.509,0.538,0.476,0.574,0.453,0.652,0.661,0.576,0.619,0.669,0.513,0.663,0.585,0.502,0.557,0.661,0.508,0.572,0.663,0.633,0.587,0.633,0.617,0.572,0.604,0.464,0.574,0.572,0.642,0.572,0.566,0.512,0.505,0.631,0.505,0.553,0.437,0.574,0.553,0.495,0.585,0.661,0.555,0.617,0.562,0.004,0.480,0.587,0.473,0.557,0.595,0.506,0.555,0.583,0.006,0.566,0.561,0.440,0.562,0.652,0.669,0.600,0.623,0.562,0.665,0.661,0.455,0.585,0.572,0.568,0.574,0.486,0.621,0.461,0.682,0.513,0.464,0.619,0.638,0.598,0.686,0.566,0.564,0.580,0.684,0.682,0.501,0.481,0.557,0.566,0.483,0.553,0.473,0.663,0.652,0.593,0.576,0.494,0.495,0.512,0.608,0.562,0.487,0.501,0.598,0.597,0.557,0.583,0.619,0.506,0.460,0.462,0.506,0.631,0.568,0.474,0.503,0.674,0.540,0.646,0.585,0.619,0.514,0.636,0.589,0.468,0.576,0.580,0.580,0.595,0.510,0.631,0.475,0.513,0.661,0.564
7PNB_0_3_YZT;0.679,0.680,0.045,0.464,0.686,0.629,0.679,0.452,0.303,0.612,0.686,0.000,0.439,0.358,0.409,0.376,0.412,0.188,0.682,0.601,0.364,0.294,0.611,0.303,0.394,0.385,0.686,0.197,0.617,0.669,0.675,0.607,0.627,0.614,0.629,0.033,0.388,0.622,0.382,0.619,0.391,0.373,0.677,0.394,0.373,0.370,0.515,0.686,0.626,0.614,0.370,0.688,0.385,0.191,0.607,0.467,0.358,0.373,0.452,0.671,0.677,0.409,0.364,0.677,0.607,0.611,0.674,0.436,0.603,0.039,0.679,0.042,0.618,0.616,0.684,0.512,0.309,0.412,0.388,0.373,0.394,0.614,0.370,0.631,0.358,0.370,0.379,0.373,0.695,0.370,0.464,0.300,0.385,0.616,0.352,0.388,0.512,0.470,0.618,0.212,0.679,0.682,0.355,0.664,0.385,0.358,0.370,0.373,0.605,0.394,0.677,0.379,0.367,0.612,0.633,0.364,0.364,0.464,0.609,0.439,0.665,0.379,0.631,0.188,0.203,0.452,0.361,0.206,0.616,0.194,0.476,0.605,0.388,0.203,0.612,0.439,0.188,0.512,0.385,0.515,0.373,0.385,0.361,0.620,0.439,0.364,0.294,0.436,0.409,0.612,0.611,0.518,0.616,0.391,0.671,0.445,0.391,0.607,0.473,0.185,0.394,0.364,0.379,0.686,0.624,0.473,0.681,0.391,0.376,0.611,0.461,0.433,0.688,0.409,0.388,0.681,0.403,0.188,0.206,0.364,0.355,0.412,0.209,0.182,0.643,0.476,0.385,0.388,0.445,0.624,0.367,0.628,0.039,0.618,0.620,0.361,0.285,0.382,0.070,0.385,0.367,0.358,0.048,0.036,0.609,0.682,0.385,0.358,0.671,0.464,0.675,0.203,0.297,0.364,0.355,0.684,0.628,0.616,0.370,0.409,0.603,0.616,0.382,0.382,0.394,0.361,0.361,0.618,0.623,0.629,0.624,0.515,0.388,0.655,0.686,0.188,0.442,0.300,0.473,0.364,0.616,0.512,0.382,0.629,0.442,0.452,0.355,0.385,0.614,0.515,0.675,0.601,0.185,0.352
7PNB_z_4_BGC;0.571,0.578,0.433,0.373,0.580,0.573,0.573,0.421,0.415,0.575,0.576,0.439,0.000,0.370,0.345,0.367,0.342,0.427,0.570,0.578,0.376,0.403,0.573,0.406,0.403,0.361,0.576,0.424,0.578,0.571,0.582,0.558,0.570,0.582,0.597,0.433,0.306,0.588,0.373,0.585,0.358,0.358,0.569,0.403,0.418,0.373,0.497,0.581,0.584,0.578,0.406,0.590,0.364,0.427,0.558,0.430,0.342,0.388,0.370,0.584,0.582,0.345,0.424,0.569,0.569,0.569,0.589,0.003,0.597,0.433,0.573,0.436,0.567,0.594,0.589,0.500,0.421,0.348,0.306,0.345,0.400,0.577,0.391,0.603,0.373,0.385,0.379,0.385,0.589,0.391,0.373,0.424,0.373,0.580,0.388,0.312,0.503,0.367,0.594,0.427,0.575,0.572,0.367,0.567,0.306,0.370,0.379,0.370,0.580,0.403,0.571,0.379,0.348,0.573,0.594,0.424,0.339,0.373,0.594,0.373,0.580,0.379,0.601,0.415,0.418,0.412,0.388,0.436,0.580,0.439,0.424,0.611,0.370,0.418,0.599,0.018,0.427,0.497,0.394,0.497,0.424,0.315,0.412,0.603,0.006,0.367,0.403,0.015,0.345,0.571,0.575,0.503,0.607,0.403,0.580,0.012,0.403,0.575,0.418,0.421,0.403,0.424,0.364,0.583,0.563,0.433,0.580,0.400,0.391,0.584,0.370,0.009,0.576,0.345,0.364,0.575,0.339,0.415,0.436,0.376,0.388,0.342,0.439,0.421,0.590,0.424,0.315,0.306,0.012,0.590,0.412,0.599,0.430,0.578,0.603,0.388,0.406,0.388,0.452,0.306,0.355,0.370,0.427,0.439,0.594,0.578,0.370,0.358,0.577,0.373,0.592,0.418,0.418,0.339,0.373,0.593,0.575,0.580,0.406,0.339,0.569,0.577,0.388,0.388,0.403,0.385,0.388,0.578,0.551,0.603,0.607,0.503,0.306,0.561,0.591,0.436,0.370,0.406,0.433,0.385,0.580,0.503,0.391,0.607,0.015,0.424,0.373,0.391,0.601,0.500,0.567,0.603,0.421,0.361
7PNB_M_5_MAN;0.612,0.581,0.361,0.361,0.583,0.541,0.618,0.312,0.430,0.556,0.576,0.358,0.370,0.000,0.118,0.115,0.121,0.339,0.576,0.537,0.124,0.421,0.573,0.433,0.106,0.103,0.576,0.333,0.547,0.571,0.578,0.546,0.549,0.563,0.560,0.367,0.248,0.526,0.121,0.561,0.115,0.097,0.616,0.106,0.230,0.115,0.503,0.583,0.548,0.558,0.218,0.558,0.118,0.339,0.544,0.336,0.079,0.203,0.358,0.584,0.609,0.112,0.218,0.616,0.575,0.578,0.572,0.367,0.537,0.361,0.618,0.358,0.533,0.526,0.547,0.506,0.439,0.115,0.248,0.085,0.106,0.548,0.203,0.527,0.006,0.115,0.112,0.021,0.562,0.206,0.361,0.430,0.121,0.561,0.197,0.252,0.503,0.367,0.537,0.336,0.590,0.578,0.118,0.571,0.248,0.000,0.109,0.097,0.554,0.112,0.616,0.094,0.082,0.561,0.526,0.218,0.076,0.367,0.527,0.355,0.582,0.094,0.522,0.342,0.327,0.309,0.203,0.339,0.561,0.333,0.330,0.533,0.118,0.327,0.531,0.352,0.339,0.500,0.091,0.503,0.224,0.245,0.206,0.516,0.364,0.124,0.424,0.355,0.118,0.556,0.537,0.503,0.527,0.106,0.609,0.364,0.106,0.556,0.330,0.333,0.106,0.218,0.112,0.578,0.550,0.330,0.556,0.106,0.094,0.537,0.358,0.361,0.576,0.115,0.118,0.620,0.118,0.342,0.339,0.127,0.197,0.121,0.348,0.333,0.522,0.330,0.245,0.248,0.364,0.526,0.221,0.520,0.345,0.560,0.518,0.203,0.427,0.106,0.345,0.248,0.121,0.006,0.358,0.358,0.531,0.588,0.118,0.003,0.584,0.361,0.558,0.327,0.430,0.076,0.009,0.561,0.554,0.561,0.218,0.121,0.569,0.560,0.094,0.103,0.112,0.130,0.203,0.560,0.557,0.526,0.537,0.506,0.248,0.553,0.561,0.342,0.358,0.433,0.327,0.203,0.561,0.497,0.091,0.526,0.361,0.315,0.006,0.097,0.533,0.500,0.584,0.543,0.333,0.012
7PNB_c_6_MAN;0.599,0.566,0.382,0.342,0.574,0.539,0.601,0.333,0.430,0.552,0.564,0.409,0.345,0.118,0.000,0.164,0.006,0.370,0.559,0.546,0.176,0.421,0.552,0.430,0.152,0.173,0.564,0.364,0.547,0.543,0.560,0.526,0.536,0.556,0.561,0.388,0.218,0.501,0.133,0.561,0.127,0.164,0.601,0.152,0.255,0.179,0.467,0.574,0.544,0.539,0.248,0.558,0.127,0.370,0.531,0.355,0.152,0.245,0.339,0.550,0.594,0.003,0.242,0.601,0.548,0.556,0.559,0.342,0.529,0.391,0.603,0.388,0.512,0.501,0.544,0.470,0.439,0.003,0.218,0.158,0.148,0.526,0.245,0.527,0.124,0.179,0.139,0.127,0.555,0.248,0.342,0.433,0.133,0.558,0.252,0.218,0.467,0.348,0.509,0.352,0.560,0.561,0.182,0.546,0.218,0.118,0.173,0.167,0.558,0.158,0.601,0.130,0.155,0.544,0.524,0.242,0.148,0.348,0.522,0.339,0.546,0.133,0.520,0.361,0.352,0.324,0.245,0.355,0.558,0.367,0.348,0.522,0.133,0.352,0.518,0.327,0.370,0.464,0.142,0.467,0.248,0.215,0.236,0.514,0.345,0.188,0.424,0.336,0.000,0.552,0.518,0.467,0.516,0.152,0.594,0.336,0.152,0.539,0.345,0.373,0.152,0.242,0.133,0.568,0.543,0.355,0.558,0.152,0.145,0.514,0.339,0.336,0.564,0.000,0.127,0.603,0.006,0.361,0.355,0.179,0.252,0.006,0.364,0.370,0.520,0.348,0.215,0.218,0.336,0.501,0.252,0.518,0.370,0.552,0.514,0.245,0.433,0.155,0.379,0.218,0.182,0.124,0.391,0.388,0.522,0.558,0.133,0.109,0.544,0.342,0.558,0.352,0.433,0.148,0.121,0.553,0.552,0.558,0.248,0.006,0.550,0.541,0.145,0.152,0.158,0.188,0.245,0.552,0.517,0.524,0.522,0.470,0.218,0.547,0.557,0.376,0.342,0.427,0.352,0.245,0.558,0.461,0.142,0.512,0.333,0.336,0.124,0.148,0.518,0.464,0.546,0.527,0.373,0.118
7PNB_i_5_MAN;0.614,0.597,0.370,0.355,0.604,0.529,0.618,0.324,0.458,0.543,0.597,0.376,0.367,0.115,0.164,0.000,0.170,0.364,0.591,0.529,0.058,0.442,0.552,0.461,0.170,0.018,0.597,0.339,0.544,0.548,0.548,0.526,0.538,0.546,0.550,0.379,0.258,0.512,0.106,0.555,0.106,0.018,0.616,0.173,0.206,0.058,0.491,0.614,0.541,0.541,0.209,0.578,0.103,0.364,0.533,0.345,0.039,0.194,0.339,0.556,0.611,0.161,0.206,0.616,0.554,0.552,0.570,0.364,0.537,0.379,0.616,0.379,0.518,0.514,0.570,0.494,0.467,0.170,0.258,0.027,0.164,0.544,0.194,0.527,0.109,0.064,0.091,0.094,0.568,0.200,0.361,0.458,0.106,0.548,0.188,0.255,0.491,0.348,0.518,0.330,0.560,0.593,0.067,0.543,0.258,0.112,0.058,0.018,0.548,0.170,0.614,0.097,0.027,0.548,0.524,0.206,0.036,0.348,0.533,0.336,0.552,0.106,0.522,0.358,0.327,0.321,0.194,0.333,0.548,0.339,0.342,0.527,0.097,0.327,0.531,0.348,0.361,0.491,0.109,0.491,0.209,0.255,0.209,0.509,0.367,0.064,0.445,0.361,0.167,0.543,0.520,0.494,0.537,0.173,0.611,0.367,0.173,0.548,0.342,0.367,0.167,0.206,0.097,0.598,0.543,0.339,0.567,0.167,0.109,0.520,0.355,0.358,0.597,0.164,0.103,0.622,0.152,0.358,0.333,0.055,0.191,0.170,0.330,0.367,0.522,0.345,0.255,0.258,0.370,0.510,0.203,0.514,0.373,0.548,0.512,0.194,0.455,0.127,0.370,0.258,0.070,0.115,0.361,0.376,0.535,0.558,0.094,0.106,0.554,0.355,0.577,0.327,0.458,0.036,0.115,0.578,0.543,0.548,0.209,0.170,0.548,0.543,0.109,0.118,0.170,0.064,0.197,0.548,0.542,0.520,0.535,0.494,0.258,0.561,0.580,0.367,0.339,0.458,0.336,0.197,0.548,0.494,0.103,0.505,0.364,0.327,0.106,0.112,0.529,0.488,0.556,0.527,0.370,0.103
7PNB_N_6_MAN;0.599,0.564,0.385,0.348,0.572,0.531,0.601,0.327,0.427,0.552,0.562,0.412,0.342,0.121,0.006,0.170,0.000,0.367,0.557,0.539,0.185,0.418,0.550,0.427,0.152,0.179,0.562,0.364,0.540,0.546,0.563,0.529,0.528,0.554,0.556,0.391,0.221,0.501,0.136,0.553,0.130,0.170,0.601,0.152,0.258,0.188,0.464,0.572,0.537,0.537,0.252,0.558,0.130,0.367,0.535,0.345,0.158,0.248,0.345,0.554,0.594,0.009,0.245,0.601,0.546,0.554,0.562,0.339,0.524,0.394,0.603,0.391,0.512,0.501,0.544,0.467,0.436,0.009,0.221,0.164,0.148,0.524,0.248,0.533,0.127,0.188,0.142,0.130,0.551,0.252,0.348,0.430,0.136,0.556,0.255,0.221,0.464,0.355,0.509,0.352,0.563,0.559,0.191,0.550,0.221,0.121,0.182,0.173,0.550,0.158,0.601,0.136,0.161,0.543,0.529,0.245,0.155,0.355,0.524,0.345,0.550,0.139,0.526,0.361,0.352,0.318,0.248,0.355,0.556,0.367,0.339,0.516,0.136,0.352,0.520,0.336,0.367,0.461,0.145,0.464,0.252,0.218,0.239,0.520,0.342,0.197,0.421,0.345,0.006,0.552,0.518,0.464,0.518,0.152,0.594,0.345,0.152,0.537,0.336,0.370,0.152,0.245,0.136,0.566,0.535,0.345,0.563,0.152,0.148,0.518,0.345,0.345,0.562,0.006,0.130,0.603,0.012,0.361,0.355,0.188,0.255,0.000,0.364,0.367,0.526,0.339,0.218,0.221,0.345,0.501,0.255,0.524,0.373,0.550,0.520,0.248,0.430,0.158,0.379,0.221,0.191,0.127,0.394,0.391,0.516,0.561,0.136,0.115,0.548,0.348,0.560,0.352,0.430,0.155,0.124,0.553,0.544,0.556,0.252,0.000,0.548,0.539,0.148,0.155,0.158,0.197,0.248,0.550,0.513,0.529,0.524,0.467,0.221,0.544,0.557,0.373,0.348,0.424,0.342,0.248,0.556,0.458,0.145,0.518,0.342,0.330,0.127,0.152,0.520,0.461,0.550,0.522,0.370,0.124
7PNB_h_3_YZT;0.652,0.663,0.209,0.455,0.674,0.607,0.652,0.452,0.294,0.584,0.663,0.188,0.427,0.339,0.370,0.364,0.367,0.000,0.657,0.595,0.348,0.282,0.629,0.291,0.352,0.358,0.663,0.124,0.606,0.628,0.633,0.595,0.606,0.586,0.624,0.200,0.348,0.607,0.364,0.608,0.364,0.361,0.648,0.352,0.288,0.345,0.494,0.678,0.599,0.626,0.276,0.667,0.358,0.003,0.597,0.458,0.345,0.273,0.452,0.629,0.652,0.364,0.285,0.648,0.626,0.628,0.650,0.424,0.605,0.200,0.652,0.206,0.601,0.605,0.659,0.491,0.297,0.373,0.348,0.348,0.352,0.614,0.273,0.626,0.336,0.352,0.361,0.345,0.655,0.276,0.455,0.294,0.364,0.588,0.264,0.345,0.488,0.467,0.595,0.136,0.635,0.657,0.339,0.624,0.348,0.339,0.352,0.364,0.595,0.348,0.650,0.345,0.352,0.620,0.622,0.285,0.342,0.461,0.601,0.445,0.628,0.345,0.620,0.006,0.112,0.448,0.270,0.121,0.588,0.118,0.464,0.603,0.361,0.118,0.601,0.421,0.000,0.488,0.345,0.494,0.291,0.345,0.273,0.609,0.427,0.342,0.282,0.430,0.373,0.584,0.597,0.488,0.612,0.352,0.647,0.433,0.352,0.616,0.448,0.012,0.352,0.285,0.352,0.670,0.611,0.470,0.656,0.352,0.339,0.601,0.452,0.421,0.665,0.367,0.358,0.652,0.364,0.006,0.142,0.348,0.264,0.367,0.133,0.018,0.620,0.464,0.345,0.348,0.433,0.603,0.282,0.612,0.191,0.588,0.612,0.270,0.270,0.339,0.191,0.348,0.342,0.339,0.212,0.215,0.607,0.635,0.361,0.342,0.633,0.455,0.654,0.121,0.291,0.342,0.336,0.667,0.612,0.588,0.276,0.367,0.631,0.628,0.339,0.339,0.348,0.352,0.270,0.588,0.610,0.620,0.614,0.482,0.348,0.650,0.670,0.006,0.445,0.291,0.470,0.270,0.588,0.488,0.345,0.609,0.430,0.455,0.336,0.342,0.609,0.485,0.631,0.612,0.006,0.339
7PNB_e_2_NAG;0.426,0.006,0.682,0.549,0.006,0.479,0.437,0.585,0.650,0.509,0.004,0.682,0.570,0.576,0.559,0.591,0.557,0.657,0.000,0.494,0.598,0.642,0.487,0.646,0.555,0.606,0.004,0.655,0.485,0.481,0.477,0.512,0.483,0.506,0.517,0.678,0.568,0.503,0.562,0.489,0.553,0.598,0.433,0.555,0.623,0.585,0.633,0.023,0.481,0.498,0.610,0.487,0.557,0.657,0.516,0.587,0.583,0.619,0.538,0.483,0.433,0.559,0.619,0.429,0.484,0.490,0.494,0.572,0.510,0.674,0.424,0.682,0.508,0.505,0.490,0.633,0.652,0.561,0.568,0.597,0.557,0.480,0.619,0.465,0.581,0.581,0.562,0.589,0.479,0.614,0.555,0.650,0.564,0.510,0.621,0.570,0.631,0.540,0.503,0.663,0.483,0.001,0.576,0.472,0.566,0.576,0.572,0.606,0.480,0.559,0.431,0.580,0.591,0.479,0.464,0.619,0.593,0.549,0.506,0.534,0.472,0.578,0.451,0.646,0.657,0.585,0.619,0.665,0.513,0.659,0.595,0.502,0.555,0.657,0.505,0.566,0.657,0.633,0.591,0.633,0.617,0.572,0.604,0.462,0.574,0.576,0.642,0.572,0.561,0.512,0.506,0.631,0.508,0.553,0.431,0.574,0.553,0.491,0.595,0.655,0.555,0.617,0.561,0.008,0.480,0.597,0.477,0.557,0.598,0.508,0.553,0.578,0.007,0.561,0.559,0.433,0.557,0.646,0.665,0.598,0.623,0.557,0.661,0.655,0.454,0.595,0.572,0.568,0.574,0.487,0.621,0.459,0.678,0.513,0.462,0.619,0.638,0.602,0.682,0.566,0.568,0.580,0.680,0.680,0.498,0.477,0.555,0.566,0.479,0.551,0.477,0.659,0.652,0.593,0.576,0.499,0.495,0.512,0.608,0.557,0.484,0.498,0.602,0.600,0.557,0.587,0.619,0.506,0.457,0.461,0.509,0.631,0.568,0.477,0.507,0.669,0.536,0.646,0.595,0.619,0.514,0.636,0.593,0.466,0.576,0.585,0.580,0.598,0.508,0.631,0.470,0.509,0.655,0.564
7PNB_z_1_NAG;0.493,0.492,0.605,0.612,0.502,0.096,0.512,0.580,0.658,0.379,0.494,0.601,0.578,0.537,0.546,0.529,0.539,0.595,0.494,0.000,0.543,0.650,0.374,0.654,0.546,0.529,0.494,0.590,0.087,0.440,0.455,0.357,0.111,0.376,0.380,0.605,0.567,0.379,0.524,0.094,0.526,0.527,0.499,0.546,0.556,0.541,0.709,0.499,0.077,0.378,0.554,0.459,0.527,0.595,0.350,0.584,0.526,0.548,0.607,0.449,0.504,0.548,0.552,0.501,0.385,0.372,0.479,0.577,0.332,0.605,0.501,0.603,0.368,0.379,0.458,0.711,0.664,0.548,0.567,0.526,0.546,0.375,0.546,0.353,0.541,0.535,0.526,0.546,0.455,0.548,0.616,0.654,0.531,0.380,0.539,0.565,0.709,0.618,0.359,0.594,0.445,0.491,0.531,0.444,0.565,0.537,0.539,0.531,0.069,0.548,0.503,0.526,0.527,0.404,0.352,0.552,0.524,0.616,0.349,0.601,0.434,0.527,0.361,0.588,0.592,0.571,0.544,0.594,0.378,0.592,0.586,0.328,0.524,0.592,0.354,0.578,0.595,0.709,0.535,0.709,0.556,0.565,0.550,0.363,0.578,0.527,0.645,0.580,0.544,0.383,0.375,0.709,0.357,0.544,0.497,0.582,0.544,0.372,0.582,0.597,0.546,0.552,0.524,0.499,0.095,0.588,0.453,0.546,0.537,0.380,0.614,0.578,0.498,0.546,0.524,0.510,0.548,0.588,0.594,0.543,0.541,0.539,0.597,0.597,0.348,0.586,0.565,0.567,0.582,0.372,0.550,0.353,0.599,0.376,0.352,0.544,0.645,0.535,0.616,0.565,0.526,0.541,0.603,0.603,0.350,0.445,0.526,0.531,0.455,0.614,0.452,0.594,0.650,0.524,0.539,0.476,0.059,0.379,0.554,0.543,0.393,0.380,0.539,0.535,0.548,0.531,0.544,0.376,0.376,0.360,0.361,0.709,0.567,0.476,0.479,0.597,0.605,0.652,0.586,0.546,0.385,0.709,0.535,0.361,0.580,0.580,0.539,0.537,0.357,0.707,0.441,0.331,0.597,0.527
7PNB_O_6_MAN;0.594,0.604,0.370,0.330,0.608,0.552,0.597,0.330,0.473,0.546,0.600,0.364,0.376,0.124,0.176,0.058,0.185,0.348,0.598,0.543,0.000,0.458,0.561,0.476,0.170,0.058,0.600,0.321,0.562,0.554,0.561,0.526,0.553,0.546,0.573,0.370,0.273,0.510,0.124,0.570,0.124,0.058,0.595,0.173,0.179,0.027,0.500,0.612,0.556,0.543,0.182,0.584,0.115,0.348,0.533,0.339,0.064,0.170,0.330,0.565,0.588,0.173,0.176,0.595,0.563,0.561,0.570,0.373,0.552,0.370,0.595,0.379,0.524,0.510,0.574,0.503,0.482,0.185,0.273,0.061,0.164,0.543,0.167,0.533,0.118,0.033,0.103,0.103,0.576,0.176,0.336,0.467,0.124,0.552,0.161,0.270,0.497,0.336,0.510,0.315,0.569,0.600,0.033,0.546,0.273,0.121,0.027,0.048,0.560,0.170,0.594,0.094,0.061,0.550,0.529,0.176,0.061,0.336,0.544,0.327,0.556,0.103,0.527,0.345,0.312,0.324,0.167,0.312,0.552,0.318,0.345,0.531,0.121,0.312,0.543,0.364,0.345,0.497,0.103,0.500,0.182,0.270,0.179,0.520,0.370,0.036,0.455,0.370,0.182,0.546,0.518,0.500,0.539,0.173,0.590,0.370,0.173,0.558,0.336,0.348,0.167,0.176,0.109,0.602,0.560,0.348,0.577,0.167,0.097,0.520,0.330,0.367,0.600,0.176,0.115,0.599,0.173,0.345,0.312,0.006,0.164,0.185,0.321,0.348,0.527,0.348,0.270,0.273,0.373,0.512,0.182,0.524,0.373,0.546,0.522,0.167,0.464,0.124,0.355,0.273,0.048,0.118,0.367,0.379,0.546,0.567,0.112,0.118,0.567,0.330,0.580,0.312,0.467,0.061,0.112,0.578,0.565,0.552,0.182,0.182,0.558,0.544,0.106,0.115,0.170,0.030,0.170,0.546,0.532,0.529,0.543,0.503,0.273,0.570,0.580,0.352,0.327,0.473,0.345,0.173,0.552,0.494,0.097,0.512,0.367,0.333,0.115,0.103,0.541,0.494,0.563,0.529,0.352,0.115
7PNB_f_3_YZT;0.669,0.642,0.285,0.470,0.652,0.652,0.673,0.430,0.027,0.662,0.642,0.294,0.403,0.421,0.421,0.442,0.418,0.282,0.642,0.650,0.458,0.000,0.645,0.021,0.421,0.442,0.642,0.318,0.655,0.658,0.664,0.633,0.638,0.658,0.662,0.279,0.385,0.633,0.424,0.655,0.424,0.442,0.671,0.421,0.418,0.436,0.515,0.652,0.650,0.643,0.403,0.665,0.427,0.279,0.637,0.445,0.418,0.385,0.458,0.662,0.686,0.418,0.415,0.671,0.633,0.637,0.659,0.400,0.654,0.297,0.669,0.288,0.631,0.633,0.659,0.518,0.042,0.421,0.385,0.433,0.418,0.628,0.388,0.660,0.421,0.421,0.427,0.415,0.652,0.388,0.473,0.039,0.424,0.660,0.394,0.388,0.521,0.476,0.641,0.318,0.662,0.638,0.427,0.660,0.385,0.421,0.427,0.445,0.641,0.421,0.671,0.427,0.430,0.629,0.658,0.415,0.421,0.470,0.654,0.458,0.664,0.427,0.650,0.282,0.318,0.424,0.388,0.327,0.660,0.348,0.433,0.665,0.421,0.318,0.658,0.397,0.282,0.509,0.427,0.515,0.418,0.394,0.400,0.650,0.403,0.418,0.027,0.400,0.418,0.662,0.626,0.515,0.654,0.421,0.681,0.403,0.421,0.635,0.439,0.282,0.421,0.415,0.433,0.648,0.641,0.430,0.658,0.418,0.430,0.633,0.476,0.397,0.648,0.418,0.427,0.677,0.418,0.282,0.321,0.458,0.394,0.418,0.327,0.276,0.652,0.433,0.394,0.385,0.403,0.631,0.415,0.656,0.288,0.660,0.645,0.388,0.039,0.427,0.300,0.385,0.409,0.421,0.285,0.294,0.658,0.658,0.421,0.424,0.654,0.470,0.665,0.315,0.042,0.421,0.418,0.661,0.650,0.660,0.403,0.418,0.635,0.641,0.427,0.427,0.421,0.442,0.388,0.660,0.652,0.658,0.664,0.515,0.385,0.640,0.663,0.288,0.461,0.018,0.430,0.385,0.660,0.515,0.424,0.648,0.400,0.433,0.421,0.421,0.656,0.512,0.658,0.664,0.276,0.427
7PNB_S_1_NAG;0.492,0.488,0.616,0.573,0.491,0.379,0.508,0.567,0.650,0.400,0.490,0.611,0.573,0.573,0.552,0.552,0.550,0.629,0.487,0.374,0.561,0.645,0.000,0.645,0.573,0.569,0.490,0.620,0.371,0.379,0.393,0.394,0.389,0.401,0.337,0.611,0.548,0.396,0.560,0.389,0.556,0.561,0.503,0.573,0.573,0.561,0.673,0.487,0.376,0.076,0.567,0.415,0.554,0.629,0.397,0.567,0.552,0.563,0.560,0.372,0.503,0.552,0.567,0.508,0.041,0.023,0.425,0.571,0.251,0.612,0.497,0.614,0.385,0.393,0.406,0.673,0.656,0.554,0.548,0.561,0.573,0.113,0.561,0.376,0.577,0.560,0.563,0.582,0.407,0.563,0.571,0.652,0.560,0.401,0.558,0.552,0.673,0.558,0.385,0.620,0.386,0.487,0.546,0.385,0.548,0.573,0.560,0.565,0.370,0.577,0.505,0.571,0.558,0.091,0.371,0.567,0.563,0.567,0.279,0.544,0.370,0.571,0.367,0.624,0.618,0.569,0.558,0.618,0.398,0.620,0.569,0.258,0.556,0.618,0.280,0.577,0.629,0.673,0.577,0.673,0.575,0.554,0.561,0.364,0.573,0.546,0.635,0.573,0.554,0.397,0.389,0.673,0.305,0.573,0.500,0.577,0.573,0.037,0.565,0.628,0.573,0.567,0.554,0.490,0.382,0.571,0.401,0.573,0.577,0.382,0.571,0.573,0.487,0.552,0.554,0.515,0.544,0.624,0.618,0.556,0.558,0.550,0.614,0.628,0.376,0.569,0.554,0.548,0.577,0.378,0.571,0.365,0.611,0.405,0.367,0.558,0.648,0.578,0.626,0.548,0.546,0.577,0.614,0.614,0.271,0.387,0.560,0.567,0.382,0.575,0.389,0.618,0.650,0.563,0.575,0.413,0.374,0.404,0.567,0.548,0.037,0.069,0.577,0.578,0.577,0.552,0.558,0.398,0.431,0.382,0.294,0.673,0.548,0.407,0.424,0.633,0.546,0.645,0.575,0.560,0.407,0.675,0.577,0.380,0.575,0.569,0.577,0.582,0.287,0.673,0.372,0.242,0.628,0.573
7PNB_p_3_YZT;0.673,0.646,0.285,0.476,0.655,0.648,0.675,0.448,0.003,0.669,0.646,0.303,0.406,0.433,0.430,0.461,0.427,0.291,0.646,0.654,0.476,0.021,0.645,0.000,0.439,0.461,0.646,0.327,0.657,0.665,0.679,0.639,0.640,0.665,0.673,0.282,0.388,0.639,0.436,0.663,0.433,0.461,0.675,0.439,0.442,0.455,0.509,0.655,0.648,0.647,0.427,0.669,0.439,0.288,0.641,0.458,0.436,0.409,0.464,0.667,0.690,0.427,0.439,0.675,0.637,0.641,0.665,0.409,0.658,0.297,0.673,0.288,0.635,0.639,0.663,0.512,0.021,0.430,0.388,0.452,0.436,0.635,0.412,0.656,0.433,0.439,0.445,0.427,0.657,0.412,0.479,0.018,0.436,0.667,0.412,0.394,0.515,0.482,0.647,0.327,0.669,0.642,0.445,0.671,0.388,0.433,0.445,0.464,0.647,0.439,0.675,0.448,0.448,0.633,0.654,0.439,0.439,0.476,0.658,0.464,0.671,0.448,0.652,0.291,0.327,0.442,0.406,0.330,0.667,0.348,0.445,0.667,0.433,0.327,0.664,0.400,0.291,0.503,0.448,0.509,0.442,0.397,0.424,0.652,0.412,0.436,0.006,0.403,0.427,0.669,0.631,0.509,0.658,0.439,0.684,0.406,0.439,0.635,0.452,0.288,0.439,0.439,0.445,0.652,0.633,0.442,0.664,0.436,0.452,0.637,0.482,0.406,0.652,0.427,0.439,0.681,0.427,0.291,0.342,0.476,0.412,0.427,0.336,0.282,0.652,0.445,0.397,0.388,0.406,0.637,0.439,0.652,0.288,0.669,0.647,0.406,0.033,0.448,0.300,0.388,0.427,0.433,0.288,0.294,0.662,0.669,0.433,0.436,0.658,0.476,0.667,0.324,0.015,0.439,0.430,0.667,0.647,0.667,0.427,0.427,0.635,0.645,0.448,0.448,0.439,0.461,0.406,0.669,0.644,0.658,0.669,0.509,0.388,0.646,0.663,0.297,0.467,0.003,0.442,0.403,0.667,0.509,0.445,0.654,0.409,0.452,0.433,0.442,0.660,0.506,0.669,0.665,0.282,0.439
7PNB_m_5_MAN;0.616,0.559,0.394,0.336,0.561,0.535,0.620,0.348,0.442,0.565,0.555,0.394,0.403,0.106,0.152,0.170,0.152,0.352,0.555,0.546,0.170,0.421,0.573,0.439,0.000,0.176,0.555,0.364,0.549,0.565,0.571,0.541,0.540,0.565,0.567,0.388,0.267,0.527,0.167,0.553,0.158,0.176,0.620,0.000,0.209,0.164,0.524,0.561,0.550,0.565,0.194,0.548,0.164,0.352,0.541,0.355,0.152,0.212,0.321,0.578,0.612,0.145,0.209,0.620,0.567,0.573,0.566,0.400,0.541,0.388,0.622,0.400,0.527,0.524,0.545,0.527,0.452,0.152,0.267,0.161,0.000,0.546,0.212,0.535,0.106,0.164,0.164,0.100,0.557,0.215,0.336,0.445,0.167,0.569,0.206,0.270,0.521,0.330,0.526,0.352,0.586,0.557,0.155,0.567,0.267,0.106,0.158,0.170,0.546,0.003,0.620,0.121,0.158,0.552,0.535,0.209,0.148,0.330,0.537,0.318,0.580,0.121,0.529,0.355,0.352,0.342,0.212,0.355,0.569,0.364,0.355,0.541,0.164,0.352,0.541,0.385,0.352,0.521,0.118,0.524,0.206,0.264,0.194,0.527,0.397,0.152,0.436,0.388,0.152,0.565,0.535,0.521,0.527,0.000,0.612,0.397,0.000,0.560,0.352,0.345,0.000,0.209,0.158,0.555,0.546,0.352,0.552,0.000,0.121,0.533,0.333,0.394,0.555,0.148,0.164,0.624,0.155,0.355,0.355,0.173,0.206,0.152,0.352,0.345,0.531,0.355,0.264,0.267,0.397,0.522,0.206,0.533,0.388,0.567,0.527,0.212,0.430,0.133,0.370,0.267,0.142,0.112,0.397,0.400,0.539,0.584,0.164,0.109,0.569,0.339,0.554,0.352,0.445,0.148,0.106,0.555,0.560,0.569,0.194,0.155,0.571,0.569,0.121,0.130,0.003,0.164,0.212,0.567,0.561,0.535,0.537,0.524,0.267,0.547,0.553,0.355,0.318,0.439,0.348,0.212,0.569,0.515,0.118,0.522,0.394,0.352,0.106,0.124,0.535,0.518,0.578,0.550,0.345,0.112
7PNB_Y_5_MAN;0.618,0.612,0.379,0.370,0.614,0.541,0.622,0.315,0.458,0.543,0.606,0.385,0.361,0.103,0.173,0.018,0.179,0.358,0.606,0.529,0.058,0.442,0.569,0.461,0.176,0.000,0.606,0.342,0.549,0.550,0.558,0.535,0.545,0.546,0.563,0.388,0.276,0.512,0.106,0.562,0.106,0.006,0.620,0.179,0.194,0.052,0.497,0.623,0.544,0.550,0.197,0.575,0.103,0.358,0.537,0.336,0.027,0.185,0.367,0.558,0.616,0.170,0.191,0.620,0.571,0.569,0.570,0.358,0.541,0.388,0.620,0.388,0.522,0.518,0.564,0.500,0.467,0.179,0.276,0.009,0.170,0.554,0.185,0.539,0.100,0.064,0.091,0.085,0.564,0.191,0.376,0.461,0.106,0.548,0.179,0.273,0.497,0.376,0.524,0.333,0.561,0.608,0.079,0.546,0.276,0.100,0.058,0.006,0.556,0.176,0.618,0.091,0.015,0.565,0.531,0.191,0.018,0.376,0.535,0.364,0.556,0.100,0.533,0.352,0.330,0.312,0.185,0.336,0.548,0.342,0.333,0.533,0.097,0.330,0.533,0.342,0.355,0.497,0.103,0.497,0.197,0.273,0.194,0.516,0.355,0.076,0.448,0.348,0.176,0.543,0.526,0.500,0.533,0.179,0.616,0.355,0.179,0.565,0.330,0.361,0.173,0.191,0.097,0.608,0.548,0.330,0.563,0.173,0.103,0.529,0.370,0.352,0.606,0.173,0.103,0.626,0.161,0.352,0.336,0.055,0.182,0.179,0.345,0.361,0.529,0.336,0.273,0.276,0.358,0.516,0.191,0.520,0.382,0.548,0.524,0.185,0.458,0.121,0.379,0.276,0.079,0.103,0.370,0.385,0.537,0.560,0.094,0.094,0.563,0.370,0.577,0.330,0.461,0.018,0.103,0.572,0.544,0.548,0.197,0.179,0.565,0.552,0.103,0.112,0.176,0.076,0.188,0.548,0.542,0.531,0.531,0.500,0.276,0.561,0.574,0.361,0.367,0.458,0.327,0.188,0.548,0.500,0.097,0.512,0.352,0.318,0.097,0.106,0.531,0.494,0.558,0.531,0.364,0.091
7PNB_j_2_NAG;0.433,0.007,0.686,0.551,0.004,0.479,0.444,0.580,0.650,0.509,0.000,0.686,0.576,0.576,0.564,0.597,0.562,0.663,0.004,0.494,0.600,0.642,0.490,0.646,0.555,0.606,0.000,0.659,0.485,0.486,0.481,0.510,0.483,0.506,0.519,0.680,0.568,0.502,0.564,0.489,0.555,0.598,0.440,0.555,0.623,0.587,0.633,0.019,0.481,0.501,0.610,0.483,0.559,0.663,0.514,0.578,0.583,0.619,0.542,0.487,0.440,0.564,0.619,0.436,0.487,0.492,0.494,0.578,0.514,0.676,0.431,0.686,0.506,0.503,0.486,0.633,0.652,0.566,0.568,0.597,0.557,0.483,0.619,0.466,0.581,0.578,0.564,0.589,0.475,0.614,0.557,0.650,0.566,0.510,0.621,0.570,0.631,0.544,0.502,0.667,0.487,0.003,0.572,0.476,0.566,0.576,0.574,0.606,0.480,0.559,0.437,0.576,0.591,0.481,0.465,0.619,0.593,0.551,0.509,0.538,0.476,0.574,0.453,0.652,0.661,0.576,0.619,0.669,0.513,0.663,0.585,0.502,0.557,0.661,0.508,0.572,0.663,0.633,0.587,0.633,0.617,0.572,0.604,0.464,0.574,0.572,0.642,0.572,0.566,0.512,0.505,0.631,0.505,0.553,0.437,0.574,0.553,0.495,0.585,0.661,0.555,0.617,0.562,0.004,0.480,0.587,0.473,0.557,0.595,0.506,0.555,0.583,0.006,0.566,0.561,0.440,0.562,0.652,0.669,0.600,0.623,0.562,0.665,0.661,0.455,0.585,0.572,0.568,0.574,0.486,0.621,0.461,0.682,0.513,0.464,0.619,0.638,0.598,0.686,0.566,0.564,0.580,0.684,0.682,0.501,0.481,0.557,0.566,0.483,0.553,0.473,0.663,0.652,0.593,0.576,0.494,0.495,0.512,0.608,0.562,0.487,0.501,0.598,0.597,0.557,0.583,0.619,0.506,0.460,0.462,0.506,0.631,0.568,0.474,0.503,0.674,0.540,0.646,0.585,0.619,0.514,0.636,0.589,0.468,0.576,0.580,0.580,0.595,0.510,0.631,0.475,0.513,0.661,0.564
7PNB_s_3_YZT;0.662,0.659,0.224,0.433,0.669,0.609,0.662,0.445,0.327,0.609,0.659,0.197,0.424,0.333,0.364,0.339,0.364,0.124,0.655,0.590,0.321,0.318,0.620,0.327,0.364,0.342,0.659,0.000,0.610,0.645,0.652,0.594,0.610,0.611,0.626,0.212,0.352,0.599,0.345,0.616,0.355,0.339,0.658,0.364,0.297,0.327,0.467,0.674,0.603,0.614,0.288,0.679,0.339,0.127,0.601,0.461,0.321,0.288,0.430,0.647,0.658,0.361,0.291,0.658,0.620,0.618,0.667,0.421,0.601,0.224,0.662,0.227,0.603,0.597,0.670,0.464,0.339,0.367,0.352,0.330,0.361,0.607,0.285,0.633,0.330,0.330,0.342,0.327,0.663,0.291,0.433,0.324,0.348,0.612,0.273,0.348,0.458,0.445,0.592,0.021,0.654,0.655,0.321,0.637,0.348,0.333,0.330,0.333,0.601,0.361,0.660,0.345,0.327,0.620,0.629,0.291,0.324,0.439,0.595,0.427,0.641,0.348,0.624,0.124,0.015,0.442,0.282,0.030,0.612,0.033,0.458,0.588,0.352,0.009,0.594,0.412,0.124,0.458,0.355,0.467,0.300,0.348,0.282,0.614,0.424,0.315,0.312,0.421,0.364,0.609,0.594,0.458,0.597,0.361,0.654,0.430,0.361,0.611,0.458,0.136,0.364,0.291,0.333,0.665,0.612,0.464,0.662,0.361,0.345,0.603,0.430,0.418,0.661,0.364,0.342,0.662,0.355,0.124,0.030,0.321,0.276,0.364,0.042,0.142,0.628,0.458,0.348,0.352,0.430,0.595,0.294,0.620,0.221,0.611,0.614,0.282,0.318,0.352,0.212,0.348,0.321,0.333,0.221,0.221,0.599,0.656,0.348,0.333,0.658,0.433,0.669,0.006,0.321,0.324,0.330,0.676,0.618,0.612,0.288,0.364,0.618,0.614,0.352,0.352,0.361,0.327,0.282,0.611,0.593,0.626,0.599,0.455,0.352,0.657,0.680,0.133,0.430,0.321,0.464,0.285,0.612,0.452,0.352,0.607,0.427,0.448,0.327,0.355,0.595,0.455,0.648,0.597,0.130,0.327
7PNB_Q_1_NAG;0.487,0.485,0.617,0.616,0.493,0.039,0.505,0.598,0.661,0.378,0.485,0.617,0.578,0.547,0.547,0.544,0.540,0.606,0.485,0.087,0.562,0.655,0.371,0.657,0.549,0.549,0.485,0.610,0.000,0.429,0.447,0.369,0.043,0.376,0.380,0.617,0.578,0.385,0.527,0.034,0.530,0.547,0.492,0.549,0.566,0.561,0.716,0.485,0.048,0.377,0.564,0.446,0.528,0.606,0.360,0.602,0.545,0.557,0.608,0.440,0.497,0.549,0.566,0.495,0.381,0.370,0.461,0.576,0.319,0.614,0.495,0.616,0.374,0.385,0.448,0.718,0.663,0.549,0.578,0.545,0.549,0.378,0.555,0.351,0.551,0.555,0.530,0.557,0.450,0.557,0.619,0.653,0.532,0.380,0.559,0.580,0.716,0.619,0.367,0.614,0.440,0.482,0.545,0.432,0.576,0.547,0.559,0.551,0.041,0.551,0.497,0.538,0.547,0.392,0.345,0.566,0.544,0.617,0.344,0.598,0.432,0.540,0.359,0.602,0.612,0.589,0.557,0.610,0.377,0.608,0.608,0.323,0.527,0.612,0.358,0.578,0.606,0.716,0.544,0.716,0.566,0.576,0.564,0.352,0.578,0.545,0.652,0.580,0.545,0.380,0.381,0.716,0.359,0.547,0.490,0.581,0.547,0.367,0.597,0.604,0.549,0.566,0.532,0.492,0.039,0.610,0.439,0.549,0.547,0.382,0.617,0.580,0.486,0.547,0.527,0.503,0.547,0.602,0.610,0.562,0.561,0.540,0.612,0.604,0.344,0.608,0.576,0.578,0.581,0.378,0.557,0.343,0.610,0.381,0.348,0.557,0.650,0.542,0.619,0.576,0.544,0.551,0.623,0.616,0.344,0.440,0.527,0.545,0.446,0.617,0.440,0.614,0.655,0.544,0.553,0.466,0.102,0.376,0.564,0.544,0.387,0.384,0.549,0.545,0.551,0.545,0.557,0.381,0.380,0.347,0.365,0.716,0.578,0.460,0.467,0.604,0.600,0.657,0.608,0.559,0.381,0.716,0.544,0.347,0.580,0.598,0.549,0.547,0.351,0.714,0.429,0.322,0.604,0.542
7PNB_M_2_NAG;0.471,0.487,0.658,0.584,0.487,0.427,0.473,0.590,0.671,0.383,0.486,0.669,0.571,0.571,0.543,0.548,0.546,0.628,0.481,0.440,0.554,0.658,0.379,0.665,0.565,0.550,0.486,0.645,0.429,0.000,0.047,0.360,0.436,0.379,0.434,0.654,0.529,0.350,0.554,0.413,0.533,0.552,0.475,0.565,0.582,0.548,0.675,0.487,0.445,0.376,0.575,0.380,0.539,0.628,0.354,0.577,0.550,0.560,0.590,0.047,0.466,0.543,0.588,0.475,0.390,0.382,0.380,0.569,0.382,0.665,0.466,0.662,0.341,0.353,0.373,0.675,0.677,0.543,0.529,0.548,0.565,0.375,0.561,0.342,0.569,0.556,0.546,0.561,0.391,0.563,0.582,0.679,0.554,0.382,0.556,0.527,0.675,0.582,0.356,0.629,0.036,0.481,0.556,0.045,0.529,0.571,0.556,0.561,0.423,0.563,0.474,0.546,0.550,0.376,0.341,0.590,0.544,0.588,0.397,0.577,0.041,0.544,0.343,0.622,0.639,0.588,0.560,0.628,0.382,0.648,0.580,0.391,0.537,0.639,0.400,0.571,0.628,0.675,0.552,0.675,0.592,0.533,0.580,0.335,0.571,0.550,0.669,0.569,0.541,0.378,0.356,0.675,0.397,0.565,0.470,0.565,0.565,0.380,0.575,0.629,0.565,0.590,0.535,0.487,0.422,0.590,0.380,0.565,0.546,0.339,0.582,0.565,0.483,0.543,0.539,0.481,0.539,0.622,0.628,0.554,0.556,0.546,0.633,0.629,0.335,0.582,0.533,0.529,0.565,0.348,0.584,0.338,0.656,0.380,0.352,0.560,0.671,0.556,0.660,0.529,0.541,0.567,0.664,0.664,0.408,0.036,0.537,0.565,0.060,0.586,0.382,0.639,0.679,0.544,0.561,0.377,0.448,0.386,0.573,0.546,0.378,0.374,0.543,0.554,0.563,0.565,0.560,0.379,0.396,0.341,0.404,0.675,0.529,0.377,0.374,0.626,0.577,0.664,0.588,0.558,0.383,0.682,0.552,0.337,0.563,0.594,0.569,0.544,0.391,0.675,0.034,0.379,0.629,0.563
7PNB_R_2_NAG;0.479,0.484,0.669,0.588,0.483,0.445,0.478,0.588,0.684,0.390,0.481,0.675,0.582,0.578,0.560,0.548,0.563,0.633,0.477,0.455,0.561,0.664,0.393,0.679,0.571,0.558,0.481,0.652,0.447,0.047,0.000,0.368,0.457,0.386,0.448,0.664,0.535,0.361,0.571,0.433,0.552,0.560,0.479,0.571,0.592,0.558,0.681,0.481,0.459,0.394,0.582,0.393,0.552,0.633,0.363,0.578,0.560,0.563,0.586,0.059,0.475,0.560,0.590,0.479,0.408,0.397,0.389,0.580,0.397,0.681,0.468,0.673,0.348,0.364,0.387,0.681,0.686,0.560,0.535,0.558,0.571,0.391,0.565,0.350,0.577,0.565,0.556,0.569,0.407,0.567,0.586,0.688,0.567,0.389,0.563,0.533,0.681,0.578,0.367,0.637,0.058,0.477,0.558,0.040,0.535,0.578,0.565,0.569,0.442,0.569,0.478,0.558,0.560,0.394,0.349,0.592,0.554,0.584,0.413,0.573,0.045,0.556,0.352,0.629,0.647,0.590,0.567,0.635,0.389,0.658,0.586,0.412,0.554,0.647,0.416,0.582,0.633,0.681,0.561,0.681,0.597,0.539,0.584,0.345,0.582,0.552,0.682,0.580,0.558,0.385,0.365,0.681,0.411,0.571,0.479,0.577,0.571,0.397,0.580,0.635,0.571,0.592,0.548,0.483,0.442,0.595,0.387,0.571,0.554,0.348,0.586,0.575,0.479,0.560,0.556,0.484,0.556,0.629,0.635,0.561,0.563,0.563,0.633,0.635,0.342,0.588,0.539,0.535,0.577,0.359,0.594,0.349,0.667,0.387,0.361,0.567,0.677,0.561,0.669,0.535,0.543,0.575,0.671,0.675,0.429,0.037,0.550,0.575,0.056,0.590,0.398,0.647,0.692,0.554,0.569,0.384,0.462,0.393,0.584,0.563,0.390,0.391,0.550,0.561,0.569,0.565,0.567,0.386,0.403,0.348,0.418,0.681,0.535,0.392,0.392,0.631,0.573,0.677,0.594,0.565,0.390,0.688,0.561,0.343,0.575,0.592,0.577,0.552,0.408,0.681,0.043,0.407,0.635,0.573
7PNB_Y_2_NAG;0.473,0.519,0.603,0.578,0.521,0.349,0.485,0.577,0.635,0.210,0.510,0.607,0.558,0.546,0.526,0.526,0.529,0.595,0.512,0.357,0.526,0.633,0.394,0.639,0.541,0.535,0.510,0.594,0.369,0.360,0.368,0.000,0.366,0.206,0.409,0.603,0.527,0.059,0.539,0.370,0.531,0.531,0.481,0.541,0.575,0.539,0.675,0.520,0.370,0.398,0.573,0.431,0.539,0.595,0.019,0.586,0.527,0.539,0.573,0.371,0.478,0.526,0.563,0.484,0.396,0.402,0.424,0.556,0.400,0.599,0.484,0.607,0.036,0.047,0.428,0.677,0.637,0.526,0.527,0.535,0.539,0.407,0.539,0.236,0.541,0.533,0.537,0.531,0.428,0.535,0.580,0.631,0.546,0.216,0.537,0.527,0.679,0.586,0.048,0.582,0.376,0.512,0.520,0.365,0.527,0.546,0.533,0.533,0.367,0.539,0.485,0.543,0.531,0.396,0.229,0.565,0.531,0.575,0.401,0.575,0.359,0.543,0.239,0.592,0.588,0.577,0.541,0.584,0.218,0.592,0.584,0.383,0.533,0.588,0.398,0.546,0.595,0.675,0.548,0.675,0.573,0.526,0.563,0.235,0.554,0.512,0.628,0.548,0.524,0.212,0.041,0.679,0.400,0.541,0.470,0.546,0.541,0.380,0.582,0.599,0.541,0.565,0.535,0.523,0.359,0.588,0.427,0.541,0.544,0.037,0.580,0.550,0.509,0.526,0.531,0.489,0.524,0.592,0.584,0.529,0.537,0.529,0.578,0.597,0.228,0.586,0.526,0.527,0.546,0.063,0.573,0.224,0.595,0.221,0.232,0.541,0.629,0.548,0.590,0.527,0.512,0.543,0.601,0.607,0.411,0.368,0.533,0.543,0.382,0.580,0.431,0.588,0.631,0.531,0.539,0.422,0.343,0.214,0.573,0.529,0.405,0.396,0.548,0.552,0.539,0.522,0.541,0.213,0.402,0.225,0.397,0.679,0.527,0.429,0.425,0.597,0.578,0.637,0.590,0.541,0.209,0.679,0.548,0.224,0.544,0.578,0.541,0.543,0.401,0.677,0.368,0.389,0.599,0.535
7PNB_V_1_NAG;0.491,0.485,0.627,0.602,0.493,0.051,0.514,0.600,0.644,0.391,0.483,0.627,0.570,0.549,0.536,0.538,0.528,0.606,0.483,0.111,0.553,0.638,0.389,0.640,0.540,0.545,0.483,0.610,0.043,0.436,0.457,0.366,0.000,0.384,0.385,0.627,0.566,0.378,0.530,0.055,0.528,0.544,0.498,0.540,0.549,0.551,0.706,0.485,0.062,0.398,0.547,0.459,0.532,0.606,0.360,0.597,0.542,0.542,0.595,0.453,0.502,0.538,0.553,0.501,0.398,0.385,0.466,0.568,0.343,0.623,0.505,0.625,0.370,0.378,0.460,0.708,0.646,0.538,0.566,0.542,0.538,0.392,0.540,0.360,0.551,0.544,0.534,0.559,0.457,0.542,0.606,0.636,0.534,0.392,0.545,0.568,0.706,0.606,0.356,0.608,0.448,0.481,0.538,0.440,0.566,0.549,0.547,0.547,0.063,0.542,0.502,0.536,0.544,0.413,0.347,0.553,0.540,0.604,0.362,0.587,0.439,0.536,0.362,0.602,0.608,0.591,0.542,0.606,0.389,0.608,0.602,0.343,0.528,0.608,0.370,0.570,0.606,0.706,0.540,0.706,0.549,0.564,0.551,0.358,0.570,0.540,0.633,0.572,0.532,0.392,0.374,0.706,0.382,0.540,0.491,0.574,0.540,0.388,0.589,0.604,0.540,0.553,0.536,0.492,0.052,0.604,0.450,0.538,0.545,0.378,0.604,0.572,0.485,0.536,0.528,0.510,0.536,0.602,0.606,0.553,0.545,0.528,0.606,0.604,0.344,0.602,0.564,0.566,0.574,0.370,0.544,0.349,0.621,0.388,0.347,0.542,0.631,0.538,0.625,0.566,0.538,0.553,0.633,0.625,0.356,0.447,0.530,0.545,0.450,0.604,0.458,0.608,0.636,0.540,0.551,0.477,0.118,0.388,0.547,0.532,0.402,0.400,0.545,0.542,0.542,0.540,0.542,0.391,0.373,0.356,0.376,0.706,0.566,0.464,0.475,0.610,0.589,0.640,0.602,0.544,0.393,0.706,0.538,0.349,0.572,0.600,0.551,0.544,0.363,0.705,0.437,0.340,0.604,0.544
7PNB_h_2_NAG;0.490,0.508,0.616,0.582,0.508,0.374,0.503,0.618,0.673,0.018,0.506,0.614,0.582,0.563,0.556,0.546,0.554,0.586,0.506,0.376,0.546,0.658,0.401,0.665,0.565,0.546,0.506,0.611,0.376,0.379,0.386,0.206,0.384,0.000,0.422,0.618,0.573,0.232,0.556,0.380,0.550,0.548,0.497,0.565,0.575,0.554,0.681,0.514,0.375,0.400,0.573,0.459,0.548,0.586,0.206,0.618,0.548,0.578,0.584,0.396,0.488,0.556,0.577,0.495,0.393,0.396,0.453,0.580,0.391,0.614,0.492,0.614,0.221,0.227,0.453,0.682,0.682,0.554,0.573,0.548,0.565,0.391,0.578,0.301,0.561,0.558,0.550,0.560,0.453,0.577,0.580,0.679,0.560,0.016,0.571,0.575,0.682,0.582,0.216,0.609,0.400,0.506,0.544,0.394,0.573,0.563,0.558,0.552,0.370,0.563,0.493,0.552,0.550,0.409,0.299,0.578,0.546,0.584,0.404,0.573,0.387,0.550,0.297,0.580,0.607,0.618,0.575,0.607,0.014,0.605,0.622,0.391,0.548,0.607,0.402,0.582,0.586,0.681,0.558,0.681,0.582,0.571,0.577,0.282,0.578,0.543,0.662,0.580,0.552,0.014,0.229,0.682,0.411,0.565,0.484,0.578,0.565,0.371,0.614,0.584,0.565,0.578,0.544,0.509,0.376,0.629,0.440,0.565,0.550,0.220,0.580,0.578,0.508,0.556,0.544,0.501,0.552,0.580,0.607,0.550,0.571,0.554,0.611,0.584,0.308,0.624,0.571,0.573,0.578,0.231,0.571,0.279,0.609,0.025,0.280,0.575,0.662,0.558,0.614,0.573,0.541,0.560,0.614,0.616,0.405,0.394,0.548,0.558,0.409,0.584,0.460,0.607,0.677,0.546,0.558,0.454,0.376,0.004,0.573,0.556,0.413,0.391,0.554,0.558,0.563,0.546,0.575,0.022,0.395,0.298,0.405,0.682,0.573,0.464,0.454,0.584,0.575,0.665,0.631,0.575,0.010,0.684,0.558,0.286,0.577,0.620,0.561,0.552,0.409,0.681,0.391,0.391,0.584,0.552
7E6X_E_1_NAG;0.473,0.520,0.639,0.611,0.525,0.376,0.478,0.599,0.679,0.429,0.519,0.629,0.597,0.560,0.561,0.550,0.556,0.624,0.517,0.380,0.573,0.662,0.337,0.673,0.567,0.563,0.519,0.626,0.380,0.434,0.448,0.409,0.385,0.422,0.000,0.633,0.569,0.397,0.578,0.374,0.571,0.561,0.473,0.567,0.584,0.567,0.673,0.530,0.372,0.323,0.577,0.456,0.578,0.624,0.411,0.597,0.560,0.577,0.609,0.448,0.488,0.561,0.580,0.474,0.335,0.337,0.470,0.595,0.288,0.635,0.477,0.637,0.393,0.400,0.462,0.675,0.684,0.560,0.569,0.563,0.567,0.324,0.575,0.412,0.556,0.571,0.575,0.561,0.461,0.577,0.611,0.677,0.578,0.424,0.573,0.567,0.675,0.601,0.394,0.629,0.442,0.517,0.571,0.448,0.569,0.560,0.571,0.563,0.368,0.565,0.474,0.558,0.561,0.339,0.408,0.580,0.565,0.609,0.272,0.597,0.441,0.558,0.408,0.620,0.626,0.599,0.573,0.628,0.427,0.628,0.599,0.287,0.573,0.626,0.269,0.603,0.624,0.673,0.563,0.673,0.586,0.567,0.577,0.407,0.597,0.571,0.662,0.605,0.560,0.427,0.393,0.675,0.288,0.567,0.478,0.601,0.567,0.334,0.595,0.628,0.567,0.580,0.578,0.523,0.383,0.597,0.460,0.567,0.556,0.400,0.609,0.597,0.520,0.561,0.578,0.477,0.556,0.620,0.628,0.571,0.573,0.556,0.628,0.628,0.407,0.599,0.567,0.569,0.601,0.389,0.582,0.405,0.629,0.424,0.409,0.573,0.660,0.561,0.645,0.569,0.573,0.556,0.637,0.637,0.283,0.446,0.573,0.556,0.445,0.612,0.451,0.626,0.675,0.565,0.554,0.473,0.398,0.429,0.580,0.558,0.342,0.326,0.556,0.561,0.565,0.575,0.573,0.413,0.410,0.408,0.286,0.675,0.569,0.483,0.491,0.628,0.595,0.671,0.597,0.575,0.423,0.677,0.563,0.409,0.599,0.599,0.556,0.558,0.280,0.673,0.448,0.276,0.628,0.550
7PNB_R_3_YZT;0.669,0.676,0.012,0.458,0.680,0.635,0.667,0.455,0.282,0.616,0.680,0.033,0.433,0.367,0.388,0.379,0.391,0.200,0.678,0.605,0.370,0.279,0.611,0.282,0.388,0.388,0.680,0.212,0.617,0.654,0.664,0.603,0.627,0.618,0.633,0.000,0.376,0.618,0.376,0.616,0.382,0.376,0.667,0.388,0.376,0.373,0.509,0.680,0.626,0.614,0.370,0.677,0.379,0.197,0.603,0.464,0.358,0.376,0.452,0.654,0.667,0.388,0.367,0.667,0.607,0.611,0.676,0.430,0.601,0.024,0.669,0.015,0.614,0.612,0.670,0.506,0.288,0.391,0.376,0.373,0.388,0.611,0.373,0.637,0.367,0.373,0.379,0.373,0.682,0.379,0.458,0.279,0.379,0.620,0.355,0.376,0.506,0.464,0.614,0.221,0.664,0.678,0.358,0.650,0.373,0.367,0.373,0.376,0.609,0.388,0.667,0.382,0.367,0.612,0.639,0.367,0.364,0.458,0.607,0.439,0.650,0.382,0.637,0.194,0.218,0.455,0.364,0.215,0.620,0.209,0.473,0.603,0.382,0.218,0.611,0.430,0.200,0.506,0.388,0.509,0.376,0.373,0.361,0.626,0.433,0.367,0.273,0.427,0.388,0.616,0.607,0.512,0.607,0.385,0.662,0.433,0.385,0.607,0.470,0.191,0.388,0.367,0.373,0.680,0.629,0.470,0.673,0.385,0.379,0.607,0.455,0.427,0.682,0.388,0.382,0.671,0.382,0.194,0.215,0.370,0.358,0.391,0.218,0.188,0.648,0.473,0.373,0.376,0.433,0.620,0.370,0.633,0.030,0.622,0.626,0.364,0.276,0.385,0.036,0.373,0.370,0.367,0.027,0.021,0.607,0.667,0.379,0.367,0.656,0.458,0.664,0.218,0.276,0.364,0.364,0.670,0.637,0.620,0.370,0.388,0.603,0.616,0.385,0.385,0.388,0.367,0.364,0.622,0.625,0.635,0.614,0.509,0.376,0.646,0.672,0.194,0.442,0.279,0.470,0.367,0.620,0.506,0.385,0.629,0.430,0.458,0.364,0.388,0.607,0.509,0.662,0.599,0.191,0.367
7PNB_N_4_BGC;0.612,0.572,0.364,0.352,0.581,0.563,0.614,0.327,0.385,0.571,0.568,0.388,0.306,0.248,0.218,0.258,0.221,0.348,0.568,0.567,0.273,0.385,0.548,0.388,0.267,0.276,0.568,0.352,0.578,0.529,0.535,0.527,0.566,0.573,0.569,0.376,0.000,0.526,0.255,0.576,0.239,0.264,0.612,0.267,0.267,0.276,0.470,0.578,0.571,0.558,0.255,0.590,0.239,0.348,0.535,0.355,0.252,0.227,0.342,0.531,0.614,0.215,0.261,0.612,0.546,0.558,0.583,0.303,0.569,0.382,0.612,0.373,0.514,0.522,0.576,0.473,0.400,0.218,0.000,0.261,0.267,0.552,0.227,0.543,0.245,0.267,0.255,0.245,0.583,0.230,0.352,0.394,0.255,0.577,0.218,0.003,0.473,0.358,0.518,0.339,0.537,0.564,0.255,0.531,0.000,0.248,0.273,0.273,0.561,0.267,0.614,0.270,0.255,0.543,0.544,0.261,0.258,0.352,0.561,0.352,0.529,0.270,0.527,0.352,0.339,0.327,0.224,0.342,0.577,0.348,0.358,0.567,0.245,0.339,0.565,0.300,0.348,0.470,0.270,0.470,0.267,0.003,0.248,0.533,0.306,0.261,0.379,0.297,0.218,0.571,0.537,0.473,0.563,0.267,0.612,0.300,0.267,0.543,0.355,0.345,0.267,0.261,0.233,0.578,0.563,0.361,0.575,0.267,0.264,0.512,0.348,0.294,0.574,0.215,0.239,0.612,0.212,0.352,0.342,0.273,0.218,0.221,0.345,0.345,0.539,0.358,0.003,0.000,0.300,0.520,0.264,0.543,0.355,0.577,0.524,0.224,0.391,0.267,0.370,0.000,0.255,0.248,0.367,0.373,0.567,0.539,0.248,0.252,0.524,0.352,0.584,0.339,0.385,0.258,0.242,0.585,0.571,0.577,0.255,0.221,0.548,0.560,0.264,0.267,0.267,0.273,0.224,0.577,0.555,0.539,0.567,0.473,0.000,0.570,0.580,0.358,0.352,0.388,0.367,0.224,0.577,0.473,0.270,0.526,0.297,0.330,0.245,0.267,0.558,0.470,0.537,0.573,0.345,0.255
7PNB_J_2_NAG;0.479,0.512,0.614,0.588,0.514,0.365,0.497,0.575,0.635,0.250,0.502,0.622,0.588,0.526,0.501,0.512,0.501,0.607,0.503,0.379,0.510,0.633,0.396,0.639,0.527,0.512,0.502,0.599,0.385,0.350,0.361,0.059,0.378,0.232,0.397,0.618,0.526,0.000,0.514,0.382,0.509,0.514,0.492,0.527,0.554,0.507,0.686,0.513,0.380,0.393,0.544,0.426,0.516,0.607,0.069,0.584,0.509,0.529,0.586,0.360,0.484,0.501,0.535,0.495,0.394,0.405,0.422,0.586,0.385,0.614,0.495,0.618,0.036,0.015,0.417,0.688,0.637,0.501,0.526,0.507,0.526,0.396,0.529,0.255,0.524,0.505,0.509,0.512,0.417,0.526,0.592,0.631,0.522,0.253,0.527,0.526,0.688,0.601,0.043,0.588,0.365,0.503,0.509,0.353,0.526,0.526,0.505,0.512,0.376,0.526,0.496,0.514,0.509,0.393,0.245,0.537,0.503,0.588,0.390,0.590,0.348,0.514,0.264,0.603,0.594,0.577,0.531,0.590,0.255,0.595,0.580,0.357,0.509,0.594,0.386,0.580,0.607,0.684,0.520,0.686,0.544,0.524,0.533,0.254,0.584,0.501,0.628,0.582,0.499,0.249,0.033,0.688,0.383,0.527,0.477,0.580,0.527,0.379,0.577,0.611,0.527,0.537,0.512,0.516,0.372,0.578,0.413,0.527,0.518,0.037,0.592,0.584,0.501,0.501,0.509,0.503,0.499,0.603,0.590,0.514,0.527,0.501,0.586,0.609,0.245,0.582,0.524,0.526,0.580,0.023,0.556,0.242,0.605,0.254,0.257,0.531,0.629,0.526,0.603,0.526,0.501,0.522,0.612,0.618,0.398,0.356,0.509,0.522,0.372,0.590,0.420,0.594,0.631,0.503,0.514,0.417,0.356,0.246,0.550,0.501,0.404,0.389,0.522,0.529,0.526,0.512,0.531,0.243,0.391,0.245,0.383,0.690,0.526,0.426,0.420,0.609,0.594,0.637,0.580,0.531,0.246,0.684,0.520,0.240,0.578,0.577,0.524,0.514,0.387,0.686,0.359,0.361,0.611,0.514
7PNB_L_6_MAN;0.599,0.570,0.370,0.342,0.572,0.531,0.601,0.303,0.430,0.552,0.564,0.382,0.373,0.121,0.133,0.106,0.136,0.364,0.562,0.524,0.124,0.424,0.560,0.436,0.167,0.106,0.564,0.345,0.527,0.554,0.571,0.539,0.530,0.556,0.578,0.376,0.255,0.514,0.000,0.544,0.012,0.100,0.603,0.167,0.206,0.103,0.494,0.578,0.529,0.541,0.197,0.567,0.012,0.364,0.539,0.336,0.091,0.188,0.345,0.556,0.597,0.133,0.197,0.603,0.565,0.563,0.572,0.370,0.543,0.379,0.605,0.376,0.529,0.514,0.559,0.494,0.439,0.136,0.255,0.091,0.164,0.541,0.188,0.537,0.121,0.103,0.015,0.124,0.559,0.191,0.348,0.433,0.006,0.558,0.194,0.252,0.488,0.361,0.518,0.336,0.567,0.564,0.109,0.554,0.255,0.121,0.097,0.100,0.544,0.167,0.603,0.136,0.088,0.563,0.533,0.197,0.088,0.348,0.537,0.345,0.560,0.139,0.535,0.358,0.336,0.300,0.188,0.339,0.558,0.345,0.330,0.535,0.006,0.336,0.535,0.355,0.364,0.491,0.142,0.494,0.200,0.252,0.188,0.518,0.367,0.115,0.424,0.358,0.133,0.552,0.526,0.488,0.531,0.167,0.595,0.367,0.167,0.548,0.330,0.367,0.167,0.197,0.018,0.566,0.529,0.330,0.558,0.164,0.145,0.533,0.345,0.364,0.562,0.133,0.006,0.605,0.130,0.358,0.339,0.124,0.194,0.136,0.342,0.367,0.535,0.330,0.252,0.255,0.367,0.512,0.203,0.522,0.370,0.556,0.526,0.188,0.439,0.127,0.364,0.255,0.115,0.121,0.367,0.376,0.541,0.565,0.015,0.115,0.567,0.342,0.565,0.336,0.436,0.088,0.118,0.570,0.533,0.558,0.197,0.139,0.560,0.543,0.145,0.136,0.167,0.124,0.188,0.556,0.544,0.529,0.533,0.491,0.255,0.559,0.570,0.361,0.348,0.433,0.327,0.188,0.558,0.485,0.139,0.518,0.364,0.306,0.121,0.142,0.533,0.488,0.561,0.539,0.367,0.118
7PNB_L_1_NAG;0.481,0.488,0.616,0.631,0.494,0.070,0.501,0.610,0.669,0.385,0.489,0.619,0.585,0.561,0.561,0.555,0.553,0.608,0.489,0.094,0.570,0.655,0.389,0.663,0.553,0.562,0.489,0.616,0.034,0.413,0.433,0.370,0.055,0.380,0.374,0.616,0.576,0.382,0.544,0.000,0.544,0.561,0.488,0.553,0.566,0.568,0.725,0.483,0.076,0.388,0.564,0.447,0.545,0.608,0.365,0.612,0.557,0.570,0.629,0.428,0.492,0.562,0.566,0.491,0.396,0.388,0.461,0.583,0.312,0.616,0.491,0.614,0.374,0.382,0.446,0.727,0.672,0.562,0.576,0.559,0.553,0.382,0.568,0.363,0.564,0.562,0.547,0.570,0.448,0.570,0.634,0.663,0.549,0.387,0.564,0.574,0.725,0.634,0.366,0.619,0.428,0.486,0.553,0.418,0.574,0.561,0.566,0.564,0.037,0.555,0.492,0.545,0.561,0.403,0.349,0.566,0.555,0.633,0.334,0.619,0.417,0.547,0.369,0.602,0.617,0.600,0.570,0.616,0.384,0.614,0.617,0.311,0.544,0.617,0.345,0.591,0.608,0.725,0.553,0.725,0.566,0.574,0.564,0.360,0.585,0.553,0.655,0.587,0.559,0.387,0.378,0.725,0.344,0.551,0.484,0.589,0.551,0.392,0.606,0.610,0.553,0.566,0.542,0.494,0.058,0.619,0.446,0.553,0.555,0.382,0.633,0.585,0.490,0.561,0.544,0.498,0.562,0.602,0.616,0.570,0.566,0.553,0.617,0.610,0.348,0.617,0.574,0.576,0.589,0.374,0.557,0.349,0.610,0.380,0.352,0.570,0.653,0.549,0.621,0.574,0.551,0.564,0.621,0.614,0.334,0.425,0.544,0.557,0.432,0.633,0.447,0.619,0.665,0.555,0.566,0.468,0.114,0.382,0.564,0.557,0.406,0.392,0.557,0.553,0.555,0.553,0.570,0.380,0.386,0.358,0.351,0.725,0.576,0.463,0.466,0.606,0.621,0.661,0.617,0.572,0.388,0.725,0.553,0.352,0.587,0.610,0.562,0.555,0.341,0.723,0.417,0.311,0.610,0.553
7PNB_Q_6_MAN;0.601,0.561,0.376,0.348,0.562,0.529,0.605,0.306,0.430,0.546,0.555,0.391,0.358,0.115,0.127,0.106,0.130,0.364,0.553,0.526,0.124,0.424,0.556,0.433,0.158,0.106,0.555,0.355,0.530,0.533,0.552,0.531,0.528,0.550,0.571,0.382,0.239,0.509,0.012,0.544,0.000,0.100,0.605,0.158,0.221,0.097,0.488,0.568,0.529,0.537,0.206,0.560,0.018,0.364,0.531,0.336,0.091,0.197,0.352,0.546,0.601,0.127,0.218,0.605,0.561,0.560,0.562,0.355,0.548,0.385,0.607,0.382,0.518,0.507,0.551,0.488,0.439,0.130,0.239,0.091,0.155,0.533,0.197,0.526,0.115,0.103,0.024,0.118,0.551,0.200,0.348,0.433,0.018,0.552,0.203,0.236,0.485,0.361,0.514,0.342,0.548,0.555,0.109,0.537,0.239,0.115,0.097,0.106,0.546,0.158,0.605,0.145,0.088,0.558,0.522,0.218,0.088,0.355,0.539,0.345,0.543,0.145,0.524,0.358,0.342,0.303,0.197,0.345,0.552,0.355,0.330,0.537,0.006,0.342,0.537,0.339,0.364,0.488,0.152,0.488,0.221,0.236,0.203,0.512,0.352,0.115,0.421,0.342,0.124,0.546,0.518,0.485,0.533,0.158,0.597,0.352,0.158,0.544,0.330,0.367,0.158,0.218,0.024,0.557,0.527,0.330,0.550,0.155,0.148,0.522,0.345,0.348,0.553,0.127,0.012,0.609,0.124,0.358,0.345,0.124,0.203,0.130,0.355,0.367,0.524,0.330,0.236,0.239,0.352,0.501,0.218,0.516,0.376,0.548,0.518,0.197,0.439,0.136,0.370,0.239,0.115,0.115,0.376,0.382,0.543,0.546,0.015,0.109,0.550,0.348,0.561,0.342,0.436,0.088,0.112,0.562,0.533,0.552,0.206,0.133,0.556,0.539,0.148,0.145,0.158,0.130,0.197,0.548,0.532,0.522,0.535,0.485,0.239,0.549,0.562,0.361,0.348,0.430,0.327,0.197,0.552,0.488,0.148,0.512,0.348,0.309,0.115,0.152,0.535,0.485,0.544,0.541,0.367,0.112
7PNB_d_5_MAN;0.611,0.604,0.367,0.348,0.606,0.533,0.614,0.306,0.458,0.544,0.598,0.373,0.358,0.097,0.164,0.018,0.170,0.361,0.598,0.527,0.058,0.442,0.561,0.461,0.176,0.006,0.598,0.339,0.547,0.552,0.560,0.531,0.544,0.548,0.561,0.376,0.264,0.514,0.100,0.561,0.100,0.000,0.612,0.179,0.200,0.058,0.485,0.616,0.543,0.543,0.203,0.577,0.097,0.361,0.539,0.333,0.021,0.191,0.345,0.560,0.607,0.161,0.197,0.612,0.563,0.561,0.572,0.355,0.539,0.376,0.612,0.376,0.524,0.514,0.566,0.488,0.467,0.170,0.264,0.009,0.170,0.546,0.191,0.531,0.091,0.064,0.085,0.082,0.566,0.197,0.355,0.461,0.100,0.550,0.185,0.261,0.485,0.355,0.520,0.330,0.563,0.600,0.073,0.548,0.264,0.094,0.058,0.006,0.554,0.176,0.611,0.097,0.009,0.558,0.527,0.197,0.018,0.355,0.533,0.342,0.558,0.106,0.526,0.355,0.327,0.303,0.191,0.333,0.550,0.339,0.330,0.531,0.091,0.327,0.531,0.339,0.358,0.485,0.109,0.485,0.203,0.261,0.200,0.512,0.352,0.076,0.448,0.345,0.167,0.544,0.522,0.488,0.531,0.179,0.607,0.352,0.179,0.558,0.330,0.364,0.173,0.197,0.091,0.600,0.546,0.327,0.565,0.173,0.109,0.526,0.348,0.348,0.598,0.164,0.097,0.618,0.152,0.355,0.333,0.055,0.188,0.170,0.342,0.364,0.526,0.333,0.261,0.264,0.355,0.512,0.197,0.516,0.370,0.550,0.516,0.191,0.458,0.127,0.367,0.264,0.079,0.097,0.358,0.373,0.535,0.561,0.088,0.088,0.565,0.348,0.578,0.327,0.461,0.018,0.097,0.574,0.543,0.550,0.203,0.170,0.558,0.544,0.109,0.118,0.176,0.076,0.194,0.550,0.540,0.524,0.529,0.488,0.264,0.559,0.576,0.364,0.345,0.458,0.324,0.194,0.550,0.488,0.103,0.512,0.348,0.309,0.088,0.112,0.529,0.482,0.560,0.529,0.367,0.085
7PNB_K_1_NAG;0.023,0.437,0.675,0.560,0.439,0.489,0.025,0.647,0.677,0.501,0.440,0.677,0.569,0.616,0.601,0.616,0.601,0.648,0.433,0.499,0.595,0.671,0.503,0.675,0.620,0.620,0.440,0.658,0.492,0.475,0.479,0.481,0.498,0.497,0.473,0.667,0.612,0.492,0.603,0.488,0.605,0.612,0.000,0.620,0.631,0.601,0.671,0.437,0.510,0.478,0.622,0.500,0.599,0.648,0.482,0.643,0.609,0.624,0.563,0.475,0.032,0.599,0.628,0.007,0.510,0.497,0.483,0.575,0.467,0.667,0.008,0.673,0.486,0.485,0.490,0.671,0.675,0.603,0.612,0.611,0.622,0.489,0.624,0.466,0.612,0.595,0.595,0.614,0.492,0.620,0.565,0.673,0.603,0.501,0.622,0.611,0.669,0.569,0.473,0.658,0.478,0.435,0.594,0.475,0.612,0.616,0.592,0.620,0.489,0.618,0.014,0.605,0.607,0.504,0.470,0.629,0.612,0.565,0.456,0.563,0.478,0.605,0.473,0.647,0.656,0.645,0.626,0.656,0.501,0.662,0.645,0.470,0.599,0.656,0.452,0.577,0.648,0.671,0.607,0.671,0.629,0.614,0.620,0.475,0.577,0.594,0.667,0.571,0.605,0.496,0.474,0.669,0.466,0.620,0.022,0.563,0.620,0.485,0.641,0.652,0.620,0.629,0.595,0.440,0.495,0.654,0.503,0.622,0.609,0.482,0.565,0.577,0.435,0.601,0.599,0.021,0.597,0.647,0.656,0.599,0.622,0.601,0.656,0.652,0.467,0.647,0.614,0.612,0.563,0.477,0.633,0.471,0.671,0.504,0.477,0.626,0.664,0.614,0.675,0.612,0.592,0.611,0.677,0.675,0.475,0.478,0.590,0.614,0.485,0.561,0.489,0.656,0.675,0.612,0.607,0.506,0.501,0.503,0.622,0.601,0.503,0.481,0.616,0.614,0.618,0.607,0.626,0.499,0.479,0.452,0.468,0.669,0.612,0.517,0.517,0.650,0.565,0.673,0.652,0.626,0.500,0.673,0.609,0.464,0.569,0.648,0.612,0.605,0.464,0.669,0.475,0.464,0.652,0.609
7PNB_1_5_MAN;0.616,0.559,0.394,0.336,0.561,0.535,0.620,0.348,0.442,0.565,0.555,0.394,0.403,0.106,0.152,0.173,0.152,0.352,0.555,0.546,0.173,0.421,0.573,0.439,0.000,0.179,0.555,0.364,0.549,0.565,0.571,0.541,0.540,0.565,0.567,0.388,0.267,0.527,0.167,0.553,0.158,0.179,0.620,0.000,0.212,0.164,0.524,0.561,0.550,0.565,0.194,0.548,0.164,0.352,0.541,0.355,0.152,0.212,0.321,0.578,0.612,0.145,0.212,0.620,0.567,0.573,0.566,0.400,0.543,0.388,0.622,0.400,0.527,0.524,0.545,0.527,0.452,0.152,0.267,0.161,0.000,0.546,0.212,0.535,0.106,0.164,0.164,0.100,0.557,0.215,0.336,0.445,0.167,0.569,0.206,0.270,0.521,0.330,0.526,0.352,0.586,0.557,0.155,0.567,0.267,0.106,0.158,0.173,0.546,0.003,0.620,0.121,0.158,0.552,0.535,0.212,0.148,0.330,0.539,0.318,0.580,0.121,0.529,0.355,0.352,0.342,0.212,0.355,0.569,0.364,0.355,0.543,0.164,0.352,0.543,0.385,0.352,0.521,0.118,0.524,0.209,0.264,0.194,0.527,0.397,0.152,0.436,0.388,0.152,0.565,0.535,0.521,0.529,0.000,0.612,0.397,0.000,0.560,0.352,0.345,0.000,0.212,0.158,0.555,0.546,0.352,0.552,0.000,0.121,0.533,0.333,0.394,0.555,0.148,0.164,0.624,0.155,0.355,0.355,0.176,0.206,0.152,0.352,0.345,0.531,0.355,0.264,0.267,0.397,0.522,0.209,0.533,0.388,0.567,0.527,0.212,0.430,0.133,0.370,0.267,0.142,0.112,0.397,0.400,0.541,0.584,0.164,0.109,0.569,0.339,0.554,0.352,0.445,0.148,0.106,0.555,0.560,0.569,0.194,0.155,0.571,0.569,0.121,0.130,0.003,0.167,0.212,0.567,0.562,0.535,0.539,0.524,0.267,0.547,0.553,0.355,0.318,0.439,0.348,0.212,0.569,0.515,0.118,0.522,0.394,0.352,0.106,0.124,0.537,0.518,0.578,0.552,0.345,0.112
7PNB_O_4_BGC;0.633,0.629,0.382,0.403,0.634,0.558,0.635,0.327,0.452,0.580,0.623,0.373,0.418,0.230,0.255,0.206,0.258,0.288,0.623,0.556,0.179,0.418,0.573,0.442,0.209,0.194,0.623,0.297,0.566,0.582,0.592,0.575,0.549,0.575,0.584,0.376,0.267,0.554,0.206,0.566,0.221,0.200,0.631,0.212,0.000,0.182,0.564,0.640,0.556,0.567,0.009,0.582,0.212,0.288,0.582,0.330,0.191,0.064,0.409,0.588,0.631,0.248,0.021,0.631,0.571,0.571,0.578,0.415,0.529,0.385,0.633,0.394,0.567,0.556,0.578,0.567,0.470,0.267,0.267,0.197,0.206,0.558,0.064,0.595,0.224,0.188,0.209,0.206,0.566,0.070,0.409,0.461,0.206,0.582,0.055,0.264,0.558,0.409,0.548,0.288,0.595,0.623,0.194,0.578,0.267,0.227,0.188,0.194,0.550,0.209,0.631,0.167,0.203,0.567,0.592,0.021,0.197,0.409,0.522,0.397,0.590,0.179,0.582,0.291,0.285,0.324,0.061,0.285,0.582,0.297,0.333,0.526,0.212,0.285,0.522,0.406,0.285,0.561,0.170,0.564,0.015,0.264,0.024,0.573,0.412,0.197,0.436,0.412,0.267,0.580,0.565,0.561,0.522,0.212,0.631,0.412,0.212,0.554,0.321,0.288,0.206,0.021,0.206,0.631,0.565,0.333,0.567,0.209,0.170,0.565,0.403,0.409,0.625,0.252,0.212,0.643,0.248,0.291,0.285,0.179,0.058,0.258,0.294,0.288,0.586,0.336,0.264,0.267,0.415,0.550,0.003,0.580,0.379,0.580,0.575,0.061,0.436,0.155,0.358,0.267,0.197,0.230,0.385,0.394,0.529,0.599,0.218,0.230,0.595,0.403,0.573,0.285,0.458,0.197,0.221,0.578,0.567,0.582,0.003,0.258,0.578,0.571,0.170,0.158,0.209,0.191,0.064,0.580,0.545,0.590,0.526,0.564,0.267,0.566,0.587,0.294,0.397,0.439,0.330,0.064,0.582,0.555,0.167,0.558,0.409,0.330,0.221,0.173,0.518,0.555,0.586,0.537,0.291,0.224
7PNB_J_6_MAN;0.597,0.591,0.364,0.336,0.595,0.554,0.603,0.333,0.452,0.554,0.587,0.370,0.373,0.115,0.179,0.058,0.188,0.345,0.585,0.541,0.027,0.436,0.561,0.455,0.164,0.052,0.587,0.327,0.561,0.548,0.558,0.539,0.551,0.554,0.567,0.373,0.276,0.507,0.103,0.568,0.097,0.058,0.601,0.164,0.182,0.000,0.509,0.600,0.552,0.544,0.179,0.582,0.094,0.345,0.537,0.345,0.055,0.173,0.336,0.561,0.595,0.176,0.179,0.601,0.561,0.560,0.572,0.370,0.548,0.376,0.603,0.370,0.524,0.512,0.572,0.512,0.461,0.179,0.276,0.048,0.161,0.543,0.170,0.539,0.112,0.018,0.088,0.106,0.574,0.176,0.336,0.445,0.097,0.560,0.164,0.273,0.509,0.342,0.518,0.321,0.565,0.587,0.036,0.543,0.276,0.115,0.012,0.048,0.558,0.161,0.601,0.085,0.052,0.554,0.531,0.179,0.045,0.342,0.541,0.333,0.552,0.085,0.533,0.342,0.321,0.330,0.170,0.318,0.560,0.321,0.348,0.527,0.100,0.321,0.539,0.361,0.345,0.506,0.088,0.509,0.185,0.273,0.176,0.522,0.367,0.039,0.430,0.364,0.179,0.554,0.524,0.509,0.537,0.164,0.595,0.367,0.164,0.556,0.339,0.348,0.164,0.179,0.088,0.589,0.558,0.345,0.573,0.161,0.085,0.529,0.333,0.364,0.587,0.179,0.100,0.605,0.170,0.342,0.318,0.021,0.164,0.188,0.327,0.348,0.529,0.348,0.273,0.276,0.367,0.512,0.185,0.526,0.367,0.554,0.527,0.170,0.439,0.106,0.358,0.276,0.052,0.115,0.361,0.373,0.543,0.563,0.094,0.112,0.563,0.336,0.578,0.321,0.445,0.045,0.106,0.580,0.561,0.560,0.179,0.185,0.556,0.544,0.082,0.091,0.161,0.039,0.170,0.554,0.536,0.535,0.539,0.512,0.276,0.572,0.581,0.348,0.333,0.452,0.342,0.173,0.560,0.503,0.085,0.516,0.364,0.336,0.112,0.091,0.537,0.506,0.560,0.526,0.348,0.109
7PNB_j_3_YZT;0.673,0.636,0.506,0.488,0.638,0.701,0.677,0.582,0.512,0.688,0.633,0.515,0.497,0.503,0.467,0.491,0.464,0.494,0.633,0.709,0.500,0.515,0.673,0.509,0.524,0.497,0.633,0.467,0.716,0.675,0.681,0.675,0.706,0.681,0.673,0.509,0.470,0.686,0.494,0.725,0.488,0.485,0.671,0.524,0.564,0.509,0.000,0.638,0.703,0.675,0.548,0.728,0.491,0.494,0.688,0.585,0.476,0.506,0.485,0.681,0.679,0.467,0.558,0.673,0.677,0.673,0.727,0.500,0.673,0.512,0.675,0.503,0.682,0.679,0.714,0.006,0.521,0.464,0.470,0.488,0.518,0.669,0.509,0.692,0.497,0.500,0.494,0.497,0.723,0.503,0.488,0.524,0.494,0.686,0.515,0.470,0.006,0.488,0.675,0.473,0.682,0.633,0.503,0.681,0.470,0.503,0.503,0.494,0.720,0.521,0.671,0.479,0.476,0.660,0.688,0.558,0.488,0.488,0.679,0.488,0.684,0.485,0.684,0.491,0.479,0.576,0.509,0.467,0.686,0.467,0.585,0.671,0.488,0.473,0.675,0.497,0.494,0.006,0.485,0.000,0.573,0.482,0.545,0.681,0.497,0.503,0.506,0.500,0.461,0.688,0.675,0.006,0.677,0.524,0.679,0.494,0.524,0.669,0.573,0.494,0.524,0.561,0.497,0.636,0.705,0.588,0.735,0.521,0.479,0.673,0.485,0.497,0.633,0.467,0.491,0.677,0.467,0.491,0.467,0.500,0.515,0.464,0.473,0.485,0.684,0.585,0.482,0.470,0.494,0.671,0.567,0.684,0.497,0.686,0.681,0.509,0.524,0.485,0.497,0.470,0.497,0.503,0.509,0.509,0.671,0.682,0.488,0.500,0.679,0.488,0.732,0.467,0.521,0.488,0.494,0.725,0.716,0.686,0.552,0.467,0.669,0.671,0.479,0.476,0.524,0.518,0.509,0.686,0.652,0.686,0.673,0.012,0.470,0.718,0.725,0.500,0.482,0.506,0.588,0.506,0.686,0.012,0.482,0.669,0.497,0.582,0.497,0.482,0.679,0.006,0.681,0.667,0.500,0.494
7PNB_y_2_NAG;0.431,0.018,0.686,0.561,0.018,0.487,0.442,0.593,0.659,0.517,0.019,0.686,0.581,0.583,0.574,0.614,0.572,0.678,0.023,0.499,0.612,0.652,0.487,0.655,0.561,0.623,0.019,0.674,0.485,0.487,0.481,0.520,0.485,0.514,0.530,0.680,0.578,0.513,0.578,0.483,0.568,0.616,0.437,0.561,0.640,0.600,0.638,0.000,0.488,0.501,0.627,0.480,0.572,0.678,0.524,0.589,0.597,0.638,0.551,0.488,0.437,0.574,0.636,0.433,0.487,0.492,0.497,0.583,0.519,0.676,0.428,0.686,0.517,0.514,0.483,0.638,0.661,0.576,0.578,0.614,0.564,0.480,0.638,0.477,0.589,0.591,0.578,0.597,0.481,0.633,0.566,0.659,0.580,0.519,0.640,0.578,0.636,0.553,0.512,0.682,0.488,0.022,0.583,0.475,0.576,0.583,0.587,0.623,0.476,0.564,0.435,0.583,0.608,0.483,0.476,0.636,0.606,0.561,0.513,0.547,0.477,0.580,0.464,0.667,0.676,0.589,0.638,0.684,0.521,0.678,0.600,0.508,0.570,0.676,0.516,0.585,0.678,0.638,0.593,0.638,0.634,0.581,0.621,0.475,0.580,0.583,0.652,0.578,0.576,0.520,0.516,0.636,0.510,0.559,0.435,0.580,0.559,0.497,0.600,0.672,0.561,0.634,0.576,0.021,0.481,0.602,0.473,0.562,0.600,0.516,0.564,0.589,0.018,0.576,0.574,0.436,0.576,0.667,0.684,0.614,0.642,0.572,0.680,0.674,0.466,0.600,0.581,0.578,0.580,0.497,0.638,0.472,0.684,0.521,0.475,0.638,0.648,0.604,0.697,0.576,0.576,0.587,0.684,0.682,0.509,0.483,0.570,0.574,0.483,0.562,0.470,0.678,0.661,0.606,0.583,0.493,0.498,0.520,0.625,0.572,0.487,0.501,0.604,0.602,0.562,0.595,0.638,0.514,0.472,0.473,0.514,0.636,0.578,0.475,0.500,0.689,0.549,0.655,0.600,0.638,0.523,0.642,0.595,0.479,0.581,0.593,0.587,0.600,0.514,0.636,0.476,0.519,0.672,0.572
7PNB_a_1_NAG;0.504,0.481,0.626,0.599,0.491,0.055,0.526,0.588,0.652,0.382,0.481,0.626,0.584,0.548,0.544,0.541,0.537,0.599,0.481,0.077,0.556,0.650,0.376,0.648,0.550,0.544,0.481,0.603,0.048,0.445,0.459,0.370,0.062,0.375,0.372,0.626,0.571,0.380,0.529,0.076,0.529,0.543,0.510,0.550,0.556,0.552,0.703,0.488,0.000,0.368,0.554,0.449,0.531,0.599,0.363,0.586,0.544,0.554,0.594,0.448,0.518,0.546,0.552,0.512,0.390,0.374,0.464,0.582,0.324,0.626,0.516,0.624,0.372,0.380,0.451,0.705,0.658,0.546,0.571,0.541,0.550,0.365,0.552,0.341,0.552,0.546,0.533,0.558,0.446,0.554,0.603,0.648,0.535,0.383,0.552,0.573,0.703,0.605,0.364,0.607,0.446,0.479,0.544,0.444,0.569,0.548,0.550,0.546,0.055,0.552,0.514,0.537,0.543,0.407,0.341,0.552,0.543,0.603,0.342,0.588,0.437,0.539,0.349,0.597,0.605,0.578,0.550,0.603,0.380,0.601,0.592,0.326,0.529,0.605,0.350,0.578,0.599,0.703,0.541,0.703,0.556,0.569,0.550,0.348,0.584,0.544,0.641,0.586,0.543,0.383,0.375,0.703,0.356,0.548,0.507,0.588,0.548,0.367,0.580,0.599,0.550,0.552,0.535,0.488,0.054,0.594,0.445,0.550,0.543,0.382,0.601,0.584,0.483,0.544,0.529,0.521,0.541,0.597,0.603,0.554,0.554,0.537,0.607,0.599,0.335,0.592,0.569,0.571,0.588,0.372,0.550,0.337,0.618,0.382,0.339,0.550,0.643,0.537,0.620,0.569,0.543,0.552,0.631,0.624,0.346,0.449,0.529,0.548,0.455,0.601,0.437,0.607,0.645,0.543,0.550,0.469,0.080,0.379,0.554,0.541,0.396,0.374,0.544,0.541,0.552,0.544,0.550,0.382,0.373,0.348,0.361,0.703,0.571,0.472,0.469,0.601,0.590,0.648,0.592,0.552,0.385,0.703,0.541,0.349,0.586,0.588,0.550,0.543,0.349,0.701,0.441,0.323,0.599,0.544
7PNB_h_1_NAG;0.470,0.499,0.622,0.571,0.502,0.375,0.482,0.563,0.652,0.401,0.501,0.614,0.578,0.558,0.539,0.541,0.537,0.626,0.498,0.378,0.543,0.643,0.076,0.647,0.565,0.550,0.501,0.614,0.377,0.376,0.394,0.398,0.398,0.400,0.323,0.614,0.558,0.393,0.541,0.388,0.537,0.543,0.478,0.565,0.567,0.544,0.675,0.501,0.368,0.000,0.563,0.408,0.535,0.626,0.402,0.567,0.544,0.565,0.565,0.365,0.478,0.539,0.561,0.484,0.102,0.073,0.421,0.577,0.255,0.618,0.475,0.620,0.390,0.387,0.403,0.675,0.654,0.541,0.558,0.544,0.565,0.048,0.563,0.367,0.561,0.543,0.544,0.567,0.410,0.565,0.569,0.650,0.541,0.402,0.563,0.561,0.675,0.563,0.387,0.614,0.378,0.498,0.537,0.376,0.558,0.558,0.543,0.546,0.378,0.569,0.481,0.563,0.541,0.147,0.374,0.561,0.546,0.573,0.269,0.548,0.361,0.563,0.368,0.618,0.612,0.563,0.563,0.612,0.400,0.616,0.567,0.271,0.537,0.612,0.273,0.580,0.626,0.675,0.571,0.675,0.569,0.563,0.558,0.364,0.578,0.537,0.637,0.578,0.541,0.396,0.393,0.675,0.291,0.565,0.478,0.582,0.565,0.078,0.563,0.624,0.565,0.561,0.535,0.501,0.380,0.569,0.411,0.565,0.571,0.389,0.569,0.578,0.498,0.539,0.535,0.496,0.531,0.618,0.612,0.537,0.563,0.537,0.616,0.624,0.365,0.567,0.563,0.558,0.582,0.375,0.565,0.364,0.616,0.409,0.365,0.563,0.647,0.573,0.629,0.558,0.537,0.561,0.620,0.620,0.269,0.376,0.541,0.550,0.387,0.573,0.385,0.612,0.652,0.546,0.560,0.413,0.387,0.401,0.563,0.535,0.106,0.015,0.571,0.573,0.569,0.541,0.563,0.402,0.420,0.370,0.288,0.675,0.558,0.417,0.426,0.628,0.550,0.647,0.573,0.565,0.404,0.677,0.571,0.371,0.580,0.565,0.561,0.577,0.284,0.675,0.364,0.243,0.624,0.556
7PNB_x_4_BGC;0.622,0.616,0.379,0.388,0.621,0.556,0.626,0.324,0.436,0.578,0.610,0.370,0.406,0.218,0.248,0.209,0.252,0.276,0.610,0.554,0.182,0.403,0.567,0.427,0.194,0.197,0.610,0.288,0.564,0.575,0.582,0.573,0.547,0.573,0.577,0.370,0.255,0.544,0.197,0.564,0.206,0.203,0.622,0.194,0.009,0.179,0.548,0.627,0.554,0.563,0.000,0.578,0.203,0.276,0.577,0.327,0.182,0.067,0.394,0.578,0.622,0.242,0.018,0.622,0.565,0.565,0.572,0.403,0.531,0.382,0.626,0.388,0.558,0.548,0.574,0.552,0.455,0.252,0.255,0.194,0.194,0.548,0.067,0.592,0.212,0.185,0.200,0.203,0.564,0.070,0.388,0.445,0.197,0.580,0.058,0.252,0.545,0.394,0.543,0.279,0.586,0.610,0.191,0.569,0.255,0.218,0.185,0.197,0.548,0.191,0.624,0.161,0.197,0.561,0.588,0.018,0.188,0.394,0.524,0.382,0.575,0.164,0.578,0.279,0.279,0.321,0.064,0.276,0.580,0.288,0.330,0.522,0.203,0.279,0.524,0.394,0.276,0.545,0.158,0.548,0.012,0.252,0.015,0.569,0.400,0.194,0.418,0.397,0.255,0.578,0.558,0.545,0.524,0.194,0.620,0.400,0.194,0.548,0.318,0.279,0.194,0.018,0.197,0.617,0.563,0.330,0.560,0.194,0.155,0.563,0.385,0.397,0.612,0.245,0.203,0.631,0.239,0.279,0.276,0.182,0.058,0.252,0.285,0.279,0.582,0.330,0.252,0.255,0.400,0.541,0.012,0.577,0.376,0.578,0.571,0.064,0.418,0.139,0.352,0.255,0.194,0.218,0.382,0.391,0.531,0.584,0.206,0.221,0.586,0.388,0.569,0.279,0.442,0.188,0.206,0.574,0.565,0.580,0.006,0.252,0.573,0.565,0.155,0.142,0.191,0.194,0.064,0.578,0.551,0.586,0.527,0.548,0.255,0.564,0.583,0.282,0.382,0.424,0.327,0.064,0.580,0.539,0.158,0.554,0.397,0.327,0.212,0.158,0.520,0.542,0.577,0.533,0.279,0.215
7PNB_g_1_NAG;0.492,0.492,0.682,0.626,0.486,0.455,0.505,0.563,0.669,0.455,0.483,0.688,0.590,0.558,0.558,0.578,0.558,0.667,0.487,0.459,0.584,0.665,0.415,0.669,0.548,0.575,0.483,0.679,0.446,0.380,0.393,0.431,0.459,0.459,0.456,0.677,0.590,0.426,0.567,0.447,0.560,0.577,0.500,0.548,0.582,0.582,0.728,0.480,0.449,0.408,0.578,0.000,0.567,0.667,0.418,0.539,0.567,0.588,0.620,0.387,0.505,0.558,0.584,0.503,0.426,0.419,0.056,0.588,0.397,0.679,0.499,0.681,0.415,0.427,0.019,0.730,0.679,0.558,0.590,0.569,0.548,0.404,0.590,0.442,0.554,0.586,0.575,0.554,0.037,0.590,0.628,0.681,0.573,0.459,0.584,0.594,0.730,0.628,0.437,0.679,0.386,0.488,0.575,0.397,0.590,0.558,0.582,0.580,0.446,0.546,0.507,0.565,0.571,0.415,0.431,0.584,0.561,0.624,0.397,0.622,0.393,0.565,0.444,0.662,0.677,0.556,0.584,0.681,0.455,0.684,0.539,0.418,0.561,0.677,0.401,0.586,0.667,0.728,0.571,0.728,0.584,0.594,0.577,0.442,0.582,0.569,0.669,0.580,0.558,0.451,0.418,0.730,0.393,0.548,0.505,0.582,0.548,0.415,0.535,0.662,0.548,0.584,0.567,0.484,0.456,0.541,0.047,0.548,0.571,0.420,0.628,0.586,0.480,0.558,0.561,0.504,0.560,0.662,0.681,0.586,0.584,0.558,0.677,0.662,0.435,0.539,0.594,0.590,0.582,0.422,0.577,0.433,0.669,0.451,0.441,0.584,0.675,0.573,0.679,0.590,0.567,0.558,0.684,0.679,0.402,0.389,0.567,0.552,0.394,0.628,0.058,0.677,0.675,0.561,0.560,0.032,0.451,0.459,0.575,0.558,0.423,0.404,0.569,0.575,0.546,0.582,0.584,0.449,0.470,0.444,0.400,0.730,0.590,0.081,0.034,0.669,0.624,0.669,0.539,0.582,0.460,0.730,0.571,0.438,0.580,0.565,0.554,0.567,0.394,0.728,0.394,0.408,0.662,0.548
7PNB_a_6_MAN;0.595,0.564,0.373,0.336,0.566,0.533,0.597,0.297,0.433,0.544,0.559,0.385,0.364,0.118,0.127,0.103,0.130,0.358,0.557,0.527,0.115,0.427,0.554,0.439,0.164,0.103,0.559,0.339,0.528,0.539,0.552,0.539,0.532,0.548,0.578,0.379,0.239,0.516,0.012,0.545,0.018,0.097,0.599,0.164,0.212,0.094,0.491,0.572,0.531,0.535,0.203,0.567,0.000,0.358,0.539,0.327,0.088,0.188,0.339,0.541,0.594,0.127,0.203,0.599,0.554,0.552,0.570,0.361,0.544,0.382,0.601,0.379,0.527,0.516,0.559,0.491,0.442,0.130,0.239,0.088,0.161,0.535,0.188,0.533,0.118,0.100,0.015,0.121,0.559,0.191,0.342,0.436,0.006,0.550,0.194,0.236,0.485,0.355,0.516,0.330,0.552,0.559,0.100,0.535,0.239,0.118,0.094,0.097,0.546,0.164,0.599,0.136,0.085,0.552,0.529,0.203,0.085,0.342,0.539,0.339,0.544,0.136,0.531,0.352,0.330,0.291,0.188,0.333,0.550,0.342,0.324,0.537,0.012,0.330,0.537,0.345,0.358,0.488,0.142,0.491,0.206,0.236,0.194,0.514,0.358,0.106,0.427,0.348,0.124,0.544,0.531,0.485,0.533,0.164,0.592,0.358,0.164,0.544,0.321,0.361,0.164,0.203,0.006,0.561,0.531,0.330,0.558,0.161,0.145,0.529,0.339,0.355,0.557,0.127,0.006,0.599,0.124,0.352,0.333,0.109,0.194,0.130,0.336,0.361,0.531,0.324,0.236,0.239,0.358,0.514,0.209,0.518,0.373,0.548,0.522,0.188,0.442,0.133,0.367,0.239,0.106,0.118,0.370,0.379,0.541,0.550,0.015,0.112,0.548,0.336,0.563,0.330,0.439,0.085,0.115,0.570,0.537,0.550,0.203,0.133,0.548,0.537,0.139,0.136,0.164,0.115,0.188,0.548,0.536,0.526,0.535,0.488,0.239,0.557,0.570,0.355,0.342,0.436,0.327,0.188,0.550,0.482,0.139,0.512,0.355,0.300,0.118,0.142,0.535,0.485,0.546,0.541,0.361,0.115
7PNB_w_3_YZT;0.652,0.663,0.206,0.455,0.674,0.607,0.652,0.452,0.291,0.584,0.663,0.191,0.427,0.339,0.370,0.364,0.367,0.003,0.657,0.595,0.348,0.279,0.629,0.288,0.352,0.358,0.663,0.127,0.606,0.628,0.633,0.595,0.606,0.586,0.624,0.197,0.348,0.607,0.364,0.608,0.364,0.361,0.648,0.352,0.288,0.345,0.494,0.678,0.599,0.626,0.276,0.667,0.358,0.000,0.597,0.458,0.345,0.273,0.452,0.629,0.652,0.364,0.285,0.648,0.626,0.628,0.650,0.424,0.605,0.197,0.652,0.203,0.601,0.605,0.659,0.491,0.294,0.373,0.348,0.348,0.352,0.614,0.273,0.626,0.336,0.352,0.361,0.345,0.655,0.276,0.455,0.291,0.364,0.588,0.264,0.345,0.488,0.467,0.595,0.139,0.635,0.657,0.339,0.624,0.348,0.339,0.352,0.364,0.595,0.348,0.650,0.345,0.352,0.620,0.622,0.285,0.342,0.461,0.601,0.445,0.628,0.345,0.620,0.003,0.115,0.448,0.270,0.124,0.588,0.121,0.464,0.603,0.361,0.121,0.601,0.421,0.003,0.488,0.345,0.494,0.291,0.345,0.273,0.609,0.427,0.342,0.279,0.430,0.373,0.584,0.597,0.488,0.612,0.352,0.647,0.433,0.352,0.616,0.448,0.009,0.352,0.285,0.352,0.670,0.611,0.470,0.656,0.352,0.339,0.601,0.452,0.421,0.665,0.367,0.358,0.652,0.364,0.003,0.145,0.348,0.264,0.367,0.136,0.015,0.620,0.464,0.345,0.348,0.433,0.603,0.282,0.612,0.194,0.588,0.612,0.270,0.267,0.339,0.188,0.348,0.342,0.339,0.209,0.212,0.607,0.635,0.361,0.342,0.633,0.455,0.654,0.124,0.288,0.342,0.336,0.667,0.612,0.588,0.276,0.367,0.631,0.628,0.339,0.339,0.348,0.352,0.270,0.588,0.610,0.620,0.614,0.482,0.348,0.650,0.670,0.003,0.445,0.288,0.470,0.270,0.588,0.488,0.345,0.609,0.430,0.455,0.336,0.342,0.609,0.485,0.631,0.612,0.003,0.339
7PNB_d_2_NAG;0.474,0.523,0.603,0.597,0.525,0.346,0.488,0.580,0.637,0.205,0.514,0.607,0.558,0.544,0.531,0.533,0.535,0.597,0.516,0.350,0.533,0.637,0.397,0.641,0.541,0.537,0.514,0.601,0.360,0.354,0.363,0.019,0.360,0.206,0.411,0.603,0.535,0.069,0.539,0.365,0.531,0.539,0.482,0.541,0.582,0.537,0.688,0.524,0.363,0.402,0.577,0.418,0.539,0.597,0.000,0.588,0.531,0.541,0.592,0.368,0.482,0.531,0.571,0.485,0.401,0.408,0.417,0.556,0.400,0.599,0.485,0.607,0.040,0.062,0.415,0.690,0.639,0.531,0.535,0.533,0.539,0.412,0.541,0.243,0.543,0.537,0.537,0.533,0.413,0.537,0.599,0.633,0.546,0.210,0.539,0.541,0.692,0.605,0.059,0.590,0.371,0.516,0.524,0.360,0.535,0.544,0.537,0.541,0.356,0.539,0.486,0.543,0.535,0.396,0.231,0.573,0.529,0.594,0.401,0.590,0.356,0.543,0.247,0.594,0.595,0.580,0.543,0.592,0.213,0.599,0.586,0.386,0.533,0.595,0.402,0.546,0.597,0.688,0.548,0.688,0.580,0.533,0.567,0.235,0.554,0.516,0.633,0.548,0.529,0.212,0.051,0.692,0.400,0.541,0.473,0.546,0.541,0.387,0.580,0.595,0.541,0.573,0.535,0.527,0.349,0.590,0.413,0.541,0.544,0.047,0.599,0.550,0.513,0.531,0.531,0.492,0.529,0.594,0.592,0.537,0.539,0.535,0.586,0.594,0.234,0.588,0.533,0.535,0.546,0.073,0.580,0.227,0.595,0.214,0.242,0.543,0.633,0.548,0.590,0.535,0.516,0.541,0.601,0.607,0.411,0.363,0.533,0.541,0.379,0.599,0.424,0.595,0.635,0.529,0.537,0.413,0.332,0.214,0.577,0.535,0.411,0.401,0.548,0.552,0.539,0.529,0.543,0.206,0.402,0.232,0.400,0.692,0.535,0.422,0.415,0.595,0.594,0.641,0.592,0.543,0.209,0.692,0.548,0.225,0.544,0.582,0.543,0.543,0.401,0.690,0.365,0.391,0.595,0.533
7PNB_L_5_MAN;0.637,0.585,0.470,0.439,0.585,0.584,0.641,0.042,0.455,0.616,0.578,0.467,0.430,0.336,0.355,0.345,0.345,0.458,0.587,0.584,0.339,0.445,0.567,0.458,0.355,0.336,0.578,0.461,0.602,0.577,0.578,0.586,0.597,0.618,0.597,0.464,0.355,0.584,0.336,0.612,0.336,0.333,0.643,0.355,0.330,0.345,0.585,0.589,0.586,0.567,0.327,0.539,0.327,0.458,0.588,0.000,0.327,0.306,0.430,0.567,0.645,0.355,0.306,0.643,0.563,0.575,0.551,0.430,0.561,0.476,0.643,0.476,0.577,0.578,0.532,0.588,0.455,0.355,0.355,0.333,0.355,0.567,0.309,0.586,0.336,0.324,0.333,0.330,0.538,0.309,0.448,0.458,0.342,0.629,0.303,0.358,0.588,0.448,0.580,0.458,0.575,0.583,0.318,0.573,0.355,0.336,0.330,0.330,0.597,0.355,0.643,0.330,0.327,0.588,0.580,0.306,0.336,0.439,0.565,0.427,0.565,0.330,0.582,0.455,0.458,0.039,0.303,0.461,0.620,0.470,0.006,0.560,0.330,0.458,0.567,0.439,0.458,0.582,0.336,0.585,0.321,0.355,0.303,0.582,0.424,0.318,0.464,0.433,0.355,0.620,0.582,0.588,0.563,0.355,0.639,0.436,0.355,0.565,0.006,0.458,0.355,0.306,0.327,0.581,0.590,0.015,0.539,0.355,0.342,0.580,0.448,0.436,0.583,0.355,0.321,0.643,0.342,0.455,0.461,0.336,0.303,0.345,0.452,0.458,0.582,0.006,0.355,0.355,0.436,0.588,0.327,0.578,0.470,0.616,0.575,0.303,0.448,0.342,0.482,0.355,0.309,0.336,0.467,0.476,0.563,0.575,0.339,0.333,0.561,0.439,0.537,0.458,0.455,0.336,0.333,0.532,0.586,0.620,0.327,0.345,0.563,0.569,0.339,0.345,0.355,0.321,0.303,0.616,0.576,0.590,0.563,0.591,0.355,0.527,0.538,0.464,0.427,0.458,0.012,0.300,0.629,0.582,0.336,0.580,0.436,0.045,0.336,0.330,0.561,0.585,0.569,0.561,0.458,0.336
7PNB_s_5_MAN;0.605,0.589,0.352,0.327,0.591,0.535,0.611,0.300,0.433,0.544,0.583,0.358,0.342,0.079,0.152,0.039,0.158,0.345,0.583,0.526,0.064,0.418,0.552,0.436,0.152,0.027,0.583,0.321,0.545,0.550,0.560,0.527,0.542,0.548,0.560,0.358,0.252,0.509,0.091,0.557,0.091,0.021,0.609,0.152,0.191,0.055,0.476,0.597,0.544,0.544,0.182,0.567,0.088,0.345,0.531,0.327,0.000,0.170,0.324,0.560,0.601,0.148,0.188,0.609,0.554,0.552,0.568,0.339,0.541,0.361,0.611,0.358,0.522,0.509,0.557,0.479,0.442,0.148,0.252,0.012,0.148,0.546,0.170,0.535,0.073,0.061,0.076,0.073,0.562,0.173,0.327,0.436,0.091,0.550,0.164,0.248,0.476,0.333,0.516,0.312,0.567,0.585,0.067,0.550,0.252,0.079,0.055,0.021,0.550,0.148,0.609,0.073,0.009,0.548,0.531,0.188,0.009,0.333,0.535,0.321,0.560,0.073,0.529,0.339,0.312,0.297,0.170,0.315,0.550,0.321,0.324,0.537,0.088,0.312,0.533,0.324,0.345,0.473,0.079,0.476,0.194,0.248,0.179,0.516,0.336,0.070,0.421,0.327,0.148,0.544,0.516,0.476,0.533,0.152,0.601,0.336,0.152,0.548,0.324,0.348,0.152,0.188,0.082,0.585,0.544,0.321,0.558,0.148,0.076,0.526,0.324,0.333,0.583,0.152,0.088,0.612,0.142,0.339,0.315,0.064,0.164,0.158,0.324,0.348,0.529,0.324,0.248,0.252,0.336,0.509,0.188,0.520,0.355,0.548,0.520,0.170,0.430,0.094,0.348,0.252,0.073,0.079,0.342,0.358,0.537,0.565,0.082,0.073,0.565,0.327,0.571,0.312,0.436,0.009,0.076,0.561,0.544,0.550,0.182,0.158,0.550,0.544,0.076,0.085,0.148,0.082,0.170,0.548,0.534,0.527,0.535,0.479,0.252,0.547,0.566,0.348,0.324,0.433,0.318,0.170,0.550,0.470,0.076,0.516,0.333,0.303,0.073,0.079,0.531,0.473,0.561,0.531,0.348,0.070
7PNB_W_4_BGC;0.626,0.627,0.385,0.385,0.633,0.556,0.628,0.297,0.409,0.580,0.619,0.373,0.388,0.203,0.245,0.194,0.248,0.273,0.619,0.548,0.170,0.385,0.563,0.409,0.212,0.185,0.619,0.288,0.557,0.560,0.563,0.539,0.542,0.578,0.577,0.376,0.227,0.529,0.188,0.570,0.197,0.191,0.624,0.212,0.064,0.173,0.506,0.638,0.554,0.565,0.067,0.588,0.188,0.273,0.541,0.306,0.170,0.000,0.379,0.569,0.624,0.239,0.064,0.624,0.565,0.565,0.574,0.385,0.544,0.394,0.628,0.394,0.535,0.537,0.572,0.509,0.415,0.248,0.227,0.182,0.212,0.558,0.000,0.573,0.200,0.179,0.185,0.191,0.568,0.003,0.385,0.412,0.188,0.584,0.009,0.224,0.503,0.391,0.531,0.276,0.573,0.619,0.173,0.560,0.227,0.203,0.179,0.185,0.556,0.209,0.626,0.164,0.185,0.560,0.569,0.064,0.176,0.385,0.541,0.373,0.573,0.167,0.563,0.276,0.276,0.291,0.003,0.273,0.584,0.291,0.309,0.544,0.194,0.276,0.541,0.376,0.273,0.503,0.161,0.506,0.073,0.224,0.061,0.552,0.382,0.176,0.406,0.379,0.252,0.580,0.541,0.503,0.541,0.212,0.622,0.382,0.212,0.548,0.297,0.276,0.212,0.064,0.194,0.629,0.550,0.315,0.571,0.212,0.155,0.535,0.382,0.376,0.621,0.242,0.188,0.628,0.236,0.276,0.273,0.170,0.009,0.248,0.276,0.276,0.558,0.309,0.224,0.227,0.382,0.535,0.067,0.561,0.379,0.582,0.556,0.003,0.400,0.142,0.361,0.227,0.170,0.203,0.388,0.397,0.550,0.573,0.191,0.206,0.563,0.385,0.577,0.276,0.415,0.176,0.194,0.578,0.554,0.584,0.061,0.248,0.567,0.567,0.155,0.145,0.209,0.176,0.003,0.582,0.540,0.561,0.544,0.506,0.227,0.561,0.583,0.279,0.373,0.406,0.312,0.003,0.584,0.497,0.161,0.539,0.379,0.300,0.200,0.158,0.537,0.500,0.569,0.556,0.276,0.203
7PNB_K_4_MAN;0.567,0.542,0.452,0.018,0.547,0.569,0.567,0.409,0.461,0.586,0.542,0.452,0.370,0.358,0.339,0.339,0.345,0.452,0.538,0.607,0.330,0.458,0.560,0.464,0.321,0.367,0.542,0.430,0.608,0.590,0.586,0.573,0.595,0.584,0.609,0.452,0.342,0.586,0.345,0.629,0.352,0.345,0.563,0.321,0.409,0.336,0.485,0.551,0.594,0.565,0.394,0.620,0.339,0.452,0.592,0.430,0.324,0.379,0.000,0.586,0.573,0.336,0.397,0.563,0.561,0.565,0.642,0.379,0.614,0.448,0.561,0.452,0.577,0.578,0.616,0.488,0.458,0.342,0.342,0.348,0.321,0.565,0.379,0.558,0.355,0.324,0.342,0.361,0.627,0.382,0.021,0.458,0.345,0.590,0.379,0.348,0.485,0.018,0.561,0.421,0.599,0.540,0.306,0.590,0.342,0.358,0.318,0.355,0.603,0.321,0.563,0.342,0.333,0.554,0.560,0.397,0.339,0.012,0.609,0.015,0.590,0.342,0.552,0.439,0.424,0.409,0.379,0.418,0.590,0.427,0.436,0.612,0.342,0.424,0.611,0.348,0.452,0.485,0.355,0.485,0.403,0.355,0.382,0.560,0.382,0.315,0.464,0.358,0.342,0.586,0.575,0.485,0.612,0.321,0.573,0.370,0.321,0.558,0.430,0.445,0.321,0.397,0.339,0.542,0.590,0.442,0.622,0.321,0.358,0.561,0.021,0.373,0.542,0.339,0.339,0.560,0.336,0.439,0.418,0.330,0.379,0.345,0.409,0.445,0.546,0.436,0.355,0.342,0.370,0.569,0.412,0.554,0.442,0.595,0.546,0.379,0.445,0.358,0.452,0.342,0.303,0.358,0.455,0.452,0.614,0.597,0.342,0.345,0.582,0.021,0.612,0.424,0.455,0.339,0.348,0.625,0.603,0.590,0.394,0.345,0.563,0.560,0.358,0.358,0.321,0.330,0.379,0.595,0.562,0.554,0.614,0.485,0.342,0.623,0.629,0.473,0.018,0.464,0.442,0.379,0.590,0.485,0.355,0.563,0.379,0.412,0.355,0.355,0.614,0.482,0.584,0.603,0.445,0.348
7PNB_v_2_NAG;0.470,0.490,0.658,0.580,0.488,0.444,0.470,0.578,0.669,0.400,0.487,0.671,0.584,0.584,0.550,0.556,0.554,0.629,0.483,0.449,0.565,0.662,0.372,0.667,0.578,0.558,0.487,0.647,0.440,0.047,0.059,0.371,0.453,0.396,0.448,0.654,0.531,0.360,0.556,0.428,0.546,0.560,0.475,0.578,0.588,0.561,0.681,0.488,0.448,0.365,0.578,0.387,0.541,0.629,0.368,0.567,0.560,0.569,0.586,0.000,0.466,0.550,0.578,0.475,0.385,0.376,0.385,0.582,0.382,0.669,0.464,0.662,0.353,0.364,0.381,0.681,0.675,0.550,0.531,0.556,0.578,0.375,0.571,0.343,0.582,0.563,0.550,0.575,0.393,0.573,0.584,0.677,0.556,0.398,0.565,0.529,0.681,0.586,0.364,0.633,0.041,0.483,0.563,0.058,0.531,0.584,0.563,0.567,0.434,0.577,0.474,0.554,0.558,0.371,0.343,0.580,0.554,0.584,0.394,0.580,0.027,0.552,0.346,0.626,0.641,0.580,0.569,0.631,0.398,0.650,0.575,0.397,0.541,0.641,0.400,0.584,0.629,0.681,0.558,0.681,0.586,0.535,0.573,0.337,0.584,0.560,0.671,0.582,0.548,0.394,0.368,0.681,0.400,0.578,0.470,0.578,0.578,0.372,0.569,0.631,0.578,0.580,0.537,0.488,0.440,0.584,0.386,0.578,0.556,0.353,0.584,0.577,0.484,0.550,0.541,0.477,0.544,0.626,0.631,0.565,0.565,0.554,0.631,0.631,0.337,0.577,0.535,0.531,0.578,0.361,0.590,0.337,0.656,0.400,0.350,0.569,0.675,0.565,0.658,0.531,0.550,0.580,0.665,0.664,0.408,0.051,0.541,0.580,0.059,0.582,0.378,0.641,0.677,0.554,0.575,0.380,0.455,0.402,0.580,0.554,0.372,0.361,0.552,0.563,0.577,0.571,0.569,0.398,0.413,0.339,0.407,0.681,0.531,0.385,0.381,0.628,0.580,0.665,0.582,0.567,0.400,0.686,0.558,0.332,0.577,0.582,0.582,0.548,0.394,0.681,0.033,0.385,0.631,0.578
7PNB_y_1_NAG;0.025,0.437,0.675,0.569,0.439,0.490,0.032,0.650,0.692,0.489,0.440,0.677,0.582,0.609,0.594,0.611,0.594,0.652,0.433,0.504,0.588,0.686,0.503,0.690,0.612,0.616,0.440,0.658,0.497,0.466,0.475,0.478,0.502,0.488,0.488,0.667,0.614,0.484,0.597,0.492,0.601,0.607,0.032,0.612,0.631,0.595,0.679,0.437,0.518,0.478,0.622,0.505,0.594,0.652,0.482,0.645,0.601,0.624,0.573,0.466,0.000,0.592,0.628,0.030,0.512,0.497,0.490,0.588,0.475,0.667,0.026,0.673,0.488,0.477,0.490,0.679,0.690,0.595,0.614,0.605,0.614,0.490,0.624,0.456,0.605,0.588,0.590,0.607,0.499,0.620,0.575,0.686,0.597,0.489,0.622,0.612,0.677,0.578,0.471,0.658,0.470,0.435,0.586,0.464,0.614,0.609,0.584,0.612,0.492,0.611,0.032,0.599,0.599,0.505,0.460,0.629,0.607,0.575,0.467,0.575,0.467,0.599,0.464,0.650,0.656,0.648,0.626,0.656,0.489,0.662,0.648,0.479,0.595,0.656,0.464,0.590,0.652,0.679,0.601,0.679,0.629,0.612,0.620,0.468,0.590,0.586,0.681,0.584,0.597,0.484,0.467,0.677,0.474,0.612,0.018,0.577,0.612,0.484,0.643,0.656,0.612,0.629,0.590,0.440,0.497,0.658,0.511,0.614,0.603,0.482,0.575,0.590,0.435,0.594,0.594,0.033,0.590,0.650,0.656,0.592,0.622,0.594,0.656,0.656,0.457,0.650,0.612,0.614,0.577,0.470,0.633,0.462,0.671,0.492,0.466,0.626,0.677,0.609,0.673,0.614,0.584,0.603,0.677,0.675,0.486,0.470,0.586,0.607,0.481,0.571,0.496,0.656,0.688,0.607,0.599,0.506,0.505,0.490,0.622,0.594,0.503,0.484,0.611,0.609,0.611,0.599,0.626,0.486,0.487,0.446,0.481,0.677,0.614,0.517,0.517,0.656,0.577,0.688,0.656,0.626,0.488,0.679,0.603,0.456,0.582,0.652,0.605,0.599,0.473,0.677,0.466,0.475,0.656,0.601
7PNB_w_6_MAN;0.597,0.566,0.382,0.339,0.574,0.541,0.599,0.333,0.427,0.552,0.564,0.409,0.345,0.112,0.003,0.161,0.009,0.364,0.559,0.548,0.173,0.418,0.552,0.427,0.145,0.170,0.564,0.361,0.549,0.543,0.560,0.526,0.538,0.556,0.561,0.388,0.215,0.501,0.133,0.562,0.127,0.161,0.599,0.145,0.248,0.176,0.467,0.574,0.546,0.539,0.242,0.558,0.127,0.364,0.531,0.355,0.148,0.239,0.336,0.550,0.592,0.000,0.236,0.599,0.548,0.556,0.559,0.342,0.527,0.391,0.601,0.388,0.512,0.501,0.544,0.470,0.436,0.000,0.215,0.155,0.142,0.526,0.239,0.527,0.118,0.176,0.139,0.121,0.555,0.242,0.339,0.430,0.133,0.558,0.245,0.215,0.467,0.345,0.509,0.348,0.560,0.561,0.179,0.546,0.215,0.112,0.170,0.164,0.560,0.152,0.599,0.127,0.152,0.544,0.524,0.236,0.145,0.345,0.520,0.336,0.546,0.130,0.520,0.358,0.348,0.324,0.239,0.352,0.558,0.364,0.348,0.520,0.133,0.348,0.516,0.327,0.364,0.464,0.136,0.467,0.242,0.212,0.230,0.514,0.345,0.185,0.421,0.336,0.003,0.552,0.518,0.467,0.514,0.145,0.592,0.336,0.145,0.539,0.345,0.367,0.145,0.236,0.133,0.568,0.544,0.355,0.558,0.145,0.139,0.514,0.336,0.336,0.564,0.003,0.127,0.601,0.003,0.358,0.352,0.176,0.245,0.009,0.361,0.364,0.520,0.348,0.212,0.215,0.336,0.501,0.245,0.518,0.370,0.552,0.514,0.239,0.430,0.148,0.376,0.215,0.179,0.118,0.391,0.388,0.520,0.558,0.133,0.106,0.544,0.339,0.558,0.348,0.430,0.145,0.115,0.553,0.554,0.558,0.242,0.009,0.550,0.541,0.139,0.145,0.152,0.185,0.239,0.552,0.515,0.524,0.520,0.470,0.215,0.547,0.557,0.370,0.339,0.424,0.352,0.239,0.558,0.461,0.136,0.512,0.333,0.336,0.118,0.142,0.516,0.464,0.546,0.526,0.367,0.115
7PNB_n_4_BGC;0.631,0.625,0.373,0.391,0.631,0.558,0.626,0.303,0.439,0.580,0.619,0.364,0.424,0.218,0.242,0.206,0.245,0.285,0.619,0.552,0.176,0.415,0.567,0.439,0.209,0.191,0.619,0.291,0.566,0.588,0.590,0.563,0.553,0.577,0.580,0.367,0.261,0.535,0.197,0.566,0.218,0.197,0.628,0.212,0.021,0.179,0.558,0.636,0.552,0.561,0.018,0.584,0.203,0.285,0.571,0.306,0.188,0.064,0.397,0.578,0.628,0.236,0.000,0.628,0.565,0.565,0.574,0.421,0.524,0.382,0.629,0.385,0.550,0.541,0.576,0.561,0.458,0.255,0.261,0.194,0.206,0.548,0.064,0.584,0.221,0.173,0.200,0.203,0.568,0.070,0.403,0.448,0.197,0.584,0.055,0.258,0.552,0.409,0.535,0.282,0.590,0.619,0.185,0.577,0.261,0.215,0.173,0.191,0.550,0.215,0.628,0.158,0.200,0.561,0.582,0.000,0.194,0.397,0.516,0.397,0.578,0.170,0.573,0.288,0.279,0.300,0.061,0.279,0.584,0.291,0.309,0.516,0.203,0.279,0.516,0.412,0.282,0.555,0.161,0.558,0.006,0.258,0.003,0.563,0.418,0.188,0.433,0.418,0.255,0.580,0.550,0.555,0.516,0.212,0.628,0.418,0.212,0.548,0.297,0.285,0.206,0.000,0.197,0.627,0.561,0.309,0.565,0.209,0.170,0.554,0.397,0.412,0.621,0.239,0.203,0.633,0.236,0.288,0.279,0.176,0.058,0.245,0.282,0.285,0.577,0.312,0.258,0.261,0.421,0.541,0.024,0.571,0.370,0.582,0.565,0.061,0.433,0.155,0.348,0.261,0.182,0.224,0.376,0.385,0.526,0.588,0.209,0.218,0.592,0.391,0.575,0.279,0.445,0.194,0.215,0.578,0.567,0.584,0.024,0.245,0.571,0.565,0.170,0.158,0.215,0.176,0.064,0.582,0.547,0.578,0.520,0.558,0.261,0.572,0.587,0.291,0.397,0.436,0.306,0.064,0.584,0.548,0.158,0.550,0.415,0.306,0.218,0.167,0.512,0.548,0.584,0.526,0.288,0.221
7PNB_P_1_NAG;0.030,0.433,0.675,0.560,0.435,0.492,0.018,0.647,0.677,0.499,0.436,0.677,0.569,0.616,0.601,0.616,0.601,0.648,0.429,0.501,0.595,0.671,0.508,0.675,0.620,0.620,0.436,0.658,0.495,0.475,0.479,0.484,0.501,0.495,0.474,0.667,0.612,0.495,0.603,0.491,0.605,0.612,0.007,0.620,0.631,0.601,0.673,0.433,0.512,0.484,0.622,0.503,0.599,0.648,0.485,0.643,0.609,0.624,0.563,0.475,0.030,0.599,0.628,0.000,0.515,0.503,0.487,0.575,0.473,0.667,0.010,0.673,0.489,0.488,0.492,0.673,0.675,0.603,0.612,0.611,0.622,0.495,0.624,0.466,0.612,0.595,0.595,0.614,0.495,0.620,0.565,0.673,0.603,0.499,0.622,0.611,0.671,0.569,0.475,0.658,0.478,0.431,0.594,0.475,0.612,0.616,0.592,0.620,0.492,0.618,0.015,0.605,0.607,0.510,0.470,0.629,0.612,0.565,0.462,0.563,0.478,0.605,0.473,0.647,0.656,0.645,0.626,0.656,0.499,0.662,0.645,0.475,0.599,0.656,0.457,0.577,0.648,0.673,0.607,0.673,0.629,0.614,0.620,0.475,0.577,0.594,0.667,0.571,0.605,0.493,0.477,0.671,0.471,0.620,0.029,0.563,0.620,0.490,0.641,0.652,0.620,0.629,0.595,0.436,0.497,0.654,0.505,0.622,0.609,0.485,0.565,0.577,0.431,0.601,0.599,0.014,0.597,0.647,0.656,0.599,0.622,0.601,0.656,0.652,0.467,0.647,0.614,0.612,0.563,0.479,0.633,0.471,0.671,0.501,0.477,0.626,0.664,0.614,0.675,0.612,0.592,0.611,0.677,0.675,0.481,0.478,0.590,0.614,0.485,0.561,0.492,0.656,0.675,0.612,0.607,0.509,0.504,0.500,0.622,0.601,0.508,0.486,0.616,0.614,0.618,0.607,0.626,0.496,0.476,0.452,0.474,0.671,0.612,0.520,0.520,0.650,0.565,0.673,0.652,0.626,0.497,0.675,0.609,0.464,0.569,0.648,0.612,0.605,0.470,0.671,0.475,0.470,0.652,0.609
7PNB_w_1_NAG;0.493,0.486,0.612,0.575,0.488,0.386,0.515,0.565,0.645,0.394,0.487,0.607,0.569,0.575,0.548,0.554,0.546,0.626,0.484,0.385,0.563,0.633,0.041,0.637,0.567,0.571,0.487,0.620,0.381,0.390,0.408,0.396,0.398,0.393,0.335,0.607,0.546,0.394,0.565,0.396,0.561,0.563,0.510,0.567,0.571,0.561,0.677,0.487,0.390,0.102,0.565,0.426,0.554,0.626,0.401,0.563,0.554,0.565,0.561,0.385,0.512,0.548,0.565,0.515,0.000,0.034,0.435,0.567,0.253,0.609,0.505,0.611,0.386,0.397,0.417,0.677,0.650,0.550,0.546,0.563,0.567,0.126,0.563,0.368,0.578,0.561,0.565,0.584,0.420,0.565,0.573,0.647,0.560,0.396,0.560,0.550,0.677,0.560,0.390,0.620,0.400,0.484,0.548,0.396,0.546,0.575,0.561,0.567,0.372,0.571,0.512,0.571,0.560,0.070,0.360,0.565,0.565,0.569,0.284,0.546,0.385,0.571,0.364,0.620,0.618,0.565,0.560,0.618,0.393,0.620,0.563,0.264,0.561,0.618,0.288,0.571,0.626,0.677,0.578,0.677,0.573,0.552,0.560,0.357,0.569,0.548,0.628,0.569,0.550,0.391,0.390,0.677,0.313,0.567,0.500,0.573,0.567,0.045,0.560,0.624,0.567,0.565,0.554,0.487,0.393,0.565,0.419,0.567,0.578,0.386,0.573,0.569,0.484,0.548,0.560,0.518,0.541,0.620,0.618,0.556,0.560,0.546,0.614,0.624,0.367,0.563,0.552,0.546,0.573,0.385,0.569,0.359,0.607,0.400,0.361,0.560,0.637,0.580,0.624,0.546,0.548,0.578,0.611,0.611,0.273,0.404,0.561,0.569,0.397,0.577,0.400,0.618,0.645,0.565,0.577,0.426,0.391,0.396,0.565,0.544,0.040,0.095,0.577,0.578,0.571,0.554,0.560,0.390,0.442,0.372,0.302,0.677,0.546,0.417,0.432,0.629,0.548,0.637,0.569,0.561,0.398,0.679,0.578,0.368,0.571,0.567,0.578,0.584,0.293,0.677,0.389,0.249,0.624,0.575
7PNB_m_1_NAG;0.488,0.491,0.616,0.578,0.494,0.376,0.503,0.575,0.648,0.394,0.492,0.611,0.569,0.578,0.556,0.552,0.554,0.628,0.490,0.372,0.561,0.637,0.023,0.641,0.573,0.569,0.492,0.618,0.370,0.382,0.397,0.402,0.385,0.396,0.337,0.611,0.558,0.405,0.563,0.388,0.560,0.561,0.497,0.573,0.571,0.560,0.673,0.492,0.374,0.073,0.565,0.419,0.552,0.628,0.408,0.575,0.552,0.565,0.565,0.376,0.497,0.556,0.565,0.503,0.034,0.000,0.426,0.567,0.251,0.612,0.493,0.614,0.394,0.402,0.410,0.673,0.654,0.558,0.558,0.561,0.571,0.102,0.563,0.374,0.582,0.560,0.563,0.588,0.414,0.565,0.577,0.650,0.558,0.396,0.560,0.561,0.673,0.563,0.396,0.618,0.391,0.490,0.546,0.387,0.558,0.578,0.560,0.565,0.370,0.577,0.500,0.575,0.558,0.091,0.371,0.565,0.563,0.573,0.279,0.550,0.374,0.575,0.364,0.622,0.616,0.575,0.560,0.616,0.393,0.618,0.575,0.269,0.560,0.616,0.280,0.571,0.628,0.673,0.580,0.673,0.573,0.563,0.560,0.361,0.569,0.546,0.631,0.569,0.556,0.389,0.398,0.673,0.305,0.573,0.495,0.573,0.573,0.027,0.571,0.626,0.573,0.565,0.552,0.492,0.378,0.577,0.416,0.571,0.580,0.391,0.577,0.569,0.490,0.556,0.558,0.508,0.548,0.622,0.616,0.554,0.560,0.554,0.612,0.626,0.374,0.575,0.563,0.558,0.573,0.390,0.569,0.365,0.614,0.400,0.364,0.560,0.641,0.582,0.624,0.558,0.546,0.582,0.614,0.614,0.269,0.393,0.560,0.573,0.387,0.580,0.393,0.616,0.648,0.563,0.580,0.417,0.385,0.396,0.565,0.552,0.047,0.066,0.578,0.580,0.577,0.552,0.560,0.396,0.439,0.379,0.294,0.673,0.558,0.409,0.428,0.631,0.552,0.641,0.580,0.561,0.398,0.675,0.578,0.378,0.571,0.577,0.582,0.586,0.287,0.673,0.378,0.245,0.626,0.578
7PNB_q_1_NAG;0.479,0.500,0.684,0.648,0.499,0.468,0.490,0.574,0.665,0.447,0.494,0.674,0.589,0.572,0.559,0.570,0.562,0.650,0.494,0.479,0.570,0.659,0.425,0.665,0.566,0.570,0.494,0.667,0.461,0.380,0.389,0.424,0.466,0.453,0.470,0.676,0.583,0.422,0.572,0.461,0.562,0.572,0.483,0.566,0.578,0.572,0.727,0.497,0.464,0.421,0.572,0.056,0.570,0.650,0.417,0.551,0.568,0.574,0.642,0.385,0.490,0.559,0.574,0.487,0.435,0.426,0.000,0.587,0.421,0.676,0.483,0.680,0.414,0.424,0.063,0.729,0.672,0.559,0.583,0.566,0.566,0.407,0.576,0.455,0.568,0.576,0.578,0.568,0.059,0.570,0.650,0.674,0.578,0.451,0.572,0.585,0.731,0.650,0.439,0.669,0.388,0.496,0.562,0.393,0.583,0.572,0.574,0.576,0.461,0.564,0.491,0.568,0.568,0.420,0.446,0.574,0.562,0.646,0.417,0.644,0.385,0.570,0.459,0.644,0.665,0.568,0.572,0.665,0.447,0.672,0.555,0.436,0.564,0.665,0.417,0.583,0.650,0.727,0.574,0.727,0.576,0.587,0.570,0.458,0.585,0.561,0.665,0.583,0.559,0.443,0.414,0.731,0.418,0.566,0.490,0.581,0.566,0.418,0.547,0.648,0.566,0.576,0.570,0.497,0.466,0.557,0.058,0.566,0.574,0.415,0.650,0.581,0.492,0.559,0.564,0.488,0.557,0.644,0.665,0.570,0.572,0.562,0.663,0.648,0.447,0.555,0.587,0.583,0.581,0.424,0.570,0.448,0.674,0.444,0.459,0.572,0.663,0.578,0.676,0.583,0.559,0.572,0.689,0.684,0.426,0.384,0.570,0.566,0.391,0.650,0.100,0.665,0.670,0.562,0.574,0.052,0.472,0.453,0.574,0.562,0.426,0.414,0.572,0.580,0.566,0.568,0.572,0.443,0.460,0.457,0.422,0.731,0.583,0.081,0.052,0.652,0.644,0.665,0.555,0.570,0.454,0.731,0.574,0.454,0.580,0.572,0.568,0.570,0.414,0.729,0.389,0.426,0.648,0.557
7PNB_Q_4_BGC;0.577,0.580,0.430,0.382,0.581,0.577,0.578,0.421,0.418,0.573,0.578,0.436,0.003,0.367,0.342,0.364,0.339,0.424,0.572,0.577,0.373,0.400,0.571,0.409,0.400,0.358,0.578,0.421,0.576,0.569,0.580,0.556,0.568,0.580,0.595,0.430,0.303,0.586,0.370,0.583,0.355,0.355,0.575,0.400,0.415,0.370,0.500,0.583,0.582,0.577,0.403,0.588,0.361,0.424,0.556,0.430,0.339,0.385,0.379,0.582,0.588,0.342,0.421,0.575,0.567,0.567,0.587,0.000,0.595,0.430,0.578,0.433,0.565,0.592,0.587,0.503,0.427,0.345,0.303,0.342,0.397,0.575,0.388,0.607,0.370,0.382,0.376,0.382,0.587,0.388,0.382,0.430,0.370,0.578,0.385,0.309,0.506,0.376,0.592,0.424,0.573,0.574,0.364,0.565,0.303,0.367,0.376,0.367,0.578,0.400,0.577,0.376,0.345,0.571,0.597,0.421,0.336,0.382,0.592,0.382,0.578,0.376,0.599,0.412,0.415,0.412,0.385,0.433,0.578,0.436,0.424,0.609,0.367,0.415,0.597,0.021,0.424,0.500,0.391,0.500,0.421,0.312,0.409,0.601,0.003,0.364,0.406,0.018,0.342,0.569,0.573,0.506,0.605,0.400,0.586,0.015,0.400,0.573,0.418,0.418,0.400,0.421,0.361,0.585,0.567,0.433,0.578,0.397,0.388,0.582,0.379,0.006,0.578,0.342,0.361,0.580,0.336,0.412,0.433,0.373,0.385,0.339,0.436,0.418,0.594,0.424,0.312,0.303,0.015,0.588,0.409,0.603,0.427,0.577,0.601,0.385,0.412,0.385,0.448,0.303,0.352,0.367,0.424,0.436,0.592,0.577,0.367,0.355,0.577,0.382,0.592,0.415,0.424,0.336,0.370,0.591,0.578,0.578,0.403,0.336,0.567,0.575,0.385,0.385,0.400,0.382,0.385,0.577,0.553,0.607,0.605,0.506,0.303,0.559,0.589,0.433,0.379,0.409,0.433,0.382,0.578,0.506,0.388,0.605,0.012,0.424,0.370,0.388,0.599,0.503,0.565,0.601,0.418,0.358
7PNB_d_1_NAG;0.471,0.514,0.599,0.612,0.519,0.321,0.484,0.567,0.664,0.391,0.514,0.603,0.597,0.537,0.529,0.537,0.524,0.605,0.510,0.332,0.552,0.654,0.251,0.658,0.541,0.541,0.514,0.601,0.319,0.382,0.397,0.400,0.343,0.391,0.288,0.601,0.569,0.385,0.543,0.312,0.548,0.539,0.467,0.543,0.529,0.548,0.673,0.519,0.324,0.255,0.531,0.397,0.544,0.605,0.400,0.561,0.541,0.544,0.614,0.382,0.475,0.527,0.524,0.473,0.253,0.251,0.421,0.595,0.000,0.599,0.471,0.599,0.380,0.386,0.389,0.673,0.671,0.535,0.569,0.541,0.539,0.251,0.544,0.391,0.539,0.550,0.548,0.531,0.398,0.546,0.614,0.667,0.546,0.396,0.533,0.571,0.667,0.618,0.383,0.605,0.393,0.510,0.556,0.387,0.567,0.535,0.550,0.537,0.310,0.544,0.471,0.526,0.541,0.265,0.389,0.524,0.546,0.618,0.066,0.605,0.386,0.533,0.387,0.601,0.601,0.569,0.539,0.601,0.393,0.597,0.561,0.070,0.544,0.601,0.085,0.597,0.603,0.671,0.535,0.673,0.531,0.571,0.526,0.385,0.597,0.548,0.658,0.601,0.533,0.390,0.389,0.669,0.084,0.541,0.473,0.601,0.541,0.239,0.560,0.603,0.539,0.524,0.541,0.514,0.319,0.558,0.415,0.541,0.535,0.380,0.612,0.597,0.512,0.529,0.544,0.486,0.524,0.601,0.601,0.546,0.537,0.524,0.611,0.603,0.394,0.563,0.571,0.569,0.603,0.382,0.522,0.380,0.592,0.398,0.386,0.539,0.660,0.539,0.603,0.567,0.546,0.541,0.605,0.597,0.082,0.398,0.550,0.533,0.385,0.614,0.382,0.603,0.664,0.546,0.544,0.418,0.346,0.397,0.531,0.526,0.255,0.254,0.535,0.537,0.544,0.548,0.541,0.394,0.367,0.398,0.091,0.671,0.569,0.425,0.414,0.607,0.609,0.658,0.561,0.541,0.397,0.667,0.533,0.389,0.599,0.569,0.535,0.541,0.062,0.667,0.390,0.036,0.605,0.533
7PNB_M_3_YZT;0.669,0.672,0.024,0.455,0.676,0.626,0.667,0.458,0.297,0.612,0.676,0.039,0.433,0.361,0.391,0.379,0.394,0.200,0.674,0.605,0.370,0.297,0.612,0.297,0.388,0.388,0.676,0.224,0.614,0.665,0.681,0.599,0.623,0.614,0.635,0.024,0.382,0.614,0.379,0.616,0.385,0.376,0.667,0.388,0.385,0.376,0.512,0.676,0.626,0.618,0.382,0.679,0.382,0.197,0.599,0.476,0.361,0.394,0.448,0.669,0.667,0.391,0.382,0.667,0.609,0.612,0.676,0.430,0.599,0.000,0.669,0.021,0.611,0.609,0.672,0.509,0.306,0.394,0.382,0.376,0.388,0.622,0.391,0.628,0.361,0.376,0.382,0.376,0.684,0.391,0.455,0.297,0.382,0.616,0.373,0.382,0.509,0.461,0.611,0.239,0.679,0.674,0.361,0.664,0.379,0.361,0.376,0.376,0.609,0.388,0.667,0.382,0.370,0.614,0.629,0.382,0.367,0.455,0.605,0.436,0.665,0.382,0.628,0.194,0.224,0.464,0.382,0.227,0.616,0.203,0.485,0.601,0.385,0.224,0.609,0.430,0.200,0.509,0.388,0.512,0.385,0.379,0.379,0.618,0.433,0.370,0.288,0.427,0.391,0.612,0.603,0.515,0.611,0.385,0.662,0.433,0.385,0.609,0.482,0.191,0.388,0.382,0.376,0.676,0.624,0.476,0.675,0.385,0.382,0.603,0.452,0.430,0.678,0.391,0.385,0.671,0.385,0.194,0.233,0.370,0.376,0.394,0.230,0.188,0.639,0.485,0.379,0.382,0.433,0.616,0.379,0.626,0.036,0.618,0.618,0.382,0.288,0.388,0.048,0.379,0.373,0.361,0.039,0.027,0.605,0.684,0.382,0.361,0.667,0.455,0.665,0.230,0.291,0.367,0.358,0.674,0.631,0.616,0.382,0.391,0.605,0.620,0.388,0.388,0.388,0.367,0.382,0.618,0.610,0.628,0.618,0.512,0.382,0.638,0.672,0.194,0.439,0.294,0.482,0.385,0.616,0.509,0.385,0.628,0.430,0.458,0.358,0.391,0.611,0.512,0.675,0.597,0.191,0.355
7PNB_e_1_NAG;0.026,0.428,0.677,0.558,0.429,0.492,0.019,0.647,0.675,0.493,0.431,0.679,0.573,0.618,0.603,0.616,0.603,0.652,0.424,0.501,0.595,0.669,0.497,0.673,0.622,0.620,0.431,0.662,0.495,0.466,0.468,0.484,0.505,0.492,0.477,0.669,0.612,0.495,0.605,0.491,0.607,0.612,0.008,0.622,0.633,0.603,0.675,0.428,0.516,0.475,0.626,0.499,0.601,0.652,0.485,0.643,0.611,0.628,0.561,0.464,0.026,0.601,0.629,0.010,0.505,0.493,0.483,0.578,0.471,0.669,0.000,0.675,0.489,0.488,0.488,0.675,0.673,0.605,0.612,0.612,0.624,0.485,0.628,0.460,0.614,0.597,0.597,0.616,0.491,0.624,0.563,0.671,0.605,0.493,0.626,0.611,0.673,0.567,0.475,0.662,0.468,0.425,0.595,0.466,0.612,0.618,0.594,0.620,0.492,0.620,0.014,0.607,0.609,0.500,0.464,0.631,0.614,0.563,0.460,0.561,0.467,0.607,0.467,0.650,0.660,0.647,0.629,0.660,0.493,0.665,0.647,0.474,0.601,0.660,0.456,0.580,0.652,0.675,0.609,0.675,0.631,0.614,0.624,0.470,0.580,0.595,0.665,0.575,0.607,0.488,0.477,0.673,0.470,0.622,0.027,0.567,0.622,0.481,0.643,0.656,0.622,0.631,0.597,0.431,0.497,0.656,0.501,0.624,0.611,0.485,0.563,0.580,0.425,0.603,0.601,0.018,0.599,0.650,0.660,0.599,0.626,0.603,0.660,0.656,0.463,0.648,0.614,0.612,0.567,0.479,0.635,0.466,0.673,0.496,0.471,0.629,0.662,0.616,0.677,0.612,0.594,0.612,0.679,0.677,0.479,0.468,0.592,0.616,0.474,0.560,0.488,0.660,0.673,0.614,0.609,0.505,0.504,0.495,0.626,0.603,0.499,0.478,0.618,0.616,0.620,0.607,0.629,0.490,0.479,0.448,0.473,0.673,0.612,0.512,0.516,0.654,0.563,0.671,0.654,0.629,0.492,0.677,0.611,0.460,0.573,0.648,0.614,0.607,0.468,0.673,0.466,0.468,0.656,0.611
7PNB_b_3_YZT;0.675,0.680,0.003,0.458,0.686,0.633,0.673,0.461,0.288,0.612,0.686,0.042,0.436,0.358,0.388,0.379,0.391,0.206,0.682,0.603,0.379,0.288,0.614,0.288,0.400,0.388,0.686,0.227,0.616,0.662,0.673,0.607,0.625,0.614,0.637,0.015,0.373,0.618,0.376,0.614,0.382,0.376,0.673,0.400,0.394,0.370,0.503,0.686,0.624,0.620,0.388,0.681,0.379,0.203,0.607,0.476,0.358,0.394,0.452,0.662,0.673,0.388,0.385,0.673,0.611,0.614,0.680,0.433,0.599,0.021,0.675,0.000,0.614,0.612,0.674,0.500,0.297,0.391,0.373,0.373,0.400,0.620,0.391,0.631,0.358,0.370,0.379,0.373,0.686,0.397,0.458,0.288,0.379,0.616,0.373,0.373,0.500,0.464,0.614,0.242,0.671,0.682,0.367,0.660,0.370,0.358,0.370,0.376,0.607,0.400,0.673,0.379,0.367,0.616,0.633,0.385,0.364,0.458,0.605,0.439,0.658,0.379,0.631,0.200,0.233,0.467,0.382,0.236,0.616,0.212,0.485,0.601,0.382,0.233,0.609,0.436,0.206,0.500,0.385,0.503,0.394,0.370,0.379,0.620,0.436,0.376,0.279,0.433,0.388,0.612,0.611,0.506,0.612,0.397,0.667,0.436,0.397,0.611,0.482,0.197,0.400,0.385,0.373,0.686,0.628,0.476,0.677,0.397,0.376,0.607,0.455,0.430,0.688,0.388,0.382,0.677,0.382,0.200,0.236,0.379,0.376,0.391,0.239,0.194,0.643,0.485,0.370,0.373,0.436,0.620,0.388,0.628,0.015,0.618,0.620,0.382,0.285,0.382,0.039,0.370,0.379,0.358,0.018,0.006,0.605,0.677,0.379,0.358,0.664,0.458,0.667,0.233,0.282,0.364,0.355,0.680,0.635,0.616,0.388,0.388,0.607,0.622,0.382,0.382,0.400,0.376,0.382,0.618,0.616,0.629,0.620,0.503,0.373,0.653,0.678,0.200,0.442,0.285,0.482,0.385,0.616,0.500,0.382,0.629,0.433,0.464,0.355,0.385,0.611,0.503,0.671,0.597,0.197,0.358
7PNB_i_2_NAG;0.482,0.516,0.611,0.582,0.519,0.359,0.492,0.569,0.631,0.231,0.506,0.618,0.567,0.533,0.512,0.518,0.512,0.601,0.508,0.368,0.524,0.631,0.385,0.635,0.527,0.522,0.506,0.603,0.374,0.341,0.348,0.036,0.370,0.221,0.393,0.614,0.514,0.036,0.529,0.374,0.518,0.524,0.486,0.527,0.567,0.524,0.682,0.517,0.372,0.390,0.558,0.415,0.527,0.601,0.040,0.577,0.522,0.535,0.577,0.353,0.488,0.512,0.550,0.489,0.386,0.394,0.414,0.565,0.380,0.611,0.489,0.614,0.000,0.030,0.411,0.684,0.633,0.512,0.514,0.520,0.526,0.393,0.535,0.245,0.531,0.524,0.524,0.522,0.411,0.531,0.584,0.628,0.537,0.234,0.533,0.518,0.686,0.590,0.027,0.590,0.356,0.508,0.516,0.345,0.514,0.533,0.524,0.526,0.370,0.526,0.490,0.533,0.522,0.383,0.234,0.552,0.516,0.578,0.382,0.578,0.339,0.533,0.242,0.597,0.597,0.569,0.537,0.592,0.236,0.601,0.575,0.367,0.520,0.597,0.382,0.560,0.601,0.682,0.539,0.682,0.560,0.512,0.548,0.232,0.563,0.507,0.626,0.561,0.510,0.229,0.047,0.686,0.380,0.527,0.479,0.560,0.527,0.375,0.569,0.601,0.527,0.552,0.524,0.520,0.363,0.577,0.411,0.527,0.535,0.022,0.584,0.563,0.505,0.512,0.520,0.496,0.510,0.597,0.592,0.527,0.533,0.512,0.586,0.599,0.234,0.577,0.512,0.514,0.560,0.047,0.565,0.227,0.601,0.236,0.240,0.537,0.626,0.543,0.599,0.514,0.507,0.529,0.609,0.614,0.389,0.346,0.520,0.529,0.363,0.584,0.413,0.597,0.628,0.516,0.526,0.411,0.346,0.232,0.563,0.512,0.396,0.386,0.539,0.546,0.526,0.520,0.537,0.225,0.389,0.234,0.379,0.686,0.514,0.422,0.413,0.603,0.582,0.635,0.578,0.537,0.227,0.686,0.539,0.228,0.558,0.571,0.531,0.533,0.382,0.684,0.350,0.367,0.601,0.522
7PNB_O_2_NAG;0.474,0.513,0.609,0.578,0.516,0.360,0.490,0.569,0.635,0.239,0.503,0.616,0.594,0.526,0.501,0.514,0.501,0.605,0.505,0.379,0.510,0.633,0.393,0.639,0.524,0.518,0.503,0.597,0.385,0.353,0.364,0.047,0.378,0.227,0.400,0.612,0.522,0.015,0.514,0.382,0.507,0.514,0.485,0.524,0.556,0.512,0.679,0.514,0.380,0.387,0.548,0.427,0.516,0.605,0.062,0.578,0.509,0.537,0.578,0.364,0.477,0.501,0.541,0.488,0.397,0.402,0.424,0.592,0.386,0.609,0.488,0.612,0.030,0.000,0.418,0.681,0.637,0.501,0.522,0.512,0.522,0.394,0.537,0.247,0.520,0.507,0.509,0.509,0.418,0.533,0.580,0.631,0.522,0.242,0.535,0.522,0.681,0.592,0.033,0.586,0.370,0.505,0.512,0.357,0.522,0.526,0.507,0.512,0.376,0.522,0.489,0.520,0.509,0.394,0.240,0.543,0.509,0.580,0.389,0.580,0.352,0.520,0.255,0.601,0.592,0.571,0.539,0.588,0.245,0.594,0.575,0.364,0.509,0.592,0.385,0.586,0.605,0.677,0.526,0.679,0.550,0.520,0.539,0.250,0.590,0.505,0.628,0.588,0.499,0.238,0.026,0.681,0.382,0.524,0.470,0.586,0.524,0.379,0.575,0.609,0.524,0.543,0.512,0.517,0.372,0.573,0.419,0.524,0.522,0.034,0.580,0.590,0.502,0.501,0.509,0.496,0.499,0.601,0.588,0.514,0.535,0.501,0.588,0.607,0.240,0.577,0.520,0.522,0.586,0.022,0.558,0.238,0.599,0.243,0.249,0.539,0.629,0.529,0.597,0.522,0.505,0.522,0.607,0.612,0.397,0.360,0.509,0.522,0.378,0.580,0.422,0.592,0.631,0.509,0.514,0.418,0.357,0.240,0.552,0.501,0.407,0.383,0.526,0.533,0.522,0.516,0.539,0.232,0.396,0.236,0.382,0.682,0.522,0.433,0.421,0.607,0.584,0.637,0.575,0.539,0.235,0.677,0.526,0.236,0.584,0.571,0.520,0.520,0.386,0.679,0.363,0.365,0.609,0.514
7PNB_b_1_NAG;0.476,0.496,0.676,0.621,0.489,0.455,0.495,0.557,0.663,0.450,0.486,0.684,0.589,0.547,0.544,0.570,0.544,0.659,0.490,0.458,0.574,0.659,0.406,0.663,0.545,0.564,0.486,0.670,0.448,0.373,0.387,0.428,0.460,0.453,0.462,0.670,0.576,0.417,0.559,0.446,0.551,0.566,0.490,0.545,0.578,0.572,0.714,0.483,0.451,0.403,0.574,0.019,0.559,0.659,0.415,0.532,0.557,0.572,0.616,0.381,0.490,0.544,0.576,0.492,0.417,0.410,0.063,0.587,0.389,0.672,0.488,0.674,0.411,0.418,0.000,0.716,0.672,0.544,0.576,0.559,0.545,0.396,0.574,0.433,0.544,0.576,0.566,0.544,0.048,0.574,0.623,0.674,0.564,0.453,0.568,0.578,0.716,0.623,0.431,0.670,0.382,0.492,0.564,0.391,0.576,0.547,0.572,0.570,0.444,0.544,0.497,0.557,0.561,0.406,0.424,0.576,0.551,0.619,0.388,0.617,0.384,0.557,0.436,0.655,0.669,0.549,0.568,0.672,0.448,0.676,0.532,0.410,0.553,0.669,0.393,0.585,0.659,0.714,0.561,0.714,0.580,0.580,0.568,0.433,0.581,0.559,0.663,0.580,0.544,0.444,0.410,0.716,0.387,0.545,0.490,0.580,0.545,0.403,0.528,0.655,0.545,0.576,0.559,0.488,0.454,0.534,0.062,0.545,0.561,0.413,0.623,0.585,0.483,0.544,0.553,0.494,0.545,0.655,0.672,0.576,0.568,0.544,0.669,0.655,0.428,0.532,0.580,0.576,0.580,0.413,0.572,0.424,0.663,0.443,0.432,0.568,0.669,0.562,0.670,0.576,0.557,0.547,0.678,0.672,0.398,0.382,0.559,0.544,0.387,0.623,0.063,0.669,0.669,0.551,0.549,0.026,0.454,0.453,0.570,0.544,0.413,0.402,0.559,0.564,0.544,0.572,0.568,0.442,0.470,0.437,0.392,0.716,0.576,0.070,0.026,0.661,0.619,0.663,0.532,0.566,0.454,0.716,0.561,0.429,0.578,0.559,0.544,0.557,0.388,0.714,0.387,0.399,0.655,0.540
7PNB_Z_3_YZT;0.673,0.636,0.503,0.491,0.638,0.703,0.677,0.585,0.515,0.690,0.633,0.512,0.500,0.506,0.470,0.494,0.467,0.491,0.633,0.711,0.503,0.518,0.673,0.512,0.527,0.500,0.633,0.464,0.718,0.675,0.681,0.677,0.708,0.682,0.675,0.506,0.473,0.688,0.494,0.727,0.488,0.488,0.671,0.527,0.567,0.512,0.006,0.638,0.705,0.675,0.552,0.730,0.491,0.491,0.690,0.588,0.479,0.509,0.488,0.681,0.679,0.470,0.561,0.673,0.677,0.673,0.729,0.503,0.673,0.509,0.675,0.500,0.684,0.681,0.716,0.000,0.524,0.467,0.473,0.491,0.521,0.669,0.512,0.694,0.500,0.503,0.494,0.500,0.725,0.506,0.491,0.527,0.494,0.688,0.518,0.473,0.000,0.491,0.677,0.470,0.682,0.633,0.506,0.681,0.473,0.506,0.506,0.497,0.722,0.524,0.671,0.482,0.479,0.660,0.690,0.561,0.491,0.491,0.679,0.491,0.684,0.488,0.686,0.488,0.476,0.579,0.512,0.464,0.688,0.464,0.588,0.671,0.488,0.470,0.675,0.500,0.491,0.012,0.488,0.006,0.576,0.485,0.548,0.682,0.500,0.506,0.509,0.503,0.464,0.690,0.677,0.012,0.677,0.527,0.679,0.497,0.527,0.669,0.576,0.491,0.527,0.564,0.497,0.636,0.707,0.591,0.737,0.524,0.482,0.675,0.488,0.500,0.633,0.470,0.491,0.677,0.470,0.488,0.464,0.503,0.518,0.467,0.470,0.482,0.686,0.588,0.485,0.473,0.497,0.673,0.570,0.686,0.494,0.688,0.682,0.512,0.527,0.488,0.494,0.473,0.500,0.506,0.506,0.506,0.671,0.682,0.488,0.503,0.679,0.491,0.733,0.464,0.524,0.491,0.497,0.727,0.718,0.688,0.555,0.470,0.669,0.671,0.482,0.479,0.527,0.521,0.512,0.688,0.653,0.688,0.673,0.006,0.473,0.720,0.727,0.497,0.485,0.509,0.591,0.509,0.688,0.018,0.485,0.671,0.500,0.585,0.500,0.485,0.679,0.012,0.681,0.667,0.497,0.497
7PNB_V_3_YZT;0.673,0.652,0.294,0.473,0.661,0.650,0.671,0.439,0.018,0.684,0.652,0.309,0.421,0.439,0.439,0.467,0.436,0.297,0.652,0.664,0.482,0.042,0.656,0.021,0.452,0.467,0.652,0.339,0.663,0.677,0.686,0.637,0.646,0.682,0.684,0.288,0.400,0.637,0.439,0.672,0.439,0.467,0.675,0.452,0.470,0.461,0.521,0.661,0.658,0.654,0.455,0.679,0.442,0.294,0.639,0.455,0.442,0.415,0.458,0.675,0.690,0.436,0.458,0.675,0.650,0.654,0.672,0.427,0.671,0.306,0.673,0.297,0.633,0.637,0.672,0.524,0.000,0.439,0.400,0.458,0.448,0.645,0.418,0.658,0.439,0.442,0.448,0.433,0.665,0.418,0.479,0.009,0.439,0.684,0.424,0.406,0.527,0.488,0.645,0.339,0.679,0.648,0.448,0.677,0.400,0.439,0.448,0.470,0.658,0.452,0.675,0.455,0.455,0.647,0.656,0.458,0.445,0.473,0.671,0.467,0.681,0.455,0.658,0.297,0.339,0.433,0.418,0.342,0.684,0.364,0.442,0.679,0.436,0.339,0.677,0.415,0.297,0.515,0.455,0.521,0.461,0.409,0.442,0.658,0.430,0.439,0.027,0.418,0.436,0.684,0.629,0.521,0.671,0.452,0.684,0.421,0.452,0.647,0.448,0.294,0.452,0.458,0.448,0.657,0.639,0.439,0.671,0.448,0.461,0.635,0.482,0.424,0.657,0.436,0.442,0.677,0.436,0.297,0.355,0.482,0.424,0.436,0.345,0.288,0.650,0.442,0.409,0.400,0.421,0.639,0.467,0.654,0.297,0.686,0.652,0.418,0.021,0.458,0.312,0.400,0.430,0.439,0.297,0.303,0.675,0.675,0.436,0.442,0.660,0.473,0.671,0.336,0.012,0.445,0.436,0.676,0.652,0.684,0.455,0.436,0.647,0.652,0.458,0.458,0.452,0.464,0.418,0.686,0.652,0.656,0.682,0.521,0.400,0.653,0.676,0.303,0.470,0.024,0.439,0.415,0.684,0.521,0.452,0.656,0.427,0.442,0.439,0.448,0.673,0.518,0.675,0.677,0.288,0.445
7PNB_1_6_MAN;0.601,0.568,0.385,0.345,0.576,0.541,0.603,0.336,0.430,0.552,0.566,0.412,0.348,0.115,0.003,0.170,0.009,0.373,0.561,0.548,0.185,0.421,0.554,0.430,0.152,0.179,0.566,0.367,0.549,0.543,0.560,0.526,0.538,0.554,0.560,0.391,0.218,0.501,0.136,0.562,0.130,0.170,0.603,0.152,0.267,0.179,0.464,0.576,0.546,0.541,0.252,0.558,0.130,0.373,0.531,0.355,0.148,0.248,0.342,0.550,0.595,0.000,0.255,0.603,0.550,0.558,0.559,0.345,0.535,0.394,0.605,0.391,0.512,0.501,0.544,0.467,0.439,0.000,0.218,0.155,0.148,0.527,0.248,0.527,0.121,0.179,0.142,0.124,0.555,0.252,0.345,0.433,0.136,0.556,0.255,0.218,0.464,0.352,0.509,0.355,0.560,0.562,0.182,0.546,0.218,0.115,0.173,0.173,0.560,0.158,0.603,0.127,0.152,0.546,0.524,0.255,0.145,0.352,0.527,0.342,0.546,0.130,0.520,0.364,0.355,0.327,0.248,0.358,0.556,0.370,0.348,0.527,0.136,0.355,0.524,0.330,0.373,0.461,0.139,0.464,0.261,0.215,0.239,0.514,0.348,0.188,0.424,0.339,0.003,0.552,0.518,0.464,0.522,0.152,0.595,0.339,0.152,0.541,0.345,0.376,0.152,0.255,0.136,0.570,0.544,0.355,0.558,0.152,0.142,0.514,0.342,0.339,0.566,0.003,0.130,0.605,0.003,0.364,0.358,0.188,0.255,0.009,0.367,0.373,0.520,0.348,0.215,0.218,0.339,0.501,0.264,0.518,0.373,0.550,0.514,0.248,0.433,0.152,0.382,0.218,0.182,0.121,0.394,0.391,0.527,0.558,0.136,0.106,0.544,0.345,0.560,0.355,0.433,0.145,0.118,0.553,0.554,0.556,0.252,0.009,0.552,0.543,0.142,0.148,0.158,0.197,0.248,0.550,0.521,0.524,0.527,0.467,0.218,0.547,0.557,0.379,0.345,0.427,0.352,0.248,0.556,0.458,0.139,0.512,0.336,0.339,0.121,0.145,0.524,0.461,0.546,0.533,0.376,0.115
7PNB_w_4_BGC;0.612,0.572,0.364,0.352,0.581,0.563,0.614,0.327,0.385,0.571,0.568,0.388,0.306,0.248,0.218,0.258,0.221,0.348,0.568,0.567,0.273,0.385,0.548,0.388,0.267,0.276,0.568,0.352,0.578,0.529,0.535,0.527,0.566,0.573,0.569,0.376,0.000,0.526,0.255,0.576,0.239,0.264,0.612,0.267,0.267,0.276,0.470,0.578,0.571,0.558,0.255,0.590,0.239,0.348,0.535,0.355,0.252,0.227,0.342,0.531,0.614,0.215,0.261,0.612,0.546,0.558,0.583,0.303,0.569,0.382,0.612,0.373,0.514,0.522,0.576,0.473,0.400,0.218,0.000,0.261,0.267,0.552,0.227,0.543,0.245,0.267,0.255,0.245,0.583,0.230,0.352,0.394,0.255,0.577,0.218,0.003,0.473,0.358,0.518,0.339,0.537,0.564,0.255,0.531,0.000,0.248,0.273,0.273,0.561,0.267,0.614,0.270,0.255,0.543,0.544,0.261,0.258,0.352,0.561,0.352,0.529,0.270,0.527,0.352,0.339,0.327,0.224,0.342,0.577,0.348,0.358,0.567,0.245,0.339,0.565,0.300,0.348,0.470,0.270,0.470,0.267,0.003,0.248,0.533,0.306,0.261,0.379,0.297,0.218,0.571,0.537,0.473,0.563,0.267,0.612,0.300,0.267,0.543,0.355,0.345,0.267,0.261,0.233,0.578,0.563,0.361,0.575,0.267,0.264,0.512,0.348,0.294,0.574,0.215,0.239,0.612,0.212,0.352,0.342,0.273,0.218,0.221,0.345,0.345,0.539,0.358,0.003,0.000,0.300,0.520,0.264,0.543,0.355,0.577,0.524,0.224,0.391,0.267,0.370,0.000,0.255,0.248,0.367,0.373,0.567,0.539,0.248,0.252,0.524,0.352,0.584,0.339,0.385,0.258,0.242,0.585,0.571,0.577,0.255,0.221,0.548,0.560,0.264,0.267,0.267,0.273,0.224,0.577,0.555,0.539,0.567,0.473,0.000,0.570,0.580,0.358,0.352,0.388,0.367,0.224,0.577,0.473,0.270,0.526,0.297,0.330,0.245,0.267,0.558,0.470,0.537,0.573,0.345,0.255
7PNB_J_5_MAN;0.607,0.602,0.367,0.352,0.604,0.537,0.612,0.306,0.448,0.544,0.597,0.373,0.345,0.085,0.158,0.027,0.164,0.348,0.597,0.526,0.061,0.433,0.561,0.452,0.161,0.009,0.597,0.330,0.545,0.548,0.558,0.535,0.542,0.548,0.563,0.373,0.261,0.507,0.091,0.559,0.091,0.009,0.611,0.161,0.197,0.048,0.488,0.614,0.541,0.544,0.194,0.569,0.088,0.348,0.533,0.333,0.012,0.182,0.348,0.556,0.605,0.155,0.194,0.611,0.563,0.561,0.566,0.342,0.541,0.376,0.612,0.373,0.520,0.512,0.559,0.491,0.458,0.155,0.261,0.000,0.158,0.546,0.182,0.535,0.082,0.061,0.076,0.082,0.561,0.185,0.352,0.452,0.091,0.550,0.176,0.258,0.488,0.358,0.520,0.321,0.563,0.598,0.070,0.546,0.261,0.085,0.055,0.009,0.552,0.158,0.611,0.085,0.003,0.560,0.527,0.194,0.003,0.358,0.535,0.345,0.556,0.085,0.529,0.342,0.321,0.303,0.182,0.324,0.550,0.330,0.330,0.533,0.088,0.321,0.533,0.327,0.348,0.485,0.091,0.488,0.200,0.258,0.191,0.512,0.339,0.073,0.436,0.330,0.155,0.544,0.524,0.488,0.533,0.161,0.605,0.339,0.161,0.558,0.327,0.355,0.161,0.194,0.082,0.598,0.544,0.327,0.558,0.158,0.088,0.529,0.348,0.336,0.597,0.158,0.088,0.614,0.142,0.342,0.324,0.058,0.176,0.164,0.333,0.355,0.526,0.330,0.258,0.261,0.339,0.512,0.194,0.516,0.370,0.548,0.520,0.182,0.445,0.106,0.364,0.261,0.076,0.085,0.358,0.373,0.537,0.561,0.082,0.079,0.563,0.352,0.571,0.321,0.452,0.003,0.082,0.566,0.541,0.550,0.194,0.164,0.558,0.544,0.088,0.097,0.158,0.079,0.182,0.548,0.538,0.527,0.531,0.491,0.261,0.553,0.568,0.352,0.348,0.448,0.324,0.182,0.550,0.482,0.088,0.512,0.336,0.309,0.082,0.091,0.531,0.485,0.558,0.531,0.355,0.076
7PNB_c_5_MAN;0.618,0.562,0.394,0.336,0.564,0.535,0.622,0.348,0.439,0.565,0.557,0.394,0.400,0.106,0.148,0.164,0.148,0.352,0.557,0.546,0.164,0.418,0.573,0.436,0.000,0.170,0.557,0.361,0.549,0.565,0.571,0.539,0.538,0.565,0.567,0.388,0.267,0.526,0.164,0.553,0.155,0.170,0.622,0.000,0.206,0.161,0.518,0.564,0.550,0.565,0.194,0.548,0.161,0.352,0.539,0.355,0.148,0.212,0.321,0.578,0.614,0.142,0.206,0.622,0.567,0.571,0.566,0.397,0.539,0.388,0.624,0.400,0.526,0.522,0.545,0.521,0.448,0.148,0.267,0.158,0.000,0.546,0.212,0.533,0.106,0.161,0.161,0.100,0.557,0.215,0.336,0.442,0.164,0.569,0.206,0.270,0.515,0.330,0.524,0.348,0.586,0.559,0.152,0.567,0.267,0.106,0.155,0.164,0.546,0.003,0.622,0.121,0.155,0.552,0.533,0.206,0.145,0.330,0.535,0.318,0.580,0.121,0.527,0.355,0.348,0.342,0.212,0.352,0.569,0.361,0.355,0.539,0.161,0.348,0.539,0.382,0.352,0.515,0.118,0.518,0.203,0.264,0.194,0.526,0.394,0.148,0.433,0.385,0.148,0.565,0.533,0.515,0.526,0.000,0.614,0.394,0.000,0.560,0.352,0.345,0.000,0.206,0.155,0.559,0.544,0.352,0.552,0.000,0.121,0.531,0.333,0.391,0.557,0.145,0.161,0.626,0.152,0.355,0.352,0.167,0.206,0.148,0.348,0.345,0.529,0.355,0.264,0.267,0.394,0.520,0.203,0.531,0.388,0.567,0.526,0.212,0.427,0.133,0.367,0.267,0.139,0.112,0.397,0.400,0.537,0.584,0.161,0.109,0.569,0.339,0.554,0.348,0.442,0.145,0.106,0.555,0.560,0.569,0.194,0.152,0.569,0.567,0.121,0.130,0.003,0.158,0.212,0.567,0.557,0.533,0.535,0.518,0.267,0.547,0.553,0.355,0.318,0.436,0.348,0.212,0.569,0.509,0.118,0.520,0.391,0.352,0.106,0.124,0.533,0.512,0.578,0.548,0.345,0.112
7PNB_N_1_NAG;0.486,0.479,0.622,0.571,0.484,0.372,0.492,0.563,0.643,0.391,0.483,0.614,0.577,0.548,0.526,0.544,0.524,0.614,0.480,0.375,0.543,0.628,0.113,0.635,0.546,0.554,0.483,0.607,0.378,0.375,0.391,0.407,0.392,0.391,0.324,0.611,0.552,0.396,0.541,0.382,0.533,0.546,0.489,0.546,0.558,0.543,0.669,0.480,0.365,0.048,0.548,0.404,0.535,0.614,0.412,0.567,0.546,0.558,0.565,0.375,0.490,0.526,0.548,0.495,0.126,0.102,0.407,0.575,0.251,0.622,0.485,0.620,0.393,0.394,0.396,0.669,0.645,0.527,0.552,0.546,0.546,0.000,0.556,0.367,0.552,0.541,0.544,0.556,0.402,0.558,0.569,0.641,0.541,0.393,0.556,0.556,0.669,0.563,0.398,0.605,0.380,0.480,0.535,0.374,0.552,0.548,0.541,0.550,0.370,0.550,0.492,0.558,0.543,0.163,0.374,0.548,0.548,0.573,0.272,0.550,0.364,0.558,0.367,0.607,0.605,0.558,0.556,0.603,0.390,0.612,0.569,0.266,0.537,0.605,0.273,0.578,0.614,0.669,0.565,0.669,0.556,0.558,0.543,0.367,0.577,0.533,0.626,0.577,0.527,0.385,0.396,0.669,0.286,0.546,0.492,0.580,0.546,0.106,0.565,0.612,0.546,0.548,0.535,0.483,0.378,0.575,0.407,0.546,0.565,0.394,0.569,0.577,0.480,0.526,0.535,0.503,0.518,0.607,0.603,0.537,0.556,0.524,0.607,0.612,0.364,0.569,0.558,0.552,0.580,0.385,0.556,0.368,0.616,0.397,0.365,0.556,0.631,0.569,0.629,0.552,0.533,0.552,0.620,0.620,0.265,0.372,0.541,0.541,0.389,0.573,0.380,0.605,0.643,0.548,0.550,0.406,0.380,0.393,0.552,0.522,0.130,0.058,0.565,0.567,0.550,0.541,0.556,0.390,0.420,0.371,0.282,0.669,0.552,0.409,0.411,0.618,0.552,0.635,0.573,0.558,0.396,0.671,0.565,0.375,0.578,0.565,0.552,0.571,0.280,0.669,0.368,0.246,0.612,0.546
7PNB_v_4_BGC;0.626,0.627,0.382,0.385,0.633,0.554,0.628,0.300,0.412,0.580,0.619,0.370,0.391,0.203,0.245,0.194,0.248,0.273,0.619,0.546,0.167,0.388,0.561,0.412,0.212,0.185,0.619,0.285,0.555,0.561,0.565,0.539,0.540,0.578,0.575,0.373,0.227,0.529,0.188,0.568,0.197,0.191,0.624,0.212,0.064,0.170,0.509,0.638,0.552,0.563,0.067,0.590,0.188,0.273,0.541,0.309,0.170,0.000,0.379,0.571,0.624,0.239,0.064,0.624,0.563,0.563,0.576,0.388,0.544,0.391,0.628,0.391,0.535,0.537,0.574,0.512,0.418,0.248,0.227,0.182,0.212,0.556,0.000,0.573,0.200,0.176,0.185,0.191,0.570,0.003,0.385,0.412,0.188,0.584,0.009,0.224,0.506,0.391,0.531,0.273,0.575,0.619,0.170,0.560,0.227,0.203,0.176,0.185,0.554,0.209,0.626,0.164,0.185,0.558,0.569,0.064,0.176,0.385,0.541,0.373,0.573,0.167,0.563,0.276,0.273,0.294,0.003,0.270,0.584,0.288,0.312,0.543,0.194,0.273,0.541,0.379,0.273,0.506,0.161,0.509,0.073,0.224,0.061,0.552,0.385,0.173,0.406,0.382,0.252,0.580,0.541,0.506,0.541,0.212,0.622,0.385,0.212,0.546,0.300,0.276,0.212,0.064,0.194,0.629,0.548,0.318,0.573,0.212,0.155,0.535,0.382,0.379,0.621,0.242,0.188,0.628,0.236,0.276,0.270,0.167,0.009,0.248,0.273,0.276,0.558,0.312,0.224,0.227,0.385,0.535,0.067,0.561,0.376,0.582,0.556,0.003,0.400,0.142,0.358,0.227,0.170,0.203,0.385,0.394,0.550,0.575,0.191,0.206,0.565,0.385,0.577,0.273,0.415,0.176,0.194,0.580,0.552,0.584,0.061,0.248,0.565,0.565,0.155,0.145,0.209,0.173,0.003,0.582,0.540,0.561,0.544,0.509,0.227,0.562,0.585,0.279,0.373,0.409,0.315,0.003,0.584,0.500,0.161,0.539,0.382,0.303,0.200,0.158,0.537,0.503,0.571,0.554,0.276,0.203
7PNB_L_2_NAG;0.460,0.472,0.633,0.563,0.477,0.316,0.462,0.580,0.656,0.299,0.466,0.631,0.603,0.527,0.527,0.527,0.533,0.626,0.465,0.353,0.533,0.660,0.376,0.656,0.535,0.539,0.466,0.633,0.351,0.342,0.350,0.236,0.360,0.301,0.412,0.637,0.543,0.255,0.537,0.363,0.526,0.531,0.466,0.535,0.595,0.539,0.692,0.477,0.341,0.367,0.592,0.442,0.533,0.626,0.243,0.586,0.535,0.573,0.558,0.343,0.456,0.527,0.584,0.466,0.368,0.374,0.455,0.607,0.391,0.628,0.460,0.631,0.245,0.247,0.433,0.694,0.658,0.527,0.543,0.535,0.533,0.367,0.573,0.000,0.524,0.527,0.533,0.531,0.447,0.573,0.567,0.654,0.541,0.298,0.567,0.543,0.694,0.569,0.249,0.622,0.357,0.465,0.518,0.352,0.544,0.527,0.527,0.535,0.352,0.535,0.462,0.554,0.529,0.375,0.022,0.586,0.537,0.563,0.396,0.552,0.338,0.554,0.022,0.622,0.624,0.578,0.569,0.626,0.301,0.631,0.584,0.379,0.529,0.624,0.398,0.588,0.626,0.692,0.558,0.692,0.594,0.541,0.582,0.036,0.609,0.520,0.652,0.594,0.527,0.298,0.245,0.694,0.398,0.537,0.453,0.599,0.537,0.356,0.582,0.631,0.535,0.586,0.529,0.473,0.328,0.590,0.456,0.535,0.558,0.245,0.567,0.599,0.465,0.527,0.526,0.467,0.522,0.622,0.626,0.535,0.565,0.533,0.620,0.629,0.012,0.586,0.541,0.543,0.599,0.246,0.594,0.032,0.620,0.294,0.029,0.569,0.652,0.569,0.620,0.544,0.516,0.524,0.635,0.631,0.394,0.354,0.529,0.522,0.352,0.565,0.427,0.622,0.652,0.537,0.522,0.447,0.346,0.305,0.592,0.533,0.380,0.374,0.558,0.565,0.535,0.527,0.569,0.294,0.377,0.021,0.402,0.694,0.543,0.446,0.443,0.624,0.554,0.654,0.590,0.569,0.302,0.694,0.558,0.037,0.603,0.582,0.526,0.550,0.397,0.692,0.343,0.378,0.631,0.522
7PNB_b_5_MAN;0.609,0.587,0.361,0.358,0.589,0.539,0.614,0.312,0.430,0.554,0.581,0.358,0.373,0.006,0.124,0.109,0.127,0.336,0.581,0.541,0.118,0.421,0.577,0.433,0.106,0.100,0.581,0.330,0.551,0.569,0.577,0.541,0.551,0.561,0.556,0.367,0.245,0.524,0.121,0.564,0.115,0.091,0.612,0.106,0.224,0.112,0.497,0.589,0.552,0.561,0.212,0.554,0.118,0.336,0.543,0.336,0.073,0.200,0.355,0.582,0.605,0.118,0.221,0.612,0.578,0.582,0.568,0.370,0.539,0.361,0.614,0.358,0.531,0.520,0.544,0.500,0.439,0.121,0.245,0.082,0.106,0.552,0.200,0.524,0.000,0.115,0.112,0.012,0.559,0.203,0.358,0.430,0.121,0.560,0.194,0.248,0.497,0.364,0.531,0.330,0.588,0.583,0.112,0.569,0.245,0.006,0.109,0.091,0.558,0.103,0.612,0.097,0.076,0.565,0.524,0.221,0.073,0.364,0.529,0.352,0.580,0.097,0.518,0.339,0.321,0.309,0.200,0.333,0.560,0.330,0.330,0.535,0.118,0.321,0.533,0.355,0.336,0.494,0.094,0.497,0.227,0.242,0.209,0.514,0.367,0.115,0.424,0.358,0.124,0.554,0.531,0.497,0.529,0.106,0.605,0.367,0.106,0.560,0.330,0.330,0.106,0.221,0.112,0.583,0.552,0.330,0.552,0.106,0.091,0.531,0.355,0.364,0.581,0.121,0.118,0.616,0.124,0.339,0.333,0.121,0.194,0.127,0.342,0.330,0.520,0.330,0.242,0.245,0.367,0.520,0.215,0.518,0.345,0.558,0.514,0.200,0.427,0.103,0.345,0.245,0.121,0.006,0.358,0.358,0.533,0.586,0.118,0.009,0.582,0.358,0.554,0.321,0.430,0.073,0.009,0.557,0.556,0.560,0.212,0.127,0.573,0.563,0.091,0.100,0.103,0.130,0.200,0.558,0.559,0.522,0.539,0.500,0.245,0.549,0.557,0.339,0.355,0.433,0.327,0.200,0.560,0.491,0.094,0.520,0.364,0.315,0.000,0.094,0.535,0.494,0.582,0.544,0.330,0.006
7PNB_x_6_MAN;0.592,0.581,0.364,0.318,0.591,0.541,0.595,0.318,0.433,0.558,0.578,0.370,0.385,0.115,0.179,0.064,0.188,0.352,0.581,0.535,0.033,0.421,0.560,0.439,0.164,0.064,0.578,0.330,0.555,0.556,0.565,0.533,0.544,0.558,0.571,0.373,0.267,0.505,0.103,0.562,0.103,0.064,0.595,0.164,0.188,0.018,0.500,0.591,0.546,0.543,0.185,0.586,0.100,0.352,0.537,0.324,0.061,0.179,0.324,0.563,0.588,0.176,0.173,0.595,0.561,0.560,0.576,0.382,0.550,0.376,0.597,0.370,0.524,0.507,0.576,0.503,0.442,0.179,0.267,0.061,0.161,0.541,0.176,0.527,0.115,0.000,0.088,0.109,0.578,0.182,0.324,0.427,0.103,0.563,0.170,0.264,0.500,0.336,0.510,0.321,0.569,0.578,0.024,0.546,0.267,0.115,0.006,0.055,0.552,0.167,0.595,0.073,0.058,0.554,0.524,0.173,0.058,0.324,0.543,0.327,0.556,0.073,0.522,0.348,0.321,0.309,0.176,0.318,0.563,0.324,0.327,0.529,0.100,0.321,0.541,0.373,0.352,0.497,0.076,0.500,0.179,0.264,0.170,0.514,0.379,0.027,0.415,0.376,0.179,0.558,0.518,0.500,0.539,0.164,0.588,0.379,0.164,0.554,0.321,0.355,0.164,0.173,0.094,0.580,0.550,0.324,0.577,0.161,0.085,0.524,0.321,0.376,0.583,0.179,0.100,0.597,0.170,0.348,0.318,0.033,0.170,0.188,0.321,0.355,0.522,0.327,0.264,0.267,0.379,0.507,0.191,0.518,0.367,0.558,0.516,0.176,0.424,0.106,0.358,0.267,0.033,0.121,0.361,0.373,0.544,0.567,0.094,0.112,0.567,0.318,0.582,0.321,0.427,0.058,0.112,0.583,0.554,0.563,0.185,0.185,0.556,0.543,0.088,0.097,0.167,0.021,0.176,0.558,0.536,0.524,0.541,0.503,0.267,0.576,0.585,0.355,0.327,0.436,0.321,0.179,0.563,0.494,0.073,0.509,0.376,0.321,0.115,0.085,0.539,0.497,0.563,0.527,0.355,0.115
7PNB_z_6_MAN;0.592,0.570,0.373,0.339,0.572,0.535,0.595,0.300,0.439,0.546,0.564,0.379,0.379,0.112,0.139,0.091,0.142,0.361,0.562,0.526,0.103,0.427,0.563,0.445,0.164,0.091,0.564,0.342,0.530,0.546,0.556,0.537,0.534,0.550,0.575,0.379,0.255,0.509,0.015,0.547,0.024,0.085,0.595,0.164,0.209,0.088,0.494,0.578,0.533,0.544,0.200,0.575,0.015,0.361,0.537,0.333,0.076,0.185,0.342,0.550,0.590,0.139,0.200,0.595,0.565,0.563,0.578,0.376,0.548,0.382,0.597,0.379,0.524,0.509,0.566,0.494,0.448,0.142,0.255,0.076,0.161,0.544,0.185,0.533,0.112,0.088,0.000,0.115,0.566,0.188,0.345,0.442,0.015,0.552,0.191,0.252,0.488,0.358,0.512,0.333,0.560,0.564,0.094,0.543,0.255,0.112,0.082,0.085,0.544,0.164,0.595,0.124,0.073,0.560,0.529,0.200,0.073,0.345,0.543,0.342,0.552,0.124,0.531,0.355,0.333,0.297,0.185,0.336,0.552,0.342,0.327,0.541,0.015,0.333,0.541,0.361,0.361,0.491,0.130,0.494,0.203,0.252,0.191,0.514,0.373,0.100,0.433,0.364,0.136,0.546,0.524,0.488,0.537,0.164,0.588,0.373,0.164,0.552,0.327,0.364,0.164,0.200,0.021,0.566,0.533,0.327,0.565,0.161,0.127,0.527,0.342,0.370,0.562,0.139,0.015,0.597,0.136,0.355,0.336,0.109,0.191,0.142,0.339,0.364,0.531,0.327,0.252,0.255,0.373,0.507,0.206,0.518,0.373,0.550,0.522,0.185,0.442,0.124,0.367,0.255,0.100,0.106,0.364,0.379,0.544,0.558,0.006,0.106,0.558,0.339,0.571,0.333,0.445,0.073,0.103,0.576,0.535,0.552,0.200,0.145,0.560,0.546,0.133,0.133,0.164,0.109,0.185,0.550,0.545,0.526,0.539,0.491,0.255,0.564,0.578,0.358,0.345,0.442,0.324,0.185,0.552,0.485,0.127,0.518,0.370,0.303,0.112,0.124,0.539,0.488,0.554,0.544,0.364,0.109
7PNB_0_5_MAN;0.611,0.595,0.367,0.364,0.597,0.543,0.616,0.312,0.424,0.552,0.589,0.373,0.385,0.021,0.127,0.094,0.130,0.345,0.589,0.546,0.103,0.415,0.582,0.427,0.100,0.085,0.589,0.327,0.557,0.561,0.569,0.531,0.559,0.560,0.561,0.373,0.245,0.512,0.124,0.570,0.118,0.082,0.614,0.100,0.206,0.106,0.497,0.597,0.558,0.567,0.203,0.554,0.121,0.345,0.533,0.330,0.073,0.191,0.361,0.575,0.607,0.121,0.203,0.614,0.584,0.588,0.568,0.382,0.531,0.376,0.616,0.373,0.522,0.509,0.544,0.500,0.433,0.124,0.245,0.082,0.100,0.556,0.191,0.531,0.012,0.109,0.115,0.000,0.559,0.194,0.361,0.424,0.124,0.558,0.185,0.248,0.497,0.370,0.522,0.321,0.580,0.591,0.112,0.561,0.245,0.021,0.103,0.076,0.560,0.097,0.614,0.091,0.076,0.573,0.531,0.203,0.073,0.370,0.522,0.358,0.573,0.091,0.526,0.348,0.321,0.309,0.191,0.324,0.558,0.327,0.324,0.527,0.121,0.321,0.526,0.367,0.345,0.494,0.088,0.497,0.209,0.242,0.200,0.522,0.379,0.109,0.418,0.370,0.127,0.552,0.520,0.497,0.514,0.100,0.607,0.379,0.100,0.563,0.324,0.339,0.100,0.203,0.115,0.591,0.560,0.324,0.552,0.100,0.085,0.520,0.361,0.376,0.589,0.124,0.121,0.618,0.127,0.348,0.324,0.106,0.185,0.130,0.333,0.339,0.527,0.324,0.242,0.245,0.379,0.509,0.197,0.526,0.361,0.556,0.522,0.191,0.421,0.097,0.352,0.245,0.115,0.021,0.364,0.373,0.529,0.578,0.121,0.024,0.575,0.364,0.554,0.321,0.424,0.073,0.024,0.551,0.560,0.558,0.203,0.130,0.578,0.569,0.085,0.094,0.097,0.115,0.191,0.556,0.557,0.529,0.524,0.500,0.245,0.553,0.551,0.348,0.361,0.427,0.321,0.191,0.558,0.491,0.088,0.514,0.376,0.315,0.012,0.088,0.520,0.494,0.575,0.537,0.339,0.018
7PNB_M_1_NAG;0.484,0.485,0.688,0.629,0.479,0.454,0.498,0.559,0.657,0.446,0.475,0.695,0.589,0.562,0.555,0.568,0.551,0.655,0.479,0.455,0.576,0.652,0.407,0.657,0.557,0.564,0.475,0.663,0.450,0.391,0.407,0.428,0.457,0.453,0.461,0.682,0.583,0.417,0.559,0.448,0.551,0.566,0.492,0.557,0.566,0.574,0.723,0.481,0.446,0.410,0.564,0.037,0.559,0.655,0.413,0.538,0.562,0.568,0.627,0.393,0.499,0.555,0.568,0.495,0.420,0.414,0.059,0.587,0.398,0.684,0.491,0.686,0.411,0.418,0.048,0.725,0.665,0.555,0.583,0.561,0.557,0.402,0.570,0.447,0.559,0.578,0.566,0.559,0.000,0.570,0.631,0.667,0.564,0.450,0.566,0.585,0.725,0.634,0.428,0.663,0.395,0.481,0.572,0.409,0.583,0.562,0.574,0.570,0.442,0.555,0.499,0.566,0.562,0.406,0.436,0.568,0.557,0.631,0.393,0.629,0.404,0.566,0.448,0.652,0.661,0.553,0.566,0.665,0.446,0.669,0.538,0.403,0.553,0.661,0.396,0.583,0.655,0.723,0.570,0.723,0.568,0.587,0.562,0.447,0.581,0.566,0.657,0.583,0.555,0.444,0.410,0.725,0.392,0.557,0.499,0.583,0.557,0.415,0.536,0.653,0.557,0.568,0.559,0.477,0.455,0.540,0.045,0.557,0.570,0.415,0.631,0.589,0.472,0.555,0.553,0.499,0.553,0.652,0.665,0.576,0.566,0.551,0.665,0.653,0.437,0.538,0.587,0.583,0.583,0.413,0.561,0.437,0.680,0.440,0.447,0.566,0.661,0.572,0.676,0.583,0.564,0.562,0.689,0.684,0.398,0.402,0.559,0.559,0.400,0.631,0.076,0.661,0.663,0.557,0.564,0.069,0.440,0.453,0.561,0.551,0.411,0.403,0.568,0.574,0.555,0.578,0.566,0.439,0.463,0.446,0.395,0.725,0.583,0.096,0.058,0.657,0.631,0.657,0.538,0.564,0.454,0.725,0.570,0.440,0.581,0.561,0.559,0.566,0.391,0.723,0.406,0.406,0.653,0.555
7PNB_M_4_BGC;0.622,0.621,0.388,0.388,0.627,0.554,0.624,0.294,0.412,0.578,0.614,0.370,0.391,0.206,0.248,0.200,0.252,0.276,0.614,0.548,0.176,0.388,0.563,0.412,0.215,0.191,0.614,0.291,0.557,0.563,0.567,0.535,0.542,0.577,0.577,0.379,0.230,0.526,0.191,0.570,0.200,0.197,0.620,0.215,0.070,0.176,0.503,0.633,0.554,0.565,0.070,0.590,0.191,0.276,0.537,0.309,0.173,0.003,0.382,0.573,0.620,0.242,0.070,0.620,0.565,0.565,0.570,0.388,0.546,0.391,0.624,0.397,0.531,0.533,0.574,0.506,0.418,0.252,0.230,0.185,0.215,0.558,0.003,0.573,0.203,0.182,0.188,0.194,0.570,0.000,0.388,0.415,0.191,0.582,0.012,0.227,0.500,0.394,0.527,0.279,0.577,0.614,0.176,0.563,0.230,0.206,0.182,0.191,0.556,0.212,0.622,0.167,0.188,0.560,0.569,0.070,0.179,0.388,0.543,0.376,0.577,0.170,0.563,0.279,0.279,0.288,0.006,0.276,0.582,0.294,0.312,0.546,0.197,0.279,0.543,0.379,0.276,0.500,0.164,0.503,0.079,0.227,0.064,0.552,0.385,0.179,0.409,0.382,0.255,0.578,0.537,0.500,0.543,0.215,0.618,0.385,0.215,0.548,0.300,0.279,0.215,0.070,0.197,0.623,0.548,0.318,0.573,0.215,0.158,0.531,0.385,0.379,0.616,0.245,0.191,0.624,0.239,0.279,0.276,0.176,0.012,0.252,0.279,0.279,0.558,0.312,0.227,0.230,0.385,0.531,0.073,0.561,0.382,0.580,0.556,0.006,0.397,0.145,0.364,0.230,0.173,0.206,0.391,0.400,0.552,0.577,0.194,0.209,0.567,0.388,0.578,0.279,0.418,0.179,0.197,0.580,0.552,0.582,0.064,0.252,0.567,0.567,0.158,0.148,0.212,0.182,0.006,0.580,0.536,0.561,0.546,0.503,0.230,0.559,0.585,0.282,0.376,0.409,0.315,0.006,0.582,0.494,0.164,0.537,0.382,0.294,0.203,0.161,0.539,0.497,0.573,0.558,0.279,0.200
7PNB_Z_4_MAN;0.569,0.557,0.458,0.003,0.564,0.578,0.571,0.427,0.479,0.582,0.557,0.464,0.373,0.361,0.342,0.361,0.348,0.455,0.555,0.616,0.336,0.473,0.571,0.479,0.336,0.376,0.557,0.433,0.619,0.582,0.586,0.580,0.606,0.580,0.611,0.458,0.352,0.592,0.348,0.634,0.348,0.355,0.565,0.336,0.409,0.336,0.488,0.566,0.603,0.569,0.388,0.628,0.342,0.455,0.599,0.448,0.327,0.385,0.021,0.584,0.575,0.339,0.403,0.565,0.573,0.577,0.650,0.382,0.614,0.455,0.563,0.458,0.584,0.580,0.623,0.491,0.479,0.345,0.352,0.352,0.336,0.569,0.385,0.567,0.358,0.324,0.345,0.361,0.631,0.388,0.000,0.479,0.348,0.586,0.385,0.358,0.488,0.021,0.565,0.424,0.595,0.555,0.318,0.586,0.352,0.361,0.324,0.364,0.612,0.336,0.565,0.342,0.336,0.565,0.569,0.403,0.342,0.009,0.607,0.030,0.586,0.342,0.561,0.442,0.427,0.427,0.385,0.421,0.586,0.430,0.455,0.616,0.345,0.427,0.609,0.361,0.455,0.488,0.355,0.488,0.409,0.364,0.382,0.569,0.385,0.327,0.479,0.370,0.345,0.582,0.578,0.488,0.611,0.336,0.575,0.373,0.336,0.569,0.448,0.448,0.336,0.403,0.342,0.557,0.601,0.461,0.631,0.336,0.352,0.569,0.000,0.376,0.559,0.342,0.342,0.563,0.339,0.442,0.421,0.336,0.385,0.348,0.430,0.448,0.556,0.455,0.364,0.352,0.373,0.571,0.412,0.561,0.448,0.592,0.556,0.385,0.464,0.345,0.452,0.352,0.315,0.361,0.461,0.458,0.614,0.594,0.345,0.348,0.590,0.006,0.624,0.427,0.476,0.342,0.352,0.633,0.611,0.586,0.388,0.348,0.575,0.563,0.352,0.352,0.336,0.348,0.385,0.592,0.562,0.563,0.612,0.488,0.352,0.634,0.636,0.476,0.027,0.479,0.461,0.385,0.586,0.488,0.355,0.573,0.382,0.430,0.358,0.355,0.612,0.485,0.580,0.601,0.448,0.352
7PNB_Q_3_YZT;0.671,0.650,0.285,0.473,0.659,0.641,0.669,0.442,0.015,0.681,0.650,0.300,0.424,0.430,0.433,0.458,0.430,0.294,0.650,0.654,0.467,0.039,0.652,0.018,0.445,0.461,0.650,0.324,0.653,0.679,0.688,0.631,0.636,0.679,0.677,0.279,0.394,0.631,0.433,0.663,0.433,0.461,0.673,0.445,0.461,0.445,0.524,0.659,0.648,0.650,0.445,0.681,0.436,0.291,0.633,0.458,0.436,0.412,0.458,0.677,0.686,0.430,0.448,0.673,0.647,0.650,0.674,0.430,0.667,0.297,0.671,0.288,0.628,0.631,0.674,0.527,0.009,0.433,0.394,0.452,0.442,0.641,0.412,0.654,0.430,0.427,0.442,0.424,0.667,0.415,0.479,0.000,0.433,0.681,0.418,0.400,0.530,0.488,0.639,0.324,0.681,0.646,0.433,0.675,0.394,0.430,0.433,0.461,0.648,0.445,0.673,0.445,0.448,0.641,0.652,0.448,0.439,0.473,0.667,0.467,0.679,0.445,0.654,0.294,0.324,0.436,0.412,0.327,0.681,0.348,0.445,0.671,0.430,0.324,0.673,0.418,0.294,0.518,0.445,0.524,0.452,0.400,0.433,0.654,0.433,0.424,0.018,0.421,0.430,0.681,0.624,0.524,0.667,0.445,0.681,0.424,0.445,0.643,0.452,0.291,0.445,0.448,0.442,0.655,0.629,0.442,0.673,0.442,0.452,0.629,0.482,0.427,0.655,0.430,0.436,0.675,0.430,0.294,0.339,0.467,0.418,0.430,0.330,0.285,0.647,0.445,0.400,0.394,0.424,0.633,0.458,0.650,0.288,0.682,0.648,0.412,0.024,0.452,0.303,0.394,0.421,0.430,0.288,0.294,0.671,0.677,0.430,0.433,0.662,0.473,0.669,0.321,0.003,0.439,0.427,0.678,0.643,0.681,0.445,0.430,0.643,0.648,0.452,0.452,0.445,0.448,0.412,0.682,0.648,0.652,0.679,0.524,0.394,0.655,0.678,0.300,0.470,0.021,0.442,0.412,0.681,0.524,0.442,0.652,0.430,0.445,0.430,0.442,0.669,0.521,0.677,0.669,0.285,0.436
7PNB_u_6_MAN;0.599,0.572,0.373,0.342,0.574,0.535,0.601,0.309,0.430,0.556,0.566,0.385,0.373,0.121,0.133,0.106,0.136,0.364,0.564,0.531,0.124,0.424,0.560,0.436,0.167,0.106,0.566,0.348,0.532,0.554,0.567,0.546,0.534,0.560,0.578,0.379,0.255,0.522,0.006,0.549,0.018,0.100,0.603,0.167,0.206,0.097,0.494,0.580,0.535,0.541,0.197,0.573,0.006,0.364,0.546,0.342,0.091,0.188,0.345,0.556,0.597,0.133,0.197,0.603,0.560,0.558,0.578,0.370,0.546,0.382,0.605,0.379,0.537,0.522,0.564,0.494,0.439,0.136,0.255,0.091,0.164,0.541,0.188,0.541,0.121,0.103,0.015,0.124,0.564,0.191,0.348,0.433,0.000,0.561,0.194,0.252,0.488,0.361,0.526,0.336,0.567,0.566,0.109,0.550,0.255,0.121,0.097,0.100,0.550,0.167,0.603,0.136,0.088,0.558,0.537,0.197,0.088,0.348,0.541,0.345,0.560,0.139,0.539,0.358,0.336,0.306,0.188,0.339,0.561,0.348,0.336,0.539,0.012,0.336,0.539,0.355,0.364,0.491,0.142,0.494,0.200,0.252,0.188,0.522,0.367,0.115,0.424,0.358,0.133,0.556,0.533,0.488,0.535,0.167,0.595,0.367,0.167,0.548,0.336,0.367,0.167,0.197,0.012,0.568,0.533,0.336,0.563,0.164,0.145,0.541,0.345,0.364,0.564,0.133,0.012,0.605,0.130,0.358,0.339,0.118,0.194,0.136,0.342,0.367,0.539,0.336,0.252,0.255,0.367,0.520,0.203,0.526,0.373,0.560,0.529,0.188,0.439,0.127,0.367,0.255,0.115,0.121,0.370,0.379,0.543,0.565,0.015,0.115,0.563,0.342,0.569,0.336,0.436,0.088,0.118,0.576,0.539,0.561,0.197,0.139,0.554,0.543,0.139,0.130,0.167,0.124,0.188,0.560,0.547,0.533,0.537,0.491,0.255,0.564,0.576,0.361,0.348,0.433,0.333,0.188,0.561,0.485,0.139,0.522,0.364,0.312,0.121,0.142,0.537,0.488,0.561,0.543,0.367,0.118
7PNB_1_2_NAG;0.497,0.512,0.618,0.588,0.512,0.380,0.504,0.629,0.675,0.007,0.510,0.616,0.580,0.561,0.558,0.548,0.556,0.588,0.510,0.380,0.552,0.660,0.401,0.667,0.569,0.548,0.510,0.612,0.380,0.382,0.389,0.216,0.392,0.016,0.424,0.620,0.577,0.253,0.558,0.387,0.552,0.550,0.501,0.569,0.582,0.560,0.686,0.519,0.383,0.402,0.580,0.459,0.550,0.588,0.210,0.629,0.550,0.584,0.590,0.398,0.489,0.558,0.584,0.499,0.396,0.396,0.451,0.578,0.396,0.616,0.493,0.616,0.234,0.242,0.453,0.688,0.684,0.556,0.577,0.550,0.569,0.393,0.584,0.298,0.560,0.563,0.552,0.558,0.450,0.582,0.586,0.681,0.561,0.000,0.577,0.578,0.688,0.588,0.234,0.611,0.402,0.510,0.546,0.397,0.577,0.561,0.563,0.554,0.376,0.567,0.497,0.560,0.552,0.408,0.299,0.586,0.548,0.590,0.409,0.578,0.390,0.558,0.293,0.582,0.609,0.629,0.580,0.609,0.003,0.607,0.633,0.401,0.550,0.609,0.408,0.580,0.588,0.686,0.565,0.686,0.590,0.575,0.584,0.279,0.577,0.544,0.664,0.578,0.554,0.008,0.242,0.688,0.416,0.569,0.490,0.577,0.569,0.371,0.624,0.586,0.569,0.586,0.546,0.513,0.383,0.641,0.442,0.569,0.558,0.229,0.586,0.577,0.512,0.558,0.546,0.504,0.554,0.582,0.609,0.556,0.577,0.556,0.612,0.586,0.305,0.635,0.575,0.577,0.577,0.251,0.575,0.279,0.611,0.014,0.282,0.580,0.664,0.565,0.616,0.577,0.543,0.558,0.616,0.618,0.413,0.397,0.550,0.556,0.412,0.590,0.455,0.609,0.679,0.548,0.560,0.454,0.382,0.012,0.580,0.558,0.413,0.397,0.561,0.565,0.567,0.548,0.580,0.019,0.407,0.298,0.411,0.688,0.577,0.464,0.454,0.586,0.580,0.667,0.643,0.580,0.007,0.690,0.565,0.286,0.575,0.631,0.560,0.560,0.415,0.686,0.394,0.405,0.586,0.550
7PNB_0_4_BGC;0.624,0.629,0.364,0.385,0.634,0.552,0.626,0.300,0.412,0.573,0.621,0.352,0.388,0.197,0.252,0.188,0.255,0.264,0.621,0.539,0.161,0.394,0.558,0.412,0.206,0.179,0.621,0.273,0.559,0.556,0.563,0.537,0.545,0.571,0.573,0.355,0.218,0.527,0.194,0.564,0.203,0.185,0.622,0.206,0.055,0.164,0.515,0.640,0.552,0.563,0.058,0.584,0.194,0.264,0.539,0.303,0.164,0.009,0.379,0.565,0.622,0.245,0.055,0.622,0.560,0.560,0.572,0.385,0.533,0.373,0.626,0.373,0.533,0.535,0.568,0.518,0.424,0.255,0.218,0.176,0.206,0.556,0.009,0.567,0.194,0.170,0.191,0.185,0.566,0.012,0.385,0.418,0.194,0.577,0.000,0.215,0.512,0.391,0.529,0.264,0.569,0.621,0.164,0.558,0.218,0.197,0.170,0.179,0.546,0.203,0.624,0.158,0.179,0.554,0.563,0.055,0.170,0.385,0.529,0.373,0.567,0.161,0.558,0.267,0.264,0.294,0.006,0.261,0.577,0.276,0.306,0.531,0.200,0.264,0.529,0.376,0.264,0.512,0.155,0.515,0.064,0.215,0.052,0.546,0.382,0.167,0.406,0.379,0.258,0.573,0.539,0.512,0.529,0.206,0.620,0.382,0.206,0.543,0.294,0.267,0.206,0.055,0.188,0.631,0.550,0.312,0.569,0.206,0.148,0.533,0.382,0.376,0.623,0.248,0.194,0.626,0.242,0.267,0.261,0.161,0.000,0.255,0.264,0.267,0.558,0.306,0.215,0.218,0.382,0.533,0.058,0.556,0.358,0.575,0.550,0.006,0.406,0.136,0.339,0.218,0.164,0.197,0.367,0.376,0.539,0.573,0.197,0.200,0.560,0.385,0.571,0.264,0.415,0.170,0.188,0.574,0.554,0.577,0.052,0.255,0.561,0.565,0.148,0.139,0.203,0.167,0.006,0.575,0.542,0.561,0.533,0.515,0.218,0.557,0.578,0.270,0.373,0.409,0.309,0.006,0.577,0.506,0.155,0.539,0.379,0.303,0.194,0.152,0.526,0.509,0.569,0.543,0.267,0.197
7PNB_1_4_BGC;0.611,0.572,0.364,0.358,0.581,0.565,0.612,0.330,0.391,0.573,0.570,0.388,0.312,0.252,0.218,0.255,0.221,0.345,0.570,0.565,0.270,0.388,0.552,0.394,0.270,0.273,0.570,0.348,0.580,0.527,0.533,0.527,0.568,0.575,0.567,0.376,0.003,0.526,0.252,0.574,0.236,0.261,0.611,0.270,0.264,0.273,0.470,0.578,0.573,0.561,0.252,0.594,0.236,0.345,0.541,0.358,0.248,0.224,0.348,0.529,0.612,0.215,0.258,0.611,0.550,0.561,0.585,0.309,0.571,0.382,0.611,0.373,0.518,0.522,0.578,0.473,0.406,0.218,0.003,0.258,0.270,0.556,0.224,0.543,0.248,0.264,0.252,0.248,0.585,0.227,0.358,0.400,0.252,0.578,0.215,0.000,0.473,0.364,0.518,0.336,0.535,0.566,0.252,0.529,0.003,0.252,0.270,0.270,0.563,0.270,0.612,0.267,0.252,0.546,0.544,0.258,0.255,0.358,0.563,0.358,0.527,0.267,0.527,0.348,0.336,0.330,0.221,0.339,0.578,0.345,0.361,0.565,0.242,0.336,0.563,0.306,0.345,0.470,0.267,0.470,0.264,0.006,0.245,0.533,0.312,0.258,0.382,0.303,0.218,0.573,0.537,0.473,0.565,0.270,0.611,0.306,0.270,0.546,0.358,0.348,0.270,0.258,0.230,0.578,0.565,0.364,0.580,0.270,0.261,0.516,0.355,0.300,0.576,0.215,0.236,0.611,0.212,0.348,0.339,0.270,0.215,0.221,0.342,0.348,0.539,0.361,0.006,0.003,0.306,0.520,0.261,0.543,0.358,0.575,0.524,0.221,0.397,0.264,0.373,0.003,0.252,0.252,0.367,0.373,0.569,0.537,0.245,0.255,0.522,0.358,0.588,0.336,0.391,0.255,0.245,0.587,0.573,0.578,0.252,0.221,0.552,0.563,0.261,0.264,0.270,0.270,0.221,0.575,0.553,0.539,0.565,0.473,0.003,0.572,0.583,0.355,0.358,0.391,0.370,0.221,0.578,0.473,0.267,0.526,0.303,0.333,0.248,0.264,0.560,0.470,0.535,0.571,0.348,0.258
7PNB_o_3_YZT;0.671,0.634,0.503,0.488,0.636,0.701,0.675,0.585,0.518,0.690,0.631,0.512,0.503,0.503,0.467,0.491,0.464,0.488,0.631,0.709,0.497,0.521,0.673,0.515,0.521,0.497,0.631,0.458,0.716,0.675,0.681,0.679,0.706,0.682,0.675,0.506,0.473,0.688,0.488,0.725,0.485,0.485,0.669,0.521,0.558,0.509,0.006,0.636,0.703,0.675,0.545,0.730,0.485,0.488,0.692,0.588,0.476,0.503,0.485,0.681,0.677,0.467,0.552,0.671,0.677,0.673,0.731,0.506,0.667,0.509,0.673,0.500,0.686,0.681,0.716,0.000,0.527,0.464,0.473,0.488,0.515,0.669,0.506,0.694,0.497,0.500,0.488,0.497,0.725,0.500,0.488,0.530,0.488,0.688,0.512,0.473,0.000,0.488,0.675,0.464,0.684,0.631,0.503,0.681,0.473,0.503,0.503,0.491,0.720,0.518,0.669,0.479,0.476,0.660,0.690,0.552,0.488,0.488,0.673,0.488,0.684,0.485,0.686,0.485,0.470,0.579,0.506,0.458,0.688,0.458,0.588,0.665,0.485,0.464,0.669,0.503,0.488,0.012,0.485,0.006,0.567,0.485,0.542,0.682,0.503,0.503,0.512,0.506,0.461,0.690,0.679,0.012,0.671,0.521,0.677,0.500,0.521,0.669,0.576,0.488,0.521,0.555,0.491,0.634,0.705,0.591,0.737,0.518,0.479,0.677,0.485,0.503,0.631,0.467,0.485,0.675,0.467,0.485,0.458,0.497,0.512,0.464,0.464,0.479,0.686,0.588,0.485,0.473,0.500,0.673,0.561,0.686,0.494,0.688,0.682,0.506,0.530,0.485,0.494,0.473,0.497,0.503,0.506,0.506,0.665,0.684,0.485,0.500,0.679,0.488,0.733,0.458,0.527,0.488,0.494,0.729,0.716,0.688,0.548,0.467,0.669,0.671,0.479,0.476,0.521,0.515,0.506,0.688,0.648,0.688,0.667,0.006,0.473,0.722,0.729,0.494,0.482,0.512,0.591,0.503,0.688,0.015,0.482,0.671,0.503,0.585,0.497,0.482,0.673,0.012,0.681,0.662,0.494,0.494
7PNB_P_4_MAN;0.573,0.544,0.464,0.024,0.549,0.580,0.578,0.427,0.488,0.586,0.544,0.470,0.367,0.367,0.348,0.348,0.355,0.467,0.540,0.618,0.336,0.476,0.558,0.482,0.330,0.376,0.544,0.445,0.619,0.582,0.578,0.586,0.606,0.582,0.601,0.464,0.358,0.601,0.361,0.634,0.361,0.355,0.569,0.330,0.409,0.342,0.488,0.553,0.605,0.563,0.394,0.628,0.355,0.467,0.605,0.448,0.333,0.391,0.018,0.586,0.578,0.345,0.409,0.569,0.560,0.563,0.650,0.376,0.618,0.461,0.567,0.464,0.590,0.592,0.623,0.491,0.488,0.352,0.358,0.358,0.330,0.563,0.391,0.569,0.364,0.336,0.358,0.370,0.634,0.394,0.021,0.488,0.361,0.588,0.391,0.364,0.488,0.000,0.577,0.436,0.595,0.542,0.318,0.586,0.358,0.367,0.330,0.364,0.614,0.330,0.569,0.355,0.342,0.552,0.571,0.409,0.348,0.018,0.612,0.009,0.586,0.355,0.563,0.455,0.439,0.427,0.391,0.433,0.588,0.442,0.455,0.616,0.358,0.439,0.614,0.355,0.467,0.488,0.367,0.488,0.415,0.370,0.394,0.571,0.379,0.327,0.482,0.364,0.352,0.586,0.588,0.488,0.616,0.330,0.578,0.367,0.330,0.563,0.448,0.461,0.330,0.409,0.355,0.544,0.601,0.461,0.631,0.330,0.364,0.575,0.021,0.370,0.544,0.348,0.355,0.571,0.345,0.455,0.433,0.336,0.391,0.355,0.430,0.461,0.558,0.455,0.370,0.358,0.367,0.578,0.412,0.565,0.455,0.594,0.558,0.391,0.467,0.364,0.458,0.358,0.315,0.367,0.467,0.464,0.618,0.594,0.358,0.355,0.584,0.027,0.624,0.439,0.485,0.348,0.358,0.633,0.614,0.588,0.394,0.355,0.561,0.558,0.364,0.364,0.330,0.342,0.391,0.594,0.566,0.565,0.618,0.488,0.358,0.631,0.636,0.488,0.006,0.482,0.461,0.391,0.588,0.488,0.367,0.575,0.376,0.430,0.364,0.367,0.618,0.485,0.580,0.607,0.461,0.358
7PNB_x_2_NAG;0.468,0.510,0.611,0.561,0.513,0.349,0.478,0.575,0.643,0.231,0.502,0.618,0.594,0.537,0.509,0.518,0.509,0.595,0.503,0.359,0.510,0.641,0.385,0.647,0.526,0.524,0.502,0.592,0.367,0.356,0.367,0.048,0.356,0.216,0.394,0.614,0.518,0.043,0.518,0.366,0.514,0.520,0.473,0.526,0.548,0.518,0.675,0.512,0.364,0.387,0.543,0.437,0.516,0.595,0.059,0.580,0.516,0.531,0.561,0.364,0.471,0.509,0.535,0.475,0.390,0.396,0.439,0.592,0.383,0.611,0.475,0.614,0.027,0.033,0.431,0.677,0.645,0.509,0.518,0.520,0.524,0.398,0.531,0.249,0.531,0.510,0.512,0.522,0.428,0.527,0.565,0.639,0.526,0.234,0.529,0.518,0.675,0.577,0.000,0.580,0.371,0.503,0.512,0.359,0.518,0.537,0.510,0.518,0.361,0.524,0.477,0.522,0.516,0.390,0.240,0.537,0.516,0.563,0.385,0.565,0.353,0.522,0.243,0.592,0.586,0.575,0.533,0.578,0.236,0.586,0.582,0.359,0.512,0.586,0.382,0.586,0.595,0.673,0.527,0.675,0.541,0.516,0.535,0.236,0.590,0.509,0.635,0.588,0.507,0.229,0.056,0.675,0.386,0.526,0.464,0.586,0.526,0.376,0.577,0.599,0.526,0.537,0.512,0.514,0.359,0.584,0.426,0.526,0.526,0.036,0.565,0.590,0.501,0.509,0.509,0.485,0.507,0.592,0.578,0.514,0.529,0.509,0.577,0.597,0.240,0.584,0.516,0.518,0.586,0.034,0.550,0.231,0.603,0.234,0.238,0.533,0.637,0.533,0.603,0.518,0.509,0.533,0.612,0.614,0.387,0.361,0.512,0.533,0.382,0.563,0.433,0.586,0.639,0.516,0.526,0.433,0.343,0.227,0.546,0.509,0.400,0.385,0.529,0.537,0.524,0.514,0.533,0.225,0.389,0.235,0.379,0.677,0.518,0.444,0.440,0.597,0.569,0.645,0.586,0.533,0.227,0.671,0.527,0.229,0.584,0.577,0.531,0.522,0.385,0.673,0.364,0.361,0.599,0.526
7PNB_i_3_YZT;0.662,0.667,0.233,0.424,0.676,0.607,0.662,0.442,0.327,0.607,0.667,0.212,0.427,0.336,0.352,0.330,0.352,0.136,0.663,0.594,0.315,0.318,0.620,0.327,0.352,0.333,0.667,0.021,0.614,0.629,0.637,0.582,0.608,0.609,0.629,0.221,0.339,0.588,0.336,0.619,0.342,0.330,0.658,0.352,0.288,0.321,0.473,0.682,0.607,0.614,0.279,0.679,0.330,0.139,0.590,0.458,0.312,0.276,0.421,0.633,0.658,0.348,0.282,0.658,0.620,0.618,0.669,0.424,0.605,0.239,0.662,0.242,0.590,0.586,0.670,0.470,0.339,0.355,0.339,0.321,0.348,0.605,0.273,0.622,0.330,0.321,0.333,0.321,0.663,0.279,0.424,0.324,0.336,0.611,0.264,0.336,0.464,0.436,0.580,0.000,0.641,0.663,0.312,0.626,0.339,0.336,0.321,0.324,0.605,0.348,0.660,0.342,0.318,0.618,0.618,0.282,0.315,0.430,0.599,0.418,0.626,0.342,0.612,0.136,0.021,0.439,0.270,0.018,0.611,0.042,0.455,0.594,0.339,0.021,0.597,0.415,0.136,0.476,0.348,0.473,0.291,0.336,0.273,0.603,0.427,0.303,0.312,0.424,0.352,0.607,0.580,0.476,0.595,0.352,0.654,0.433,0.352,0.611,0.452,0.136,0.352,0.282,0.324,0.672,0.611,0.461,0.662,0.348,0.342,0.590,0.421,0.421,0.669,0.352,0.330,0.662,0.342,0.136,0.012,0.315,0.264,0.352,0.027,0.142,0.616,0.455,0.336,0.339,0.433,0.584,0.285,0.609,0.236,0.609,0.603,0.270,0.318,0.345,0.221,0.339,0.309,0.336,0.230,0.236,0.603,0.641,0.339,0.333,0.645,0.424,0.669,0.015,0.321,0.315,0.333,0.672,0.616,0.611,0.279,0.352,0.618,0.614,0.345,0.345,0.348,0.321,0.270,0.609,0.593,0.614,0.597,0.473,0.339,0.661,0.676,0.145,0.421,0.321,0.461,0.273,0.611,0.470,0.345,0.590,0.430,0.445,0.330,0.348,0.594,0.473,0.635,0.603,0.142,0.330
7PNB_g_2_NAG;0.474,0.490,0.667,0.594,0.488,0.437,0.474,0.588,0.673,0.404,0.487,0.679,0.575,0.590,0.560,0.560,0.563,0.635,0.483,0.445,0.569,0.662,0.386,0.669,0.586,0.561,0.487,0.654,0.440,0.036,0.058,0.376,0.448,0.400,0.442,0.664,0.537,0.365,0.567,0.428,0.548,0.563,0.478,0.586,0.595,0.565,0.682,0.488,0.446,0.378,0.586,0.386,0.552,0.635,0.371,0.575,0.567,0.573,0.599,0.041,0.470,0.560,0.590,0.478,0.400,0.391,0.388,0.573,0.393,0.679,0.468,0.671,0.356,0.370,0.382,0.682,0.679,0.560,0.537,0.563,0.586,0.380,0.575,0.357,0.588,0.569,0.560,0.580,0.395,0.577,0.595,0.681,0.567,0.402,0.569,0.535,0.684,0.595,0.371,0.641,0.000,0.483,0.569,0.040,0.537,0.590,0.569,0.575,0.433,0.584,0.477,0.565,0.565,0.386,0.356,0.592,0.561,0.597,0.402,0.590,0.032,0.563,0.359,0.631,0.650,0.582,0.573,0.639,0.402,0.658,0.575,0.408,0.548,0.650,0.408,0.575,0.635,0.684,0.569,0.682,0.597,0.541,0.584,0.348,0.575,0.563,0.673,0.573,0.558,0.398,0.371,0.684,0.409,0.586,0.473,0.569,0.586,0.389,0.569,0.637,0.586,0.592,0.548,0.488,0.435,0.584,0.380,0.586,0.565,0.356,0.595,0.567,0.484,0.560,0.552,0.482,0.554,0.631,0.639,0.569,0.569,0.563,0.641,0.637,0.350,0.577,0.541,0.537,0.569,0.363,0.597,0.350,0.665,0.402,0.367,0.573,0.675,0.575,0.667,0.537,0.554,0.586,0.673,0.673,0.413,0.023,0.548,0.586,0.060,0.595,0.379,0.650,0.681,0.561,0.580,0.384,0.449,0.407,0.588,0.563,0.382,0.378,0.561,0.573,0.584,0.577,0.573,0.401,0.420,0.356,0.412,0.682,0.537,0.391,0.385,0.633,0.590,0.667,0.582,0.571,0.404,0.694,0.569,0.352,0.567,0.592,0.588,0.560,0.400,0.684,0.026,0.396,0.637,0.584
7PNB_o_2_NAG;0.428,0.004,0.682,0.549,0.007,0.476,0.439,0.585,0.646,0.509,0.003,0.682,0.572,0.578,0.561,0.593,0.559,0.657,0.001,0.491,0.600,0.638,0.487,0.642,0.557,0.608,0.003,0.655,0.482,0.481,0.477,0.512,0.481,0.506,0.517,0.678,0.564,0.503,0.564,0.486,0.555,0.600,0.435,0.557,0.623,0.587,0.633,0.022,0.479,0.498,0.610,0.488,0.559,0.657,0.516,0.583,0.585,0.619,0.540,0.483,0.435,0.561,0.619,0.431,0.484,0.490,0.496,0.574,0.510,0.674,0.425,0.682,0.508,0.505,0.492,0.633,0.648,0.562,0.564,0.598,0.559,0.480,0.619,0.465,0.583,0.578,0.564,0.591,0.481,0.614,0.555,0.646,0.566,0.510,0.621,0.566,0.631,0.542,0.503,0.663,0.483,0.000,0.572,0.472,0.562,0.578,0.574,0.608,0.477,0.561,0.432,0.576,0.593,0.479,0.464,0.619,0.595,0.549,0.506,0.536,0.472,0.574,0.451,0.646,0.657,0.581,0.619,0.665,0.513,0.659,0.591,0.502,0.557,0.657,0.505,0.568,0.657,0.633,0.587,0.633,0.617,0.568,0.604,0.462,0.576,0.572,0.638,0.574,0.562,0.512,0.506,0.631,0.508,0.555,0.432,0.576,0.555,0.491,0.591,0.655,0.557,0.617,0.562,0.007,0.477,0.593,0.479,0.559,0.595,0.508,0.553,0.580,0.008,0.562,0.561,0.435,0.559,0.646,0.665,0.600,0.623,0.559,0.661,0.655,0.454,0.591,0.568,0.564,0.576,0.487,0.621,0.459,0.678,0.513,0.462,0.619,0.634,0.598,0.682,0.562,0.564,0.581,0.680,0.680,0.498,0.477,0.557,0.568,0.479,0.551,0.479,0.659,0.648,0.595,0.578,0.500,0.492,0.512,0.608,0.559,0.484,0.498,0.598,0.597,0.559,0.583,0.619,0.506,0.457,0.461,0.509,0.631,0.564,0.478,0.508,0.669,0.538,0.642,0.591,0.619,0.514,0.636,0.589,0.466,0.578,0.585,0.581,0.595,0.508,0.631,0.470,0.509,0.655,0.566
7PNB_d_6_MAN;0.590,0.576,0.361,0.312,0.585,0.537,0.594,0.309,0.439,0.541,0.572,0.355,0.367,0.118,0.182,0.067,0.191,0.339,0.576,0.531,0.033,0.427,0.546,0.445,0.155,0.079,0.572,0.321,0.545,0.556,0.558,0.520,0.538,0.544,0.571,0.358,0.255,0.509,0.109,0.553,0.109,0.073,0.594,0.155,0.194,0.036,0.503,0.583,0.544,0.537,0.191,0.575,0.100,0.339,0.524,0.318,0.067,0.173,0.306,0.563,0.586,0.179,0.185,0.594,0.548,0.546,0.562,0.364,0.556,0.361,0.595,0.367,0.516,0.512,0.564,0.506,0.448,0.182,0.255,0.070,0.152,0.535,0.170,0.518,0.112,0.024,0.094,0.112,0.572,0.176,0.318,0.433,0.109,0.546,0.164,0.252,0.503,0.318,0.512,0.312,0.569,0.572,0.000,0.546,0.255,0.118,0.030,0.070,0.546,0.152,0.594,0.094,0.067,0.539,0.514,0.185,0.064,0.306,0.550,0.309,0.556,0.094,0.512,0.336,0.312,0.297,0.170,0.309,0.546,0.318,0.324,0.535,0.106,0.312,0.548,0.355,0.339,0.500,0.097,0.503,0.191,0.252,0.182,0.505,0.361,0.009,0.421,0.358,0.182,0.541,0.518,0.503,0.544,0.155,0.586,0.361,0.155,0.543,0.315,0.342,0.155,0.185,0.094,0.574,0.544,0.327,0.567,0.152,0.100,0.514,0.315,0.358,0.578,0.182,0.100,0.594,0.176,0.336,0.309,0.033,0.164,0.191,0.300,0.342,0.512,0.324,0.252,0.255,0.361,0.512,0.191,0.510,0.364,0.541,0.507,0.170,0.430,0.121,0.342,0.255,0.021,0.118,0.358,0.370,0.552,0.567,0.100,0.115,0.560,0.312,0.571,0.312,0.433,0.064,0.115,0.568,0.552,0.546,0.191,0.188,0.543,0.537,0.103,0.112,0.152,0.009,0.170,0.541,0.540,0.514,0.548,0.506,0.255,0.555,0.570,0.342,0.309,0.442,0.324,0.173,0.546,0.497,0.094,0.501,0.358,0.312,0.112,0.100,0.546,0.500,0.563,0.539,0.342,0.112
7PNB_W_2_NAG;0.471,0.479,0.656,0.584,0.477,0.430,0.471,0.582,0.675,0.398,0.476,0.664,0.567,0.571,0.546,0.543,0.550,0.624,0.472,0.444,0.546,0.660,0.385,0.671,0.567,0.546,0.476,0.637,0.432,0.045,0.040,0.365,0.440,0.394,0.448,0.650,0.531,0.353,0.554,0.418,0.537,0.548,0.475,0.567,0.578,0.543,0.681,0.475,0.444,0.376,0.569,0.397,0.535,0.624,0.360,0.573,0.550,0.560,0.590,0.058,0.464,0.546,0.577,0.475,0.396,0.387,0.393,0.565,0.387,0.664,0.466,0.660,0.345,0.357,0.391,0.681,0.677,0.546,0.531,0.546,0.567,0.374,0.560,0.352,0.569,0.546,0.543,0.561,0.409,0.563,0.586,0.675,0.550,0.397,0.558,0.529,0.681,0.586,0.359,0.626,0.040,0.472,0.546,0.000,0.531,0.571,0.546,0.556,0.431,0.565,0.474,0.544,0.548,0.380,0.349,0.578,0.544,0.588,0.404,0.580,0.033,0.543,0.353,0.620,0.633,0.580,0.561,0.624,0.397,0.643,0.577,0.401,0.537,0.633,0.407,0.567,0.624,0.681,0.548,0.681,0.580,0.533,0.571,0.348,0.567,0.543,0.671,0.565,0.544,0.393,0.360,0.681,0.401,0.567,0.468,0.563,0.567,0.385,0.571,0.626,0.567,0.578,0.531,0.477,0.430,0.586,0.390,0.567,0.546,0.345,0.586,0.561,0.473,0.546,0.539,0.479,0.541,0.620,0.624,0.546,0.558,0.550,0.626,0.626,0.342,0.578,0.533,0.531,0.563,0.352,0.580,0.349,0.654,0.396,0.361,0.561,0.669,0.556,0.656,0.531,0.537,0.567,0.662,0.662,0.413,0.019,0.533,0.567,0.065,0.586,0.394,0.633,0.679,0.544,0.561,0.391,0.445,0.401,0.571,0.550,0.380,0.376,0.544,0.556,0.565,0.554,0.561,0.394,0.409,0.349,0.409,0.681,0.531,0.393,0.398,0.622,0.580,0.669,0.584,0.561,0.398,0.688,0.548,0.345,0.561,0.586,0.569,0.543,0.398,0.681,0.027,0.393,0.626,0.565
7PNB_m_4_BGC;0.612,0.570,0.361,0.352,0.580,0.563,0.614,0.327,0.385,0.571,0.566,0.385,0.306,0.248,0.218,0.258,0.221,0.348,0.566,0.565,0.273,0.385,0.548,0.388,0.267,0.276,0.566,0.348,0.576,0.529,0.535,0.527,0.566,0.573,0.569,0.373,0.000,0.526,0.255,0.574,0.239,0.264,0.612,0.267,0.267,0.276,0.470,0.576,0.569,0.558,0.255,0.590,0.239,0.348,0.535,0.355,0.252,0.227,0.342,0.531,0.614,0.215,0.261,0.612,0.546,0.558,0.583,0.303,0.567,0.379,0.612,0.370,0.514,0.522,0.576,0.473,0.400,0.218,0.000,0.261,0.267,0.552,0.227,0.544,0.245,0.267,0.255,0.245,0.583,0.230,0.352,0.394,0.255,0.577,0.218,0.003,0.473,0.358,0.518,0.339,0.537,0.562,0.255,0.531,0.000,0.248,0.273,0.273,0.560,0.267,0.614,0.270,0.255,0.543,0.546,0.261,0.258,0.352,0.560,0.352,0.529,0.270,0.529,0.352,0.339,0.327,0.224,0.342,0.577,0.345,0.358,0.565,0.245,0.339,0.563,0.300,0.348,0.470,0.270,0.470,0.267,0.003,0.248,0.535,0.306,0.261,0.379,0.297,0.218,0.571,0.537,0.473,0.561,0.267,0.612,0.300,0.267,0.543,0.355,0.345,0.267,0.261,0.233,0.576,0.563,0.361,0.575,0.267,0.264,0.512,0.348,0.294,0.572,0.215,0.239,0.612,0.212,0.352,0.342,0.273,0.218,0.221,0.345,0.345,0.541,0.358,0.003,0.000,0.300,0.520,0.264,0.544,0.352,0.577,0.526,0.224,0.391,0.267,0.367,0.000,0.255,0.248,0.364,0.370,0.565,0.539,0.248,0.252,0.524,0.352,0.584,0.339,0.385,0.258,0.242,0.585,0.571,0.577,0.255,0.221,0.548,0.560,0.264,0.267,0.267,0.273,0.224,0.577,0.555,0.541,0.565,0.473,0.000,0.570,0.580,0.358,0.352,0.388,0.367,0.224,0.577,0.473,0.270,0.527,0.297,0.330,0.245,0.267,0.556,0.470,0.537,0.571,0.345,0.255
7PNB_v_5_MAN;0.612,0.581,0.361,0.361,0.583,0.541,0.618,0.312,0.430,0.556,0.576,0.358,0.370,0.000,0.118,0.112,0.121,0.339,0.576,0.537,0.121,0.421,0.573,0.433,0.106,0.100,0.576,0.333,0.547,0.571,0.578,0.546,0.549,0.563,0.560,0.367,0.248,0.526,0.121,0.561,0.115,0.094,0.616,0.106,0.227,0.115,0.503,0.583,0.548,0.558,0.218,0.558,0.118,0.339,0.544,0.336,0.079,0.203,0.358,0.584,0.609,0.112,0.215,0.616,0.575,0.578,0.572,0.367,0.535,0.361,0.618,0.358,0.533,0.526,0.547,0.506,0.439,0.115,0.248,0.085,0.106,0.548,0.203,0.527,0.006,0.115,0.112,0.021,0.562,0.206,0.361,0.430,0.121,0.561,0.197,0.252,0.503,0.367,0.537,0.336,0.590,0.578,0.118,0.571,0.248,0.000,0.109,0.094,0.554,0.112,0.616,0.094,0.082,0.561,0.526,0.215,0.076,0.367,0.526,0.355,0.582,0.094,0.522,0.342,0.327,0.309,0.203,0.339,0.561,0.333,0.330,0.531,0.118,0.327,0.529,0.352,0.339,0.500,0.091,0.503,0.221,0.245,0.206,0.516,0.364,0.124,0.424,0.355,0.118,0.556,0.537,0.503,0.526,0.106,0.609,0.364,0.106,0.556,0.330,0.333,0.106,0.215,0.112,0.578,0.550,0.330,0.556,0.106,0.094,0.537,0.358,0.361,0.576,0.115,0.118,0.620,0.118,0.342,0.339,0.124,0.197,0.121,0.348,0.333,0.522,0.330,0.245,0.248,0.364,0.526,0.218,0.520,0.345,0.560,0.518,0.203,0.427,0.106,0.345,0.248,0.121,0.006,0.358,0.358,0.529,0.588,0.118,0.003,0.584,0.361,0.558,0.327,0.430,0.076,0.009,0.561,0.554,0.561,0.218,0.121,0.569,0.560,0.094,0.103,0.112,0.127,0.203,0.560,0.555,0.526,0.535,0.506,0.248,0.553,0.561,0.342,0.358,0.433,0.327,0.203,0.561,0.497,0.091,0.526,0.361,0.315,0.006,0.097,0.531,0.500,0.584,0.541,0.333,0.012
7PNB_s_6_MAN;0.588,0.578,0.364,0.318,0.581,0.544,0.592,0.318,0.439,0.558,0.574,0.370,0.379,0.109,0.173,0.058,0.182,0.352,0.572,0.539,0.027,0.427,0.560,0.445,0.158,0.058,0.574,0.330,0.559,0.556,0.565,0.533,0.547,0.558,0.571,0.373,0.273,0.505,0.097,0.566,0.097,0.058,0.592,0.158,0.188,0.012,0.503,0.587,0.550,0.543,0.185,0.582,0.094,0.352,0.537,0.330,0.055,0.179,0.318,0.563,0.584,0.170,0.173,0.592,0.561,0.560,0.574,0.376,0.550,0.376,0.594,0.370,0.524,0.507,0.572,0.506,0.448,0.173,0.273,0.055,0.155,0.541,0.176,0.527,0.109,0.006,0.082,0.103,0.574,0.182,0.324,0.433,0.097,0.563,0.170,0.270,0.503,0.330,0.510,0.321,0.569,0.574,0.030,0.546,0.273,0.109,0.000,0.048,0.556,0.161,0.592,0.079,0.052,0.554,0.524,0.173,0.052,0.324,0.543,0.321,0.556,0.079,0.522,0.348,0.321,0.315,0.176,0.318,0.563,0.324,0.333,0.529,0.094,0.321,0.541,0.367,0.352,0.500,0.082,0.503,0.179,0.270,0.170,0.514,0.373,0.033,0.421,0.370,0.173,0.558,0.518,0.503,0.539,0.158,0.584,0.373,0.158,0.554,0.327,0.355,0.158,0.173,0.088,0.576,0.554,0.330,0.573,0.155,0.091,0.524,0.321,0.370,0.574,0.173,0.094,0.594,0.164,0.348,0.318,0.027,0.170,0.182,0.321,0.355,0.522,0.333,0.270,0.273,0.373,0.507,0.191,0.518,0.367,0.558,0.516,0.176,0.430,0.112,0.358,0.273,0.039,0.115,0.361,0.373,0.544,0.567,0.088,0.106,0.567,0.318,0.578,0.321,0.433,0.052,0.106,0.580,0.558,0.563,0.185,0.179,0.556,0.543,0.094,0.103,0.161,0.027,0.176,0.558,0.536,0.524,0.541,0.506,0.273,0.572,0.581,0.355,0.321,0.442,0.327,0.179,0.563,0.497,0.079,0.509,0.370,0.321,0.109,0.091,0.539,0.500,0.563,0.527,0.355,0.109
7PNB_T_5_MAN;0.618,0.612,0.367,0.358,0.614,0.537,0.622,0.309,0.461,0.548,0.606,0.373,0.370,0.097,0.167,0.018,0.173,0.364,0.606,0.531,0.048,0.445,0.565,0.464,0.170,0.006,0.606,0.333,0.551,0.561,0.569,0.533,0.547,0.552,0.563,0.376,0.273,0.512,0.100,0.564,0.106,0.006,0.620,0.173,0.194,0.048,0.494,0.623,0.546,0.546,0.197,0.580,0.097,0.364,0.541,0.330,0.021,0.185,0.355,0.567,0.612,0.164,0.191,0.620,0.567,0.565,0.576,0.367,0.537,0.376,0.620,0.376,0.526,0.512,0.570,0.497,0.470,0.173,0.273,0.009,0.164,0.550,0.185,0.535,0.091,0.055,0.085,0.076,0.570,0.191,0.364,0.461,0.100,0.554,0.179,0.270,0.491,0.364,0.518,0.324,0.575,0.608,0.070,0.556,0.273,0.094,0.048,0.000,0.558,0.170,0.618,0.091,0.009,0.563,0.531,0.191,0.018,0.364,0.531,0.352,0.565,0.100,0.529,0.358,0.321,0.306,0.185,0.327,0.554,0.333,0.327,0.527,0.097,0.321,0.529,0.352,0.361,0.491,0.103,0.494,0.197,0.270,0.194,0.516,0.364,0.067,0.448,0.358,0.170,0.548,0.524,0.494,0.529,0.173,0.614,0.364,0.173,0.561,0.327,0.367,0.167,0.191,0.091,0.608,0.550,0.324,0.569,0.167,0.103,0.527,0.358,0.361,0.606,0.167,0.097,0.626,0.155,0.358,0.327,0.045,0.182,0.173,0.336,0.367,0.529,0.330,0.270,0.273,0.367,0.514,0.191,0.520,0.370,0.552,0.520,0.185,0.458,0.121,0.367,0.273,0.073,0.097,0.358,0.373,0.533,0.573,0.094,0.088,0.575,0.358,0.580,0.321,0.461,0.018,0.097,0.578,0.546,0.554,0.197,0.173,0.561,0.548,0.103,0.112,0.170,0.067,0.188,0.552,0.542,0.527,0.527,0.497,0.273,0.566,0.580,0.367,0.355,0.461,0.321,0.188,0.554,0.488,0.097,0.512,0.361,0.312,0.088,0.106,0.527,0.488,0.569,0.526,0.370,0.085
7PNB_u_1_NAG;0.484,0.480,0.609,0.611,0.487,0.060,0.503,0.597,0.652,0.375,0.480,0.605,0.580,0.554,0.558,0.548,0.550,0.595,0.480,0.069,0.560,0.641,0.370,0.647,0.546,0.556,0.480,0.601,0.041,0.423,0.442,0.367,0.063,0.370,0.368,0.609,0.561,0.376,0.544,0.037,0.546,0.554,0.489,0.546,0.550,0.558,0.720,0.476,0.055,0.378,0.548,0.446,0.546,0.595,0.356,0.597,0.550,0.556,0.603,0.434,0.492,0.560,0.550,0.492,0.372,0.370,0.461,0.578,0.310,0.609,0.492,0.607,0.370,0.376,0.444,0.722,0.658,0.560,0.561,0.552,0.546,0.370,0.554,0.352,0.558,0.552,0.544,0.560,0.442,0.556,0.612,0.648,0.550,0.376,0.546,0.563,0.720,0.614,0.361,0.605,0.433,0.477,0.546,0.431,0.560,0.554,0.556,0.558,0.000,0.548,0.493,0.533,0.554,0.389,0.342,0.550,0.548,0.612,0.330,0.597,0.427,0.535,0.356,0.590,0.603,0.588,0.552,0.601,0.374,0.599,0.603,0.309,0.544,0.603,0.343,0.586,0.595,0.720,0.541,0.720,0.550,0.560,0.548,0.357,0.580,0.546,0.639,0.582,0.556,0.379,0.372,0.720,0.341,0.544,0.486,0.584,0.544,0.372,0.595,0.594,0.546,0.550,0.543,0.487,0.055,0.605,0.437,0.546,0.543,0.376,0.612,0.580,0.481,0.558,0.544,0.500,0.560,0.590,0.601,0.560,0.548,0.550,0.603,0.594,0.345,0.603,0.560,0.561,0.584,0.368,0.544,0.345,0.601,0.375,0.346,0.552,0.633,0.537,0.620,0.560,0.544,0.558,0.611,0.607,0.335,0.438,0.544,0.550,0.437,0.612,0.438,0.605,0.645,0.548,0.556,0.464,0.087,0.375,0.548,0.554,0.383,0.380,0.544,0.541,0.548,0.546,0.552,0.372,0.378,0.353,0.354,0.720,0.561,0.465,0.461,0.597,0.599,0.647,0.603,0.554,0.380,0.720,0.541,0.353,0.582,0.597,0.556,0.543,0.337,0.718,0.430,0.310,0.594,0.546
7PNB_N_5_MAN;0.614,0.562,0.394,0.336,0.564,0.537,0.618,0.348,0.442,0.563,0.559,0.394,0.403,0.112,0.158,0.170,0.158,0.348,0.559,0.548,0.170,0.421,0.577,0.439,0.003,0.176,0.559,0.361,0.551,0.563,0.569,0.539,0.542,0.563,0.565,0.388,0.267,0.526,0.167,0.555,0.158,0.176,0.618,0.003,0.209,0.161,0.521,0.564,0.552,0.569,0.191,0.546,0.164,0.348,0.539,0.355,0.148,0.209,0.321,0.577,0.611,0.152,0.215,0.618,0.571,0.577,0.564,0.400,0.544,0.388,0.620,0.400,0.526,0.522,0.544,0.524,0.452,0.158,0.267,0.158,0.003,0.550,0.209,0.535,0.103,0.167,0.164,0.097,0.555,0.212,0.336,0.445,0.167,0.567,0.203,0.270,0.518,0.330,0.524,0.348,0.584,0.561,0.152,0.565,0.267,0.112,0.161,0.170,0.548,0.000,0.618,0.124,0.155,0.556,0.535,0.215,0.145,0.330,0.541,0.318,0.578,0.124,0.529,0.352,0.348,0.342,0.209,0.352,0.567,0.361,0.355,0.544,0.164,0.348,0.544,0.385,0.348,0.518,0.121,0.521,0.212,0.264,0.197,0.527,0.397,0.148,0.436,0.388,0.158,0.563,0.533,0.518,0.531,0.003,0.611,0.397,0.003,0.563,0.352,0.342,0.003,0.215,0.158,0.559,0.548,0.352,0.550,0.003,0.118,0.531,0.333,0.394,0.559,0.155,0.164,0.622,0.161,0.352,0.352,0.173,0.203,0.158,0.348,0.342,0.531,0.355,0.264,0.267,0.397,0.520,0.206,0.533,0.388,0.565,0.527,0.209,0.430,0.130,0.370,0.267,0.145,0.112,0.397,0.400,0.543,0.582,0.164,0.115,0.567,0.339,0.552,0.348,0.445,0.145,0.106,0.553,0.561,0.567,0.191,0.161,0.575,0.573,0.118,0.127,0.000,0.170,0.209,0.565,0.564,0.535,0.541,0.521,0.267,0.545,0.551,0.352,0.318,0.439,0.348,0.209,0.567,0.512,0.121,0.520,0.394,0.352,0.103,0.121,0.539,0.515,0.577,0.554,0.342,0.109
7PNB_Z_1_NAG;0.034,0.435,0.675,0.560,0.436,0.493,0.014,0.647,0.677,0.497,0.437,0.677,0.571,0.616,0.601,0.614,0.601,0.650,0.431,0.503,0.594,0.671,0.505,0.675,0.620,0.618,0.437,0.660,0.497,0.474,0.478,0.485,0.502,0.493,0.474,0.667,0.614,0.496,0.603,0.492,0.605,0.611,0.014,0.620,0.631,0.601,0.671,0.435,0.514,0.481,0.624,0.507,0.599,0.650,0.486,0.643,0.609,0.626,0.563,0.474,0.032,0.599,0.628,0.015,0.512,0.500,0.491,0.577,0.471,0.667,0.014,0.673,0.490,0.489,0.497,0.671,0.675,0.603,0.614,0.611,0.622,0.492,0.626,0.462,0.612,0.595,0.595,0.614,0.499,0.622,0.565,0.673,0.603,0.497,0.624,0.612,0.669,0.569,0.477,0.660,0.477,0.432,0.594,0.474,0.614,0.616,0.592,0.618,0.493,0.618,0.000,0.605,0.607,0.507,0.466,0.629,0.612,0.565,0.457,0.563,0.477,0.605,0.468,0.648,0.658,0.645,0.628,0.658,0.497,0.664,0.645,0.474,0.599,0.658,0.453,0.578,0.650,0.671,0.607,0.671,0.629,0.616,0.622,0.471,0.578,0.594,0.667,0.573,0.605,0.492,0.478,0.669,0.470,0.620,0.033,0.565,0.620,0.488,0.641,0.654,0.620,0.629,0.595,0.437,0.499,0.654,0.510,0.622,0.609,0.486,0.565,0.578,0.432,0.601,0.599,0.021,0.597,0.648,0.658,0.597,0.624,0.601,0.658,0.654,0.464,0.647,0.616,0.614,0.565,0.481,0.633,0.467,0.671,0.500,0.473,0.628,0.664,0.614,0.675,0.614,0.592,0.611,0.677,0.675,0.477,0.477,0.590,0.614,0.484,0.561,0.496,0.658,0.675,0.612,0.607,0.513,0.505,0.499,0.624,0.601,0.505,0.484,0.616,0.614,0.618,0.605,0.628,0.495,0.480,0.449,0.473,0.669,0.614,0.520,0.524,0.652,0.565,0.673,0.652,0.628,0.496,0.673,0.609,0.462,0.571,0.648,0.612,0.605,0.468,0.669,0.474,0.466,0.654,0.609
7PNB_0_6_MAN;0.601,0.580,0.373,0.336,0.589,0.537,0.605,0.333,0.445,0.556,0.576,0.379,0.379,0.094,0.130,0.097,0.136,0.345,0.580,0.526,0.094,0.427,0.571,0.448,0.121,0.091,0.576,0.345,0.538,0.546,0.558,0.543,0.536,0.552,0.558,0.382,0.270,0.514,0.136,0.545,0.145,0.097,0.605,0.121,0.167,0.085,0.479,0.583,0.537,0.563,0.161,0.565,0.136,0.345,0.543,0.330,0.073,0.164,0.342,0.554,0.599,0.127,0.158,0.605,0.571,0.575,0.568,0.376,0.526,0.382,0.607,0.379,0.533,0.520,0.557,0.482,0.455,0.127,0.270,0.085,0.121,0.558,0.164,0.554,0.097,0.073,0.124,0.091,0.566,0.167,0.342,0.445,0.136,0.560,0.158,0.267,0.479,0.355,0.522,0.342,0.565,0.576,0.094,0.544,0.270,0.094,0.079,0.091,0.533,0.124,0.605,0.000,0.088,0.558,0.548,0.158,0.076,0.342,0.524,0.345,0.556,0.000,0.548,0.342,0.342,0.321,0.164,0.339,0.560,0.339,0.336,0.516,0.136,0.342,0.522,0.367,0.345,0.476,0.003,0.479,0.158,0.267,0.152,0.535,0.373,0.097,0.439,0.370,0.130,0.556,0.527,0.479,0.520,0.121,0.599,0.373,0.121,0.560,0.324,0.345,0.121,0.158,0.130,0.578,0.546,0.333,0.565,0.121,0.012,0.537,0.339,0.370,0.581,0.130,0.136,0.607,0.130,0.342,0.339,0.097,0.158,0.136,0.342,0.345,0.546,0.336,0.267,0.270,0.373,0.520,0.170,0.539,0.364,0.558,0.541,0.164,0.436,0.027,0.367,0.270,0.097,0.100,0.376,0.382,0.526,0.563,0.130,0.091,0.560,0.336,0.565,0.342,0.445,0.076,0.088,0.562,0.550,0.560,0.161,0.136,0.575,0.569,0.012,0.018,0.124,0.094,0.164,0.558,0.528,0.548,0.526,0.482,0.270,0.561,0.568,0.348,0.345,0.445,0.330,0.164,0.560,0.473,0.003,0.529,0.370,0.336,0.097,0.009,0.520,0.476,0.558,0.516,0.345,0.094
7PNB_n_5_MAN;0.603,0.597,0.361,0.336,0.598,0.533,0.609,0.300,0.445,0.546,0.591,0.367,0.348,0.082,0.155,0.027,0.161,0.352,0.591,0.527,0.061,0.430,0.558,0.448,0.158,0.015,0.591,0.327,0.547,0.550,0.560,0.531,0.544,0.550,0.561,0.367,0.255,0.509,0.088,0.561,0.088,0.009,0.607,0.158,0.203,0.052,0.476,0.608,0.543,0.541,0.197,0.571,0.085,0.352,0.535,0.327,0.009,0.185,0.333,0.558,0.599,0.152,0.200,0.607,0.560,0.558,0.568,0.345,0.541,0.370,0.609,0.367,0.522,0.509,0.561,0.479,0.455,0.152,0.255,0.003,0.155,0.543,0.185,0.529,0.076,0.058,0.073,0.076,0.562,0.188,0.336,0.448,0.088,0.552,0.179,0.252,0.476,0.342,0.516,0.318,0.565,0.593,0.067,0.548,0.255,0.082,0.052,0.009,0.554,0.155,0.607,0.088,0.000,0.556,0.526,0.200,0.006,0.342,0.535,0.330,0.558,0.088,0.524,0.345,0.318,0.297,0.185,0.321,0.552,0.327,0.324,0.533,0.085,0.318,0.533,0.330,0.352,0.473,0.094,0.476,0.206,0.252,0.194,0.510,0.342,0.070,0.433,0.333,0.152,0.546,0.520,0.476,0.533,0.158,0.599,0.342,0.158,0.554,0.324,0.358,0.158,0.200,0.079,0.593,0.546,0.321,0.560,0.155,0.091,0.526,0.333,0.339,0.591,0.155,0.085,0.611,0.139,0.345,0.321,0.058,0.179,0.161,0.330,0.358,0.524,0.324,0.252,0.255,0.342,0.509,0.200,0.514,0.364,0.550,0.514,0.185,0.442,0.109,0.358,0.255,0.073,0.082,0.352,0.367,0.537,0.563,0.079,0.076,0.565,0.336,0.573,0.318,0.448,0.006,0.079,0.568,0.543,0.552,0.197,0.161,0.554,0.541,0.091,0.100,0.155,0.079,0.185,0.550,0.542,0.522,0.531,0.479,0.255,0.555,0.570,0.355,0.333,0.445,0.318,0.185,0.552,0.470,0.091,0.510,0.339,0.303,0.076,0.094,0.531,0.473,0.560,0.531,0.358,0.073
7PNB_r_1_NAG;0.490,0.480,0.618,0.567,0.486,0.397,0.510,0.590,0.641,0.412,0.481,0.612,0.573,0.561,0.544,0.548,0.543,0.620,0.479,0.404,0.550,0.629,0.091,0.633,0.552,0.565,0.481,0.620,0.392,0.376,0.394,0.396,0.413,0.409,0.339,0.612,0.543,0.393,0.563,0.403,0.558,0.558,0.504,0.552,0.567,0.554,0.660,0.483,0.407,0.147,0.561,0.415,0.552,0.620,0.396,0.588,0.548,0.560,0.554,0.371,0.505,0.544,0.561,0.510,0.070,0.091,0.420,0.571,0.265,0.614,0.500,0.616,0.383,0.394,0.406,0.660,0.647,0.546,0.543,0.560,0.552,0.163,0.558,0.375,0.565,0.554,0.560,0.573,0.406,0.560,0.565,0.641,0.558,0.408,0.554,0.546,0.660,0.552,0.390,0.618,0.386,0.479,0.539,0.380,0.543,0.561,0.554,0.563,0.389,0.556,0.507,0.558,0.556,0.000,0.371,0.561,0.558,0.561,0.288,0.541,0.372,0.558,0.375,0.618,0.618,0.590,0.554,0.616,0.411,0.620,0.588,0.264,0.558,0.618,0.293,0.567,0.620,0.660,0.560,0.660,0.569,0.548,0.556,0.371,0.573,0.537,0.624,0.573,0.546,0.409,0.387,0.660,0.315,0.552,0.496,0.577,0.552,0.106,0.582,0.616,0.552,0.561,0.552,0.481,0.398,0.590,0.407,0.552,0.560,0.380,0.565,0.573,0.479,0.544,0.558,0.511,0.543,0.618,0.616,0.544,0.554,0.543,0.612,0.616,0.371,0.588,0.548,0.543,0.577,0.382,0.565,0.370,0.612,0.415,0.376,0.554,0.631,0.561,0.614,0.543,0.537,0.565,0.618,0.616,0.293,0.390,0.554,0.560,0.387,0.569,0.397,0.618,0.639,0.558,0.563,0.417,0.398,0.413,0.561,0.541,0.063,0.140,0.558,0.560,0.556,0.544,0.554,0.407,0.451,0.383,0.312,0.660,0.543,0.414,0.421,0.622,0.543,0.633,0.594,0.556,0.411,0.664,0.560,0.380,0.575,0.592,0.565,0.565,0.299,0.660,0.375,0.250,0.616,0.565
7PNB_Q_2_NAG;0.457,0.470,0.635,0.565,0.476,0.319,0.466,0.575,0.654,0.301,0.465,0.633,0.594,0.526,0.524,0.524,0.529,0.622,0.464,0.352,0.529,0.658,0.371,0.654,0.535,0.531,0.465,0.629,0.345,0.341,0.349,0.229,0.347,0.299,0.408,0.639,0.544,0.245,0.533,0.349,0.522,0.527,0.470,0.535,0.592,0.531,0.688,0.476,0.341,0.374,0.588,0.431,0.529,0.622,0.231,0.580,0.531,0.569,0.560,0.343,0.460,0.524,0.582,0.470,0.360,0.371,0.446,0.597,0.389,0.629,0.464,0.633,0.234,0.240,0.424,0.690,0.656,0.524,0.544,0.527,0.533,0.374,0.569,0.022,0.524,0.524,0.529,0.531,0.436,0.569,0.569,0.652,0.537,0.299,0.563,0.544,0.690,0.571,0.240,0.618,0.356,0.464,0.514,0.349,0.546,0.526,0.524,0.531,0.342,0.535,0.466,0.548,0.526,0.371,0.000,0.584,0.529,0.565,0.391,0.554,0.338,0.548,0.038,0.616,0.620,0.573,0.565,0.622,0.302,0.628,0.578,0.374,0.526,0.620,0.394,0.578,0.622,0.688,0.554,0.688,0.590,0.543,0.580,0.040,0.599,0.516,0.650,0.584,0.524,0.299,0.236,0.690,0.393,0.537,0.455,0.590,0.537,0.357,0.575,0.628,0.535,0.584,0.526,0.472,0.327,0.584,0.445,0.535,0.554,0.238,0.569,0.590,0.464,0.524,0.522,0.468,0.518,0.616,0.622,0.531,0.561,0.529,0.616,0.626,0.021,0.580,0.543,0.544,0.590,0.238,0.590,0.026,0.622,0.293,0.038,0.565,0.650,0.565,0.626,0.546,0.512,0.522,0.637,0.633,0.396,0.353,0.526,0.518,0.350,0.567,0.418,0.618,0.650,0.529,0.520,0.437,0.339,0.306,0.588,0.529,0.376,0.375,0.554,0.561,0.535,0.524,0.565,0.293,0.381,0.030,0.393,0.690,0.544,0.440,0.435,0.620,0.556,0.652,0.584,0.565,0.304,0.690,0.554,0.038,0.594,0.577,0.526,0.546,0.393,0.688,0.343,0.375,0.628,0.518
7PNB_d_4_BGC;0.631,0.625,0.373,0.391,0.631,0.558,0.628,0.303,0.439,0.582,0.619,0.364,0.424,0.218,0.242,0.206,0.245,0.285,0.619,0.552,0.176,0.415,0.567,0.439,0.209,0.191,0.619,0.291,0.566,0.590,0.592,0.565,0.553,0.578,0.580,0.367,0.261,0.537,0.197,0.566,0.218,0.197,0.629,0.212,0.021,0.179,0.558,0.636,0.552,0.561,0.018,0.584,0.203,0.285,0.573,0.306,0.188,0.064,0.397,0.580,0.629,0.236,0.000,0.629,0.565,0.565,0.574,0.421,0.524,0.382,0.631,0.385,0.552,0.543,0.576,0.561,0.458,0.255,0.261,0.194,0.206,0.548,0.064,0.586,0.221,0.173,0.200,0.203,0.568,0.070,0.403,0.448,0.197,0.586,0.055,0.258,0.552,0.409,0.537,0.282,0.592,0.619,0.185,0.578,0.261,0.215,0.173,0.191,0.550,0.215,0.629,0.158,0.200,0.561,0.584,0.000,0.194,0.397,0.516,0.397,0.580,0.170,0.575,0.288,0.279,0.300,0.061,0.279,0.586,0.291,0.309,0.516,0.203,0.279,0.516,0.412,0.282,0.555,0.161,0.558,0.006,0.258,0.003,0.565,0.418,0.188,0.433,0.418,0.255,0.582,0.552,0.555,0.516,0.212,0.629,0.418,0.212,0.548,0.297,0.285,0.206,0.000,0.197,0.627,0.561,0.309,0.565,0.209,0.170,0.556,0.397,0.412,0.621,0.239,0.203,0.635,0.236,0.288,0.279,0.176,0.058,0.245,0.282,0.285,0.578,0.312,0.258,0.261,0.421,0.543,0.024,0.573,0.370,0.584,0.567,0.061,0.433,0.155,0.348,0.261,0.182,0.224,0.376,0.385,0.526,0.590,0.209,0.218,0.594,0.391,0.575,0.279,0.445,0.194,0.215,0.578,0.567,0.586,0.024,0.245,0.571,0.565,0.170,0.158,0.215,0.176,0.064,0.584,0.547,0.580,0.520,0.558,0.261,0.572,0.587,0.291,0.397,0.436,0.306,0.064,0.586,0.548,0.158,0.552,0.415,0.306,0.218,0.167,0.512,0.548,0.586,0.526,0.288,0.221
7PNB_O_5_MAN;0.609,0.598,0.358,0.342,0.600,0.539,0.614,0.309,0.436,0.543,0.593,0.364,0.339,0.076,0.148,0.036,0.155,0.342,0.593,0.524,0.061,0.421,0.563,0.439,0.148,0.018,0.593,0.324,0.544,0.544,0.554,0.531,0.540,0.546,0.565,0.364,0.258,0.503,0.088,0.555,0.088,0.018,0.612,0.148,0.197,0.045,0.488,0.606,0.543,0.546,0.188,0.561,0.085,0.342,0.529,0.336,0.009,0.176,0.339,0.554,0.607,0.145,0.194,0.612,0.565,0.563,0.562,0.336,0.546,0.367,0.614,0.364,0.516,0.509,0.551,0.491,0.445,0.145,0.258,0.003,0.145,0.548,0.176,0.537,0.073,0.058,0.073,0.073,0.557,0.179,0.342,0.439,0.088,0.548,0.170,0.255,0.488,0.348,0.516,0.315,0.561,0.595,0.064,0.544,0.258,0.076,0.052,0.018,0.548,0.145,0.612,0.076,0.006,0.558,0.529,0.194,0.000,0.348,0.541,0.336,0.554,0.076,0.531,0.336,0.315,0.306,0.176,0.318,0.548,0.324,0.333,0.539,0.085,0.315,0.539,0.321,0.342,0.485,0.082,0.488,0.200,0.255,0.185,0.514,0.333,0.067,0.424,0.324,0.145,0.543,0.520,0.488,0.535,0.148,0.607,0.333,0.148,0.560,0.330,0.345,0.148,0.194,0.079,0.595,0.543,0.330,0.552,0.145,0.079,0.526,0.339,0.330,0.593,0.148,0.085,0.616,0.139,0.336,0.318,0.061,0.170,0.155,0.327,0.345,0.527,0.333,0.255,0.258,0.333,0.509,0.194,0.518,0.361,0.546,0.522,0.176,0.433,0.097,0.355,0.258,0.070,0.076,0.348,0.364,0.543,0.560,0.079,0.070,0.560,0.342,0.565,0.315,0.439,0.000,0.073,0.559,0.543,0.548,0.188,0.155,0.560,0.546,0.079,0.088,0.145,0.079,0.176,0.546,0.538,0.529,0.537,0.491,0.258,0.547,0.561,0.345,0.339,0.436,0.327,0.176,0.548,0.482,0.079,0.514,0.330,0.312,0.073,0.082,0.537,0.485,0.556,0.537,0.345,0.067
7PNB_o_4_MAN;0.569,0.551,0.458,0.006,0.559,0.578,0.569,0.418,0.473,0.586,0.551,0.464,0.373,0.367,0.348,0.348,0.355,0.461,0.549,0.616,0.336,0.470,0.567,0.476,0.330,0.376,0.551,0.439,0.617,0.588,0.584,0.575,0.604,0.584,0.609,0.458,0.352,0.588,0.348,0.633,0.355,0.355,0.565,0.330,0.409,0.342,0.488,0.561,0.603,0.573,0.394,0.624,0.342,0.461,0.594,0.439,0.333,0.385,0.012,0.584,0.575,0.345,0.397,0.565,0.569,0.573,0.646,0.382,0.618,0.455,0.563,0.458,0.578,0.580,0.619,0.491,0.473,0.352,0.352,0.358,0.330,0.573,0.385,0.563,0.364,0.324,0.345,0.370,0.631,0.388,0.009,0.473,0.348,0.590,0.385,0.358,0.488,0.018,0.563,0.430,0.597,0.549,0.306,0.588,0.352,0.367,0.324,0.364,0.612,0.330,0.565,0.342,0.342,0.561,0.565,0.397,0.348,0.000,0.612,0.027,0.588,0.342,0.558,0.448,0.433,0.418,0.385,0.427,0.590,0.436,0.445,0.616,0.345,0.433,0.614,0.361,0.461,0.488,0.355,0.488,0.403,0.364,0.382,0.565,0.385,0.315,0.476,0.370,0.352,0.586,0.577,0.488,0.616,0.330,0.575,0.373,0.330,0.565,0.439,0.455,0.330,0.397,0.342,0.551,0.599,0.452,0.628,0.330,0.358,0.563,0.009,0.376,0.553,0.348,0.342,0.561,0.345,0.448,0.427,0.336,0.385,0.355,0.418,0.455,0.552,0.445,0.364,0.352,0.373,0.571,0.412,0.560,0.448,0.595,0.552,0.385,0.461,0.352,0.452,0.352,0.303,0.367,0.461,0.458,0.618,0.595,0.345,0.355,0.584,0.009,0.620,0.433,0.470,0.348,0.358,0.629,0.612,0.590,0.394,0.355,0.571,0.567,0.358,0.358,0.330,0.330,0.385,0.595,0.566,0.560,0.618,0.488,0.352,0.627,0.633,0.482,0.024,0.476,0.452,0.385,0.590,0.488,0.355,0.569,0.382,0.421,0.364,0.355,0.618,0.485,0.582,0.607,0.455,0.358
7PNB_O_1_NAG;0.462,0.510,0.605,0.605,0.513,0.343,0.470,0.571,0.664,0.405,0.509,0.609,0.594,0.527,0.522,0.533,0.524,0.601,0.506,0.349,0.544,0.654,0.279,0.658,0.537,0.535,0.509,0.595,0.344,0.397,0.413,0.401,0.362,0.404,0.272,0.607,0.561,0.390,0.537,0.334,0.539,0.533,0.456,0.539,0.522,0.541,0.679,0.513,0.342,0.269,0.524,0.397,0.539,0.601,0.401,0.565,0.535,0.541,0.609,0.394,0.467,0.520,0.516,0.462,0.284,0.279,0.417,0.592,0.066,0.605,0.460,0.605,0.382,0.389,0.388,0.679,0.671,0.527,0.561,0.535,0.535,0.272,0.541,0.396,0.529,0.543,0.543,0.522,0.393,0.543,0.607,0.667,0.541,0.409,0.529,0.563,0.673,0.612,0.385,0.599,0.402,0.506,0.550,0.404,0.560,0.526,0.543,0.531,0.330,0.541,0.457,0.524,0.535,0.288,0.391,0.516,0.541,0.612,0.000,0.599,0.398,0.531,0.390,0.597,0.595,0.573,0.535,0.595,0.407,0.592,0.565,0.117,0.539,0.595,0.019,0.584,0.599,0.677,0.533,0.679,0.524,0.563,0.518,0.386,0.594,0.543,0.658,0.588,0.526,0.404,0.391,0.675,0.034,0.537,0.464,0.590,0.537,0.272,0.563,0.599,0.535,0.516,0.535,0.509,0.345,0.561,0.401,0.537,0.533,0.379,0.605,0.586,0.506,0.522,0.539,0.474,0.516,0.597,0.595,0.539,0.533,0.524,0.607,0.599,0.398,0.567,0.563,0.561,0.592,0.385,0.514,0.382,0.597,0.409,0.387,0.535,0.660,0.537,0.609,0.560,0.541,0.531,0.611,0.603,0.038,0.413,0.544,0.524,0.400,0.607,0.389,0.597,0.664,0.541,0.535,0.420,0.363,0.411,0.524,0.526,0.287,0.268,0.533,0.535,0.541,0.543,0.537,0.404,0.378,0.402,0.040,0.677,0.561,0.428,0.418,0.603,0.603,0.658,0.565,0.537,0.411,0.673,0.531,0.389,0.588,0.573,0.526,0.539,0.015,0.673,0.402,0.074,0.601,0.524
7PNB_t_4_MAN;0.567,0.538,0.439,0.033,0.544,0.563,0.573,0.406,0.470,0.577,0.538,0.439,0.373,0.355,0.339,0.336,0.345,0.445,0.534,0.601,0.327,0.458,0.544,0.464,0.318,0.364,0.538,0.427,0.598,0.577,0.573,0.575,0.587,0.573,0.597,0.439,0.352,0.590,0.345,0.619,0.345,0.342,0.563,0.318,0.397,0.333,0.488,0.547,0.588,0.548,0.382,0.622,0.339,0.445,0.590,0.427,0.321,0.373,0.015,0.580,0.575,0.336,0.397,0.563,0.546,0.550,0.644,0.382,0.605,0.436,0.561,0.439,0.578,0.580,0.617,0.491,0.467,0.342,0.352,0.345,0.318,0.550,0.373,0.552,0.352,0.327,0.342,0.358,0.629,0.376,0.030,0.467,0.345,0.578,0.373,0.358,0.488,0.009,0.565,0.418,0.590,0.536,0.309,0.580,0.352,0.355,0.321,0.352,0.597,0.318,0.563,0.345,0.330,0.541,0.554,0.397,0.336,0.027,0.599,0.000,0.580,0.345,0.550,0.433,0.421,0.406,0.373,0.415,0.578,0.424,0.433,0.603,0.342,0.421,0.601,0.352,0.445,0.488,0.358,0.488,0.403,0.364,0.382,0.554,0.385,0.318,0.467,0.361,0.342,0.577,0.577,0.488,0.603,0.318,0.573,0.373,0.318,0.548,0.427,0.439,0.318,0.397,0.339,0.538,0.584,0.439,0.624,0.318,0.355,0.563,0.030,0.376,0.538,0.339,0.339,0.565,0.336,0.433,0.415,0.327,0.373,0.345,0.412,0.439,0.544,0.433,0.364,0.352,0.373,0.567,0.400,0.548,0.430,0.584,0.544,0.373,0.448,0.355,0.439,0.352,0.306,0.355,0.442,0.439,0.605,0.588,0.342,0.342,0.575,0.036,0.614,0.421,0.467,0.336,0.345,0.627,0.597,0.578,0.382,0.345,0.548,0.544,0.355,0.355,0.318,0.333,0.373,0.584,0.555,0.548,0.605,0.488,0.352,0.621,0.631,0.461,0.003,0.464,0.439,0.373,0.578,0.488,0.358,0.558,0.382,0.409,0.352,0.358,0.605,0.485,0.575,0.594,0.439,0.345
7PNB_q_2_NAG;0.473,0.479,0.654,0.584,0.477,0.433,0.474,0.578,0.675,0.391,0.476,0.665,0.580,0.582,0.546,0.552,0.550,0.628,0.472,0.434,0.556,0.664,0.370,0.671,0.580,0.556,0.476,0.641,0.432,0.041,0.045,0.359,0.439,0.387,0.441,0.650,0.529,0.348,0.560,0.417,0.543,0.558,0.478,0.580,0.590,0.552,0.684,0.477,0.437,0.361,0.575,0.393,0.544,0.628,0.356,0.565,0.560,0.573,0.590,0.027,0.467,0.546,0.578,0.478,0.385,0.374,0.385,0.578,0.386,0.665,0.467,0.658,0.339,0.352,0.384,0.684,0.681,0.546,0.529,0.556,0.580,0.364,0.573,0.338,0.580,0.556,0.552,0.573,0.404,0.577,0.586,0.679,0.560,0.390,0.567,0.527,0.684,0.586,0.353,0.626,0.032,0.472,0.556,0.033,0.529,0.582,0.556,0.565,0.427,0.578,0.477,0.556,0.558,0.372,0.338,0.580,0.554,0.588,0.398,0.580,0.000,0.554,0.341,0.622,0.635,0.580,0.571,0.624,0.390,0.645,0.573,0.396,0.543,0.635,0.398,0.580,0.628,0.684,0.561,0.684,0.586,0.531,0.573,0.335,0.580,0.550,0.671,0.578,0.544,0.386,0.354,0.684,0.398,0.580,0.471,0.575,0.580,0.370,0.567,0.629,0.580,0.580,0.541,0.477,0.429,0.582,0.386,0.580,0.558,0.342,0.586,0.573,0.473,0.546,0.544,0.481,0.541,0.622,0.624,0.556,0.567,0.550,0.626,0.629,0.331,0.575,0.531,0.529,0.575,0.346,0.592,0.335,0.652,0.389,0.348,0.571,0.673,0.569,0.656,0.529,0.544,0.578,0.660,0.660,0.409,0.022,0.543,0.577,0.062,0.586,0.389,0.635,0.679,0.554,0.573,0.382,0.437,0.394,0.582,0.550,0.370,0.359,0.556,0.567,0.578,0.563,0.571,0.387,0.406,0.337,0.402,0.684,0.529,0.392,0.387,0.626,0.580,0.669,0.580,0.571,0.391,0.692,0.561,0.334,0.573,0.582,0.580,0.554,0.396,0.684,0.014,0.383,0.629,0.575
7PNB_v_6_MAN;0.601,0.576,0.373,0.336,0.585,0.537,0.605,0.333,0.445,0.554,0.574,0.379,0.379,0.094,0.133,0.106,0.139,0.345,0.578,0.527,0.103,0.427,0.571,0.448,0.121,0.100,0.574,0.348,0.540,0.544,0.556,0.543,0.536,0.550,0.558,0.382,0.270,0.514,0.139,0.547,0.145,0.106,0.605,0.121,0.179,0.085,0.485,0.580,0.539,0.563,0.164,0.565,0.136,0.345,0.543,0.330,0.073,0.167,0.342,0.552,0.599,0.130,0.170,0.605,0.571,0.575,0.570,0.376,0.533,0.382,0.607,0.379,0.533,0.520,0.557,0.488,0.455,0.130,0.270,0.085,0.121,0.558,0.167,0.554,0.097,0.073,0.124,0.091,0.566,0.170,0.342,0.445,0.139,0.558,0.161,0.267,0.485,0.355,0.522,0.342,0.563,0.574,0.094,0.543,0.270,0.094,0.079,0.100,0.535,0.124,0.605,0.000,0.088,0.558,0.548,0.170,0.076,0.342,0.531,0.345,0.554,0.000,0.548,0.342,0.342,0.321,0.167,0.339,0.558,0.342,0.336,0.524,0.136,0.342,0.529,0.367,0.345,0.482,0.003,0.485,0.170,0.267,0.155,0.535,0.373,0.097,0.439,0.370,0.133,0.554,0.527,0.485,0.527,0.121,0.599,0.373,0.121,0.560,0.324,0.345,0.121,0.170,0.130,0.574,0.546,0.333,0.565,0.121,0.012,0.537,0.339,0.370,0.580,0.133,0.136,0.607,0.133,0.342,0.339,0.106,0.161,0.139,0.342,0.345,0.546,0.336,0.267,0.270,0.373,0.520,0.182,0.539,0.367,0.556,0.541,0.167,0.436,0.030,0.370,0.270,0.097,0.100,0.376,0.382,0.533,0.561,0.130,0.091,0.558,0.336,0.565,0.342,0.445,0.076,0.088,0.562,0.550,0.558,0.164,0.139,0.575,0.569,0.012,0.021,0.124,0.103,0.167,0.556,0.532,0.548,0.533,0.488,0.270,0.561,0.568,0.348,0.345,0.445,0.330,0.167,0.558,0.479,0.003,0.529,0.370,0.336,0.097,0.009,0.527,0.482,0.556,0.524,0.345,0.094
7PNB_p_2_NAG;0.470,0.458,0.633,0.558,0.464,0.330,0.468,0.577,0.652,0.294,0.453,0.631,0.601,0.522,0.520,0.522,0.526,0.620,0.451,0.361,0.527,0.650,0.367,0.652,0.529,0.533,0.453,0.624,0.359,0.343,0.352,0.239,0.362,0.297,0.408,0.637,0.527,0.264,0.535,0.369,0.524,0.526,0.473,0.529,0.582,0.533,0.684,0.464,0.349,0.368,0.578,0.444,0.531,0.620,0.247,0.582,0.529,0.563,0.552,0.346,0.464,0.520,0.573,0.473,0.364,0.364,0.459,0.599,0.387,0.628,0.467,0.631,0.242,0.255,0.436,0.686,0.658,0.520,0.527,0.529,0.527,0.367,0.563,0.022,0.518,0.522,0.531,0.526,0.448,0.563,0.561,0.654,0.539,0.293,0.558,0.527,0.686,0.563,0.243,0.612,0.359,0.451,0.512,0.353,0.529,0.522,0.522,0.529,0.356,0.529,0.468,0.548,0.524,0.375,0.038,0.575,0.531,0.558,0.390,0.550,0.341,0.548,0.000,0.616,0.614,0.575,0.560,0.616,0.295,0.622,0.580,0.375,0.527,0.614,0.393,0.586,0.620,0.684,0.552,0.684,0.580,0.526,0.571,0.018,0.601,0.514,0.647,0.592,0.520,0.293,0.251,0.686,0.394,0.531,0.463,0.597,0.531,0.348,0.578,0.626,0.529,0.575,0.527,0.459,0.341,0.586,0.457,0.529,0.552,0.240,0.561,0.592,0.451,0.520,0.524,0.474,0.514,0.616,0.616,0.529,0.556,0.526,0.611,0.624,0.032,0.582,0.526,0.527,0.597,0.253,0.580,0.032,0.620,0.288,0.019,0.560,0.650,0.563,0.620,0.529,0.510,0.518,0.635,0.631,0.389,0.356,0.527,0.516,0.356,0.560,0.431,0.612,0.650,0.531,0.516,0.450,0.356,0.301,0.578,0.526,0.376,0.374,0.552,0.560,0.529,0.522,0.560,0.288,0.382,0.038,0.397,0.686,0.527,0.448,0.447,0.622,0.552,0.650,0.586,0.560,0.298,0.686,0.552,0.048,0.595,0.578,0.520,0.544,0.391,0.684,0.346,0.374,0.626,0.516
7PNB_r_3_YZT;0.650,0.652,0.203,0.442,0.663,0.605,0.650,0.448,0.294,0.578,0.652,0.188,0.415,0.342,0.361,0.358,0.361,0.006,0.646,0.588,0.345,0.282,0.624,0.291,0.355,0.352,0.652,0.124,0.602,0.622,0.629,0.592,0.602,0.580,0.620,0.194,0.352,0.603,0.358,0.602,0.358,0.355,0.647,0.355,0.291,0.342,0.491,0.667,0.597,0.618,0.279,0.662,0.352,0.003,0.594,0.455,0.339,0.276,0.439,0.626,0.650,0.358,0.288,0.647,0.620,0.622,0.644,0.412,0.601,0.194,0.650,0.200,0.597,0.601,0.655,0.488,0.297,0.364,0.352,0.342,0.355,0.607,0.276,0.622,0.339,0.348,0.355,0.348,0.652,0.279,0.442,0.294,0.358,0.582,0.267,0.348,0.485,0.455,0.592,0.136,0.631,0.646,0.336,0.620,0.352,0.342,0.348,0.358,0.590,0.352,0.648,0.342,0.345,0.618,0.616,0.288,0.336,0.448,0.597,0.433,0.622,0.342,0.616,0.000,0.112,0.445,0.273,0.121,0.582,0.118,0.461,0.595,0.355,0.118,0.595,0.409,0.006,0.485,0.348,0.491,0.294,0.348,0.276,0.603,0.415,0.339,0.282,0.418,0.364,0.578,0.594,0.485,0.607,0.355,0.645,0.421,0.355,0.612,0.445,0.012,0.355,0.288,0.345,0.659,0.609,0.467,0.650,0.355,0.342,0.597,0.439,0.409,0.653,0.361,0.352,0.650,0.355,0.000,0.142,0.345,0.267,0.361,0.133,0.018,0.616,0.461,0.348,0.352,0.421,0.599,0.285,0.607,0.191,0.582,0.607,0.273,0.270,0.342,0.191,0.352,0.339,0.342,0.206,0.209,0.601,0.631,0.355,0.339,0.631,0.442,0.650,0.121,0.291,0.336,0.339,0.661,0.609,0.582,0.279,0.361,0.626,0.622,0.342,0.342,0.352,0.348,0.273,0.582,0.598,0.614,0.609,0.479,0.352,0.646,0.665,0.006,0.433,0.291,0.467,0.273,0.582,0.485,0.348,0.601,0.418,0.452,0.339,0.345,0.603,0.482,0.628,0.605,0.006,0.336
7PNB_J_3_YZT;0.660,0.661,0.230,0.427,0.670,0.607,0.660,0.442,0.327,0.605,0.661,0.203,0.418,0.327,0.352,0.327,0.352,0.112,0.657,0.592,0.312,0.318,0.618,0.327,0.352,0.330,0.661,0.015,0.612,0.639,0.647,0.588,0.608,0.607,0.626,0.218,0.339,0.594,0.336,0.617,0.342,0.327,0.656,0.352,0.285,0.321,0.479,0.676,0.605,0.612,0.279,0.677,0.330,0.115,0.595,0.458,0.312,0.276,0.424,0.641,0.656,0.348,0.279,0.656,0.618,0.616,0.665,0.415,0.601,0.224,0.660,0.233,0.597,0.592,0.669,0.476,0.339,0.355,0.339,0.321,0.348,0.605,0.273,0.624,0.321,0.321,0.333,0.321,0.661,0.279,0.427,0.324,0.336,0.609,0.264,0.336,0.470,0.439,0.586,0.021,0.650,0.657,0.312,0.633,0.339,0.327,0.321,0.321,0.603,0.348,0.658,0.342,0.318,0.618,0.620,0.279,0.315,0.433,0.595,0.421,0.635,0.342,0.614,0.112,0.000,0.439,0.270,0.027,0.609,0.036,0.455,0.588,0.339,0.006,0.594,0.406,0.112,0.470,0.348,0.479,0.288,0.336,0.273,0.605,0.418,0.309,0.312,0.415,0.352,0.605,0.588,0.470,0.597,0.352,0.652,0.424,0.352,0.609,0.452,0.124,0.352,0.279,0.324,0.667,0.611,0.461,0.660,0.348,0.342,0.597,0.424,0.412,0.663,0.352,0.330,0.660,0.342,0.112,0.033,0.312,0.264,0.352,0.036,0.130,0.618,0.455,0.336,0.339,0.424,0.590,0.282,0.611,0.227,0.607,0.605,0.270,0.318,0.345,0.218,0.339,0.315,0.327,0.227,0.227,0.599,0.650,0.339,0.324,0.652,0.427,0.667,0.012,0.321,0.315,0.324,0.674,0.616,0.609,0.279,0.352,0.616,0.612,0.345,0.345,0.348,0.318,0.270,0.607,0.589,0.616,0.599,0.467,0.339,0.655,0.678,0.121,0.424,0.321,0.461,0.273,0.609,0.464,0.345,0.597,0.421,0.445,0.321,0.348,0.595,0.467,0.645,0.597,0.118,0.321
7PNB_p_5_MAN;0.639,0.585,0.461,0.418,0.585,0.571,0.641,0.009,0.439,0.612,0.576,0.452,0.412,0.309,0.324,0.321,0.318,0.448,0.585,0.571,0.324,0.424,0.569,0.442,0.342,0.312,0.576,0.442,0.589,0.588,0.590,0.577,0.591,0.618,0.599,0.455,0.327,0.577,0.300,0.600,0.303,0.303,0.645,0.342,0.324,0.330,0.576,0.589,0.578,0.563,0.321,0.556,0.291,0.448,0.580,0.039,0.297,0.291,0.409,0.580,0.648,0.324,0.300,0.645,0.565,0.575,0.568,0.412,0.569,0.464,0.647,0.467,0.569,0.571,0.549,0.579,0.433,0.327,0.327,0.303,0.342,0.558,0.294,0.578,0.309,0.309,0.297,0.309,0.553,0.288,0.427,0.436,0.306,0.629,0.294,0.330,0.579,0.427,0.575,0.439,0.582,0.581,0.297,0.580,0.327,0.309,0.315,0.306,0.588,0.342,0.645,0.321,0.297,0.590,0.573,0.300,0.306,0.418,0.573,0.406,0.580,0.321,0.575,0.445,0.439,0.000,0.294,0.448,0.620,0.458,0.033,0.569,0.294,0.439,0.575,0.421,0.448,0.573,0.327,0.576,0.315,0.327,0.297,0.573,0.406,0.297,0.448,0.415,0.327,0.616,0.575,0.579,0.571,0.342,0.643,0.418,0.342,0.567,0.039,0.448,0.342,0.300,0.291,0.581,0.577,0.042,0.552,0.342,0.333,0.577,0.427,0.418,0.581,0.324,0.285,0.645,0.312,0.445,0.448,0.321,0.294,0.318,0.439,0.448,0.571,0.033,0.327,0.327,0.418,0.580,0.321,0.569,0.458,0.618,0.561,0.294,0.421,0.333,0.470,0.327,0.288,0.309,0.452,0.467,0.571,0.578,0.303,0.306,0.577,0.418,0.552,0.439,0.439,0.306,0.306,0.551,0.573,0.620,0.321,0.315,0.565,0.565,0.330,0.336,0.342,0.306,0.294,0.618,0.572,0.573,0.573,0.582,0.327,0.532,0.559,0.455,0.406,0.442,0.039,0.291,0.629,0.573,0.327,0.565,0.418,0.009,0.309,0.321,0.569,0.576,0.577,0.571,0.448,0.303
7PNB_q_4_BGC;0.628,0.627,0.373,0.385,0.633,0.556,0.629,0.300,0.406,0.577,0.619,0.361,0.388,0.203,0.245,0.194,0.248,0.270,0.619,0.544,0.167,0.388,0.558,0.406,0.212,0.185,0.619,0.282,0.557,0.560,0.567,0.541,0.542,0.575,0.573,0.364,0.224,0.531,0.188,0.570,0.197,0.191,0.626,0.212,0.061,0.170,0.509,0.638,0.550,0.563,0.064,0.584,0.188,0.270,0.543,0.303,0.170,0.003,0.379,0.569,0.626,0.239,0.061,0.626,0.560,0.560,0.572,0.385,0.539,0.382,0.629,0.382,0.537,0.539,0.568,0.512,0.418,0.248,0.224,0.182,0.212,0.556,0.003,0.569,0.200,0.176,0.185,0.191,0.566,0.006,0.385,0.412,0.188,0.580,0.006,0.221,0.506,0.391,0.533,0.270,0.573,0.619,0.170,0.561,0.224,0.203,0.176,0.185,0.552,0.209,0.628,0.164,0.185,0.554,0.565,0.061,0.176,0.385,0.535,0.373,0.571,0.167,0.560,0.273,0.270,0.294,0.000,0.267,0.580,0.285,0.306,0.537,0.194,0.270,0.535,0.376,0.270,0.506,0.161,0.509,0.070,0.221,0.058,0.548,0.382,0.173,0.400,0.379,0.252,0.577,0.543,0.506,0.535,0.212,0.624,0.382,0.212,0.543,0.294,0.273,0.212,0.061,0.194,0.629,0.546,0.312,0.569,0.212,0.155,0.537,0.382,0.376,0.621,0.242,0.188,0.629,0.236,0.273,0.267,0.167,0.006,0.248,0.270,0.273,0.560,0.306,0.221,0.224,0.382,0.537,0.064,0.558,0.367,0.578,0.552,0.000,0.400,0.142,0.348,0.224,0.170,0.203,0.376,0.385,0.544,0.577,0.191,0.206,0.563,0.385,0.571,0.270,0.409,0.176,0.194,0.574,0.550,0.580,0.058,0.248,0.561,0.565,0.155,0.145,0.209,0.173,0.000,0.578,0.538,0.563,0.539,0.509,0.224,0.557,0.578,0.276,0.373,0.403,0.309,0.000,0.580,0.500,0.161,0.541,0.379,0.303,0.200,0.158,0.531,0.503,0.573,0.548,0.273,0.203
7PNB_Y_3_YZT;0.660,0.669,0.227,0.421,0.678,0.609,0.660,0.452,0.330,0.605,0.669,0.206,0.436,0.339,0.355,0.333,0.355,0.121,0.665,0.594,0.312,0.327,0.618,0.330,0.355,0.336,0.669,0.030,0.610,0.628,0.635,0.584,0.606,0.607,0.628,0.215,0.342,0.590,0.339,0.616,0.345,0.333,0.656,0.355,0.285,0.318,0.467,0.684,0.603,0.612,0.276,0.681,0.333,0.124,0.592,0.461,0.315,0.273,0.418,0.631,0.656,0.352,0.279,0.656,0.618,0.616,0.665,0.433,0.601,0.227,0.660,0.236,0.592,0.588,0.672,0.464,0.342,0.358,0.342,0.324,0.352,0.603,0.270,0.626,0.333,0.318,0.336,0.324,0.665,0.276,0.421,0.327,0.339,0.609,0.261,0.339,0.458,0.433,0.578,0.018,0.639,0.665,0.309,0.624,0.342,0.339,0.318,0.327,0.601,0.352,0.658,0.339,0.321,0.616,0.622,0.279,0.318,0.427,0.595,0.415,0.624,0.339,0.616,0.121,0.027,0.448,0.267,0.000,0.609,0.018,0.464,0.590,0.342,0.021,0.594,0.424,0.121,0.470,0.345,0.467,0.288,0.339,0.270,0.607,0.436,0.306,0.315,0.433,0.355,0.605,0.582,0.470,0.592,0.355,0.652,0.442,0.355,0.609,0.455,0.121,0.355,0.279,0.327,0.674,0.612,0.470,0.664,0.352,0.339,0.588,0.418,0.430,0.670,0.355,0.333,0.660,0.345,0.121,0.024,0.312,0.261,0.355,0.015,0.127,0.620,0.464,0.339,0.342,0.442,0.586,0.282,0.612,0.230,0.607,0.607,0.267,0.321,0.342,0.215,0.342,0.312,0.339,0.230,0.230,0.599,0.639,0.342,0.336,0.643,0.421,0.671,0.027,0.324,0.318,0.336,0.674,0.618,0.609,0.276,0.355,0.616,0.612,0.342,0.342,0.352,0.318,0.267,0.607,0.595,0.618,0.594,0.467,0.342,0.663,0.678,0.130,0.418,0.330,0.470,0.270,0.609,0.464,0.342,0.594,0.439,0.455,0.333,0.345,0.590,0.467,0.633,0.599,0.127,0.333
7PNB_c_2_NAG;0.497,0.514,0.618,0.588,0.514,0.378,0.504,0.620,0.675,0.004,0.513,0.616,0.580,0.561,0.558,0.548,0.556,0.588,0.513,0.378,0.552,0.660,0.398,0.667,0.569,0.548,0.513,0.612,0.377,0.382,0.389,0.218,0.389,0.014,0.427,0.620,0.577,0.255,0.558,0.384,0.552,0.550,0.501,0.569,0.582,0.560,0.686,0.521,0.380,0.400,0.580,0.455,0.550,0.588,0.213,0.620,0.550,0.584,0.590,0.398,0.489,0.558,0.584,0.499,0.393,0.393,0.447,0.578,0.393,0.616,0.493,0.616,0.236,0.245,0.448,0.688,0.684,0.556,0.577,0.550,0.569,0.390,0.584,0.301,0.560,0.563,0.552,0.558,0.446,0.582,0.586,0.681,0.561,0.003,0.577,0.578,0.688,0.588,0.236,0.611,0.402,0.513,0.546,0.397,0.577,0.561,0.563,0.554,0.374,0.567,0.497,0.560,0.552,0.411,0.302,0.586,0.548,0.590,0.407,0.578,0.390,0.558,0.295,0.582,0.609,0.620,0.580,0.609,0.000,0.607,0.624,0.398,0.550,0.609,0.405,0.580,0.588,0.686,0.565,0.686,0.590,0.575,0.584,0.282,0.577,0.544,0.664,0.578,0.554,0.005,0.245,0.688,0.413,0.569,0.490,0.577,0.569,0.368,0.616,0.586,0.569,0.586,0.546,0.516,0.380,0.631,0.438,0.569,0.558,0.232,0.586,0.577,0.514,0.558,0.546,0.505,0.554,0.582,0.609,0.556,0.577,0.556,0.612,0.586,0.308,0.626,0.575,0.577,0.577,0.254,0.575,0.282,0.611,0.011,0.279,0.580,0.664,0.565,0.616,0.577,0.543,0.558,0.616,0.618,0.411,0.397,0.550,0.556,0.412,0.590,0.452,0.609,0.679,0.548,0.560,0.450,0.379,0.010,0.580,0.558,0.411,0.394,0.561,0.565,0.567,0.548,0.580,0.016,0.403,0.301,0.408,0.688,0.577,0.461,0.450,0.586,0.580,0.667,0.633,0.580,0.010,0.690,0.565,0.288,0.575,0.622,0.560,0.560,0.412,0.686,0.394,0.402,0.586,0.550
7PNB_x_3_YZT;0.665,0.663,0.209,0.430,0.672,0.611,0.665,0.455,0.348,0.603,0.663,0.194,0.439,0.333,0.367,0.339,0.367,0.118,0.659,0.592,0.318,0.348,0.620,0.348,0.364,0.342,0.663,0.033,0.608,0.648,0.658,0.592,0.608,0.605,0.628,0.209,0.348,0.595,0.345,0.614,0.355,0.339,0.662,0.364,0.297,0.321,0.467,0.678,0.601,0.616,0.288,0.684,0.342,0.121,0.599,0.470,0.321,0.291,0.427,0.650,0.662,0.364,0.291,0.662,0.620,0.618,0.672,0.436,0.597,0.203,0.665,0.212,0.601,0.594,0.676,0.464,0.364,0.370,0.348,0.330,0.361,0.612,0.288,0.631,0.330,0.324,0.342,0.327,0.669,0.294,0.430,0.348,0.348,0.607,0.276,0.345,0.458,0.442,0.586,0.042,0.658,0.659,0.318,0.643,0.345,0.333,0.324,0.333,0.599,0.361,0.664,0.339,0.327,0.620,0.628,0.291,0.324,0.436,0.592,0.424,0.645,0.342,0.622,0.118,0.036,0.458,0.285,0.018,0.607,0.000,0.473,0.584,0.352,0.030,0.590,0.427,0.118,0.470,0.348,0.467,0.300,0.345,0.282,0.612,0.439,0.318,0.333,0.436,0.367,0.603,0.590,0.470,0.594,0.361,0.658,0.445,0.361,0.611,0.467,0.118,0.364,0.291,0.336,0.669,0.614,0.470,0.667,0.361,0.339,0.597,0.427,0.433,0.665,0.367,0.345,0.665,0.358,0.118,0.045,0.318,0.279,0.367,0.030,0.124,0.626,0.473,0.345,0.348,0.445,0.592,0.294,0.618,0.206,0.605,0.612,0.285,0.342,0.345,0.197,0.345,0.324,0.333,0.212,0.206,0.595,0.662,0.348,0.333,0.662,0.430,0.675,0.039,0.342,0.324,0.330,0.682,0.620,0.607,0.288,0.367,0.618,0.616,0.345,0.345,0.361,0.324,0.285,0.605,0.589,0.624,0.595,0.467,0.348,0.663,0.682,0.127,0.427,0.348,0.476,0.288,0.607,0.464,0.345,0.605,0.442,0.458,0.327,0.348,0.592,0.467,0.654,0.594,0.124,0.327
7PNB_k_5_MAN;0.641,0.597,0.479,0.445,0.597,0.586,0.643,0.042,0.442,0.620,0.585,0.476,0.424,0.330,0.348,0.342,0.339,0.464,0.595,0.586,0.345,0.433,0.569,0.445,0.355,0.333,0.585,0.458,0.608,0.580,0.586,0.584,0.602,0.622,0.599,0.473,0.358,0.580,0.330,0.617,0.330,0.330,0.645,0.355,0.333,0.348,0.585,0.600,0.592,0.567,0.330,0.539,0.324,0.464,0.586,0.006,0.324,0.309,0.436,0.575,0.648,0.348,0.309,0.645,0.563,0.575,0.555,0.424,0.561,0.485,0.647,0.485,0.575,0.575,0.532,0.588,0.442,0.348,0.358,0.330,0.355,0.569,0.312,0.584,0.330,0.327,0.327,0.324,0.538,0.312,0.455,0.445,0.336,0.633,0.306,0.361,0.588,0.455,0.582,0.455,0.575,0.591,0.324,0.577,0.358,0.330,0.333,0.327,0.603,0.355,0.645,0.336,0.324,0.588,0.578,0.309,0.333,0.445,0.565,0.433,0.573,0.336,0.580,0.461,0.455,0.033,0.306,0.464,0.624,0.473,0.000,0.560,0.324,0.455,0.567,0.433,0.464,0.582,0.342,0.585,0.324,0.358,0.306,0.580,0.418,0.318,0.452,0.427,0.348,0.624,0.578,0.588,0.563,0.355,0.643,0.430,0.355,0.565,0.006,0.464,0.355,0.309,0.324,0.593,0.592,0.006,0.539,0.355,0.348,0.582,0.455,0.430,0.591,0.348,0.318,0.647,0.336,0.461,0.464,0.342,0.306,0.339,0.455,0.464,0.580,0.000,0.358,0.358,0.430,0.584,0.330,0.577,0.473,0.620,0.573,0.306,0.436,0.345,0.485,0.358,0.309,0.330,0.470,0.485,0.563,0.575,0.333,0.327,0.569,0.445,0.535,0.455,0.442,0.333,0.327,0.534,0.588,0.624,0.330,0.339,0.563,0.569,0.345,0.352,0.355,0.327,0.306,0.620,0.581,0.588,0.563,0.591,0.358,0.527,0.540,0.470,0.433,0.445,0.003,0.303,0.633,0.582,0.342,0.578,0.430,0.045,0.330,0.336,0.561,0.585,0.573,0.561,0.464,0.330
7PNB_x_1_NAG;0.468,0.508,0.601,0.614,0.508,0.320,0.486,0.567,0.671,0.397,0.502,0.605,0.611,0.533,0.522,0.527,0.516,0.603,0.502,0.328,0.531,0.665,0.258,0.667,0.541,0.533,0.502,0.588,0.323,0.391,0.412,0.383,0.343,0.391,0.287,0.603,0.567,0.357,0.535,0.311,0.537,0.531,0.470,0.543,0.526,0.527,0.671,0.508,0.326,0.271,0.522,0.418,0.537,0.603,0.386,0.560,0.537,0.544,0.612,0.397,0.479,0.520,0.516,0.475,0.264,0.269,0.436,0.609,0.070,0.601,0.474,0.601,0.367,0.364,0.410,0.671,0.679,0.527,0.567,0.533,0.539,0.266,0.543,0.379,0.535,0.529,0.541,0.527,0.403,0.546,0.616,0.671,0.539,0.401,0.531,0.565,0.665,0.616,0.359,0.594,0.408,0.502,0.535,0.401,0.565,0.531,0.529,0.527,0.309,0.544,0.474,0.516,0.533,0.264,0.374,0.516,0.539,0.616,0.117,0.603,0.396,0.524,0.375,0.595,0.588,0.569,0.537,0.590,0.398,0.584,0.560,0.000,0.537,0.588,0.122,0.611,0.601,0.669,0.529,0.671,0.522,0.569,0.518,0.368,0.607,0.529,0.662,0.611,0.526,0.398,0.367,0.667,0.103,0.541,0.471,0.611,0.541,0.255,0.558,0.605,0.539,0.516,0.533,0.503,0.317,0.556,0.409,0.541,0.529,0.367,0.614,0.611,0.499,0.522,0.537,0.482,0.516,0.595,0.590,0.526,0.535,0.516,0.595,0.605,0.379,0.561,0.569,0.567,0.612,0.353,0.522,0.370,0.592,0.398,0.372,0.537,0.669,0.539,0.607,0.565,0.531,0.537,0.607,0.599,0.139,0.408,0.543,0.526,0.401,0.616,0.401,0.590,0.667,0.539,0.537,0.442,0.331,0.400,0.527,0.518,0.264,0.269,0.531,0.533,0.544,0.527,0.539,0.394,0.369,0.379,0.122,0.669,0.567,0.437,0.437,0.605,0.607,0.665,0.560,0.541,0.405,0.665,0.527,0.374,0.609,0.569,0.531,0.537,0.114,0.665,0.405,0.062,0.607,0.526
7PNB_k_6_MAN;0.595,0.562,0.376,0.339,0.564,0.529,0.597,0.297,0.427,0.544,0.557,0.388,0.370,0.118,0.133,0.097,0.136,0.361,0.555,0.524,0.121,0.421,0.556,0.433,0.164,0.097,0.557,0.352,0.527,0.537,0.554,0.533,0.528,0.548,0.573,0.382,0.245,0.509,0.006,0.544,0.006,0.091,0.599,0.164,0.212,0.100,0.488,0.570,0.529,0.537,0.203,0.561,0.012,0.361,0.533,0.330,0.088,0.194,0.342,0.541,0.595,0.133,0.203,0.599,0.561,0.560,0.564,0.367,0.544,0.385,0.601,0.382,0.520,0.509,0.553,0.488,0.436,0.136,0.245,0.088,0.161,0.537,0.194,0.529,0.118,0.100,0.015,0.121,0.553,0.197,0.345,0.430,0.012,0.550,0.200,0.242,0.485,0.358,0.512,0.339,0.548,0.557,0.106,0.537,0.245,0.118,0.094,0.097,0.544,0.164,0.599,0.136,0.085,0.558,0.526,0.203,0.085,0.345,0.539,0.342,0.543,0.136,0.527,0.355,0.339,0.294,0.194,0.342,0.550,0.352,0.324,0.537,0.000,0.339,0.537,0.352,0.361,0.488,0.142,0.488,0.206,0.242,0.194,0.510,0.364,0.112,0.421,0.355,0.130,0.544,0.520,0.485,0.533,0.164,0.592,0.364,0.164,0.544,0.324,0.364,0.164,0.203,0.018,0.559,0.527,0.324,0.552,0.161,0.145,0.524,0.342,0.361,0.555,0.133,0.006,0.601,0.130,0.355,0.342,0.121,0.200,0.136,0.345,0.364,0.527,0.324,0.242,0.245,0.364,0.503,0.209,0.514,0.376,0.550,0.518,0.194,0.436,0.133,0.370,0.245,0.112,0.118,0.373,0.382,0.543,0.546,0.009,0.112,0.550,0.339,0.560,0.339,0.433,0.085,0.115,0.564,0.531,0.550,0.203,0.139,0.556,0.539,0.145,0.142,0.164,0.121,0.194,0.550,0.538,0.522,0.535,0.485,0.245,0.551,0.564,0.358,0.345,0.430,0.321,0.194,0.550,0.488,0.139,0.510,0.361,0.300,0.118,0.142,0.535,0.485,0.544,0.541,0.364,0.115
7PNB_O_3_YZT;0.660,0.661,0.230,0.427,0.670,0.607,0.660,0.442,0.327,0.605,0.661,0.203,0.418,0.327,0.352,0.327,0.352,0.118,0.657,0.592,0.312,0.318,0.618,0.327,0.352,0.330,0.661,0.009,0.612,0.639,0.647,0.588,0.608,0.607,0.626,0.218,0.339,0.594,0.336,0.617,0.342,0.327,0.656,0.352,0.285,0.321,0.473,0.676,0.605,0.612,0.279,0.677,0.330,0.121,0.595,0.458,0.312,0.276,0.424,0.641,0.656,0.348,0.279,0.656,0.618,0.616,0.665,0.415,0.601,0.224,0.660,0.233,0.597,0.592,0.669,0.470,0.339,0.355,0.339,0.321,0.348,0.605,0.273,0.624,0.321,0.321,0.333,0.321,0.661,0.279,0.427,0.324,0.336,0.609,0.264,0.336,0.464,0.439,0.586,0.021,0.650,0.657,0.312,0.633,0.339,0.327,0.321,0.321,0.603,0.348,0.658,0.342,0.318,0.618,0.620,0.279,0.315,0.433,0.595,0.421,0.635,0.342,0.614,0.118,0.006,0.439,0.270,0.021,0.609,0.030,0.455,0.588,0.339,0.000,0.594,0.406,0.118,0.464,0.348,0.473,0.288,0.336,0.273,0.605,0.418,0.309,0.312,0.415,0.352,0.605,0.588,0.464,0.597,0.352,0.652,0.424,0.352,0.609,0.452,0.130,0.352,0.279,0.324,0.667,0.611,0.461,0.660,0.348,0.342,0.597,0.424,0.412,0.663,0.352,0.330,0.660,0.342,0.118,0.033,0.312,0.264,0.352,0.030,0.136,0.618,0.455,0.336,0.339,0.424,0.590,0.282,0.611,0.227,0.607,0.605,0.270,0.318,0.345,0.218,0.339,0.315,0.327,0.227,0.227,0.599,0.650,0.339,0.324,0.652,0.427,0.667,0.006,0.321,0.315,0.324,0.674,0.616,0.609,0.279,0.352,0.616,0.612,0.345,0.345,0.348,0.318,0.270,0.607,0.589,0.616,0.599,0.461,0.339,0.655,0.678,0.127,0.424,0.321,0.461,0.273,0.609,0.458,0.345,0.597,0.421,0.445,0.321,0.348,0.595,0.461,0.645,0.597,0.124,0.321
7PNB_J_1_NAG;0.460,0.510,0.609,0.607,0.513,0.357,0.466,0.573,0.669,0.404,0.508,0.612,0.599,0.531,0.518,0.531,0.520,0.601,0.505,0.354,0.543,0.658,0.280,0.664,0.541,0.533,0.508,0.594,0.358,0.400,0.416,0.398,0.370,0.402,0.269,0.611,0.565,0.386,0.535,0.345,0.537,0.531,0.452,0.543,0.522,0.539,0.675,0.516,0.350,0.273,0.524,0.401,0.537,0.601,0.402,0.567,0.533,0.541,0.611,0.400,0.464,0.516,0.516,0.457,0.288,0.280,0.417,0.597,0.085,0.609,0.456,0.609,0.382,0.385,0.393,0.675,0.677,0.524,0.565,0.533,0.539,0.273,0.541,0.398,0.533,0.541,0.541,0.526,0.396,0.543,0.609,0.673,0.539,0.408,0.529,0.563,0.669,0.614,0.382,0.597,0.408,0.505,0.548,0.407,0.563,0.529,0.541,0.529,0.343,0.544,0.453,0.522,0.533,0.293,0.394,0.516,0.539,0.614,0.019,0.601,0.398,0.529,0.393,0.595,0.594,0.575,0.535,0.594,0.405,0.590,0.567,0.122,0.537,0.594,0.000,0.590,0.599,0.673,0.533,0.675,0.524,0.567,0.518,0.389,0.599,0.541,0.662,0.594,0.522,0.402,0.387,0.671,0.034,0.541,0.462,0.595,0.541,0.273,0.565,0.603,0.539,0.516,0.533,0.512,0.359,0.563,0.407,0.541,0.533,0.376,0.607,0.592,0.505,0.518,0.537,0.470,0.512,0.595,0.594,0.537,0.533,0.520,0.605,0.603,0.401,0.569,0.567,0.565,0.597,0.380,0.514,0.385,0.599,0.405,0.390,0.535,0.665,0.537,0.612,0.563,0.539,0.535,0.614,0.607,0.041,0.413,0.543,0.526,0.408,0.609,0.396,0.595,0.669,0.539,0.539,0.422,0.372,0.409,0.524,0.522,0.288,0.272,0.533,0.535,0.544,0.541,0.537,0.400,0.378,0.405,0.021,0.673,0.565,0.431,0.425,0.603,0.605,0.662,0.567,0.537,0.409,0.669,0.531,0.391,0.594,0.575,0.529,0.539,0.032,0.669,0.402,0.077,0.605,0.526
7PNB_a_4_BGC;0.578,0.574,0.433,0.361,0.580,0.567,0.580,0.430,0.409,0.575,0.572,0.439,0.018,0.352,0.327,0.348,0.336,0.421,0.566,0.578,0.364,0.397,0.577,0.400,0.385,0.342,0.572,0.412,0.578,0.571,0.582,0.546,0.570,0.582,0.603,0.430,0.300,0.580,0.355,0.591,0.339,0.339,0.577,0.385,0.406,0.361,0.497,0.585,0.578,0.580,0.394,0.586,0.345,0.421,0.546,0.439,0.324,0.376,0.348,0.584,0.590,0.327,0.412,0.577,0.571,0.571,0.583,0.021,0.597,0.430,0.580,0.436,0.560,0.586,0.585,0.500,0.415,0.330,0.300,0.327,0.382,0.578,0.379,0.588,0.355,0.373,0.361,0.367,0.583,0.379,0.361,0.418,0.355,0.580,0.376,0.306,0.503,0.355,0.586,0.415,0.575,0.568,0.355,0.567,0.300,0.352,0.367,0.352,0.586,0.385,0.578,0.367,0.330,0.567,0.578,0.412,0.321,0.361,0.584,0.352,0.580,0.367,0.586,0.409,0.406,0.421,0.376,0.424,0.580,0.427,0.433,0.611,0.352,0.406,0.590,0.000,0.421,0.497,0.382,0.497,0.412,0.309,0.400,0.588,0.024,0.355,0.397,0.009,0.327,0.571,0.567,0.503,0.597,0.385,0.588,0.018,0.385,0.578,0.427,0.415,0.385,0.412,0.345,0.580,0.563,0.442,0.571,0.382,0.379,0.573,0.358,0.015,0.572,0.327,0.345,0.582,0.321,0.409,0.424,0.364,0.376,0.336,0.427,0.415,0.575,0.433,0.309,0.300,0.018,0.582,0.400,0.584,0.430,0.578,0.588,0.376,0.400,0.376,0.439,0.300,0.342,0.352,0.427,0.436,0.592,0.578,0.352,0.339,0.577,0.361,0.588,0.406,0.412,0.321,0.355,0.589,0.575,0.580,0.394,0.333,0.571,0.578,0.376,0.376,0.385,0.373,0.376,0.578,0.551,0.588,0.597,0.503,0.300,0.561,0.587,0.430,0.358,0.400,0.442,0.373,0.580,0.503,0.379,0.592,0.021,0.433,0.355,0.379,0.592,0.500,0.567,0.603,0.415,0.342
7PNB_m_3_YZT;0.652,0.663,0.209,0.455,0.674,0.607,0.652,0.452,0.294,0.584,0.663,0.188,0.427,0.339,0.370,0.361,0.367,0.000,0.657,0.595,0.345,0.282,0.629,0.291,0.352,0.355,0.663,0.124,0.606,0.628,0.633,0.595,0.606,0.586,0.624,0.200,0.348,0.607,0.364,0.608,0.364,0.358,0.648,0.352,0.285,0.345,0.494,0.678,0.599,0.626,0.276,0.667,0.358,0.003,0.597,0.458,0.345,0.273,0.452,0.629,0.652,0.364,0.282,0.648,0.626,0.628,0.650,0.424,0.603,0.200,0.652,0.206,0.601,0.605,0.659,0.491,0.297,0.373,0.348,0.348,0.352,0.614,0.273,0.626,0.336,0.352,0.361,0.345,0.655,0.276,0.455,0.294,0.364,0.588,0.264,0.345,0.488,0.467,0.595,0.136,0.635,0.657,0.339,0.624,0.348,0.339,0.352,0.361,0.595,0.348,0.650,0.345,0.352,0.620,0.622,0.282,0.342,0.461,0.599,0.445,0.628,0.345,0.620,0.006,0.112,0.448,0.270,0.121,0.588,0.118,0.464,0.601,0.361,0.118,0.599,0.421,0.000,0.488,0.345,0.494,0.288,0.345,0.273,0.609,0.427,0.342,0.282,0.430,0.373,0.584,0.597,0.488,0.611,0.352,0.647,0.433,0.352,0.616,0.448,0.012,0.352,0.282,0.352,0.670,0.611,0.470,0.656,0.352,0.339,0.601,0.452,0.421,0.665,0.367,0.358,0.652,0.364,0.006,0.142,0.345,0.264,0.367,0.133,0.018,0.620,0.464,0.345,0.348,0.433,0.603,0.279,0.612,0.191,0.588,0.612,0.270,0.270,0.339,0.191,0.348,0.342,0.339,0.212,0.215,0.605,0.635,0.361,0.342,0.633,0.455,0.654,0.121,0.291,0.342,0.336,0.667,0.612,0.588,0.276,0.367,0.631,0.628,0.339,0.339,0.348,0.348,0.270,0.588,0.608,0.620,0.612,0.482,0.348,0.650,0.670,0.006,0.445,0.291,0.470,0.270,0.588,0.488,0.345,0.609,0.430,0.455,0.336,0.342,0.607,0.485,0.631,0.611,0.006,0.339
7PNB_K_3_YZT;0.673,0.636,0.503,0.488,0.638,0.701,0.677,0.579,0.506,0.688,0.633,0.512,0.497,0.500,0.464,0.491,0.461,0.488,0.633,0.709,0.497,0.509,0.673,0.503,0.521,0.497,0.633,0.458,0.716,0.675,0.681,0.675,0.706,0.681,0.673,0.506,0.470,0.684,0.491,0.725,0.488,0.485,0.671,0.521,0.561,0.506,0.006,0.638,0.703,0.675,0.545,0.728,0.488,0.488,0.688,0.582,0.473,0.503,0.485,0.681,0.679,0.464,0.555,0.673,0.677,0.673,0.727,0.500,0.671,0.509,0.675,0.500,0.682,0.677,0.714,0.012,0.515,0.461,0.470,0.485,0.515,0.669,0.506,0.692,0.494,0.497,0.491,0.494,0.723,0.500,0.488,0.518,0.491,0.686,0.512,0.470,0.012,0.488,0.673,0.476,0.684,0.633,0.500,0.681,0.470,0.500,0.500,0.491,0.720,0.518,0.671,0.476,0.473,0.660,0.688,0.555,0.485,0.488,0.677,0.488,0.684,0.482,0.684,0.485,0.470,0.573,0.506,0.470,0.686,0.470,0.582,0.669,0.488,0.464,0.673,0.497,0.488,0.000,0.482,0.006,0.570,0.482,0.542,0.681,0.497,0.500,0.500,0.500,0.458,0.688,0.675,0.000,0.675,0.521,0.679,0.494,0.521,0.669,0.570,0.500,0.521,0.558,0.494,0.636,0.705,0.585,0.735,0.518,0.476,0.673,0.485,0.497,0.633,0.464,0.488,0.677,0.464,0.485,0.470,0.497,0.512,0.461,0.476,0.491,0.684,0.582,0.482,0.470,0.494,0.671,0.564,0.684,0.494,0.686,0.681,0.506,0.518,0.482,0.494,0.470,0.494,0.500,0.506,0.506,0.669,0.684,0.488,0.497,0.679,0.488,0.732,0.458,0.515,0.485,0.491,0.725,0.716,0.686,0.548,0.464,0.669,0.671,0.476,0.473,0.521,0.515,0.506,0.686,0.650,0.686,0.671,0.006,0.470,0.718,0.725,0.494,0.482,0.500,0.585,0.503,0.686,0.003,0.479,0.669,0.497,0.579,0.494,0.479,0.677,0.000,0.681,0.665,0.494,0.491
7PNB_R_6_MAN;0.603,0.589,0.379,0.348,0.598,0.539,0.607,0.339,0.445,0.561,0.587,0.385,0.394,0.091,0.142,0.109,0.145,0.345,0.591,0.535,0.103,0.427,0.577,0.448,0.118,0.103,0.587,0.355,0.544,0.552,0.561,0.548,0.540,0.558,0.563,0.388,0.270,0.520,0.142,0.553,0.152,0.109,0.607,0.118,0.170,0.088,0.485,0.593,0.541,0.571,0.158,0.571,0.142,0.345,0.548,0.336,0.079,0.161,0.355,0.558,0.601,0.136,0.161,0.607,0.578,0.580,0.574,0.391,0.535,0.388,0.609,0.385,0.539,0.526,0.561,0.488,0.455,0.139,0.270,0.091,0.118,0.565,0.161,0.558,0.094,0.076,0.130,0.088,0.570,0.164,0.355,0.445,0.142,0.565,0.155,0.267,0.485,0.367,0.527,0.348,0.569,0.587,0.097,0.548,0.270,0.091,0.082,0.103,0.541,0.121,0.607,0.003,0.094,0.560,0.554,0.161,0.082,0.355,0.533,0.358,0.561,0.003,0.552,0.348,0.348,0.327,0.161,0.345,0.565,0.348,0.342,0.529,0.142,0.348,0.533,0.382,0.345,0.482,0.000,0.485,0.161,0.267,0.148,0.541,0.388,0.100,0.439,0.385,0.142,0.561,0.533,0.485,0.531,0.118,0.601,0.388,0.118,0.563,0.330,0.345,0.118,0.161,0.136,0.587,0.548,0.339,0.571,0.118,0.009,0.543,0.352,0.385,0.593,0.139,0.142,0.609,0.142,0.348,0.345,0.106,0.155,0.145,0.348,0.345,0.550,0.342,0.267,0.270,0.388,0.526,0.173,0.544,0.373,0.563,0.546,0.161,0.436,0.024,0.367,0.270,0.100,0.097,0.382,0.388,0.537,0.567,0.136,0.094,0.561,0.348,0.569,0.348,0.445,0.082,0.085,0.568,0.554,0.565,0.158,0.145,0.580,0.575,0.009,0.015,0.121,0.103,0.161,0.563,0.544,0.554,0.537,0.488,0.270,0.564,0.574,0.348,0.358,0.445,0.336,0.161,0.565,0.479,0.000,0.537,0.385,0.342,0.094,0.006,0.531,0.482,0.561,0.529,0.345,0.097
7PNB_t_3_YZT;0.673,0.636,0.506,0.488,0.638,0.701,0.677,0.582,0.512,0.688,0.633,0.515,0.497,0.503,0.467,0.491,0.464,0.494,0.633,0.709,0.500,0.515,0.673,0.509,0.524,0.497,0.633,0.467,0.716,0.675,0.681,0.675,0.706,0.681,0.673,0.509,0.470,0.686,0.494,0.725,0.488,0.485,0.671,0.524,0.564,0.509,0.000,0.638,0.703,0.675,0.548,0.728,0.491,0.494,0.688,0.585,0.476,0.506,0.485,0.681,0.679,0.467,0.558,0.673,0.677,0.673,0.727,0.500,0.673,0.512,0.675,0.503,0.682,0.679,0.714,0.006,0.521,0.464,0.470,0.488,0.518,0.669,0.509,0.692,0.497,0.500,0.494,0.497,0.723,0.503,0.488,0.524,0.494,0.686,0.515,0.470,0.006,0.488,0.675,0.473,0.682,0.633,0.503,0.681,0.470,0.503,0.503,0.494,0.720,0.521,0.671,0.479,0.476,0.660,0.688,0.558,0.488,0.488,0.679,0.488,0.684,0.485,0.684,0.491,0.479,0.576,0.509,0.467,0.686,0.467,0.585,0.671,0.488,0.473,0.675,0.497,0.494,0.006,0.485,0.000,0.573,0.482,0.545,0.681,0.497,0.503,0.506,0.500,0.461,0.688,0.675,0.006,0.677,0.524,0.679,0.494,0.524,0.669,0.573,0.494,0.524,0.561,0.497,0.636,0.705,0.588,0.735,0.521,0.479,0.673,0.485,0.497,0.633,0.467,0.491,0.677,0.467,0.491,0.467,0.500,0.515,0.464,0.473,0.485,0.684,0.585,0.482,0.470,0.494,0.671,0.567,0.684,0.497,0.686,0.681,0.509,0.524,0.485,0.497,0.470,0.497,0.503,0.509,0.509,0.671,0.682,0.488,0.500,0.679,0.488,0.732,0.467,0.521,0.488,0.494,0.725,0.716,0.686,0.552,0.467,0.669,0.671,0.479,0.476,0.524,0.518,0.509,0.686,0.652,0.686,0.673,0.012,0.470,0.718,0.725,0.500,0.482,0.506,0.588,0.506,0.686,0.012,0.482,0.669,0.497,0.582,0.497,0.482,0.679,0.006,0.681,0.667,0.500,0.494
7PNB_Y_4_BGC;0.631,0.623,0.382,0.397,0.629,0.558,0.628,0.318,0.442,0.586,0.617,0.373,0.424,0.224,0.248,0.209,0.252,0.291,0.617,0.556,0.182,0.418,0.575,0.442,0.206,0.197,0.617,0.300,0.566,0.592,0.597,0.573,0.549,0.582,0.586,0.376,0.267,0.544,0.200,0.566,0.221,0.203,0.629,0.209,0.015,0.185,0.573,0.634,0.556,0.569,0.012,0.584,0.206,0.291,0.580,0.321,0.194,0.073,0.403,0.586,0.629,0.242,0.006,0.629,0.573,0.573,0.576,0.421,0.531,0.385,0.631,0.394,0.560,0.550,0.580,0.576,0.461,0.261,0.267,0.200,0.203,0.556,0.073,0.594,0.227,0.179,0.203,0.209,0.568,0.079,0.409,0.452,0.200,0.590,0.064,0.264,0.567,0.415,0.541,0.291,0.597,0.617,0.191,0.580,0.267,0.221,0.179,0.197,0.550,0.212,0.629,0.158,0.206,0.569,0.590,0.006,0.200,0.403,0.524,0.403,0.586,0.170,0.580,0.294,0.288,0.315,0.070,0.288,0.590,0.300,0.324,0.522,0.206,0.288,0.524,0.412,0.288,0.570,0.161,0.573,0.000,0.264,0.009,0.571,0.418,0.194,0.436,0.418,0.261,0.586,0.560,0.570,0.524,0.209,0.629,0.418,0.209,0.556,0.312,0.291,0.203,0.006,0.200,0.625,0.565,0.324,0.565,0.206,0.173,0.563,0.403,0.415,0.619,0.245,0.206,0.635,0.242,0.294,0.288,0.182,0.067,0.252,0.291,0.291,0.584,0.327,0.264,0.267,0.421,0.548,0.018,0.578,0.379,0.588,0.573,0.070,0.436,0.158,0.358,0.267,0.188,0.230,0.385,0.394,0.531,0.595,0.212,0.224,0.595,0.397,0.575,0.288,0.448,0.200,0.221,0.580,0.567,0.590,0.018,0.252,0.580,0.573,0.173,0.161,0.212,0.182,0.073,0.588,0.551,0.588,0.527,0.573,0.267,0.568,0.589,0.297,0.403,0.439,0.321,0.073,0.590,0.564,0.158,0.558,0.415,0.321,0.224,0.170,0.520,0.564,0.588,0.533,0.294,0.227
7PNB_r_4_BGC;0.614,0.576,0.361,0.364,0.585,0.561,0.616,0.327,0.394,0.569,0.572,0.385,0.315,0.245,0.215,0.255,0.218,0.345,0.572,0.565,0.270,0.394,0.554,0.397,0.264,0.273,0.572,0.348,0.576,0.533,0.539,0.526,0.564,0.571,0.567,0.373,0.003,0.524,0.252,0.574,0.236,0.261,0.614,0.264,0.264,0.273,0.482,0.581,0.569,0.563,0.252,0.594,0.236,0.345,0.533,0.355,0.248,0.224,0.355,0.535,0.612,0.212,0.258,0.614,0.552,0.563,0.587,0.312,0.571,0.379,0.614,0.370,0.512,0.520,0.580,0.485,0.409,0.215,0.003,0.258,0.264,0.558,0.224,0.541,0.242,0.264,0.252,0.242,0.587,0.227,0.364,0.400,0.252,0.575,0.215,0.006,0.485,0.370,0.516,0.336,0.541,0.568,0.252,0.533,0.003,0.245,0.270,0.270,0.560,0.264,0.616,0.267,0.252,0.548,0.543,0.258,0.255,0.364,0.563,0.364,0.531,0.267,0.526,0.348,0.336,0.327,0.221,0.339,0.575,0.345,0.358,0.569,0.242,0.336,0.567,0.309,0.345,0.482,0.267,0.482,0.264,0.000,0.245,0.531,0.315,0.258,0.385,0.306,0.215,0.569,0.535,0.485,0.565,0.264,0.611,0.309,0.264,0.548,0.355,0.342,0.264,0.258,0.230,0.581,0.561,0.361,0.578,0.264,0.261,0.510,0.361,0.303,0.578,0.212,0.236,0.614,0.209,0.348,0.339,0.270,0.215,0.218,0.342,0.342,0.537,0.358,0.000,0.003,0.309,0.518,0.261,0.541,0.352,0.575,0.522,0.221,0.397,0.264,0.367,0.003,0.252,0.245,0.364,0.370,0.569,0.543,0.245,0.248,0.527,0.364,0.586,0.336,0.391,0.255,0.239,0.589,0.569,0.575,0.252,0.218,0.554,0.565,0.261,0.264,0.264,0.270,0.221,0.575,0.557,0.537,0.569,0.485,0.003,0.574,0.583,0.355,0.364,0.397,0.367,0.221,0.575,0.485,0.267,0.524,0.306,0.330,0.242,0.264,0.560,0.482,0.541,0.575,0.342,0.252
7PNB_i_4_BGC;0.620,0.610,0.370,0.376,0.616,0.556,0.618,0.300,0.424,0.580,0.604,0.361,0.412,0.206,0.236,0.209,0.239,0.273,0.604,0.550,0.179,0.400,0.561,0.424,0.194,0.194,0.604,0.282,0.564,0.580,0.584,0.563,0.551,0.577,0.577,0.361,0.248,0.533,0.188,0.564,0.203,0.200,0.620,0.194,0.024,0.176,0.545,0.621,0.550,0.558,0.015,0.577,0.194,0.273,0.567,0.303,0.179,0.061,0.382,0.573,0.620,0.230,0.003,0.620,0.560,0.560,0.570,0.409,0.526,0.379,0.624,0.379,0.548,0.539,0.568,0.548,0.442,0.239,0.248,0.191,0.194,0.543,0.061,0.582,0.209,0.170,0.191,0.200,0.562,0.064,0.382,0.433,0.188,0.584,0.052,0.245,0.542,0.394,0.535,0.273,0.584,0.604,0.182,0.571,0.248,0.206,0.170,0.194,0.548,0.197,0.622,0.152,0.194,0.556,0.580,0.003,0.185,0.382,0.518,0.382,0.573,0.155,0.571,0.276,0.273,0.297,0.058,0.270,0.584,0.282,0.306,0.518,0.194,0.273,0.518,0.400,0.273,0.542,0.148,0.545,0.009,0.245,0.000,0.561,0.406,0.185,0.415,0.403,0.242,0.580,0.548,0.542,0.518,0.194,0.618,0.406,0.194,0.543,0.294,0.276,0.194,0.003,0.188,0.612,0.560,0.306,0.558,0.194,0.155,0.554,0.379,0.400,0.606,0.233,0.194,0.624,0.227,0.276,0.270,0.179,0.052,0.239,0.273,0.276,0.575,0.306,0.245,0.248,0.406,0.537,0.027,0.569,0.367,0.582,0.563,0.058,0.415,0.139,0.342,0.248,0.179,0.212,0.373,0.382,0.527,0.582,0.197,0.209,0.586,0.376,0.567,0.273,0.430,0.185,0.200,0.570,0.565,0.584,0.021,0.239,0.565,0.560,0.155,0.142,0.197,0.179,0.058,0.582,0.549,0.577,0.522,0.545,0.248,0.566,0.580,0.279,0.382,0.421,0.303,0.058,0.584,0.536,0.148,0.548,0.403,0.303,0.209,0.152,0.514,0.539,0.578,0.527,0.276,0.212
7PNB_u_2_NAG;0.470,0.469,0.622,0.565,0.475,0.332,0.471,0.575,0.652,0.280,0.464,0.620,0.603,0.516,0.514,0.509,0.520,0.609,0.462,0.363,0.520,0.650,0.364,0.652,0.527,0.516,0.464,0.614,0.352,0.335,0.345,0.235,0.358,0.282,0.407,0.626,0.533,0.254,0.518,0.360,0.512,0.512,0.475,0.527,0.573,0.522,0.681,0.475,0.348,0.364,0.569,0.442,0.514,0.609,0.235,0.582,0.516,0.552,0.560,0.337,0.468,0.514,0.563,0.475,0.357,0.361,0.458,0.601,0.385,0.618,0.470,0.620,0.232,0.250,0.433,0.682,0.658,0.514,0.533,0.512,0.526,0.367,0.552,0.036,0.514,0.514,0.514,0.522,0.447,0.552,0.569,0.654,0.522,0.279,0.546,0.533,0.682,0.571,0.236,0.603,0.348,0.462,0.505,0.348,0.535,0.516,0.514,0.516,0.357,0.527,0.471,0.535,0.510,0.371,0.040,0.565,0.514,0.565,0.386,0.554,0.335,0.535,0.018,0.603,0.605,0.573,0.548,0.607,0.282,0.612,0.580,0.368,0.510,0.605,0.389,0.588,0.609,0.681,0.541,0.681,0.571,0.531,0.561,0.000,0.603,0.507,0.648,0.594,0.514,0.279,0.250,0.682,0.391,0.529,0.463,0.599,0.529,0.346,0.577,0.614,0.527,0.565,0.510,0.470,0.339,0.586,0.456,0.527,0.541,0.236,0.569,0.594,0.462,0.514,0.507,0.474,0.509,0.603,0.607,0.522,0.544,0.520,0.601,0.612,0.037,0.582,0.531,0.533,0.599,0.247,0.571,0.019,0.609,0.276,0.023,0.548,0.652,0.552,0.612,0.535,0.503,0.512,0.624,0.620,0.386,0.348,0.510,0.509,0.346,0.567,0.424,0.603,0.652,0.514,0.510,0.447,0.356,0.286,0.569,0.520,0.374,0.371,0.541,0.548,0.527,0.514,0.548,0.279,0.384,0.043,0.386,0.682,0.533,0.447,0.446,0.607,0.556,0.650,0.586,0.548,0.283,0.682,0.541,0.040,0.597,0.577,0.516,0.533,0.387,0.681,0.341,0.374,0.614,0.509
7PNB_u_4_BGC;0.578,0.581,0.433,0.385,0.578,0.578,0.580,0.415,0.421,0.571,0.574,0.439,0.006,0.364,0.345,0.367,0.342,0.427,0.574,0.578,0.370,0.403,0.573,0.412,0.397,0.355,0.574,0.424,0.578,0.571,0.582,0.554,0.570,0.578,0.597,0.433,0.306,0.584,0.367,0.585,0.352,0.352,0.577,0.397,0.412,0.367,0.497,0.580,0.584,0.578,0.400,0.582,0.358,0.427,0.554,0.424,0.336,0.382,0.382,0.584,0.590,0.345,0.418,0.577,0.569,0.569,0.585,0.003,0.597,0.433,0.580,0.436,0.563,0.590,0.581,0.500,0.430,0.348,0.306,0.339,0.394,0.577,0.385,0.609,0.367,0.379,0.373,0.379,0.581,0.385,0.385,0.433,0.367,0.577,0.382,0.312,0.503,0.379,0.590,0.427,0.575,0.576,0.361,0.567,0.306,0.364,0.373,0.364,0.580,0.397,0.578,0.373,0.342,0.573,0.599,0.418,0.333,0.385,0.594,0.385,0.580,0.373,0.601,0.415,0.418,0.406,0.382,0.436,0.577,0.439,0.418,0.607,0.364,0.418,0.599,0.024,0.427,0.497,0.388,0.497,0.418,0.315,0.406,0.603,0.000,0.361,0.409,0.015,0.345,0.567,0.571,0.503,0.601,0.397,0.588,0.012,0.397,0.575,0.412,0.421,0.397,0.418,0.358,0.581,0.569,0.427,0.573,0.394,0.385,0.580,0.382,0.009,0.574,0.345,0.358,0.582,0.339,0.415,0.436,0.370,0.382,0.342,0.439,0.421,0.595,0.418,0.315,0.306,0.012,0.586,0.406,0.605,0.430,0.575,0.603,0.382,0.415,0.382,0.452,0.306,0.348,0.364,0.427,0.439,0.594,0.578,0.364,0.352,0.578,0.385,0.586,0.418,0.427,0.333,0.367,0.585,0.580,0.577,0.400,0.339,0.569,0.577,0.382,0.382,0.397,0.379,0.382,0.575,0.555,0.609,0.601,0.503,0.306,0.555,0.583,0.436,0.382,0.412,0.427,0.379,0.577,0.503,0.385,0.607,0.009,0.418,0.367,0.385,0.601,0.500,0.567,0.603,0.421,0.355
7PNB_i_6_MAN;0.590,0.576,0.370,0.321,0.585,0.535,0.594,0.309,0.430,0.539,0.572,0.364,0.367,0.124,0.188,0.064,0.197,0.342,0.576,0.527,0.036,0.418,0.546,0.436,0.152,0.076,0.572,0.315,0.545,0.550,0.552,0.512,0.540,0.543,0.571,0.367,0.261,0.501,0.115,0.553,0.115,0.076,0.594,0.152,0.197,0.039,0.503,0.583,0.544,0.537,0.194,0.569,0.106,0.342,0.516,0.318,0.070,0.176,0.315,0.560,0.586,0.185,0.188,0.594,0.548,0.546,0.561,0.364,0.548,0.370,0.595,0.376,0.507,0.505,0.559,0.506,0.439,0.188,0.261,0.073,0.148,0.533,0.173,0.520,0.115,0.027,0.100,0.109,0.566,0.179,0.327,0.424,0.115,0.544,0.167,0.258,0.503,0.327,0.509,0.303,0.563,0.572,0.009,0.543,0.261,0.124,0.033,0.067,0.546,0.148,0.594,0.097,0.070,0.537,0.516,0.188,0.067,0.315,0.543,0.318,0.550,0.097,0.514,0.339,0.309,0.297,0.173,0.306,0.544,0.318,0.318,0.529,0.112,0.309,0.541,0.355,0.342,0.500,0.100,0.503,0.194,0.258,0.185,0.507,0.361,0.000,0.412,0.358,0.188,0.539,0.509,0.503,0.537,0.152,0.586,0.361,0.152,0.543,0.315,0.345,0.152,0.188,0.100,0.574,0.543,0.321,0.561,0.148,0.103,0.509,0.324,0.358,0.578,0.188,0.106,0.594,0.182,0.339,0.306,0.036,0.167,0.197,0.297,0.345,0.514,0.318,0.258,0.261,0.361,0.505,0.194,0.512,0.373,0.539,0.509,0.173,0.421,0.124,0.352,0.261,0.012,0.124,0.361,0.379,0.544,0.561,0.106,0.121,0.556,0.321,0.565,0.309,0.424,0.067,0.121,0.562,0.550,0.544,0.194,0.194,0.543,0.537,0.106,0.115,0.148,0.012,0.173,0.539,0.538,0.516,0.541,0.506,0.261,0.557,0.564,0.345,0.318,0.433,0.318,0.176,0.544,0.497,0.097,0.495,0.358,0.312,0.115,0.103,0.539,0.500,0.558,0.533,0.345,0.115
7PNB_z_3_YZT;0.665,0.642,0.276,0.476,0.652,0.641,0.667,0.455,0.009,0.665,0.642,0.294,0.403,0.424,0.424,0.445,0.421,0.282,0.642,0.645,0.455,0.027,0.635,0.006,0.436,0.448,0.642,0.312,0.652,0.669,0.682,0.628,0.633,0.662,0.662,0.273,0.379,0.628,0.424,0.655,0.421,0.448,0.667,0.436,0.436,0.430,0.506,0.652,0.641,0.637,0.418,0.669,0.427,0.279,0.633,0.464,0.421,0.406,0.464,0.671,0.681,0.421,0.433,0.667,0.628,0.631,0.665,0.406,0.658,0.288,0.665,0.279,0.626,0.628,0.663,0.509,0.027,0.424,0.379,0.436,0.433,0.626,0.406,0.652,0.424,0.415,0.433,0.418,0.657,0.409,0.479,0.018,0.424,0.664,0.406,0.382,0.512,0.482,0.635,0.312,0.673,0.638,0.421,0.671,0.379,0.424,0.421,0.448,0.639,0.436,0.667,0.439,0.433,0.624,0.650,0.433,0.424,0.476,0.658,0.467,0.671,0.439,0.647,0.282,0.312,0.448,0.400,0.315,0.664,0.333,0.452,0.662,0.421,0.312,0.662,0.397,0.282,0.500,0.439,0.506,0.436,0.385,0.415,0.648,0.409,0.412,0.000,0.400,0.421,0.665,0.620,0.506,0.658,0.436,0.675,0.403,0.436,0.626,0.458,0.282,0.436,0.433,0.433,0.648,0.626,0.448,0.664,0.433,0.442,0.628,0.482,0.403,0.648,0.421,0.427,0.673,0.421,0.282,0.327,0.455,0.406,0.421,0.321,0.276,0.647,0.452,0.385,0.379,0.403,0.626,0.433,0.648,0.279,0.664,0.641,0.400,0.033,0.442,0.291,0.379,0.409,0.424,0.273,0.285,0.662,0.673,0.421,0.427,0.662,0.476,0.664,0.309,0.015,0.424,0.421,0.667,0.639,0.664,0.418,0.421,0.626,0.635,0.442,0.442,0.436,0.439,0.400,0.664,0.640,0.654,0.667,0.506,0.379,0.646,0.663,0.291,0.470,0.009,0.448,0.400,0.664,0.506,0.436,0.650,0.406,0.458,0.424,0.436,0.660,0.503,0.673,0.660,0.276,0.430
7PNB_k_4_BGC;0.573,0.580,0.430,0.370,0.576,0.575,0.575,0.424,0.412,0.573,0.572,0.436,0.015,0.355,0.336,0.361,0.345,0.430,0.572,0.580,0.370,0.400,0.573,0.403,0.388,0.348,0.572,0.421,0.580,0.569,0.580,0.548,0.572,0.580,0.605,0.427,0.297,0.582,0.358,0.587,0.342,0.345,0.571,0.388,0.412,0.364,0.500,0.578,0.586,0.578,0.397,0.580,0.348,0.430,0.548,0.433,0.327,0.379,0.358,0.582,0.584,0.336,0.418,0.571,0.569,0.569,0.583,0.018,0.601,0.427,0.575,0.433,0.561,0.588,0.580,0.503,0.418,0.339,0.297,0.330,0.385,0.577,0.382,0.594,0.358,0.376,0.364,0.370,0.583,0.382,0.370,0.421,0.358,0.578,0.379,0.303,0.506,0.364,0.588,0.424,0.573,0.574,0.358,0.565,0.297,0.355,0.370,0.358,0.582,0.388,0.573,0.370,0.333,0.573,0.584,0.418,0.324,0.370,0.588,0.361,0.578,0.370,0.592,0.418,0.415,0.415,0.379,0.433,0.578,0.436,0.427,0.611,0.355,0.415,0.594,0.009,0.430,0.500,0.385,0.500,0.418,0.306,0.403,0.594,0.015,0.358,0.400,0.000,0.336,0.569,0.569,0.506,0.595,0.388,0.582,0.009,0.388,0.577,0.421,0.424,0.388,0.418,0.348,0.580,0.565,0.436,0.565,0.385,0.382,0.575,0.367,0.012,0.572,0.336,0.348,0.577,0.330,0.418,0.433,0.370,0.379,0.345,0.436,0.424,0.580,0.427,0.306,0.297,0.009,0.584,0.406,0.590,0.427,0.577,0.594,0.379,0.403,0.379,0.448,0.297,0.345,0.355,0.424,0.433,0.595,0.577,0.355,0.342,0.575,0.370,0.582,0.415,0.415,0.324,0.358,0.583,0.577,0.578,0.397,0.342,0.569,0.577,0.379,0.379,0.388,0.379,0.379,0.577,0.559,0.594,0.595,0.506,0.297,0.557,0.581,0.439,0.367,0.403,0.436,0.376,0.578,0.506,0.382,0.597,0.012,0.427,0.358,0.382,0.595,0.503,0.565,0.607,0.424,0.345
7PNB_S_6_MAN;0.603,0.568,0.382,0.345,0.576,0.537,0.605,0.336,0.427,0.550,0.566,0.409,0.345,0.118,0.000,0.167,0.006,0.373,0.561,0.544,0.182,0.418,0.554,0.427,0.152,0.176,0.566,0.364,0.545,0.541,0.558,0.524,0.532,0.552,0.560,0.388,0.218,0.499,0.133,0.559,0.124,0.167,0.605,0.152,0.267,0.179,0.461,0.576,0.543,0.541,0.255,0.558,0.124,0.373,0.529,0.355,0.148,0.252,0.342,0.548,0.597,0.003,0.255,0.605,0.550,0.556,0.559,0.342,0.533,0.391,0.607,0.388,0.510,0.499,0.544,0.464,0.436,0.003,0.218,0.155,0.148,0.527,0.252,0.527,0.124,0.179,0.136,0.127,0.555,0.255,0.345,0.430,0.133,0.554,0.258,0.218,0.461,0.352,0.507,0.352,0.558,0.562,0.182,0.544,0.218,0.118,0.173,0.170,0.556,0.158,0.605,0.130,0.152,0.546,0.524,0.255,0.145,0.352,0.526,0.342,0.544,0.133,0.520,0.364,0.352,0.327,0.252,0.355,0.554,0.367,0.348,0.526,0.130,0.352,0.522,0.327,0.373,0.458,0.142,0.461,0.261,0.215,0.242,0.514,0.345,0.188,0.421,0.336,0.000,0.550,0.516,0.461,0.520,0.152,0.597,0.336,0.152,0.541,0.345,0.376,0.152,0.255,0.130,0.570,0.539,0.355,0.558,0.152,0.145,0.512,0.342,0.336,0.566,0.000,0.124,0.607,0.006,0.364,0.355,0.185,0.258,0.006,0.364,0.373,0.520,0.348,0.215,0.218,0.336,0.499,0.264,0.518,0.373,0.548,0.514,0.252,0.430,0.158,0.379,0.218,0.182,0.124,0.391,0.388,0.526,0.556,0.130,0.109,0.543,0.345,0.560,0.352,0.430,0.145,0.121,0.553,0.550,0.554,0.255,0.006,0.550,0.541,0.145,0.155,0.158,0.194,0.252,0.548,0.515,0.524,0.526,0.464,0.218,0.547,0.557,0.379,0.345,0.424,0.352,0.252,0.554,0.455,0.142,0.512,0.333,0.339,0.124,0.148,0.522,0.458,0.544,0.531,0.376,0.118
7PNB_S_2_NAG;0.492,0.513,0.614,0.584,0.513,0.380,0.496,0.616,0.675,0.007,0.512,0.612,0.571,0.556,0.552,0.543,0.552,0.584,0.512,0.383,0.546,0.662,0.397,0.669,0.565,0.543,0.512,0.609,0.380,0.378,0.385,0.212,0.392,0.014,0.427,0.616,0.571,0.249,0.552,0.387,0.546,0.544,0.496,0.565,0.580,0.554,0.688,0.520,0.383,0.396,0.578,0.451,0.544,0.584,0.212,0.620,0.544,0.580,0.586,0.394,0.484,0.552,0.580,0.493,0.391,0.389,0.443,0.569,0.390,0.612,0.488,0.612,0.229,0.238,0.444,0.690,0.684,0.552,0.571,0.544,0.565,0.385,0.580,0.298,0.554,0.558,0.546,0.552,0.444,0.578,0.582,0.681,0.556,0.008,0.573,0.573,0.690,0.586,0.229,0.607,0.398,0.512,0.541,0.393,0.571,0.556,0.558,0.548,0.379,0.563,0.492,0.556,0.546,0.409,0.299,0.582,0.543,0.586,0.404,0.577,0.386,0.554,0.293,0.578,0.605,0.616,0.577,0.605,0.005,0.603,0.624,0.398,0.544,0.605,0.402,0.571,0.584,0.688,0.561,0.688,0.586,0.569,0.580,0.279,0.567,0.539,0.665,0.569,0.550,0.000,0.238,0.690,0.411,0.565,0.485,0.567,0.565,0.364,0.616,0.582,0.565,0.582,0.541,0.514,0.383,0.631,0.437,0.565,0.554,0.225,0.582,0.567,0.513,0.552,0.541,0.497,0.548,0.578,0.605,0.550,0.573,0.552,0.609,0.582,0.305,0.626,0.569,0.571,0.567,0.249,0.573,0.279,0.607,0.016,0.279,0.577,0.665,0.561,0.612,0.571,0.537,0.552,0.612,0.614,0.408,0.393,0.544,0.550,0.409,0.586,0.446,0.605,0.679,0.543,0.554,0.446,0.386,0.010,0.578,0.552,0.409,0.390,0.558,0.561,0.563,0.543,0.577,0.022,0.409,0.298,0.405,0.690,0.571,0.457,0.446,0.582,0.578,0.669,0.633,0.577,0.010,0.692,0.561,0.288,0.565,0.618,0.554,0.556,0.409,0.688,0.390,0.400,0.582,0.544
7PNB_n_2_NAG;0.462,0.514,0.607,0.577,0.517,0.356,0.479,0.573,0.628,0.236,0.505,0.611,0.575,0.537,0.518,0.520,0.518,0.597,0.506,0.375,0.518,0.626,0.389,0.631,0.535,0.526,0.505,0.594,0.381,0.356,0.365,0.041,0.374,0.229,0.393,0.607,0.537,0.033,0.526,0.378,0.518,0.522,0.474,0.535,0.565,0.524,0.675,0.516,0.375,0.393,0.558,0.418,0.531,0.597,0.051,0.582,0.516,0.541,0.575,0.368,0.467,0.518,0.550,0.477,0.390,0.398,0.414,0.573,0.389,0.603,0.477,0.611,0.047,0.026,0.410,0.677,0.629,0.518,0.537,0.524,0.533,0.396,0.541,0.245,0.531,0.518,0.524,0.520,0.410,0.537,0.578,0.624,0.533,0.242,0.539,0.537,0.679,0.588,0.056,0.580,0.371,0.506,0.518,0.360,0.537,0.537,0.518,0.524,0.372,0.533,0.478,0.527,0.520,0.387,0.236,0.552,0.520,0.577,0.391,0.577,0.354,0.527,0.251,0.594,0.588,0.575,0.543,0.582,0.245,0.590,0.578,0.367,0.520,0.588,0.387,0.567,0.597,0.675,0.533,0.675,0.560,0.535,0.548,0.250,0.571,0.509,0.620,0.569,0.516,0.238,0.000,0.679,0.385,0.535,0.459,0.567,0.535,0.375,0.578,0.601,0.535,0.552,0.527,0.519,0.368,0.577,0.418,0.535,0.529,0.048,0.578,0.571,0.503,0.518,0.524,0.485,0.516,0.594,0.582,0.522,0.539,0.518,0.580,0.599,0.236,0.580,0.535,0.537,0.567,0.026,0.567,0.236,0.597,0.236,0.245,0.543,0.622,0.533,0.592,0.537,0.509,0.533,0.605,0.611,0.400,0.361,0.520,0.533,0.378,0.578,0.419,0.588,0.624,0.520,0.526,0.407,0.352,0.243,0.561,0.518,0.400,0.389,0.533,0.537,0.533,0.522,0.543,0.225,0.395,0.236,0.385,0.679,0.537,0.424,0.409,0.599,0.580,0.629,0.578,0.543,0.238,0.679,0.533,0.236,0.565,0.575,0.531,0.527,0.389,0.677,0.365,0.368,0.601,0.526
7PNB_U_3_YZT;0.671,0.634,0.509,0.488,0.636,0.701,0.675,0.585,0.512,0.690,0.631,0.518,0.503,0.503,0.467,0.494,0.464,0.488,0.631,0.709,0.500,0.515,0.673,0.509,0.521,0.500,0.631,0.458,0.716,0.675,0.681,0.679,0.706,0.682,0.675,0.512,0.473,0.688,0.488,0.725,0.485,0.488,0.669,0.521,0.561,0.509,0.006,0.636,0.703,0.675,0.545,0.730,0.485,0.488,0.692,0.588,0.476,0.503,0.485,0.681,0.677,0.467,0.555,0.671,0.677,0.673,0.731,0.506,0.669,0.515,0.673,0.506,0.686,0.681,0.716,0.012,0.521,0.464,0.473,0.488,0.515,0.669,0.506,0.694,0.497,0.500,0.488,0.497,0.725,0.500,0.488,0.524,0.488,0.688,0.512,0.473,0.012,0.488,0.675,0.476,0.684,0.631,0.503,0.681,0.473,0.503,0.503,0.494,0.720,0.518,0.669,0.479,0.476,0.660,0.690,0.555,0.488,0.488,0.675,0.488,0.684,0.485,0.686,0.485,0.470,0.579,0.506,0.470,0.688,0.470,0.588,0.667,0.485,0.464,0.671,0.503,0.488,0.000,0.485,0.006,0.570,0.485,0.542,0.682,0.503,0.503,0.506,0.506,0.461,0.690,0.679,0.000,0.673,0.521,0.677,0.500,0.521,0.669,0.576,0.500,0.521,0.558,0.491,0.634,0.705,0.591,0.737,0.518,0.479,0.677,0.485,0.503,0.631,0.467,0.485,0.675,0.467,0.485,0.470,0.500,0.512,0.464,0.476,0.491,0.686,0.588,0.485,0.473,0.500,0.673,0.564,0.686,0.500,0.688,0.682,0.506,0.524,0.485,0.500,0.473,0.497,0.503,0.512,0.512,0.667,0.684,0.485,0.500,0.679,0.488,0.733,0.458,0.521,0.488,0.494,0.729,0.716,0.688,0.548,0.467,0.669,0.671,0.479,0.476,0.521,0.518,0.506,0.688,0.650,0.688,0.669,0.006,0.473,0.722,0.729,0.494,0.482,0.506,0.591,0.503,0.688,0.003,0.482,0.671,0.503,0.585,0.497,0.482,0.675,0.000,0.681,0.664,0.494,0.494
7PNB_n_1_NAG;0.468,0.513,0.607,0.609,0.510,0.361,0.482,0.569,0.664,0.412,0.505,0.616,0.607,0.527,0.516,0.537,0.518,0.612,0.508,0.357,0.539,0.654,0.305,0.658,0.527,0.533,0.505,0.597,0.359,0.397,0.411,0.400,0.382,0.411,0.288,0.607,0.563,0.383,0.531,0.344,0.533,0.531,0.466,0.529,0.522,0.537,0.677,0.510,0.356,0.291,0.524,0.393,0.533,0.612,0.400,0.563,0.533,0.541,0.612,0.400,0.474,0.514,0.516,0.471,0.313,0.305,0.418,0.605,0.084,0.611,0.470,0.612,0.380,0.382,0.387,0.677,0.671,0.522,0.563,0.533,0.526,0.286,0.541,0.398,0.529,0.539,0.537,0.514,0.392,0.543,0.611,0.667,0.535,0.416,0.529,0.565,0.671,0.616,0.386,0.595,0.409,0.508,0.544,0.401,0.561,0.526,0.539,0.529,0.341,0.531,0.470,0.520,0.533,0.315,0.393,0.516,0.535,0.616,0.034,0.603,0.398,0.527,0.394,0.607,0.597,0.571,0.535,0.592,0.413,0.594,0.563,0.103,0.533,0.597,0.034,0.597,0.611,0.675,0.531,0.677,0.524,0.565,0.518,0.391,0.601,0.537,0.658,0.595,0.520,0.411,0.385,0.673,0.000,0.527,0.471,0.597,0.527,0.297,0.561,0.609,0.526,0.516,0.529,0.509,0.356,0.560,0.397,0.527,0.531,0.375,0.609,0.599,0.502,0.516,0.533,0.482,0.514,0.607,0.592,0.535,0.533,0.518,0.603,0.609,0.401,0.565,0.565,0.563,0.599,0.378,0.514,0.390,0.603,0.416,0.394,0.535,0.660,0.535,0.611,0.561,0.535,0.531,0.612,0.609,0.065,0.409,0.539,0.522,0.405,0.611,0.383,0.599,0.664,0.535,0.535,0.418,0.372,0.418,0.524,0.520,0.319,0.290,0.531,0.533,0.531,0.537,0.537,0.411,0.391,0.404,0.027,0.675,0.563,0.433,0.414,0.614,0.607,0.658,0.563,0.537,0.418,0.671,0.529,0.387,0.595,0.571,0.526,0.537,0.033,0.671,0.401,0.091,0.611,0.522
7PNB_S_5_MAN;0.616,0.557,0.391,0.336,0.559,0.535,0.620,0.348,0.442,0.565,0.553,0.391,0.403,0.106,0.152,0.173,0.152,0.352,0.553,0.544,0.173,0.421,0.573,0.439,0.000,0.179,0.553,0.361,0.547,0.565,0.571,0.541,0.540,0.565,0.567,0.385,0.267,0.527,0.167,0.551,0.158,0.179,0.620,0.000,0.212,0.164,0.524,0.559,0.548,0.565,0.194,0.548,0.164,0.352,0.541,0.355,0.152,0.212,0.321,0.578,0.612,0.145,0.212,0.620,0.567,0.573,0.566,0.400,0.541,0.385,0.622,0.397,0.527,0.524,0.545,0.527,0.452,0.152,0.267,0.161,0.000,0.546,0.212,0.537,0.106,0.164,0.164,0.100,0.557,0.215,0.336,0.445,0.167,0.569,0.206,0.270,0.521,0.330,0.526,0.352,0.586,0.555,0.155,0.567,0.267,0.106,0.158,0.173,0.544,0.003,0.620,0.121,0.158,0.552,0.537,0.212,0.148,0.330,0.537,0.318,0.580,0.121,0.531,0.355,0.352,0.342,0.212,0.355,0.569,0.361,0.355,0.541,0.164,0.352,0.541,0.385,0.352,0.521,0.118,0.524,0.209,0.264,0.194,0.529,0.397,0.152,0.436,0.388,0.152,0.565,0.535,0.521,0.527,0.000,0.612,0.397,0.000,0.560,0.352,0.345,0.000,0.212,0.158,0.553,0.546,0.352,0.552,0.000,0.121,0.533,0.333,0.394,0.553,0.148,0.164,0.624,0.155,0.355,0.355,0.176,0.206,0.152,0.352,0.345,0.533,0.355,0.264,0.267,0.397,0.522,0.209,0.535,0.385,0.567,0.529,0.212,0.430,0.133,0.367,0.267,0.142,0.112,0.394,0.397,0.539,0.584,0.164,0.109,0.569,0.339,0.554,0.352,0.445,0.148,0.106,0.555,0.560,0.569,0.194,0.155,0.571,0.569,0.121,0.130,0.003,0.167,0.212,0.567,0.562,0.537,0.537,0.524,0.267,0.547,0.553,0.355,0.318,0.439,0.348,0.212,0.569,0.515,0.118,0.524,0.394,0.352,0.106,0.124,0.535,0.518,0.578,0.550,0.345,0.112
7PNB_t_1_NAG;0.007,0.435,0.669,0.569,0.436,0.485,0.041,0.645,0.686,0.490,0.437,0.671,0.580,0.609,0.594,0.611,0.594,0.647,0.431,0.497,0.590,0.681,0.500,0.684,0.612,0.616,0.437,0.654,0.490,0.470,0.479,0.470,0.491,0.484,0.478,0.662,0.612,0.477,0.595,0.484,0.597,0.607,0.022,0.612,0.631,0.595,0.679,0.435,0.507,0.478,0.620,0.505,0.592,0.647,0.473,0.639,0.601,0.622,0.573,0.470,0.018,0.592,0.628,0.029,0.500,0.495,0.490,0.586,0.473,0.662,0.027,0.667,0.479,0.470,0.490,0.679,0.684,0.595,0.612,0.605,0.614,0.492,0.622,0.453,0.605,0.588,0.588,0.607,0.499,0.618,0.575,0.681,0.595,0.490,0.620,0.611,0.677,0.578,0.464,0.654,0.473,0.432,0.586,0.468,0.612,0.609,0.584,0.614,0.486,0.611,0.033,0.599,0.599,0.496,0.455,0.629,0.607,0.575,0.464,0.573,0.471,0.599,0.463,0.645,0.652,0.643,0.624,0.652,0.490,0.658,0.643,0.471,0.592,0.652,0.462,0.588,0.647,0.679,0.601,0.679,0.629,0.611,0.618,0.463,0.588,0.586,0.675,0.582,0.597,0.485,0.459,0.677,0.471,0.612,0.000,0.575,0.612,0.485,0.637,0.650,0.612,0.629,0.588,0.437,0.492,0.652,0.508,0.614,0.603,0.474,0.575,0.588,0.432,0.594,0.592,0.034,0.590,0.645,0.652,0.594,0.620,0.594,0.652,0.650,0.453,0.645,0.611,0.612,0.575,0.462,0.633,0.456,0.665,0.493,0.462,0.624,0.671,0.609,0.669,0.612,0.584,0.603,0.671,0.669,0.484,0.473,0.582,0.607,0.485,0.571,0.493,0.652,0.682,0.607,0.599,0.506,0.499,0.489,0.620,0.594,0.497,0.484,0.611,0.609,0.611,0.601,0.624,0.485,0.488,0.444,0.478,0.677,0.612,0.513,0.517,0.648,0.575,0.682,0.650,0.624,0.486,0.681,0.603,0.451,0.580,0.647,0.605,0.599,0.470,0.677,0.470,0.473,0.650,0.601
7PNB_f_4_BGC;0.565,0.581,0.433,0.373,0.578,0.577,0.567,0.427,0.415,0.571,0.574,0.445,0.012,0.364,0.336,0.367,0.345,0.433,0.574,0.582,0.370,0.403,0.577,0.406,0.397,0.355,0.574,0.430,0.581,0.565,0.577,0.546,0.574,0.578,0.601,0.433,0.300,0.580,0.367,0.589,0.352,0.352,0.563,0.397,0.412,0.367,0.494,0.580,0.588,0.582,0.400,0.582,0.358,0.433,0.546,0.436,0.336,0.382,0.370,0.578,0.577,0.336,0.418,0.563,0.573,0.573,0.581,0.015,0.601,0.433,0.567,0.436,0.560,0.586,0.580,0.497,0.421,0.339,0.300,0.339,0.394,0.580,0.385,0.599,0.367,0.379,0.373,0.379,0.583,0.385,0.373,0.424,0.367,0.577,0.382,0.306,0.500,0.367,0.586,0.433,0.569,0.576,0.361,0.563,0.300,0.364,0.373,0.364,0.584,0.397,0.565,0.373,0.342,0.577,0.590,0.418,0.333,0.373,0.590,0.373,0.575,0.373,0.597,0.421,0.424,0.418,0.382,0.442,0.577,0.445,0.430,0.611,0.364,0.424,0.595,0.018,0.433,0.494,0.388,0.494,0.418,0.309,0.406,0.599,0.012,0.361,0.403,0.009,0.336,0.567,0.567,0.500,0.597,0.397,0.575,0.000,0.397,0.578,0.424,0.427,0.397,0.418,0.358,0.581,0.567,0.439,0.567,0.394,0.385,0.573,0.370,0.009,0.574,0.336,0.358,0.569,0.330,0.421,0.442,0.370,0.382,0.345,0.445,0.427,0.586,0.430,0.309,0.300,0.000,0.582,0.406,0.595,0.430,0.575,0.599,0.382,0.406,0.382,0.452,0.300,0.348,0.364,0.427,0.439,0.597,0.573,0.364,0.352,0.571,0.373,0.582,0.424,0.418,0.333,0.367,0.583,0.578,0.577,0.400,0.342,0.573,0.580,0.382,0.382,0.397,0.379,0.382,0.575,0.549,0.599,0.597,0.500,0.300,0.557,0.583,0.442,0.370,0.406,0.439,0.379,0.577,0.500,0.385,0.603,0.003,0.430,0.367,0.385,0.597,0.497,0.563,0.607,0.427,0.355
7PNB_X_5_MAN;0.616,0.557,0.391,0.336,0.559,0.535,0.620,0.348,0.442,0.565,0.553,0.391,0.403,0.106,0.152,0.173,0.152,0.352,0.553,0.544,0.173,0.421,0.573,0.439,0.000,0.179,0.553,0.361,0.547,0.565,0.571,0.541,0.540,0.565,0.567,0.385,0.267,0.527,0.167,0.551,0.158,0.179,0.620,0.000,0.212,0.164,0.524,0.559,0.548,0.565,0.194,0.548,0.164,0.352,0.541,0.355,0.152,0.212,0.321,0.578,0.612,0.145,0.212,0.620,0.567,0.573,0.566,0.400,0.541,0.385,0.622,0.397,0.527,0.524,0.545,0.527,0.452,0.152,0.267,0.161,0.000,0.546,0.212,0.537,0.106,0.164,0.164,0.100,0.557,0.215,0.336,0.445,0.167,0.569,0.206,0.270,0.521,0.330,0.526,0.352,0.586,0.555,0.155,0.567,0.267,0.106,0.158,0.173,0.544,0.003,0.620,0.121,0.158,0.552,0.537,0.212,0.148,0.330,0.537,0.318,0.580,0.121,0.531,0.355,0.352,0.342,0.212,0.355,0.569,0.361,0.355,0.541,0.164,0.352,0.541,0.385,0.352,0.521,0.118,0.524,0.209,0.264,0.194,0.529,0.397,0.152,0.436,0.388,0.152,0.565,0.535,0.521,0.527,0.000,0.612,0.397,0.000,0.560,0.352,0.345,0.000,0.212,0.158,0.553,0.546,0.352,0.552,0.000,0.121,0.533,0.333,0.394,0.553,0.148,0.164,0.624,0.155,0.355,0.355,0.176,0.206,0.152,0.352,0.345,0.533,0.355,0.264,0.267,0.397,0.522,0.209,0.535,0.385,0.567,0.529,0.212,0.430,0.133,0.367,0.267,0.142,0.112,0.394,0.397,0.539,0.584,0.164,0.109,0.569,0.339,0.554,0.352,0.445,0.148,0.106,0.555,0.560,0.569,0.194,0.155,0.571,0.569,0.121,0.130,0.003,0.167,0.212,0.567,0.562,0.537,0.537,0.524,0.267,0.547,0.553,0.355,0.318,0.439,0.348,0.212,0.569,0.515,0.118,0.524,0.394,0.352,0.106,0.124,0.535,0.518,0.578,0.550,0.345,0.112
7PNB_1_1_NAG;0.478,0.494,0.612,0.571,0.498,0.370,0.490,0.567,0.641,0.370,0.495,0.607,0.575,0.556,0.539,0.548,0.537,0.616,0.491,0.372,0.558,0.635,0.037,0.635,0.560,0.565,0.495,0.611,0.367,0.380,0.397,0.380,0.388,0.371,0.334,0.607,0.543,0.379,0.548,0.392,0.544,0.558,0.485,0.560,0.554,0.556,0.669,0.497,0.367,0.078,0.548,0.415,0.544,0.616,0.387,0.565,0.548,0.548,0.558,0.372,0.484,0.539,0.548,0.490,0.045,0.027,0.418,0.573,0.239,0.609,0.481,0.611,0.375,0.379,0.403,0.669,0.647,0.541,0.543,0.558,0.560,0.106,0.546,0.356,0.560,0.554,0.552,0.563,0.415,0.548,0.569,0.643,0.548,0.371,0.543,0.546,0.669,0.563,0.376,0.611,0.389,0.491,0.543,0.385,0.543,0.556,0.554,0.561,0.372,0.563,0.488,0.560,0.554,0.106,0.357,0.548,0.560,0.565,0.272,0.548,0.370,0.560,0.348,0.612,0.609,0.567,0.543,0.609,0.368,0.611,0.565,0.255,0.544,0.609,0.273,0.578,0.616,0.669,0.563,0.669,0.556,0.548,0.543,0.346,0.575,0.543,0.626,0.577,0.541,0.364,0.375,0.669,0.297,0.560,0.485,0.578,0.560,0.000,0.561,0.614,0.560,0.548,0.544,0.497,0.378,0.565,0.413,0.560,0.563,0.370,0.569,0.575,0.492,0.539,0.544,0.499,0.531,0.612,0.609,0.552,0.543,0.537,0.605,0.614,0.361,0.565,0.548,0.543,0.578,0.367,0.552,0.350,0.605,0.376,0.352,0.543,0.639,0.565,0.614,0.543,0.543,0.560,0.611,0.611,0.265,0.390,0.548,0.552,0.389,0.573,0.389,0.609,0.641,0.560,0.558,0.404,0.380,0.371,0.548,0.535,0.067,0.074,0.563,0.565,0.563,0.548,0.543,0.371,0.428,0.361,0.288,0.669,0.543,0.406,0.417,0.618,0.550,0.635,0.569,0.544,0.374,0.671,0.563,0.364,0.577,0.569,0.560,0.569,0.280,0.669,0.374,0.238,0.614,0.558
7PNB_V_5_MAN;0.637,0.597,0.476,0.439,0.597,0.584,0.639,0.048,0.448,0.612,0.585,0.473,0.418,0.330,0.345,0.342,0.336,0.448,0.595,0.582,0.336,0.439,0.565,0.452,0.352,0.330,0.585,0.458,0.597,0.575,0.580,0.582,0.589,0.614,0.595,0.470,0.355,0.577,0.330,0.606,0.330,0.330,0.641,0.352,0.321,0.339,0.573,0.600,0.580,0.563,0.318,0.535,0.321,0.448,0.580,0.006,0.324,0.297,0.430,0.569,0.643,0.345,0.297,0.641,0.560,0.571,0.547,0.418,0.560,0.482,0.643,0.482,0.569,0.575,0.528,0.576,0.448,0.345,0.355,0.327,0.352,0.565,0.300,0.582,0.330,0.321,0.327,0.324,0.536,0.300,0.448,0.452,0.336,0.624,0.294,0.358,0.576,0.448,0.577,0.452,0.569,0.591,0.315,0.571,0.355,0.330,0.327,0.327,0.595,0.352,0.641,0.324,0.324,0.582,0.575,0.297,0.330,0.439,0.563,0.427,0.567,0.324,0.578,0.445,0.452,0.039,0.294,0.455,0.616,0.467,0.006,0.558,0.324,0.452,0.565,0.427,0.448,0.570,0.330,0.573,0.312,0.355,0.294,0.577,0.412,0.315,0.458,0.421,0.345,0.616,0.578,0.576,0.561,0.352,0.637,0.424,0.352,0.561,0.000,0.448,0.352,0.297,0.321,0.593,0.582,0.015,0.535,0.352,0.336,0.577,0.448,0.424,0.591,0.345,0.315,0.643,0.333,0.445,0.455,0.333,0.294,0.336,0.445,0.448,0.577,0.006,0.355,0.355,0.424,0.584,0.318,0.573,0.470,0.612,0.573,0.294,0.442,0.333,0.482,0.355,0.306,0.330,0.473,0.482,0.561,0.569,0.333,0.327,0.563,0.439,0.527,0.452,0.448,0.330,0.327,0.530,0.578,0.616,0.318,0.336,0.560,0.565,0.333,0.339,0.352,0.318,0.294,0.612,0.580,0.586,0.561,0.579,0.355,0.521,0.536,0.455,0.427,0.452,0.012,0.291,0.624,0.570,0.330,0.575,0.424,0.052,0.330,0.324,0.560,0.573,0.567,0.560,0.448,0.330
7PNB_1_3_YZT;0.656,0.659,0.200,0.448,0.670,0.607,0.656,0.452,0.291,0.582,0.661,0.185,0.421,0.333,0.373,0.367,0.370,0.012,0.655,0.597,0.348,0.282,0.628,0.288,0.345,0.361,0.661,0.136,0.604,0.629,0.635,0.599,0.604,0.584,0.628,0.191,0.345,0.611,0.367,0.610,0.367,0.364,0.652,0.345,0.288,0.348,0.494,0.672,0.599,0.624,0.279,0.662,0.361,0.009,0.595,0.458,0.348,0.276,0.445,0.631,0.656,0.367,0.285,0.652,0.624,0.626,0.648,0.418,0.603,0.191,0.656,0.197,0.601,0.609,0.655,0.491,0.294,0.376,0.345,0.355,0.345,0.612,0.276,0.631,0.330,0.355,0.364,0.339,0.653,0.279,0.448,0.291,0.367,0.586,0.267,0.348,0.488,0.461,0.599,0.136,0.637,0.655,0.342,0.626,0.345,0.333,0.355,0.367,0.594,0.342,0.654,0.345,0.358,0.616,0.628,0.285,0.345,0.455,0.599,0.439,0.629,0.345,0.626,0.012,0.124,0.448,0.273,0.121,0.586,0.118,0.464,0.605,0.364,0.130,0.603,0.415,0.012,0.500,0.345,0.494,0.291,0.342,0.276,0.614,0.421,0.345,0.282,0.424,0.376,0.582,0.601,0.500,0.609,0.345,0.650,0.427,0.345,0.614,0.448,0.000,0.345,0.285,0.355,0.667,0.609,0.470,0.650,0.345,0.339,0.601,0.445,0.415,0.663,0.370,0.361,0.656,0.370,0.012,0.142,0.348,0.267,0.370,0.133,0.006,0.626,0.464,0.342,0.345,0.427,0.607,0.282,0.618,0.191,0.590,0.618,0.273,0.267,0.339,0.185,0.345,0.345,0.333,0.203,0.206,0.605,0.637,0.364,0.336,0.635,0.448,0.648,0.133,0.288,0.345,0.330,0.663,0.612,0.586,0.279,0.370,0.629,0.626,0.339,0.339,0.342,0.352,0.273,0.590,0.610,0.626,0.616,0.494,0.345,0.648,0.665,0.012,0.439,0.291,0.470,0.273,0.586,0.500,0.345,0.614,0.424,0.455,0.330,0.342,0.607,0.497,0.633,0.614,0.006,0.333
7PNB_h_5_MAN;0.616,0.559,0.394,0.336,0.561,0.535,0.620,0.348,0.442,0.565,0.555,0.394,0.403,0.106,0.152,0.167,0.152,0.352,0.555,0.546,0.167,0.421,0.573,0.439,0.000,0.173,0.555,0.364,0.549,0.565,0.571,0.541,0.540,0.565,0.567,0.388,0.267,0.527,0.167,0.553,0.158,0.173,0.620,0.000,0.206,0.164,0.524,0.561,0.550,0.565,0.194,0.548,0.164,0.352,0.541,0.355,0.152,0.212,0.321,0.578,0.612,0.145,0.206,0.620,0.567,0.573,0.566,0.400,0.539,0.388,0.622,0.400,0.527,0.524,0.545,0.527,0.452,0.152,0.267,0.161,0.000,0.546,0.212,0.535,0.106,0.164,0.164,0.100,0.557,0.215,0.336,0.445,0.167,0.569,0.206,0.270,0.521,0.330,0.526,0.352,0.586,0.557,0.155,0.567,0.267,0.106,0.158,0.167,0.546,0.003,0.620,0.121,0.158,0.552,0.535,0.206,0.148,0.330,0.535,0.318,0.580,0.121,0.529,0.355,0.352,0.342,0.212,0.355,0.569,0.364,0.355,0.539,0.164,0.352,0.539,0.385,0.352,0.521,0.118,0.524,0.203,0.264,0.194,0.527,0.397,0.152,0.436,0.388,0.152,0.565,0.535,0.521,0.526,0.000,0.612,0.397,0.000,0.560,0.352,0.345,0.000,0.206,0.158,0.555,0.546,0.352,0.552,0.000,0.121,0.533,0.333,0.394,0.555,0.148,0.164,0.624,0.155,0.355,0.355,0.170,0.206,0.152,0.352,0.345,0.531,0.355,0.264,0.267,0.397,0.522,0.203,0.533,0.388,0.567,0.527,0.212,0.430,0.133,0.370,0.267,0.142,0.112,0.397,0.400,0.537,0.584,0.164,0.109,0.569,0.339,0.554,0.352,0.445,0.148,0.106,0.555,0.560,0.569,0.194,0.155,0.571,0.569,0.121,0.130,0.003,0.161,0.212,0.567,0.559,0.535,0.535,0.524,0.267,0.547,0.553,0.355,0.318,0.439,0.348,0.212,0.569,0.515,0.118,0.522,0.394,0.352,0.106,0.124,0.533,0.518,0.578,0.548,0.345,0.112
7PNB_T_4_BGC;0.631,0.623,0.373,0.391,0.629,0.558,0.628,0.303,0.439,0.582,0.617,0.364,0.424,0.218,0.242,0.206,0.245,0.285,0.617,0.552,0.176,0.415,0.567,0.439,0.209,0.191,0.617,0.291,0.566,0.590,0.592,0.565,0.553,0.578,0.580,0.367,0.261,0.537,0.197,0.566,0.218,0.197,0.629,0.212,0.021,0.179,0.561,0.634,0.552,0.561,0.018,0.584,0.203,0.285,0.573,0.306,0.188,0.064,0.397,0.580,0.629,0.236,0.000,0.629,0.565,0.565,0.576,0.421,0.524,0.382,0.631,0.385,0.552,0.543,0.576,0.564,0.458,0.255,0.261,0.194,0.206,0.548,0.064,0.586,0.221,0.173,0.200,0.203,0.568,0.070,0.403,0.448,0.197,0.586,0.055,0.258,0.555,0.409,0.537,0.282,0.592,0.617,0.185,0.578,0.261,0.215,0.173,0.191,0.550,0.215,0.629,0.158,0.200,0.561,0.584,0.000,0.194,0.397,0.516,0.397,0.580,0.170,0.575,0.288,0.279,0.300,0.061,0.279,0.586,0.291,0.309,0.516,0.203,0.279,0.516,0.412,0.282,0.558,0.161,0.561,0.006,0.258,0.003,0.565,0.418,0.188,0.433,0.418,0.255,0.582,0.552,0.558,0.516,0.212,0.629,0.418,0.212,0.548,0.297,0.285,0.206,0.000,0.197,0.625,0.561,0.309,0.565,0.209,0.170,0.556,0.397,0.412,0.619,0.239,0.203,0.635,0.236,0.288,0.279,0.176,0.058,0.245,0.282,0.285,0.578,0.312,0.258,0.261,0.421,0.543,0.024,0.573,0.370,0.584,0.567,0.061,0.433,0.155,0.348,0.261,0.182,0.224,0.376,0.385,0.526,0.590,0.209,0.218,0.594,0.391,0.575,0.279,0.445,0.194,0.215,0.578,0.567,0.586,0.024,0.245,0.571,0.565,0.170,0.158,0.215,0.176,0.064,0.584,0.547,0.580,0.520,0.561,0.261,0.572,0.587,0.291,0.397,0.436,0.306,0.064,0.586,0.552,0.158,0.552,0.415,0.306,0.218,0.167,0.512,0.552,0.586,0.526,0.288,0.221
7PNB_f_6_MAN;0.592,0.568,0.367,0.336,0.570,0.529,0.594,0.297,0.439,0.541,0.562,0.379,0.364,0.112,0.133,0.097,0.136,0.352,0.561,0.524,0.109,0.433,0.554,0.445,0.158,0.097,0.562,0.333,0.532,0.535,0.548,0.535,0.536,0.544,0.578,0.373,0.233,0.512,0.018,0.542,0.024,0.091,0.595,0.158,0.206,0.088,0.497,0.576,0.535,0.535,0.197,0.567,0.006,0.352,0.535,0.327,0.082,0.194,0.339,0.537,0.590,0.133,0.197,0.595,0.554,0.552,0.570,0.361,0.541,0.376,0.597,0.373,0.524,0.512,0.559,0.497,0.448,0.136,0.233,0.082,0.155,0.535,0.194,0.529,0.112,0.094,0.021,0.115,0.559,0.197,0.342,0.442,0.012,0.546,0.188,0.230,0.491,0.355,0.512,0.324,0.548,0.562,0.094,0.531,0.233,0.112,0.088,0.091,0.543,0.158,0.595,0.130,0.079,0.552,0.526,0.197,0.079,0.342,0.535,0.339,0.541,0.130,0.527,0.345,0.324,0.291,0.194,0.327,0.546,0.336,0.324,0.533,0.018,0.324,0.533,0.345,0.352,0.494,0.136,0.497,0.200,0.230,0.188,0.510,0.358,0.100,0.433,0.348,0.130,0.541,0.527,0.491,0.529,0.158,0.588,0.358,0.158,0.544,0.321,0.355,0.158,0.197,0.000,0.564,0.535,0.330,0.558,0.155,0.139,0.526,0.339,0.355,0.561,0.133,0.012,0.595,0.130,0.345,0.327,0.103,0.188,0.136,0.330,0.355,0.527,0.324,0.230,0.233,0.358,0.510,0.203,0.514,0.367,0.544,0.518,0.194,0.448,0.127,0.361,0.233,0.100,0.112,0.364,0.373,0.537,0.546,0.021,0.106,0.544,0.336,0.563,0.324,0.445,0.079,0.109,0.570,0.541,0.546,0.197,0.139,0.548,0.537,0.133,0.130,0.158,0.109,0.194,0.544,0.540,0.522,0.531,0.494,0.233,0.557,0.570,0.348,0.342,0.442,0.327,0.194,0.546,0.488,0.133,0.509,0.355,0.300,0.112,0.136,0.531,0.491,0.543,0.537,0.355,0.109
7PNB_K_2_NAG;0.433,0.008,0.686,0.551,0.006,0.487,0.444,0.585,0.655,0.512,0.004,0.686,0.583,0.578,0.568,0.598,0.566,0.670,0.008,0.499,0.602,0.648,0.490,0.652,0.555,0.608,0.004,0.665,0.492,0.487,0.483,0.523,0.492,0.509,0.523,0.680,0.578,0.516,0.566,0.494,0.557,0.600,0.440,0.555,0.631,0.589,0.636,0.021,0.488,0.501,0.617,0.484,0.561,0.670,0.527,0.581,0.585,0.629,0.542,0.488,0.440,0.568,0.627,0.436,0.487,0.492,0.497,0.585,0.514,0.676,0.431,0.686,0.520,0.517,0.488,0.636,0.657,0.570,0.578,0.598,0.559,0.483,0.629,0.473,0.583,0.580,0.566,0.591,0.477,0.623,0.557,0.655,0.568,0.513,0.631,0.578,0.634,0.544,0.514,0.672,0.488,0.007,0.574,0.477,0.576,0.578,0.576,0.608,0.487,0.559,0.437,0.578,0.593,0.481,0.472,0.627,0.595,0.551,0.509,0.538,0.477,0.574,0.459,0.659,0.667,0.581,0.629,0.674,0.516,0.669,0.593,0.503,0.559,0.667,0.512,0.580,0.670,0.636,0.587,0.636,0.625,0.581,0.612,0.470,0.581,0.574,0.648,0.580,0.570,0.514,0.519,0.634,0.509,0.553,0.437,0.581,0.553,0.497,0.593,0.667,0.555,0.625,0.564,0.000,0.488,0.595,0.475,0.557,0.595,0.519,0.555,0.591,0.010,0.570,0.562,0.440,0.566,0.659,0.674,0.602,0.633,0.566,0.670,0.669,0.462,0.593,0.581,0.578,0.581,0.499,0.629,0.468,0.686,0.516,0.470,0.629,0.644,0.598,0.689,0.576,0.566,0.581,0.684,0.682,0.505,0.483,0.559,0.568,0.484,0.553,0.475,0.669,0.657,0.595,0.578,0.497,0.503,0.514,0.616,0.566,0.487,0.501,0.598,0.597,0.557,0.585,0.629,0.509,0.461,0.469,0.510,0.634,0.578,0.477,0.504,0.682,0.540,0.652,0.593,0.629,0.517,0.640,0.589,0.473,0.583,0.585,0.581,0.595,0.510,0.634,0.476,0.514,0.667,0.566
7PNB_k_1_NAG;0.489,0.481,0.629,0.597,0.490,0.032,0.507,0.586,0.637,0.382,0.480,0.624,0.563,0.550,0.543,0.543,0.535,0.611,0.480,0.095,0.560,0.641,0.382,0.633,0.546,0.548,0.480,0.612,0.039,0.422,0.442,0.359,0.052,0.376,0.383,0.629,0.563,0.372,0.529,0.058,0.527,0.546,0.495,0.546,0.565,0.558,0.705,0.481,0.054,0.380,0.563,0.456,0.531,0.611,0.349,0.590,0.544,0.550,0.590,0.440,0.497,0.544,0.561,0.497,0.393,0.378,0.466,0.567,0.319,0.624,0.497,0.628,0.363,0.372,0.454,0.707,0.639,0.544,0.563,0.544,0.544,0.378,0.548,0.328,0.552,0.550,0.533,0.560,0.455,0.548,0.601,0.629,0.533,0.383,0.550,0.565,0.705,0.601,0.359,0.611,0.435,0.477,0.544,0.430,0.563,0.550,0.554,0.550,0.055,0.548,0.499,0.546,0.546,0.398,0.327,0.561,0.543,0.599,0.345,0.584,0.429,0.546,0.341,0.609,0.611,0.577,0.546,0.612,0.380,0.614,0.592,0.317,0.527,0.611,0.359,0.563,0.611,0.705,0.548,0.705,0.565,0.561,0.560,0.339,0.569,0.543,0.626,0.565,0.539,0.383,0.368,0.705,0.356,0.546,0.492,0.567,0.546,0.378,0.582,0.609,0.546,0.561,0.535,0.488,0.000,0.594,0.448,0.544,0.552,0.375,0.599,0.569,0.481,0.543,0.527,0.505,0.543,0.609,0.612,0.560,0.550,0.535,0.612,0.609,0.323,0.592,0.561,0.563,0.567,0.365,0.560,0.327,0.624,0.382,0.332,0.546,0.622,0.544,0.626,0.563,0.541,0.554,0.631,0.628,0.345,0.435,0.529,0.548,0.435,0.599,0.446,0.611,0.626,0.543,0.552,0.476,0.093,0.379,0.563,0.539,0.397,0.383,0.552,0.548,0.548,0.546,0.546,0.382,0.358,0.335,0.365,0.705,0.563,0.466,0.472,0.612,0.586,0.633,0.592,0.548,0.385,0.705,0.546,0.341,0.571,0.586,0.552,0.550,0.352,0.703,0.433,0.316,0.609,0.544
7PNB_f_5_MAN;0.647,0.598,0.470,0.452,0.598,0.588,0.652,0.042,0.439,0.628,0.587,0.473,0.433,0.330,0.355,0.339,0.345,0.470,0.597,0.588,0.348,0.430,0.571,0.442,0.352,0.330,0.587,0.464,0.610,0.590,0.595,0.588,0.604,0.629,0.597,0.470,0.361,0.578,0.330,0.619,0.330,0.327,0.654,0.352,0.333,0.345,0.588,0.602,0.594,0.569,0.330,0.541,0.330,0.470,0.590,0.015,0.321,0.315,0.442,0.584,0.658,0.355,0.309,0.654,0.565,0.577,0.557,0.433,0.558,0.476,0.656,0.476,0.577,0.573,0.534,0.591,0.439,0.355,0.361,0.327,0.352,0.575,0.318,0.590,0.330,0.324,0.327,0.324,0.540,0.318,0.461,0.442,0.336,0.641,0.312,0.364,0.591,0.461,0.584,0.461,0.584,0.593,0.327,0.586,0.361,0.330,0.330,0.324,0.605,0.352,0.654,0.333,0.321,0.590,0.584,0.309,0.330,0.452,0.561,0.439,0.582,0.333,0.586,0.467,0.461,0.042,0.312,0.470,0.631,0.470,0.006,0.556,0.324,0.461,0.563,0.442,0.470,0.585,0.339,0.588,0.324,0.361,0.306,0.586,0.427,0.321,0.448,0.436,0.355,0.631,0.577,0.591,0.560,0.352,0.652,0.439,0.352,0.565,0.015,0.470,0.352,0.309,0.330,0.595,0.594,0.000,0.541,0.352,0.345,0.586,0.461,0.439,0.593,0.355,0.324,0.658,0.342,0.467,0.470,0.345,0.312,0.345,0.461,0.470,0.586,0.006,0.361,0.361,0.439,0.582,0.330,0.582,0.464,0.628,0.578,0.312,0.433,0.345,0.476,0.361,0.312,0.330,0.461,0.476,0.560,0.584,0.333,0.327,0.578,0.452,0.539,0.461,0.439,0.330,0.327,0.536,0.590,0.631,0.330,0.345,0.565,0.571,0.342,0.348,0.352,0.330,0.312,0.628,0.580,0.594,0.560,0.594,0.361,0.528,0.542,0.476,0.439,0.442,0.003,0.309,0.641,0.585,0.339,0.586,0.439,0.045,0.330,0.333,0.558,0.588,0.582,0.558,0.470,0.330
7PNB_l_1_NAG;0.495,0.483,0.679,0.629,0.476,0.445,0.508,0.560,0.664,0.438,0.473,0.681,0.580,0.556,0.558,0.567,0.563,0.656,0.477,0.453,0.577,0.658,0.401,0.664,0.552,0.563,0.473,0.662,0.439,0.380,0.387,0.427,0.450,0.440,0.460,0.673,0.575,0.413,0.558,0.446,0.550,0.565,0.503,0.552,0.567,0.573,0.735,0.473,0.445,0.411,0.560,0.047,0.558,0.656,0.413,0.539,0.558,0.571,0.622,0.386,0.511,0.558,0.565,0.505,0.419,0.416,0.058,0.578,0.415,0.675,0.501,0.677,0.411,0.419,0.062,0.737,0.671,0.558,0.575,0.558,0.552,0.407,0.573,0.456,0.552,0.577,0.565,0.552,0.045,0.573,0.631,0.673,0.563,0.442,0.569,0.580,0.737,0.631,0.426,0.662,0.380,0.479,0.567,0.390,0.575,0.556,0.573,0.569,0.437,0.550,0.510,0.565,0.560,0.407,0.445,0.565,0.552,0.628,0.401,0.624,0.386,0.565,0.457,0.650,0.660,0.552,0.569,0.664,0.438,0.667,0.539,0.409,0.552,0.660,0.407,0.571,0.656,0.735,0.571,0.735,0.565,0.578,0.558,0.456,0.573,0.561,0.664,0.565,0.558,0.437,0.418,0.737,0.397,0.552,0.508,0.567,0.552,0.413,0.535,0.650,0.552,0.565,0.558,0.475,0.448,0.541,0.000,0.552,0.571,0.413,0.631,0.571,0.470,0.558,0.552,0.507,0.556,0.650,0.664,0.577,0.569,0.563,0.660,0.650,0.446,0.539,0.578,0.575,0.567,0.415,0.561,0.446,0.671,0.441,0.456,0.569,0.667,0.573,0.679,0.575,0.560,0.556,0.681,0.675,0.415,0.379,0.558,0.550,0.394,0.631,0.073,0.660,0.669,0.552,0.558,0.069,0.437,0.440,0.560,0.563,0.409,0.404,0.569,0.575,0.550,0.575,0.569,0.440,0.469,0.455,0.408,0.737,0.575,0.107,0.072,0.658,0.626,0.664,0.539,0.567,0.446,0.737,0.571,0.449,0.565,0.561,0.552,0.567,0.398,0.735,0.385,0.419,0.650,0.546
7PNB_w_5_MAN;0.618,0.561,0.391,0.336,0.562,0.535,0.622,0.348,0.439,0.565,0.557,0.391,0.400,0.106,0.152,0.167,0.152,0.352,0.557,0.546,0.167,0.418,0.573,0.436,0.000,0.173,0.557,0.361,0.549,0.565,0.571,0.541,0.538,0.565,0.567,0.385,0.267,0.527,0.164,0.553,0.155,0.173,0.622,0.000,0.209,0.161,0.521,0.562,0.550,0.565,0.194,0.548,0.161,0.352,0.541,0.355,0.148,0.212,0.321,0.578,0.614,0.145,0.209,0.622,0.567,0.571,0.566,0.397,0.541,0.385,0.624,0.397,0.527,0.524,0.545,0.524,0.448,0.152,0.267,0.158,0.000,0.546,0.212,0.535,0.106,0.161,0.161,0.100,0.557,0.215,0.336,0.442,0.164,0.569,0.206,0.270,0.518,0.330,0.526,0.348,0.586,0.559,0.152,0.567,0.267,0.106,0.155,0.167,0.546,0.003,0.622,0.121,0.155,0.552,0.535,0.209,0.145,0.330,0.537,0.318,0.580,0.121,0.529,0.355,0.348,0.342,0.212,0.352,0.569,0.361,0.355,0.541,0.161,0.348,0.541,0.382,0.352,0.518,0.118,0.521,0.206,0.264,0.194,0.527,0.394,0.148,0.433,0.385,0.152,0.565,0.535,0.518,0.527,0.000,0.614,0.394,0.000,0.560,0.352,0.345,0.000,0.209,0.155,0.557,0.544,0.352,0.552,0.000,0.121,0.533,0.333,0.391,0.557,0.148,0.161,0.626,0.155,0.355,0.352,0.170,0.206,0.152,0.348,0.345,0.531,0.355,0.264,0.267,0.394,0.522,0.206,0.533,0.388,0.567,0.527,0.212,0.427,0.133,0.367,0.267,0.139,0.112,0.394,0.397,0.539,0.584,0.161,0.109,0.569,0.339,0.554,0.348,0.442,0.145,0.106,0.555,0.560,0.569,0.194,0.155,0.569,0.567,0.121,0.130,0.003,0.161,0.212,0.567,0.559,0.535,0.537,0.521,0.267,0.547,0.553,0.355,0.318,0.436,0.348,0.212,0.569,0.512,0.118,0.522,0.391,0.352,0.106,0.124,0.535,0.515,0.578,0.550,0.345,0.112
7PNB_b_6_MAN;0.605,0.597,0.370,0.352,0.606,0.544,0.611,0.345,0.452,0.554,0.595,0.376,0.391,0.094,0.145,0.109,0.148,0.339,0.598,0.537,0.097,0.430,0.577,0.452,0.121,0.103,0.595,0.345,0.547,0.546,0.554,0.544,0.545,0.550,0.556,0.379,0.264,0.518,0.145,0.555,0.148,0.109,0.609,0.121,0.170,0.085,0.479,0.600,0.543,0.571,0.155,0.571,0.145,0.339,0.544,0.342,0.076,0.155,0.358,0.556,0.603,0.139,0.170,0.609,0.578,0.580,0.574,0.388,0.535,0.382,0.611,0.376,0.535,0.522,0.561,0.482,0.461,0.142,0.264,0.088,0.121,0.565,0.155,0.558,0.091,0.085,0.127,0.085,0.570,0.158,0.352,0.452,0.145,0.558,0.148,0.261,0.479,0.364,0.526,0.342,0.565,0.595,0.100,0.546,0.264,0.094,0.091,0.103,0.543,0.118,0.609,0.012,0.091,0.560,0.554,0.170,0.079,0.358,0.533,0.355,0.558,0.012,0.552,0.342,0.342,0.333,0.155,0.339,0.558,0.339,0.348,0.529,0.145,0.342,0.533,0.379,0.339,0.476,0.009,0.479,0.173,0.261,0.155,0.541,0.385,0.103,0.442,0.382,0.145,0.554,0.529,0.479,0.531,0.121,0.603,0.385,0.121,0.563,0.336,0.339,0.121,0.170,0.139,0.595,0.552,0.345,0.571,0.121,0.000,0.539,0.348,0.382,0.600,0.142,0.145,0.612,0.145,0.342,0.339,0.106,0.148,0.148,0.348,0.339,0.550,0.348,0.261,0.264,0.385,0.522,0.173,0.544,0.364,0.556,0.546,0.155,0.439,0.021,0.358,0.264,0.109,0.088,0.373,0.379,0.537,0.563,0.133,0.097,0.560,0.352,0.569,0.342,0.452,0.079,0.076,0.568,0.558,0.558,0.155,0.148,0.580,0.575,0.006,0.012,0.118,0.115,0.155,0.556,0.547,0.554,0.537,0.482,0.264,0.566,0.574,0.342,0.355,0.448,0.342,0.155,0.558,0.473,0.009,0.537,0.382,0.348,0.091,0.003,0.531,0.476,0.560,0.529,0.339,0.094
7PNB_T_2_NAG;0.478,0.514,0.603,0.567,0.517,0.363,0.488,0.577,0.633,0.227,0.506,0.611,0.584,0.537,0.514,0.520,0.518,0.601,0.508,0.380,0.520,0.633,0.382,0.637,0.533,0.529,0.506,0.603,0.382,0.339,0.348,0.037,0.378,0.220,0.400,0.607,0.512,0.037,0.533,0.382,0.522,0.526,0.482,0.533,0.565,0.529,0.673,0.516,0.382,0.389,0.563,0.420,0.529,0.601,0.047,0.580,0.526,0.535,0.561,0.353,0.482,0.514,0.554,0.485,0.386,0.391,0.415,0.582,0.380,0.603,0.485,0.607,0.022,0.034,0.413,0.675,0.635,0.514,0.512,0.529,0.531,0.394,0.535,0.245,0.531,0.524,0.527,0.520,0.415,0.531,0.569,0.629,0.541,0.229,0.533,0.516,0.677,0.575,0.036,0.590,0.356,0.508,0.514,0.345,0.512,0.537,0.524,0.527,0.376,0.531,0.486,0.537,0.526,0.380,0.238,0.556,0.526,0.563,0.379,0.563,0.342,0.537,0.240,0.597,0.597,0.577,0.537,0.588,0.232,0.597,0.582,0.367,0.524,0.597,0.376,0.573,0.601,0.673,0.543,0.673,0.563,0.510,0.554,0.236,0.580,0.509,0.628,0.575,0.512,0.225,0.048,0.677,0.375,0.533,0.474,0.573,0.533,0.370,0.577,0.601,0.533,0.556,0.526,0.519,0.375,0.586,0.413,0.533,0.539,0.000,0.569,0.577,0.505,0.514,0.522,0.492,0.512,0.597,0.588,0.524,0.533,0.518,0.582,0.599,0.238,0.584,0.510,0.512,0.573,0.048,0.563,0.231,0.595,0.235,0.239,0.537,0.628,0.546,0.594,0.512,0.509,0.533,0.605,0.607,0.393,0.349,0.524,0.533,0.363,0.569,0.415,0.597,0.629,0.526,0.529,0.413,0.356,0.231,0.563,0.518,0.396,0.385,0.543,0.550,0.531,0.516,0.537,0.224,0.400,0.236,0.374,0.677,0.512,0.422,0.414,0.603,0.567,0.637,0.588,0.537,0.225,0.677,0.543,0.235,0.571,0.578,0.531,0.537,0.379,0.675,0.350,0.367,0.601,0.526
7PNB_e_4_MAN;0.569,0.555,0.455,0.003,0.562,0.578,0.571,0.427,0.482,0.582,0.555,0.461,0.370,0.358,0.339,0.355,0.345,0.452,0.553,0.614,0.330,0.476,0.571,0.482,0.333,0.370,0.555,0.430,0.617,0.582,0.586,0.580,0.604,0.580,0.609,0.455,0.348,0.592,0.345,0.633,0.345,0.348,0.565,0.333,0.403,0.333,0.485,0.564,0.601,0.569,0.385,0.628,0.339,0.452,0.599,0.448,0.324,0.382,0.021,0.584,0.575,0.336,0.397,0.565,0.573,0.577,0.650,0.379,0.612,0.452,0.563,0.455,0.584,0.580,0.623,0.488,0.482,0.342,0.348,0.348,0.333,0.569,0.382,0.567,0.355,0.321,0.342,0.361,0.631,0.385,0.000,0.482,0.345,0.586,0.382,0.355,0.485,0.021,0.565,0.421,0.595,0.553,0.315,0.586,0.348,0.358,0.321,0.358,0.612,0.333,0.565,0.339,0.333,0.565,0.569,0.397,0.339,0.009,0.605,0.030,0.586,0.339,0.561,0.439,0.424,0.427,0.382,0.418,0.586,0.427,0.455,0.614,0.342,0.424,0.607,0.358,0.452,0.485,0.352,0.485,0.403,0.361,0.379,0.569,0.382,0.324,0.482,0.367,0.342,0.582,0.578,0.485,0.609,0.333,0.575,0.370,0.333,0.569,0.448,0.445,0.333,0.397,0.339,0.555,0.599,0.461,0.631,0.333,0.348,0.569,0.000,0.373,0.557,0.339,0.339,0.563,0.336,0.439,0.418,0.330,0.382,0.345,0.427,0.445,0.556,0.455,0.361,0.348,0.370,0.571,0.406,0.561,0.445,0.592,0.556,0.382,0.467,0.342,0.448,0.348,0.312,0.358,0.458,0.455,0.611,0.594,0.342,0.345,0.590,0.006,0.624,0.424,0.479,0.339,0.348,0.633,0.611,0.586,0.385,0.345,0.575,0.563,0.348,0.348,0.333,0.342,0.382,0.592,0.561,0.563,0.611,0.485,0.348,0.634,0.636,0.473,0.027,0.482,0.461,0.382,0.586,0.485,0.352,0.573,0.379,0.430,0.355,0.352,0.611,0.482,0.580,0.599,0.445,0.348
7PNB_V_4_BGC;0.578,0.585,0.427,0.376,0.587,0.580,0.580,0.427,0.415,0.571,0.583,0.433,0.009,0.361,0.336,0.358,0.345,0.421,0.578,0.578,0.367,0.397,0.573,0.406,0.394,0.352,0.583,0.418,0.580,0.565,0.575,0.550,0.572,0.578,0.597,0.427,0.294,0.584,0.364,0.585,0.348,0.348,0.577,0.394,0.409,0.364,0.497,0.589,0.584,0.578,0.397,0.586,0.355,0.421,0.550,0.436,0.333,0.376,0.373,0.577,0.590,0.336,0.412,0.577,0.569,0.569,0.581,0.006,0.597,0.430,0.580,0.430,0.563,0.590,0.585,0.500,0.424,0.339,0.294,0.336,0.391,0.577,0.379,0.599,0.364,0.376,0.370,0.376,0.589,0.379,0.376,0.427,0.364,0.577,0.376,0.300,0.503,0.370,0.590,0.421,0.567,0.580,0.358,0.561,0.294,0.361,0.370,0.361,0.580,0.394,0.578,0.370,0.339,0.573,0.590,0.412,0.330,0.376,0.586,0.376,0.573,0.370,0.592,0.409,0.412,0.418,0.376,0.430,0.577,0.433,0.430,0.611,0.361,0.412,0.592,0.015,0.421,0.497,0.385,0.497,0.415,0.303,0.400,0.594,0.009,0.358,0.403,0.012,0.336,0.567,0.571,0.503,0.599,0.394,0.588,0.009,0.394,0.575,0.424,0.415,0.394,0.412,0.355,0.591,0.569,0.439,0.571,0.391,0.382,0.577,0.373,0.000,0.583,0.336,0.355,0.582,0.330,0.409,0.430,0.367,0.376,0.345,0.433,0.415,0.586,0.430,0.303,0.294,0.009,0.586,0.403,0.595,0.424,0.575,0.594,0.376,0.409,0.379,0.445,0.294,0.345,0.361,0.421,0.433,0.594,0.571,0.361,0.348,0.573,0.376,0.590,0.412,0.421,0.330,0.364,0.589,0.580,0.577,0.397,0.342,0.569,0.577,0.379,0.379,0.394,0.376,0.376,0.575,0.553,0.599,0.599,0.503,0.294,0.562,0.587,0.430,0.373,0.406,0.439,0.373,0.577,0.503,0.382,0.597,0.006,0.430,0.364,0.382,0.594,0.500,0.561,0.603,0.415,0.352
7PNB_Z_2_NAG;0.428,0.012,0.688,0.553,0.007,0.480,0.439,0.581,0.655,0.510,0.006,0.688,0.576,0.576,0.564,0.597,0.562,0.665,0.007,0.498,0.600,0.648,0.487,0.652,0.555,0.606,0.006,0.661,0.486,0.483,0.479,0.509,0.485,0.508,0.520,0.682,0.574,0.501,0.562,0.490,0.553,0.598,0.435,0.555,0.625,0.587,0.633,0.018,0.483,0.498,0.612,0.480,0.557,0.665,0.513,0.583,0.583,0.621,0.542,0.484,0.435,0.564,0.621,0.431,0.484,0.490,0.492,0.578,0.512,0.678,0.425,0.688,0.505,0.502,0.483,0.633,0.657,0.566,0.574,0.597,0.557,0.480,0.621,0.465,0.581,0.583,0.562,0.589,0.472,0.616,0.559,0.655,0.564,0.512,0.623,0.576,0.631,0.544,0.501,0.669,0.484,0.008,0.578,0.473,0.572,0.576,0.574,0.606,0.481,0.559,0.432,0.581,0.591,0.479,0.464,0.621,0.593,0.553,0.506,0.538,0.473,0.580,0.451,0.653,0.663,0.581,0.621,0.670,0.514,0.665,0.591,0.499,0.555,0.663,0.505,0.572,0.665,0.633,0.593,0.633,0.619,0.578,0.606,0.462,0.574,0.578,0.648,0.572,0.566,0.513,0.503,0.631,0.502,0.553,0.432,0.574,0.553,0.492,0.591,0.663,0.555,0.619,0.561,0.010,0.481,0.593,0.470,0.557,0.600,0.505,0.557,0.583,0.000,0.566,0.559,0.435,0.562,0.653,0.670,0.600,0.625,0.562,0.667,0.663,0.454,0.591,0.578,0.574,0.574,0.484,0.623,0.459,0.684,0.514,0.462,0.621,0.644,0.604,0.688,0.572,0.570,0.580,0.686,0.684,0.498,0.479,0.555,0.566,0.480,0.555,0.470,0.665,0.657,0.593,0.576,0.492,0.497,0.513,0.610,0.562,0.484,0.498,0.604,0.602,0.557,0.589,0.621,0.508,0.461,0.461,0.503,0.631,0.574,0.471,0.500,0.676,0.540,0.652,0.591,0.621,0.516,0.636,0.595,0.466,0.576,0.581,0.580,0.600,0.508,0.631,0.472,0.510,0.663,0.564
7PNB_r_6_MAN;0.599,0.568,0.382,0.342,0.576,0.539,0.601,0.333,0.427,0.552,0.566,0.409,0.345,0.115,0.000,0.164,0.006,0.367,0.561,0.546,0.176,0.418,0.552,0.427,0.148,0.173,0.566,0.364,0.547,0.543,0.560,0.526,0.536,0.556,0.561,0.388,0.215,0.501,0.133,0.561,0.127,0.164,0.601,0.148,0.252,0.179,0.467,0.576,0.544,0.539,0.245,0.558,0.127,0.367,0.531,0.355,0.152,0.242,0.339,0.550,0.594,0.003,0.239,0.601,0.548,0.556,0.559,0.342,0.529,0.391,0.603,0.388,0.512,0.501,0.544,0.470,0.436,0.003,0.215,0.158,0.145,0.526,0.242,0.527,0.121,0.179,0.139,0.124,0.555,0.245,0.342,0.430,0.133,0.558,0.248,0.215,0.467,0.348,0.509,0.352,0.560,0.562,0.182,0.546,0.215,0.115,0.173,0.167,0.558,0.155,0.601,0.130,0.155,0.544,0.524,0.239,0.148,0.348,0.522,0.339,0.546,0.133,0.520,0.361,0.352,0.324,0.242,0.355,0.558,0.367,0.348,0.522,0.133,0.352,0.518,0.327,0.367,0.464,0.139,0.467,0.245,0.212,0.233,0.514,0.345,0.188,0.421,0.336,0.000,0.552,0.518,0.467,0.516,0.148,0.594,0.336,0.148,0.539,0.345,0.370,0.148,0.239,0.133,0.570,0.543,0.355,0.558,0.148,0.142,0.514,0.339,0.336,0.566,0.000,0.127,0.603,0.006,0.361,0.355,0.179,0.248,0.006,0.364,0.367,0.520,0.348,0.212,0.215,0.336,0.501,0.248,0.518,0.370,0.552,0.514,0.242,0.430,0.152,0.376,0.215,0.182,0.121,0.391,0.388,0.522,0.558,0.133,0.109,0.544,0.342,0.558,0.352,0.430,0.148,0.118,0.553,0.552,0.558,0.245,0.006,0.550,0.541,0.142,0.148,0.155,0.188,0.242,0.552,0.517,0.524,0.522,0.470,0.215,0.547,0.557,0.373,0.342,0.424,0.352,0.242,0.558,0.461,0.139,0.512,0.333,0.336,0.121,0.145,0.518,0.464,0.546,0.527,0.370,0.118
7PNB_p_6_MAN;0.595,0.566,0.376,0.336,0.568,0.529,0.597,0.291,0.433,0.541,0.561,0.388,0.364,0.118,0.127,0.103,0.130,0.358,0.559,0.524,0.115,0.427,0.554,0.439,0.164,0.103,0.561,0.342,0.527,0.539,0.556,0.531,0.528,0.544,0.578,0.382,0.239,0.509,0.006,0.544,0.012,0.097,0.599,0.164,0.212,0.100,0.491,0.574,0.529,0.535,0.203,0.561,0.006,0.358,0.531,0.321,0.088,0.188,0.339,0.541,0.594,0.127,0.203,0.599,0.560,0.558,0.564,0.361,0.544,0.385,0.601,0.382,0.520,0.509,0.553,0.491,0.442,0.130,0.239,0.088,0.161,0.535,0.188,0.526,0.118,0.100,0.015,0.121,0.553,0.191,0.342,0.436,0.012,0.546,0.194,0.236,0.485,0.355,0.509,0.330,0.552,0.561,0.100,0.539,0.239,0.118,0.094,0.097,0.544,0.164,0.599,0.136,0.085,0.558,0.522,0.203,0.085,0.342,0.539,0.339,0.544,0.136,0.524,0.352,0.330,0.285,0.188,0.333,0.546,0.345,0.318,0.537,0.006,0.330,0.537,0.345,0.358,0.488,0.142,0.491,0.206,0.236,0.194,0.507,0.358,0.106,0.427,0.348,0.124,0.541,0.524,0.485,0.533,0.164,0.592,0.358,0.164,0.544,0.315,0.361,0.164,0.203,0.012,0.562,0.527,0.324,0.552,0.161,0.145,0.522,0.339,0.355,0.559,0.127,0.000,0.599,0.124,0.352,0.333,0.115,0.194,0.130,0.336,0.361,0.524,0.318,0.236,0.239,0.358,0.507,0.209,0.510,0.376,0.544,0.514,0.188,0.442,0.133,0.370,0.239,0.106,0.118,0.373,0.382,0.543,0.550,0.015,0.112,0.552,0.336,0.560,0.330,0.439,0.085,0.115,0.564,0.531,0.546,0.203,0.133,0.554,0.537,0.145,0.142,0.164,0.115,0.188,0.544,0.532,0.518,0.535,0.488,0.239,0.551,0.564,0.355,0.342,0.436,0.321,0.188,0.546,0.482,0.139,0.505,0.355,0.294,0.118,0.142,0.535,0.485,0.546,0.541,0.361,0.115
7PNB_j_1_NAG;0.033,0.437,0.679,0.556,0.439,0.500,0.018,0.645,0.679,0.504,0.440,0.681,0.575,0.620,0.603,0.622,0.603,0.652,0.433,0.510,0.599,0.677,0.515,0.681,0.624,0.626,0.440,0.662,0.503,0.481,0.484,0.489,0.510,0.501,0.477,0.671,0.612,0.503,0.605,0.498,0.609,0.618,0.021,0.624,0.643,0.605,0.677,0.436,0.521,0.496,0.631,0.504,0.599,0.652,0.492,0.643,0.612,0.628,0.560,0.477,0.033,0.601,0.633,0.014,0.518,0.508,0.488,0.580,0.486,0.671,0.018,0.677,0.496,0.496,0.494,0.677,0.677,0.605,0.612,0.614,0.626,0.503,0.628,0.467,0.616,0.597,0.597,0.618,0.499,0.624,0.563,0.675,0.605,0.504,0.626,0.611,0.675,0.571,0.485,0.662,0.482,0.435,0.594,0.479,0.612,0.620,0.594,0.626,0.500,0.622,0.021,0.607,0.611,0.511,0.468,0.635,0.616,0.561,0.474,0.565,0.481,0.607,0.474,0.650,0.660,0.645,0.629,0.660,0.505,0.665,0.647,0.482,0.601,0.660,0.470,0.582,0.652,0.677,0.609,0.677,0.635,0.614,0.624,0.474,0.582,0.594,0.673,0.577,0.607,0.497,0.485,0.675,0.482,0.624,0.034,0.569,0.624,0.499,0.643,0.656,0.624,0.635,0.595,0.440,0.505,0.658,0.507,0.626,0.612,0.492,0.563,0.582,0.435,0.603,0.599,0.000,0.599,0.650,0.660,0.603,0.626,0.603,0.658,0.656,0.467,0.648,0.614,0.612,0.569,0.493,0.645,0.470,0.675,0.508,0.478,0.629,0.669,0.618,0.679,0.612,0.592,0.614,0.681,0.679,0.493,0.482,0.592,0.618,0.486,0.558,0.493,0.660,0.677,0.616,0.611,0.512,0.512,0.507,0.631,0.603,0.518,0.499,0.620,0.618,0.622,0.609,0.629,0.503,0.487,0.455,0.486,0.675,0.612,0.517,0.523,0.654,0.567,0.679,0.656,0.629,0.503,0.679,0.611,0.466,0.575,0.647,0.616,0.607,0.482,0.675,0.479,0.484,0.656,0.612
7PNB_X_6_MAN;0.595,0.564,0.376,0.339,0.572,0.535,0.597,0.321,0.427,0.548,0.562,0.403,0.339,0.118,0.006,0.152,0.012,0.364,0.557,0.548,0.173,0.418,0.544,0.427,0.155,0.161,0.562,0.355,0.547,0.539,0.556,0.524,0.536,0.552,0.556,0.382,0.212,0.499,0.130,0.562,0.124,0.152,0.597,0.155,0.248,0.170,0.467,0.576,0.541,0.531,0.239,0.560,0.124,0.364,0.529,0.342,0.142,0.236,0.336,0.544,0.590,0.003,0.236,0.597,0.541,0.548,0.557,0.336,0.524,0.385,0.599,0.382,0.510,0.499,0.545,0.470,0.436,0.003,0.212,0.142,0.152,0.518,0.236,0.522,0.124,0.170,0.136,0.127,0.553,0.239,0.339,0.430,0.130,0.554,0.242,0.212,0.467,0.345,0.507,0.342,0.554,0.559,0.176,0.541,0.212,0.118,0.164,0.155,0.560,0.161,0.597,0.130,0.139,0.543,0.518,0.236,0.139,0.345,0.516,0.336,0.541,0.133,0.514,0.355,0.342,0.312,0.236,0.345,0.554,0.358,0.336,0.516,0.130,0.342,0.512,0.321,0.364,0.464,0.142,0.467,0.242,0.209,0.227,0.509,0.339,0.182,0.421,0.330,0.006,0.548,0.516,0.467,0.514,0.155,0.590,0.330,0.155,0.531,0.333,0.370,0.155,0.236,0.130,0.566,0.543,0.342,0.556,0.155,0.145,0.512,0.336,0.330,0.562,0.006,0.124,0.599,0.000,0.355,0.345,0.173,0.242,0.012,0.355,0.367,0.514,0.336,0.209,0.212,0.330,0.499,0.245,0.512,0.367,0.548,0.509,0.236,0.430,0.155,0.373,0.212,0.176,0.124,0.385,0.382,0.516,0.552,0.130,0.109,0.541,0.339,0.560,0.342,0.430,0.139,0.121,0.555,0.550,0.554,0.239,0.012,0.543,0.533,0.145,0.152,0.161,0.185,0.236,0.548,0.513,0.518,0.516,0.470,0.212,0.545,0.559,0.370,0.339,0.424,0.339,0.236,0.554,0.461,0.142,0.505,0.327,0.324,0.124,0.148,0.512,0.464,0.541,0.522,0.370,0.118
7PNB_c_3_YZT;0.650,0.652,0.203,0.442,0.663,0.605,0.650,0.448,0.294,0.578,0.652,0.188,0.415,0.342,0.361,0.358,0.361,0.006,0.646,0.588,0.345,0.282,0.624,0.291,0.355,0.352,0.652,0.124,0.602,0.622,0.629,0.592,0.602,0.580,0.620,0.194,0.352,0.603,0.358,0.602,0.358,0.355,0.647,0.355,0.291,0.342,0.491,0.667,0.597,0.618,0.279,0.662,0.352,0.003,0.594,0.455,0.339,0.276,0.439,0.626,0.650,0.358,0.288,0.647,0.620,0.622,0.644,0.412,0.601,0.194,0.650,0.200,0.597,0.601,0.655,0.488,0.297,0.364,0.352,0.342,0.355,0.607,0.276,0.622,0.339,0.348,0.355,0.348,0.652,0.279,0.442,0.294,0.358,0.582,0.267,0.348,0.485,0.455,0.592,0.136,0.631,0.646,0.336,0.620,0.352,0.342,0.348,0.358,0.590,0.352,0.648,0.342,0.345,0.618,0.616,0.288,0.336,0.448,0.597,0.433,0.622,0.342,0.616,0.000,0.112,0.445,0.273,0.121,0.582,0.118,0.461,0.595,0.355,0.118,0.595,0.409,0.006,0.485,0.348,0.491,0.294,0.348,0.276,0.603,0.415,0.339,0.282,0.418,0.364,0.578,0.594,0.485,0.607,0.355,0.645,0.421,0.355,0.612,0.445,0.012,0.355,0.288,0.345,0.659,0.609,0.467,0.650,0.355,0.342,0.597,0.439,0.409,0.653,0.361,0.352,0.650,0.355,0.000,0.142,0.345,0.267,0.361,0.133,0.018,0.616,0.461,0.348,0.352,0.421,0.599,0.285,0.607,0.191,0.582,0.607,0.273,0.270,0.342,0.191,0.352,0.339,0.342,0.206,0.209,0.601,0.631,0.355,0.339,0.631,0.442,0.650,0.121,0.291,0.336,0.339,0.661,0.609,0.582,0.279,0.361,0.626,0.622,0.342,0.342,0.352,0.348,0.273,0.582,0.598,0.614,0.609,0.479,0.352,0.646,0.665,0.006,0.433,0.291,0.467,0.273,0.582,0.485,0.348,0.601,0.418,0.452,0.339,0.345,0.603,0.482,0.628,0.605,0.006,0.336
7PNB_n_3_YZT;0.660,0.669,0.227,0.421,0.678,0.609,0.660,0.452,0.342,0.605,0.669,0.206,0.436,0.339,0.355,0.333,0.355,0.142,0.665,0.594,0.312,0.321,0.618,0.342,0.355,0.336,0.669,0.030,0.610,0.628,0.635,0.584,0.606,0.607,0.628,0.215,0.342,0.590,0.339,0.616,0.345,0.333,0.656,0.355,0.285,0.318,0.467,0.684,0.603,0.612,0.276,0.681,0.333,0.145,0.592,0.461,0.315,0.273,0.418,0.631,0.656,0.352,0.279,0.656,0.618,0.616,0.665,0.433,0.601,0.233,0.660,0.236,0.592,0.588,0.672,0.464,0.355,0.358,0.342,0.324,0.352,0.603,0.270,0.626,0.333,0.318,0.336,0.324,0.665,0.276,0.421,0.339,0.339,0.609,0.261,0.339,0.458,0.433,0.578,0.012,0.639,0.665,0.309,0.624,0.342,0.339,0.318,0.327,0.601,0.352,0.658,0.339,0.321,0.616,0.622,0.279,0.318,0.427,0.595,0.415,0.624,0.339,0.616,0.142,0.033,0.448,0.267,0.024,0.609,0.045,0.464,0.590,0.342,0.033,0.594,0.424,0.142,0.470,0.345,0.467,0.288,0.339,0.270,0.607,0.436,0.306,0.327,0.433,0.355,0.605,0.582,0.470,0.592,0.355,0.652,0.442,0.355,0.609,0.455,0.142,0.355,0.279,0.327,0.674,0.612,0.470,0.664,0.352,0.339,0.588,0.418,0.430,0.670,0.355,0.333,0.660,0.345,0.142,0.000,0.312,0.261,0.355,0.033,0.148,0.620,0.464,0.339,0.342,0.442,0.586,0.282,0.612,0.230,0.607,0.607,0.267,0.333,0.342,0.215,0.342,0.312,0.339,0.230,0.230,0.599,0.639,0.342,0.336,0.643,0.421,0.671,0.027,0.336,0.318,0.336,0.674,0.618,0.609,0.276,0.355,0.616,0.612,0.342,0.342,0.352,0.318,0.267,0.607,0.595,0.618,0.594,0.467,0.342,0.663,0.678,0.152,0.418,0.336,0.470,0.270,0.609,0.464,0.342,0.594,0.439,0.455,0.333,0.345,0.590,0.467,0.633,0.599,0.148,0.333
7PNB_n_6_MAN;0.597,0.604,0.370,0.330,0.608,0.550,0.601,0.327,0.473,0.550,0.600,0.364,0.376,0.127,0.179,0.055,0.188,0.348,0.598,0.543,0.006,0.458,0.556,0.476,0.173,0.055,0.600,0.321,0.562,0.554,0.561,0.529,0.553,0.550,0.571,0.370,0.273,0.514,0.124,0.570,0.124,0.055,0.599,0.176,0.179,0.021,0.500,0.614,0.554,0.537,0.182,0.586,0.109,0.348,0.537,0.336,0.064,0.170,0.330,0.565,0.592,0.176,0.176,0.599,0.556,0.554,0.570,0.373,0.546,0.370,0.599,0.379,0.527,0.514,0.576,0.503,0.482,0.188,0.273,0.058,0.167,0.537,0.167,0.535,0.121,0.033,0.109,0.106,0.576,0.176,0.336,0.467,0.118,0.556,0.161,0.270,0.497,0.336,0.514,0.315,0.569,0.600,0.033,0.546,0.273,0.124,0.027,0.045,0.560,0.173,0.597,0.097,0.058,0.544,0.531,0.176,0.061,0.336,0.539,0.327,0.556,0.106,0.529,0.345,0.312,0.321,0.167,0.312,0.556,0.318,0.342,0.526,0.121,0.312,0.537,0.364,0.345,0.497,0.106,0.500,0.182,0.270,0.179,0.522,0.370,0.036,0.455,0.370,0.185,0.550,0.522,0.500,0.535,0.176,0.594,0.370,0.176,0.552,0.333,0.348,0.170,0.176,0.103,0.602,0.560,0.345,0.577,0.170,0.106,0.524,0.330,0.367,0.600,0.179,0.115,0.603,0.173,0.345,0.312,0.000,0.164,0.188,0.321,0.348,0.529,0.345,0.270,0.273,0.373,0.516,0.182,0.526,0.373,0.550,0.524,0.167,0.464,0.127,0.355,0.273,0.048,0.127,0.367,0.379,0.541,0.567,0.118,0.121,0.567,0.330,0.582,0.312,0.467,0.061,0.121,0.580,0.563,0.556,0.182,0.185,0.550,0.539,0.103,0.112,0.173,0.030,0.170,0.550,0.532,0.531,0.537,0.503,0.273,0.570,0.581,0.352,0.327,0.473,0.342,0.173,0.556,0.494,0.100,0.514,0.367,0.330,0.118,0.112,0.535,0.494,0.563,0.524,0.352,0.118
7PNB_l_4_BGC;0.624,0.631,0.367,0.385,0.636,0.552,0.626,0.300,0.412,0.573,0.623,0.355,0.388,0.197,0.252,0.191,0.255,0.264,0.623,0.541,0.164,0.394,0.558,0.412,0.206,0.182,0.623,0.276,0.561,0.556,0.563,0.537,0.545,0.571,0.573,0.358,0.218,0.527,0.194,0.566,0.203,0.188,0.622,0.206,0.058,0.164,0.515,0.642,0.554,0.563,0.058,0.584,0.194,0.264,0.539,0.303,0.164,0.009,0.379,0.565,0.622,0.245,0.058,0.622,0.560,0.560,0.572,0.385,0.537,0.376,0.626,0.376,0.533,0.535,0.568,0.518,0.424,0.255,0.218,0.176,0.206,0.556,0.009,0.565,0.194,0.170,0.191,0.185,0.566,0.012,0.385,0.418,0.194,0.577,0.000,0.215,0.512,0.391,0.529,0.264,0.569,0.623,0.164,0.558,0.218,0.197,0.170,0.182,0.548,0.203,0.624,0.158,0.179,0.554,0.561,0.058,0.170,0.385,0.533,0.373,0.567,0.161,0.556,0.267,0.264,0.294,0.006,0.261,0.577,0.279,0.306,0.535,0.200,0.264,0.533,0.376,0.264,0.512,0.155,0.515,0.067,0.215,0.052,0.544,0.382,0.167,0.406,0.379,0.258,0.573,0.539,0.512,0.533,0.206,0.620,0.382,0.206,0.543,0.294,0.267,0.206,0.058,0.188,0.633,0.550,0.312,0.569,0.206,0.148,0.533,0.382,0.376,0.625,0.248,0.194,0.626,0.242,0.267,0.261,0.164,0.000,0.255,0.264,0.267,0.556,0.306,0.215,0.218,0.382,0.533,0.061,0.554,0.361,0.575,0.548,0.006,0.406,0.136,0.342,0.218,0.164,0.197,0.370,0.379,0.543,0.573,0.197,0.200,0.560,0.385,0.571,0.264,0.415,0.170,0.188,0.574,0.554,0.577,0.052,0.255,0.561,0.565,0.148,0.139,0.203,0.170,0.006,0.575,0.544,0.560,0.537,0.515,0.218,0.557,0.578,0.270,0.373,0.409,0.309,0.006,0.577,0.506,0.155,0.537,0.379,0.303,0.194,0.152,0.529,0.509,0.569,0.546,0.267,0.197
7PNB_h_6_MAN;0.599,0.564,0.385,0.348,0.572,0.531,0.601,0.327,0.427,0.552,0.562,0.412,0.342,0.121,0.006,0.170,0.000,0.367,0.557,0.539,0.185,0.418,0.550,0.427,0.152,0.179,0.562,0.364,0.540,0.546,0.563,0.529,0.528,0.554,0.556,0.391,0.221,0.501,0.136,0.553,0.130,0.170,0.601,0.152,0.258,0.188,0.464,0.572,0.537,0.537,0.252,0.558,0.130,0.367,0.535,0.345,0.158,0.248,0.345,0.554,0.594,0.009,0.245,0.601,0.546,0.554,0.562,0.339,0.524,0.394,0.603,0.391,0.512,0.501,0.544,0.467,0.436,0.009,0.221,0.164,0.148,0.524,0.248,0.533,0.127,0.188,0.142,0.130,0.551,0.252,0.348,0.430,0.136,0.556,0.255,0.221,0.464,0.355,0.509,0.352,0.563,0.559,0.191,0.550,0.221,0.121,0.182,0.173,0.550,0.158,0.601,0.136,0.161,0.543,0.529,0.245,0.155,0.355,0.524,0.345,0.550,0.139,0.526,0.361,0.352,0.318,0.248,0.355,0.556,0.367,0.339,0.516,0.136,0.352,0.520,0.336,0.367,0.461,0.145,0.464,0.252,0.218,0.239,0.520,0.342,0.197,0.421,0.345,0.006,0.552,0.518,0.464,0.518,0.152,0.594,0.345,0.152,0.537,0.336,0.370,0.152,0.245,0.136,0.566,0.535,0.345,0.563,0.152,0.148,0.518,0.345,0.345,0.562,0.006,0.130,0.603,0.012,0.361,0.355,0.188,0.255,0.000,0.364,0.367,0.526,0.339,0.218,0.221,0.345,0.501,0.255,0.524,0.373,0.550,0.520,0.248,0.430,0.158,0.379,0.221,0.191,0.127,0.394,0.391,0.516,0.561,0.136,0.115,0.548,0.348,0.560,0.352,0.430,0.155,0.124,0.553,0.544,0.556,0.252,0.000,0.548,0.539,0.148,0.155,0.158,0.197,0.248,0.550,0.513,0.529,0.524,0.467,0.221,0.544,0.557,0.373,0.348,0.424,0.342,0.248,0.556,0.458,0.145,0.518,0.342,0.330,0.127,0.152,0.520,0.461,0.550,0.522,0.370,0.124
7PNB_d_3_YZT;0.660,0.665,0.230,0.424,0.674,0.609,0.658,0.442,0.333,0.609,0.665,0.209,0.439,0.348,0.364,0.330,0.364,0.133,0.661,0.597,0.321,0.327,0.614,0.336,0.352,0.345,0.665,0.042,0.612,0.633,0.633,0.578,0.606,0.611,0.628,0.218,0.345,0.586,0.342,0.617,0.355,0.342,0.656,0.352,0.294,0.327,0.473,0.680,0.607,0.616,0.285,0.677,0.336,0.136,0.586,0.452,0.324,0.276,0.409,0.631,0.656,0.361,0.282,0.656,0.614,0.612,0.663,0.436,0.611,0.230,0.660,0.239,0.586,0.588,0.669,0.470,0.345,0.367,0.345,0.333,0.348,0.607,0.273,0.620,0.342,0.321,0.339,0.333,0.665,0.279,0.430,0.330,0.342,0.612,0.264,0.342,0.464,0.430,0.577,0.027,0.641,0.661,0.300,0.626,0.345,0.348,0.321,0.336,0.603,0.348,0.658,0.342,0.330,0.612,0.616,0.282,0.327,0.418,0.607,0.412,0.626,0.342,0.611,0.133,0.036,0.439,0.270,0.015,0.612,0.030,0.455,0.595,0.345,0.030,0.605,0.427,0.133,0.476,0.348,0.473,0.291,0.342,0.273,0.601,0.439,0.297,0.321,0.436,0.364,0.609,0.580,0.476,0.603,0.352,0.652,0.445,0.352,0.605,0.445,0.133,0.352,0.282,0.330,0.670,0.612,0.461,0.660,0.348,0.348,0.582,0.427,0.433,0.667,0.364,0.336,0.658,0.355,0.133,0.033,0.321,0.264,0.364,0.000,0.139,0.614,0.455,0.342,0.345,0.445,0.586,0.291,0.609,0.233,0.611,0.601,0.270,0.327,0.352,0.218,0.345,0.303,0.348,0.233,0.233,0.611,0.641,0.345,0.345,0.637,0.424,0.667,0.036,0.327,0.327,0.345,0.670,0.620,0.612,0.285,0.364,0.612,0.616,0.352,0.352,0.348,0.309,0.270,0.611,0.602,0.612,0.605,0.473,0.345,0.655,0.674,0.142,0.415,0.330,0.461,0.273,0.612,0.470,0.345,0.588,0.442,0.445,0.342,0.348,0.601,0.473,0.635,0.611,0.139,0.342
7PNB_S_3_YZT;0.656,0.661,0.197,0.448,0.672,0.607,0.656,0.452,0.285,0.582,0.661,0.182,0.421,0.333,0.370,0.367,0.367,0.018,0.655,0.597,0.348,0.276,0.628,0.282,0.345,0.361,0.661,0.142,0.604,0.629,0.635,0.597,0.604,0.584,0.628,0.188,0.345,0.609,0.367,0.610,0.367,0.364,0.652,0.345,0.288,0.348,0.485,0.674,0.599,0.624,0.279,0.662,0.361,0.015,0.594,0.458,0.348,0.276,0.445,0.631,0.656,0.364,0.285,0.652,0.624,0.626,0.648,0.418,0.603,0.188,0.656,0.194,0.599,0.607,0.655,0.482,0.288,0.373,0.345,0.355,0.345,0.612,0.276,0.629,0.330,0.355,0.364,0.339,0.653,0.279,0.448,0.285,0.367,0.586,0.267,0.348,0.479,0.461,0.597,0.142,0.637,0.655,0.342,0.626,0.345,0.333,0.355,0.367,0.594,0.342,0.654,0.345,0.358,0.616,0.626,0.285,0.345,0.455,0.599,0.439,0.629,0.345,0.624,0.018,0.130,0.448,0.273,0.127,0.586,0.124,0.464,0.605,0.364,0.136,0.603,0.415,0.018,0.491,0.345,0.485,0.291,0.342,0.276,0.612,0.421,0.345,0.276,0.424,0.373,0.582,0.599,0.491,0.609,0.345,0.650,0.427,0.345,0.614,0.448,0.006,0.345,0.285,0.355,0.669,0.609,0.470,0.650,0.345,0.339,0.599,0.445,0.415,0.663,0.367,0.361,0.656,0.367,0.018,0.148,0.348,0.267,0.367,0.139,0.000,0.624,0.464,0.342,0.345,0.427,0.605,0.282,0.616,0.185,0.590,0.616,0.273,0.261,0.339,0.179,0.345,0.345,0.333,0.200,0.203,0.605,0.637,0.364,0.336,0.635,0.448,0.648,0.139,0.282,0.345,0.330,0.663,0.612,0.586,0.279,0.367,0.629,0.626,0.339,0.339,0.342,0.352,0.273,0.590,0.610,0.624,0.616,0.485,0.345,0.648,0.665,0.018,0.439,0.285,0.470,0.273,0.586,0.491,0.345,0.612,0.424,0.455,0.330,0.342,0.607,0.488,0.633,0.614,0.012,0.333
7PNB_V_2_NAG;0.456,0.461,0.645,0.552,0.466,0.309,0.464,0.573,0.652,0.306,0.455,0.643,0.590,0.522,0.520,0.522,0.526,0.620,0.454,0.348,0.527,0.652,0.376,0.652,0.531,0.529,0.455,0.628,0.344,0.335,0.342,0.228,0.344,0.308,0.407,0.648,0.539,0.245,0.535,0.348,0.524,0.526,0.467,0.531,0.586,0.529,0.684,0.466,0.335,0.365,0.582,0.435,0.531,0.620,0.234,0.582,0.529,0.558,0.546,0.337,0.457,0.520,0.577,0.467,0.367,0.374,0.447,0.594,0.394,0.639,0.463,0.643,0.234,0.240,0.428,0.686,0.650,0.520,0.539,0.526,0.529,0.364,0.558,0.012,0.520,0.522,0.531,0.527,0.437,0.558,0.556,0.647,0.539,0.305,0.558,0.539,0.686,0.558,0.240,0.616,0.350,0.454,0.512,0.342,0.541,0.522,0.522,0.529,0.345,0.531,0.464,0.546,0.524,0.371,0.021,0.578,0.527,0.552,0.398,0.544,0.331,0.546,0.032,0.616,0.618,0.571,0.560,0.620,0.308,0.626,0.580,0.379,0.527,0.618,0.401,0.575,0.620,0.684,0.550,0.684,0.584,0.537,0.575,0.037,0.595,0.514,0.647,0.580,0.520,0.305,0.236,0.686,0.401,0.533,0.453,0.586,0.533,0.361,0.577,0.626,0.531,0.578,0.527,0.462,0.323,0.586,0.446,0.531,0.550,0.238,0.556,0.586,0.454,0.520,0.524,0.467,0.514,0.616,0.620,0.529,0.556,0.526,0.614,0.624,0.000,0.582,0.537,0.539,0.586,0.238,0.584,0.027,0.631,0.298,0.030,0.560,0.643,0.561,0.631,0.541,0.510,0.518,0.647,0.643,0.398,0.345,0.527,0.516,0.343,0.554,0.420,0.616,0.647,0.527,0.516,0.442,0.337,0.312,0.582,0.526,0.379,0.371,0.550,0.558,0.531,0.522,0.560,0.301,0.370,0.025,0.404,0.686,0.539,0.442,0.439,0.622,0.546,0.650,0.586,0.560,0.309,0.686,0.550,0.033,0.590,0.575,0.522,0.543,0.400,0.684,0.334,0.380,0.626,0.516
7PNB_Q_5_MAN;0.641,0.597,0.479,0.445,0.597,0.586,0.645,0.042,0.442,0.622,0.585,0.476,0.424,0.330,0.348,0.345,0.339,0.464,0.595,0.586,0.348,0.433,0.569,0.445,0.355,0.336,0.585,0.458,0.608,0.582,0.588,0.586,0.602,0.624,0.599,0.473,0.358,0.582,0.330,0.617,0.330,0.333,0.647,0.355,0.336,0.348,0.585,0.600,0.592,0.567,0.330,0.539,0.324,0.464,0.588,0.006,0.324,0.309,0.436,0.577,0.650,0.348,0.312,0.647,0.563,0.575,0.555,0.424,0.563,0.485,0.648,0.485,0.577,0.577,0.532,0.588,0.442,0.348,0.358,0.330,0.355,0.569,0.312,0.586,0.330,0.327,0.327,0.324,0.538,0.312,0.455,0.445,0.336,0.635,0.306,0.361,0.588,0.455,0.584,0.455,0.577,0.591,0.324,0.578,0.358,0.330,0.333,0.330,0.603,0.355,0.647,0.336,0.324,0.588,0.580,0.312,0.333,0.445,0.567,0.433,0.575,0.336,0.582,0.461,0.455,0.033,0.306,0.464,0.626,0.473,0.000,0.561,0.324,0.455,0.569,0.433,0.464,0.582,0.342,0.585,0.327,0.358,0.306,0.582,0.418,0.318,0.452,0.427,0.348,0.626,0.580,0.588,0.565,0.355,0.645,0.430,0.355,0.565,0.006,0.464,0.355,0.312,0.324,0.593,0.592,0.006,0.539,0.355,0.348,0.584,0.455,0.430,0.591,0.348,0.318,0.648,0.336,0.461,0.464,0.345,0.306,0.339,0.455,0.464,0.582,0.000,0.358,0.358,0.430,0.586,0.333,0.578,0.473,0.622,0.575,0.306,0.436,0.345,0.485,0.358,0.309,0.330,0.470,0.485,0.565,0.577,0.333,0.327,0.571,0.445,0.535,0.455,0.442,0.333,0.327,0.534,0.588,0.626,0.330,0.339,0.563,0.569,0.345,0.352,0.355,0.330,0.306,0.622,0.583,0.590,0.565,0.591,0.358,0.527,0.540,0.470,0.433,0.445,0.003,0.303,0.635,0.582,0.342,0.580,0.430,0.045,0.330,0.336,0.563,0.585,0.575,0.563,0.464,0.330
7PNB_c_4_BGC;0.614,0.576,0.361,0.364,0.585,0.561,0.616,0.327,0.394,0.569,0.572,0.385,0.315,0.245,0.215,0.255,0.218,0.345,0.572,0.565,0.270,0.394,0.554,0.397,0.264,0.273,0.572,0.348,0.576,0.533,0.539,0.526,0.564,0.571,0.567,0.373,0.003,0.524,0.252,0.574,0.236,0.261,0.614,0.264,0.264,0.273,0.482,0.581,0.569,0.563,0.252,0.594,0.236,0.345,0.533,0.355,0.248,0.224,0.355,0.535,0.612,0.212,0.258,0.614,0.552,0.563,0.587,0.312,0.571,0.379,0.614,0.370,0.512,0.520,0.580,0.485,0.409,0.215,0.003,0.258,0.264,0.558,0.224,0.541,0.242,0.264,0.252,0.242,0.587,0.227,0.364,0.400,0.252,0.575,0.215,0.006,0.485,0.370,0.516,0.336,0.541,0.568,0.252,0.533,0.003,0.245,0.270,0.270,0.560,0.264,0.616,0.267,0.252,0.548,0.543,0.258,0.255,0.364,0.563,0.364,0.531,0.267,0.526,0.348,0.336,0.327,0.221,0.339,0.575,0.345,0.358,0.569,0.242,0.336,0.567,0.309,0.345,0.482,0.267,0.482,0.264,0.000,0.245,0.531,0.315,0.258,0.385,0.306,0.215,0.569,0.535,0.485,0.565,0.264,0.611,0.309,0.264,0.548,0.355,0.342,0.264,0.258,0.230,0.581,0.561,0.361,0.578,0.264,0.261,0.510,0.361,0.303,0.578,0.212,0.236,0.614,0.209,0.348,0.339,0.270,0.215,0.218,0.342,0.342,0.537,0.358,0.000,0.003,0.309,0.518,0.261,0.541,0.352,0.575,0.522,0.221,0.397,0.264,0.367,0.003,0.252,0.245,0.364,0.370,0.569,0.543,0.245,0.248,0.527,0.364,0.586,0.336,0.391,0.255,0.239,0.589,0.569,0.575,0.252,0.218,0.554,0.565,0.261,0.264,0.264,0.270,0.221,0.575,0.557,0.537,0.569,0.485,0.003,0.574,0.583,0.355,0.364,0.397,0.367,0.221,0.575,0.485,0.267,0.524,0.306,0.330,0.242,0.264,0.560,0.482,0.541,0.575,0.342,0.252
7PNB_h_4_BGC;0.612,0.572,0.364,0.352,0.581,0.563,0.614,0.327,0.385,0.571,0.568,0.388,0.306,0.248,0.218,0.258,0.221,0.348,0.568,0.567,0.273,0.385,0.548,0.388,0.267,0.276,0.568,0.352,0.578,0.529,0.535,0.527,0.566,0.573,0.569,0.376,0.000,0.526,0.255,0.576,0.239,0.264,0.612,0.267,0.267,0.276,0.470,0.578,0.571,0.558,0.255,0.590,0.239,0.348,0.535,0.355,0.252,0.227,0.342,0.531,0.614,0.215,0.261,0.612,0.546,0.558,0.583,0.303,0.569,0.382,0.612,0.373,0.514,0.522,0.576,0.473,0.400,0.218,0.000,0.261,0.267,0.552,0.227,0.543,0.245,0.267,0.255,0.245,0.583,0.230,0.352,0.394,0.255,0.577,0.218,0.003,0.473,0.358,0.518,0.339,0.537,0.564,0.255,0.531,0.000,0.248,0.273,0.273,0.561,0.267,0.614,0.270,0.255,0.543,0.544,0.261,0.258,0.352,0.561,0.352,0.529,0.270,0.527,0.352,0.339,0.327,0.224,0.342,0.577,0.348,0.358,0.567,0.245,0.339,0.565,0.300,0.348,0.470,0.270,0.470,0.267,0.003,0.248,0.533,0.306,0.261,0.379,0.297,0.218,0.571,0.537,0.473,0.563,0.267,0.612,0.300,0.267,0.543,0.355,0.345,0.267,0.261,0.233,0.578,0.563,0.361,0.575,0.267,0.264,0.512,0.348,0.294,0.574,0.215,0.239,0.612,0.212,0.352,0.342,0.273,0.218,0.221,0.345,0.345,0.539,0.358,0.003,0.000,0.300,0.520,0.264,0.543,0.355,0.577,0.524,0.224,0.391,0.267,0.370,0.000,0.255,0.248,0.367,0.373,0.567,0.539,0.248,0.252,0.524,0.352,0.584,0.339,0.385,0.258,0.242,0.585,0.571,0.577,0.255,0.221,0.548,0.560,0.264,0.267,0.267,0.273,0.224,0.577,0.555,0.539,0.567,0.473,0.000,0.570,0.580,0.358,0.352,0.388,0.367,0.224,0.577,0.473,0.270,0.526,0.297,0.330,0.245,0.267,0.558,0.470,0.537,0.573,0.345,0.255
7PNB_p_4_BGC;0.565,0.581,0.433,0.373,0.578,0.577,0.567,0.427,0.415,0.571,0.574,0.445,0.012,0.364,0.336,0.370,0.345,0.433,0.574,0.582,0.373,0.403,0.577,0.406,0.397,0.358,0.574,0.430,0.581,0.565,0.577,0.546,0.574,0.578,0.601,0.433,0.300,0.580,0.367,0.589,0.352,0.355,0.563,0.397,0.415,0.367,0.494,0.580,0.588,0.582,0.400,0.582,0.358,0.433,0.546,0.436,0.336,0.382,0.370,0.578,0.577,0.336,0.421,0.563,0.573,0.573,0.581,0.015,0.603,0.433,0.567,0.436,0.560,0.586,0.580,0.497,0.421,0.339,0.300,0.339,0.394,0.580,0.385,0.599,0.367,0.379,0.373,0.379,0.583,0.385,0.373,0.424,0.367,0.577,0.382,0.306,0.500,0.367,0.586,0.433,0.569,0.576,0.361,0.563,0.300,0.364,0.373,0.367,0.584,0.397,0.565,0.373,0.342,0.577,0.590,0.421,0.333,0.373,0.592,0.373,0.575,0.373,0.597,0.421,0.424,0.418,0.382,0.442,0.577,0.445,0.430,0.612,0.364,0.424,0.597,0.018,0.433,0.494,0.388,0.494,0.421,0.309,0.406,0.599,0.012,0.361,0.403,0.009,0.336,0.567,0.567,0.500,0.599,0.397,0.575,0.000,0.397,0.578,0.424,0.427,0.397,0.421,0.358,0.581,0.567,0.439,0.567,0.394,0.385,0.573,0.370,0.009,0.574,0.336,0.358,0.569,0.330,0.421,0.442,0.373,0.382,0.345,0.445,0.427,0.586,0.430,0.309,0.300,0.000,0.582,0.409,0.595,0.430,0.575,0.599,0.382,0.406,0.382,0.452,0.300,0.348,0.364,0.427,0.439,0.599,0.573,0.364,0.352,0.571,0.373,0.582,0.424,0.418,0.333,0.367,0.583,0.578,0.577,0.400,0.342,0.573,0.580,0.382,0.382,0.397,0.382,0.382,0.575,0.551,0.599,0.599,0.500,0.300,0.557,0.583,0.442,0.370,0.406,0.439,0.379,0.577,0.500,0.385,0.603,0.003,0.430,0.367,0.385,0.599,0.497,0.563,0.609,0.427,0.355
7PNB_s_2_NAG;0.466,0.495,0.616,0.569,0.498,0.353,0.485,0.578,0.637,0.250,0.486,0.624,0.590,0.526,0.501,0.510,0.501,0.603,0.487,0.372,0.512,0.631,0.378,0.637,0.522,0.516,0.486,0.595,0.378,0.348,0.359,0.063,0.370,0.231,0.389,0.620,0.520,0.023,0.512,0.374,0.501,0.512,0.477,0.522,0.550,0.512,0.671,0.497,0.372,0.375,0.541,0.422,0.514,0.603,0.073,0.588,0.509,0.535,0.569,0.361,0.470,0.501,0.541,0.479,0.385,0.390,0.424,0.588,0.382,0.616,0.479,0.620,0.047,0.022,0.413,0.673,0.639,0.501,0.520,0.512,0.520,0.385,0.535,0.246,0.520,0.507,0.507,0.509,0.413,0.531,0.571,0.633,0.520,0.251,0.533,0.520,0.673,0.578,0.034,0.584,0.363,0.487,0.512,0.352,0.520,0.526,0.507,0.514,0.368,0.520,0.481,0.520,0.509,0.382,0.238,0.543,0.509,0.571,0.385,0.567,0.346,0.520,0.253,0.599,0.590,0.580,0.537,0.586,0.254,0.592,0.584,0.353,0.503,0.590,0.380,0.582,0.603,0.671,0.526,0.671,0.548,0.518,0.537,0.247,0.586,0.505,0.626,0.584,0.499,0.249,0.026,0.673,0.378,0.522,0.462,0.582,0.522,0.367,0.584,0.607,0.522,0.543,0.510,0.499,0.365,0.582,0.415,0.522,0.522,0.048,0.571,0.586,0.484,0.501,0.507,0.493,0.499,0.599,0.586,0.516,0.533,0.501,0.586,0.605,0.238,0.586,0.518,0.520,0.582,0.000,0.552,0.235,0.607,0.246,0.246,0.537,0.628,0.529,0.605,0.520,0.505,0.522,0.614,0.620,0.389,0.353,0.503,0.522,0.372,0.571,0.422,0.590,0.633,0.509,0.514,0.415,0.348,0.245,0.544,0.501,0.393,0.371,0.526,0.533,0.520,0.518,0.537,0.235,0.388,0.235,0.378,0.673,0.520,0.431,0.418,0.605,0.571,0.635,0.584,0.537,0.245,0.673,0.526,0.234,0.580,0.580,0.520,0.520,0.382,0.671,0.357,0.356,0.607,0.514
7PNB_J_4_BGC;0.635,0.627,0.376,0.406,0.633,0.552,0.637,0.324,0.448,0.573,0.621,0.367,0.412,0.221,0.252,0.203,0.255,0.282,0.621,0.550,0.182,0.415,0.571,0.439,0.206,0.191,0.621,0.294,0.557,0.584,0.594,0.573,0.544,0.571,0.582,0.370,0.264,0.556,0.203,0.557,0.218,0.197,0.633,0.209,0.003,0.185,0.567,0.638,0.550,0.565,0.012,0.577,0.209,0.282,0.580,0.327,0.188,0.067,0.412,0.590,0.633,0.245,0.024,0.633,0.569,0.569,0.570,0.409,0.522,0.379,0.635,0.388,0.565,0.558,0.572,0.570,0.467,0.264,0.264,0.194,0.203,0.556,0.067,0.594,0.215,0.191,0.206,0.197,0.561,0.073,0.412,0.458,0.203,0.575,0.058,0.261,0.561,0.412,0.550,0.285,0.597,0.621,0.191,0.580,0.264,0.218,0.191,0.191,0.544,0.206,0.633,0.170,0.200,0.565,0.590,0.024,0.194,0.412,0.514,0.400,0.592,0.182,0.580,0.285,0.282,0.321,0.064,0.282,0.575,0.294,0.330,0.522,0.209,0.282,0.514,0.400,0.279,0.564,0.173,0.567,0.018,0.261,0.027,0.571,0.406,0.194,0.433,0.406,0.264,0.573,0.567,0.564,0.514,0.209,0.633,0.406,0.209,0.552,0.318,0.282,0.203,0.024,0.203,0.629,0.560,0.330,0.561,0.206,0.173,0.563,0.406,0.403,0.623,0.248,0.209,0.645,0.245,0.285,0.282,0.182,0.061,0.255,0.291,0.282,0.584,0.333,0.261,0.264,0.409,0.552,0.000,0.578,0.373,0.573,0.573,0.064,0.433,0.158,0.352,0.264,0.194,0.221,0.379,0.388,0.522,0.601,0.215,0.221,0.597,0.406,0.567,0.282,0.455,0.194,0.218,0.572,0.561,0.575,0.006,0.255,0.577,0.569,0.173,0.161,0.206,0.188,0.067,0.573,0.547,0.588,0.518,0.567,0.264,0.561,0.581,0.288,0.400,0.436,0.327,0.067,0.575,0.558,0.170,0.556,0.403,0.327,0.212,0.176,0.510,0.558,0.588,0.533,0.285,0.215
7PNB_f_2_NAG;0.459,0.466,0.629,0.558,0.472,0.320,0.467,0.571,0.652,0.280,0.461,0.628,0.599,0.520,0.518,0.514,0.524,0.612,0.459,0.353,0.524,0.656,0.365,0.652,0.533,0.520,0.461,0.620,0.343,0.338,0.349,0.224,0.349,0.279,0.405,0.633,0.543,0.242,0.522,0.349,0.516,0.516,0.471,0.533,0.580,0.526,0.684,0.472,0.337,0.364,0.577,0.433,0.518,0.612,0.227,0.578,0.520,0.561,0.554,0.337,0.462,0.518,0.571,0.471,0.359,0.365,0.448,0.603,0.380,0.626,0.466,0.628,0.227,0.238,0.424,0.686,0.654,0.518,0.543,0.516,0.531,0.368,0.561,0.032,0.518,0.518,0.518,0.526,0.437,0.561,0.561,0.650,0.526,0.279,0.556,0.543,0.686,0.565,0.231,0.609,0.350,0.459,0.510,0.349,0.544,0.520,0.518,0.520,0.345,0.533,0.467,0.539,0.514,0.370,0.026,0.573,0.518,0.560,0.382,0.548,0.335,0.539,0.032,0.607,0.611,0.569,0.558,0.612,0.282,0.618,0.577,0.370,0.514,0.611,0.385,0.584,0.612,0.684,0.544,0.684,0.578,0.541,0.569,0.019,0.605,0.512,0.648,0.590,0.518,0.279,0.236,0.686,0.390,0.535,0.456,0.595,0.535,0.350,0.573,0.618,0.533,0.573,0.514,0.468,0.327,0.582,0.446,0.533,0.544,0.231,0.561,0.595,0.459,0.518,0.510,0.470,0.512,0.607,0.612,0.526,0.554,0.524,0.609,0.616,0.027,0.578,0.541,0.543,0.595,0.235,0.578,0.000,0.616,0.276,0.022,0.558,0.648,0.556,0.620,0.544,0.509,0.516,0.631,0.628,0.387,0.350,0.514,0.512,0.348,0.560,0.416,0.609,0.648,0.518,0.514,0.437,0.338,0.286,0.577,0.524,0.372,0.365,0.544,0.552,0.533,0.520,0.558,0.276,0.378,0.038,0.387,0.686,0.543,0.444,0.436,0.611,0.550,0.650,0.582,0.558,0.283,0.686,0.544,0.045,0.599,0.573,0.520,0.537,0.383,0.684,0.341,0.370,0.618,0.512
7PNB_g_3_YZT;0.673,0.680,0.018,0.448,0.686,0.626,0.671,0.452,0.288,0.607,0.682,0.039,0.430,0.345,0.370,0.373,0.373,0.191,0.678,0.599,0.373,0.288,0.611,0.288,0.388,0.382,0.682,0.221,0.610,0.656,0.667,0.595,0.621,0.609,0.629,0.030,0.355,0.605,0.370,0.610,0.376,0.370,0.671,0.388,0.379,0.367,0.497,0.684,0.618,0.616,0.376,0.669,0.373,0.194,0.595,0.470,0.355,0.379,0.442,0.656,0.671,0.370,0.370,0.671,0.607,0.614,0.674,0.427,0.592,0.036,0.673,0.015,0.601,0.599,0.663,0.494,0.297,0.373,0.355,0.370,0.388,0.616,0.376,0.620,0.345,0.367,0.373,0.361,0.680,0.382,0.448,0.288,0.373,0.611,0.358,0.358,0.494,0.455,0.603,0.236,0.665,0.678,0.364,0.654,0.352,0.345,0.367,0.370,0.601,0.388,0.671,0.364,0.364,0.612,0.622,0.370,0.361,0.448,0.597,0.430,0.652,0.367,0.620,0.191,0.227,0.458,0.367,0.230,0.611,0.206,0.473,0.592,0.376,0.227,0.599,0.430,0.191,0.494,0.373,0.497,0.379,0.352,0.367,0.609,0.430,0.373,0.279,0.427,0.373,0.607,0.597,0.500,0.603,0.385,0.665,0.430,0.385,0.605,0.470,0.191,0.388,0.370,0.367,0.686,0.624,0.464,0.671,0.388,0.364,0.595,0.445,0.424,0.684,0.370,0.376,0.675,0.367,0.191,0.230,0.373,0.361,0.373,0.233,0.185,0.631,0.473,0.352,0.355,0.430,0.607,0.373,0.616,0.000,0.612,0.609,0.367,0.285,0.370,0.042,0.352,0.376,0.345,0.027,0.021,0.595,0.671,0.373,0.345,0.658,0.448,0.656,0.227,0.282,0.361,0.342,0.669,0.628,0.611,0.376,0.370,0.607,0.622,0.370,0.370,0.388,0.370,0.367,0.612,0.612,0.618,0.611,0.497,0.355,0.648,0.667,0.191,0.433,0.285,0.470,0.370,0.611,0.494,0.373,0.620,0.427,0.455,0.342,0.373,0.603,0.497,0.665,0.588,0.191,0.345
7PNB_w_2_NAG;0.500,0.514,0.620,0.594,0.514,0.379,0.507,0.618,0.677,0.015,0.513,0.618,0.578,0.560,0.552,0.548,0.550,0.588,0.513,0.376,0.546,0.660,0.405,0.669,0.567,0.548,0.513,0.611,0.381,0.380,0.387,0.221,0.388,0.025,0.424,0.622,0.577,0.254,0.556,0.380,0.548,0.550,0.504,0.567,0.580,0.554,0.686,0.521,0.382,0.409,0.578,0.451,0.548,0.588,0.214,0.616,0.548,0.582,0.595,0.400,0.492,0.552,0.582,0.501,0.400,0.400,0.444,0.577,0.398,0.618,0.496,0.618,0.236,0.243,0.443,0.688,0.686,0.550,0.577,0.548,0.567,0.397,0.582,0.294,0.558,0.558,0.550,0.556,0.440,0.580,0.592,0.682,0.560,0.014,0.575,0.575,0.688,0.594,0.234,0.609,0.402,0.513,0.541,0.396,0.577,0.560,0.558,0.552,0.375,0.565,0.500,0.558,0.550,0.415,0.293,0.584,0.546,0.595,0.409,0.584,0.389,0.556,0.288,0.582,0.607,0.618,0.578,0.607,0.011,0.605,0.620,0.398,0.550,0.607,0.405,0.578,0.588,0.686,0.563,0.686,0.588,0.575,0.582,0.276,0.575,0.539,0.664,0.577,0.548,0.016,0.236,0.688,0.416,0.567,0.493,0.575,0.567,0.376,0.612,0.590,0.567,0.584,0.544,0.516,0.382,0.628,0.441,0.567,0.556,0.235,0.592,0.575,0.514,0.552,0.544,0.508,0.548,0.582,0.607,0.550,0.575,0.550,0.611,0.590,0.298,0.622,0.575,0.577,0.575,0.246,0.573,0.276,0.612,0.000,0.272,0.578,0.665,0.563,0.618,0.577,0.537,0.556,0.618,0.620,0.413,0.397,0.550,0.554,0.411,0.595,0.456,0.607,0.681,0.546,0.558,0.444,0.378,0.021,0.578,0.552,0.418,0.404,0.560,0.563,0.565,0.543,0.578,0.008,0.398,0.297,0.408,0.688,0.577,0.458,0.446,0.586,0.586,0.667,0.629,0.578,0.021,0.688,0.563,0.283,0.573,0.620,0.558,0.558,0.415,0.686,0.393,0.402,0.590,0.548
7PNB_k_2_NAG;0.468,0.469,0.622,0.552,0.475,0.323,0.474,0.563,0.647,0.277,0.464,0.620,0.603,0.518,0.514,0.512,0.520,0.612,0.462,0.352,0.522,0.645,0.367,0.647,0.527,0.524,0.464,0.614,0.348,0.352,0.361,0.232,0.347,0.280,0.409,0.626,0.524,0.257,0.526,0.352,0.518,0.516,0.477,0.527,0.575,0.527,0.681,0.475,0.339,0.365,0.571,0.441,0.522,0.612,0.242,0.575,0.520,0.556,0.546,0.350,0.466,0.514,0.565,0.477,0.361,0.364,0.459,0.601,0.386,0.618,0.471,0.620,0.240,0.249,0.432,0.682,0.652,0.514,0.524,0.520,0.526,0.365,0.556,0.029,0.514,0.516,0.522,0.522,0.447,0.556,0.556,0.648,0.529,0.282,0.550,0.524,0.682,0.558,0.238,0.603,0.367,0.462,0.507,0.361,0.526,0.518,0.516,0.520,0.346,0.527,0.473,0.541,0.514,0.376,0.038,0.567,0.522,0.552,0.387,0.544,0.348,0.541,0.019,0.607,0.605,0.561,0.552,0.607,0.279,0.612,0.573,0.372,0.518,0.605,0.390,0.588,0.612,0.681,0.546,0.681,0.573,0.522,0.563,0.023,0.603,0.509,0.641,0.594,0.514,0.279,0.245,0.682,0.394,0.529,0.462,0.599,0.529,0.352,0.573,0.618,0.527,0.567,0.518,0.470,0.332,0.578,0.456,0.527,0.546,0.239,0.556,0.594,0.462,0.514,0.514,0.478,0.509,0.607,0.607,0.524,0.548,0.520,0.601,0.616,0.030,0.575,0.522,0.524,0.599,0.246,0.573,0.022,0.609,0.272,0.000,0.552,0.645,0.558,0.612,0.526,0.505,0.514,0.624,0.620,0.387,0.364,0.518,0.510,0.360,0.554,0.429,0.603,0.645,0.522,0.512,0.446,0.343,0.284,0.571,0.520,0.375,0.371,0.546,0.554,0.527,0.516,0.552,0.275,0.377,0.038,0.393,0.682,0.524,0.451,0.446,0.614,0.546,0.645,0.578,0.552,0.287,0.682,0.546,0.036,0.597,0.565,0.516,0.539,0.389,0.681,0.353,0.374,0.618,0.510
7PNB_b_4_BGC;0.628,0.627,0.373,0.385,0.633,0.556,0.629,0.300,0.406,0.577,0.619,0.361,0.388,0.203,0.245,0.194,0.248,0.270,0.619,0.544,0.167,0.388,0.558,0.406,0.212,0.185,0.619,0.282,0.557,0.560,0.567,0.541,0.542,0.575,0.573,0.364,0.224,0.531,0.188,0.570,0.197,0.191,0.626,0.212,0.061,0.170,0.509,0.638,0.550,0.563,0.064,0.584,0.188,0.270,0.543,0.303,0.170,0.003,0.379,0.569,0.626,0.239,0.061,0.626,0.560,0.560,0.572,0.385,0.539,0.382,0.629,0.382,0.537,0.539,0.568,0.512,0.418,0.248,0.224,0.182,0.212,0.556,0.003,0.569,0.200,0.176,0.185,0.191,0.566,0.006,0.385,0.412,0.188,0.580,0.006,0.221,0.506,0.391,0.533,0.270,0.573,0.619,0.170,0.561,0.224,0.203,0.176,0.185,0.552,0.209,0.628,0.164,0.185,0.554,0.565,0.061,0.176,0.385,0.535,0.373,0.571,0.167,0.560,0.273,0.270,0.294,0.000,0.267,0.580,0.285,0.306,0.537,0.194,0.270,0.535,0.376,0.270,0.506,0.161,0.509,0.070,0.221,0.058,0.548,0.382,0.173,0.400,0.379,0.252,0.577,0.543,0.506,0.535,0.212,0.624,0.382,0.212,0.543,0.294,0.273,0.212,0.061,0.194,0.629,0.546,0.312,0.569,0.212,0.155,0.537,0.382,0.376,0.621,0.242,0.188,0.629,0.236,0.273,0.267,0.167,0.006,0.248,0.270,0.273,0.560,0.306,0.221,0.224,0.382,0.537,0.064,0.558,0.367,0.578,0.552,0.000,0.400,0.142,0.348,0.224,0.170,0.203,0.376,0.385,0.544,0.577,0.191,0.206,0.563,0.385,0.571,0.270,0.409,0.176,0.194,0.574,0.550,0.580,0.058,0.248,0.561,0.565,0.155,0.145,0.209,0.173,0.000,0.578,0.538,0.563,0.539,0.509,0.224,0.557,0.578,0.276,0.373,0.403,0.309,0.000,0.580,0.500,0.161,0.541,0.379,0.303,0.200,0.158,0.531,0.503,0.573,0.548,0.273,0.203
7PNB_k_3_YZT;0.662,0.638,0.282,0.461,0.648,0.633,0.665,0.427,0.039,0.665,0.638,0.285,0.406,0.427,0.433,0.455,0.430,0.270,0.638,0.645,0.464,0.039,0.648,0.033,0.430,0.458,0.638,0.318,0.650,0.671,0.677,0.629,0.631,0.662,0.660,0.276,0.391,0.629,0.439,0.653,0.439,0.458,0.664,0.430,0.436,0.439,0.524,0.648,0.643,0.647,0.418,0.675,0.442,0.267,0.633,0.448,0.430,0.400,0.445,0.675,0.677,0.430,0.433,0.664,0.637,0.641,0.663,0.412,0.660,0.288,0.662,0.285,0.626,0.629,0.669,0.527,0.021,0.433,0.391,0.445,0.427,0.631,0.400,0.652,0.427,0.424,0.442,0.421,0.661,0.397,0.464,0.024,0.439,0.664,0.406,0.397,0.530,0.467,0.637,0.318,0.675,0.634,0.430,0.669,0.391,0.427,0.430,0.458,0.633,0.430,0.664,0.436,0.442,0.631,0.650,0.433,0.433,0.461,0.660,0.448,0.673,0.436,0.650,0.270,0.318,0.421,0.400,0.321,0.664,0.342,0.436,0.669,0.436,0.318,0.665,0.400,0.270,0.518,0.436,0.524,0.436,0.397,0.415,0.652,0.415,0.421,0.033,0.403,0.430,0.665,0.622,0.524,0.660,0.430,0.671,0.406,0.430,0.639,0.442,0.267,0.430,0.433,0.448,0.644,0.622,0.433,0.667,0.427,0.439,0.628,0.467,0.409,0.644,0.430,0.442,0.669,0.430,0.270,0.333,0.464,0.406,0.430,0.327,0.261,0.643,0.436,0.397,0.391,0.406,0.628,0.433,0.648,0.285,0.665,0.645,0.400,0.000,0.439,0.300,0.391,0.418,0.427,0.282,0.291,0.664,0.671,0.436,0.430,0.660,0.461,0.664,0.315,0.027,0.433,0.424,0.670,0.631,0.664,0.418,0.430,0.639,0.645,0.439,0.439,0.430,0.448,0.400,0.665,0.646,0.650,0.671,0.524,0.391,0.646,0.672,0.279,0.452,0.036,0.433,0.400,0.664,0.524,0.433,0.650,0.412,0.427,0.427,0.433,0.662,0.521,0.671,0.667,0.261,0.427
7PNB_l_6_MAN;0.611,0.600,0.376,0.345,0.610,0.537,0.616,0.345,0.448,0.561,0.598,0.382,0.388,0.106,0.155,0.127,0.158,0.339,0.602,0.535,0.124,0.427,0.578,0.448,0.133,0.121,0.598,0.352,0.542,0.556,0.561,0.548,0.538,0.558,0.561,0.385,0.267,0.526,0.127,0.549,0.136,0.127,0.614,0.133,0.155,0.106,0.485,0.604,0.537,0.573,0.139,0.573,0.133,0.339,0.548,0.342,0.094,0.142,0.358,0.565,0.609,0.148,0.155,0.614,0.580,0.582,0.578,0.385,0.539,0.388,0.616,0.382,0.543,0.529,0.562,0.488,0.458,0.152,0.267,0.106,0.133,0.569,0.142,0.569,0.103,0.106,0.124,0.097,0.572,0.145,0.345,0.452,0.127,0.565,0.136,0.264,0.485,0.364,0.533,0.345,0.575,0.598,0.121,0.556,0.267,0.106,0.112,0.121,0.537,0.130,0.614,0.027,0.109,0.561,0.565,0.155,0.097,0.352,0.537,0.355,0.569,0.030,0.563,0.342,0.345,0.333,0.142,0.342,0.565,0.345,0.345,0.539,0.133,0.345,0.537,0.376,0.339,0.482,0.024,0.485,0.158,0.264,0.139,0.552,0.382,0.124,0.442,0.379,0.158,0.561,0.533,0.485,0.535,0.133,0.609,0.382,0.133,0.565,0.333,0.339,0.133,0.155,0.127,0.598,0.544,0.345,0.573,0.133,0.021,0.546,0.342,0.379,0.604,0.152,0.133,0.618,0.155,0.342,0.342,0.127,0.136,0.158,0.352,0.339,0.561,0.345,0.264,0.267,0.382,0.529,0.158,0.556,0.370,0.563,0.558,0.142,0.439,0.000,0.364,0.267,0.127,0.106,0.379,0.385,0.539,0.573,0.130,0.109,0.567,0.345,0.567,0.345,0.452,0.097,0.094,0.570,0.554,0.565,0.139,0.158,0.582,0.577,0.021,0.015,0.130,0.136,0.142,0.563,0.549,0.565,0.541,0.488,0.267,0.570,0.576,0.342,0.355,0.445,0.342,0.142,0.565,0.479,0.024,0.550,0.379,0.348,0.103,0.024,0.535,0.482,0.569,0.535,0.339,0.106
7PNB_W_3_YZT;0.677,0.684,0.036,0.452,0.693,0.626,0.675,0.464,0.300,0.612,0.686,0.070,0.452,0.345,0.379,0.370,0.379,0.191,0.682,0.616,0.355,0.300,0.626,0.300,0.370,0.379,0.686,0.212,0.619,0.660,0.669,0.590,0.625,0.614,0.645,0.036,0.370,0.603,0.364,0.621,0.370,0.367,0.675,0.370,0.358,0.358,0.497,0.697,0.620,0.629,0.352,0.679,0.367,0.188,0.590,0.482,0.348,0.361,0.452,0.658,0.673,0.376,0.348,0.675,0.624,0.624,0.676,0.448,0.603,0.048,0.677,0.039,0.599,0.597,0.670,0.494,0.312,0.382,0.370,0.364,0.367,0.629,0.358,0.620,0.345,0.358,0.367,0.352,0.676,0.364,0.452,0.303,0.367,0.616,0.339,0.373,0.494,0.458,0.603,0.221,0.667,0.682,0.342,0.656,0.367,0.345,0.358,0.367,0.620,0.370,0.675,0.367,0.358,0.614,0.626,0.348,0.355,0.452,0.609,0.439,0.656,0.370,0.620,0.191,0.218,0.470,0.348,0.215,0.616,0.197,0.485,0.607,0.370,0.218,0.612,0.439,0.191,0.494,0.367,0.497,0.358,0.367,0.342,0.612,0.452,0.352,0.291,0.448,0.379,0.612,0.592,0.500,0.611,0.367,0.669,0.452,0.367,0.614,0.482,0.185,0.370,0.348,0.361,0.689,0.626,0.476,0.679,0.367,0.358,0.594,0.448,0.445,0.688,0.376,0.370,0.679,0.373,0.191,0.215,0.355,0.342,0.379,0.218,0.179,0.631,0.485,0.367,0.370,0.452,0.605,0.352,0.620,0.042,0.618,0.612,0.348,0.300,0.364,0.000,0.367,0.355,0.345,0.039,0.045,0.609,0.673,0.367,0.352,0.660,0.452,0.669,0.218,0.297,0.355,0.342,0.672,0.639,0.616,0.352,0.376,0.616,0.629,0.364,0.364,0.370,0.352,0.348,0.618,0.627,0.622,0.618,0.497,0.370,0.648,0.670,0.185,0.442,0.297,0.482,0.352,0.616,0.494,0.364,0.620,0.448,0.467,0.342,0.367,0.611,0.497,0.667,0.603,0.185,0.352
7PNB_S_4_BGC;0.612,0.570,0.361,0.352,0.580,0.563,0.614,0.327,0.385,0.571,0.566,0.385,0.306,0.248,0.218,0.258,0.221,0.348,0.566,0.565,0.273,0.385,0.548,0.388,0.267,0.276,0.566,0.348,0.576,0.529,0.535,0.527,0.566,0.573,0.569,0.373,0.000,0.526,0.255,0.574,0.239,0.264,0.612,0.267,0.267,0.276,0.470,0.576,0.569,0.558,0.255,0.590,0.239,0.348,0.535,0.355,0.252,0.227,0.342,0.531,0.614,0.215,0.261,0.612,0.546,0.558,0.583,0.303,0.567,0.379,0.612,0.370,0.514,0.522,0.576,0.473,0.400,0.218,0.000,0.261,0.267,0.552,0.227,0.544,0.245,0.267,0.255,0.245,0.583,0.230,0.352,0.394,0.255,0.577,0.218,0.003,0.473,0.358,0.518,0.339,0.537,0.562,0.255,0.531,0.000,0.248,0.273,0.273,0.560,0.267,0.614,0.270,0.255,0.543,0.546,0.261,0.258,0.352,0.560,0.352,0.529,0.270,0.529,0.352,0.339,0.327,0.224,0.342,0.577,0.345,0.358,0.565,0.245,0.339,0.563,0.300,0.348,0.470,0.270,0.470,0.267,0.003,0.248,0.535,0.306,0.261,0.379,0.297,0.218,0.571,0.537,0.473,0.561,0.267,0.612,0.300,0.267,0.543,0.355,0.345,0.267,0.261,0.233,0.576,0.563,0.361,0.575,0.267,0.264,0.512,0.348,0.294,0.572,0.215,0.239,0.612,0.212,0.352,0.342,0.273,0.218,0.221,0.345,0.345,0.541,0.358,0.003,0.000,0.300,0.520,0.264,0.544,0.352,0.577,0.526,0.224,0.391,0.267,0.367,0.000,0.255,0.248,0.364,0.370,0.565,0.539,0.248,0.252,0.524,0.352,0.584,0.339,0.385,0.258,0.242,0.585,0.571,0.577,0.255,0.221,0.548,0.560,0.264,0.267,0.267,0.273,0.224,0.577,0.555,0.541,0.565,0.473,0.000,0.570,0.580,0.358,0.352,0.388,0.367,0.224,0.577,0.473,0.270,0.527,0.297,0.330,0.245,0.267,0.556,0.470,0.537,0.571,0.345,0.255
7PNB_T_6_MAN;0.588,0.568,0.373,0.309,0.578,0.533,0.592,0.300,0.421,0.537,0.564,0.367,0.355,0.121,0.182,0.070,0.191,0.342,0.568,0.526,0.048,0.409,0.546,0.427,0.142,0.079,0.564,0.321,0.544,0.541,0.543,0.512,0.538,0.541,0.573,0.370,0.255,0.501,0.115,0.551,0.115,0.079,0.592,0.142,0.197,0.052,0.497,0.576,0.543,0.537,0.194,0.567,0.106,0.342,0.516,0.309,0.073,0.170,0.303,0.550,0.584,0.179,0.182,0.592,0.548,0.546,0.559,0.352,0.546,0.373,0.594,0.379,0.507,0.505,0.557,0.500,0.430,0.182,0.255,0.076,0.139,0.533,0.170,0.516,0.121,0.033,0.100,0.115,0.564,0.173,0.315,0.421,0.115,0.543,0.164,0.252,0.497,0.315,0.509,0.309,0.554,0.564,0.021,0.537,0.255,0.121,0.039,0.073,0.544,0.145,0.592,0.097,0.073,0.537,0.512,0.182,0.070,0.303,0.541,0.306,0.544,0.097,0.510,0.339,0.315,0.288,0.170,0.312,0.543,0.324,0.309,0.531,0.112,0.315,0.539,0.342,0.342,0.494,0.100,0.497,0.188,0.252,0.179,0.503,0.348,0.012,0.409,0.345,0.182,0.537,0.509,0.497,0.535,0.142,0.584,0.348,0.142,0.543,0.306,0.345,0.142,0.182,0.100,0.566,0.541,0.312,0.560,0.139,0.109,0.509,0.312,0.345,0.570,0.182,0.106,0.592,0.176,0.339,0.312,0.048,0.164,0.191,0.303,0.345,0.510,0.309,0.252,0.255,0.348,0.505,0.194,0.509,0.376,0.537,0.505,0.170,0.418,0.127,0.355,0.255,0.000,0.127,0.364,0.382,0.543,0.552,0.106,0.118,0.546,0.309,0.565,0.315,0.421,0.070,0.124,0.561,0.548,0.543,0.194,0.188,0.543,0.537,0.109,0.118,0.145,0.018,0.170,0.537,0.532,0.512,0.539,0.500,0.255,0.555,0.562,0.345,0.306,0.424,0.309,0.170,0.543,0.491,0.097,0.495,0.345,0.303,0.121,0.106,0.537,0.494,0.548,0.535,0.345,0.121
7PNB_q_5_MAN;0.607,0.585,0.361,0.361,0.587,0.544,0.612,0.312,0.430,0.552,0.580,0.358,0.370,0.006,0.124,0.115,0.127,0.339,0.580,0.541,0.118,0.421,0.577,0.433,0.112,0.103,0.580,0.333,0.551,0.567,0.575,0.543,0.553,0.560,0.556,0.367,0.248,0.522,0.121,0.564,0.115,0.097,0.611,0.112,0.230,0.115,0.503,0.587,0.552,0.561,0.218,0.558,0.118,0.339,0.541,0.336,0.079,0.203,0.358,0.580,0.603,0.118,0.224,0.611,0.578,0.582,0.572,0.367,0.541,0.361,0.612,0.358,0.529,0.522,0.547,0.506,0.439,0.121,0.248,0.085,0.112,0.552,0.203,0.524,0.006,0.121,0.106,0.021,0.562,0.206,0.361,0.430,0.121,0.558,0.197,0.252,0.503,0.367,0.533,0.336,0.586,0.581,0.118,0.567,0.248,0.006,0.115,0.097,0.558,0.112,0.611,0.100,0.082,0.565,0.522,0.224,0.076,0.367,0.531,0.355,0.578,0.100,0.518,0.342,0.327,0.309,0.203,0.339,0.558,0.333,0.330,0.537,0.118,0.327,0.535,0.352,0.339,0.500,0.097,0.503,0.230,0.245,0.212,0.512,0.364,0.124,0.424,0.355,0.124,0.552,0.533,0.503,0.531,0.112,0.603,0.364,0.112,0.560,0.330,0.333,0.112,0.224,0.112,0.581,0.554,0.330,0.556,0.112,0.088,0.533,0.358,0.361,0.580,0.121,0.118,0.614,0.124,0.342,0.339,0.127,0.197,0.127,0.348,0.333,0.518,0.330,0.245,0.248,0.364,0.522,0.221,0.516,0.345,0.556,0.514,0.203,0.427,0.106,0.345,0.248,0.127,0.000,0.358,0.358,0.535,0.584,0.112,0.009,0.580,0.361,0.558,0.327,0.430,0.076,0.003,0.561,0.558,0.558,0.218,0.127,0.573,0.563,0.094,0.103,0.112,0.136,0.203,0.556,0.561,0.522,0.541,0.506,0.248,0.553,0.561,0.342,0.358,0.433,0.327,0.203,0.558,0.497,0.097,0.522,0.361,0.315,0.006,0.091,0.537,0.500,0.580,0.546,0.333,0.012
7PNB_q_3_YZT;0.679,0.678,0.015,0.461,0.684,0.637,0.679,0.445,0.288,0.612,0.684,0.048,0.427,0.358,0.391,0.361,0.394,0.212,0.680,0.603,0.367,0.285,0.614,0.288,0.397,0.370,0.684,0.221,0.623,0.664,0.671,0.601,0.633,0.614,0.637,0.027,0.367,0.612,0.367,0.621,0.376,0.358,0.677,0.397,0.385,0.361,0.509,0.684,0.631,0.620,0.382,0.684,0.370,0.209,0.601,0.467,0.342,0.388,0.455,0.665,0.677,0.391,0.376,0.677,0.611,0.614,0.689,0.424,0.605,0.039,0.679,0.018,0.609,0.607,0.678,0.506,0.297,0.394,0.367,0.358,0.397,0.620,0.385,0.635,0.358,0.361,0.364,0.364,0.689,0.391,0.461,0.288,0.370,0.616,0.367,0.367,0.506,0.467,0.612,0.230,0.673,0.680,0.358,0.662,0.364,0.358,0.361,0.358,0.611,0.397,0.677,0.376,0.352,0.618,0.637,0.376,0.348,0.461,0.611,0.442,0.660,0.376,0.635,0.206,0.227,0.452,0.376,0.230,0.616,0.212,0.470,0.607,0.373,0.227,0.614,0.427,0.212,0.506,0.382,0.509,0.385,0.364,0.373,0.624,0.427,0.361,0.273,0.424,0.391,0.612,0.605,0.512,0.612,0.394,0.671,0.427,0.394,0.611,0.473,0.203,0.397,0.376,0.364,0.684,0.631,0.461,0.681,0.394,0.373,0.605,0.458,0.421,0.686,0.391,0.373,0.681,0.385,0.206,0.230,0.367,0.370,0.394,0.233,0.200,0.647,0.470,0.364,0.367,0.427,0.614,0.379,0.631,0.027,0.618,0.624,0.376,0.282,0.379,0.039,0.364,0.364,0.358,0.000,0.024,0.611,0.679,0.370,0.358,0.667,0.461,0.671,0.227,0.282,0.348,0.355,0.680,0.635,0.616,0.382,0.391,0.607,0.622,0.379,0.379,0.397,0.364,0.376,0.618,0.619,0.633,0.620,0.509,0.367,0.657,0.680,0.206,0.445,0.285,0.467,0.379,0.616,0.506,0.379,0.628,0.424,0.448,0.355,0.382,0.611,0.509,0.673,0.603,0.203,0.358
7PNB_l_3_YZT;0.677,0.678,0.009,0.458,0.682,0.633,0.675,0.461,0.294,0.614,0.682,0.036,0.439,0.358,0.388,0.376,0.391,0.215,0.680,0.603,0.379,0.294,0.614,0.294,0.400,0.385,0.682,0.221,0.616,0.664,0.675,0.607,0.625,0.616,0.637,0.021,0.373,0.618,0.376,0.614,0.382,0.373,0.675,0.400,0.394,0.373,0.509,0.682,0.624,0.620,0.391,0.679,0.379,0.212,0.607,0.476,0.358,0.397,0.452,0.664,0.675,0.388,0.385,0.675,0.611,0.614,0.684,0.436,0.597,0.027,0.677,0.006,0.614,0.612,0.672,0.506,0.303,0.391,0.373,0.373,0.400,0.620,0.394,0.631,0.358,0.373,0.379,0.373,0.684,0.400,0.458,0.294,0.379,0.618,0.376,0.373,0.506,0.464,0.614,0.236,0.673,0.680,0.370,0.662,0.370,0.358,0.373,0.373,0.607,0.400,0.675,0.382,0.367,0.616,0.633,0.385,0.364,0.458,0.603,0.439,0.660,0.382,0.631,0.209,0.227,0.467,0.385,0.230,0.618,0.206,0.485,0.599,0.382,0.227,0.607,0.436,0.215,0.506,0.388,0.509,0.394,0.370,0.382,0.620,0.439,0.379,0.285,0.433,0.388,0.614,0.611,0.512,0.609,0.397,0.669,0.439,0.397,0.611,0.482,0.206,0.400,0.385,0.373,0.682,0.628,0.476,0.675,0.397,0.379,0.607,0.455,0.433,0.684,0.388,0.382,0.679,0.382,0.209,0.230,0.379,0.379,0.391,0.233,0.203,0.643,0.485,0.370,0.373,0.439,0.620,0.388,0.628,0.021,0.620,0.620,0.385,0.291,0.385,0.045,0.370,0.382,0.358,0.024,0.000,0.603,0.679,0.379,0.358,0.665,0.458,0.665,0.227,0.288,0.364,0.355,0.678,0.635,0.618,0.391,0.388,0.607,0.622,0.385,0.385,0.400,0.376,0.385,0.620,0.616,0.629,0.616,0.509,0.373,0.652,0.676,0.209,0.442,0.291,0.482,0.388,0.618,0.506,0.385,0.629,0.436,0.464,0.355,0.388,0.609,0.509,0.673,0.595,0.206,0.358
7PNB_T_1_NAG;0.482,0.503,0.605,0.611,0.506,0.346,0.489,0.569,0.667,0.409,0.501,0.609,0.594,0.531,0.522,0.535,0.516,0.607,0.498,0.350,0.546,0.658,0.271,0.662,0.539,0.537,0.501,0.599,0.344,0.408,0.429,0.411,0.356,0.405,0.283,0.607,0.567,0.398,0.541,0.334,0.543,0.535,0.475,0.541,0.529,0.543,0.671,0.509,0.346,0.269,0.531,0.402,0.541,0.607,0.411,0.563,0.537,0.550,0.614,0.408,0.486,0.520,0.526,0.481,0.273,0.269,0.426,0.592,0.082,0.605,0.479,0.605,0.389,0.397,0.398,0.671,0.675,0.527,0.567,0.537,0.537,0.265,0.550,0.394,0.533,0.544,0.544,0.529,0.398,0.552,0.614,0.671,0.543,0.413,0.539,0.569,0.665,0.618,0.387,0.603,0.413,0.498,0.552,0.413,0.565,0.529,0.544,0.533,0.335,0.543,0.477,0.526,0.537,0.293,0.396,0.526,0.543,0.618,0.038,0.605,0.409,0.533,0.389,0.601,0.599,0.571,0.544,0.599,0.411,0.595,0.563,0.139,0.543,0.599,0.041,0.592,0.605,0.669,0.537,0.671,0.531,0.569,0.527,0.386,0.594,0.544,0.662,0.595,0.526,0.408,0.400,0.667,0.065,0.539,0.484,0.597,0.539,0.265,0.561,0.605,0.537,0.526,0.537,0.505,0.345,0.560,0.415,0.539,0.537,0.393,0.611,0.594,0.498,0.522,0.543,0.493,0.516,0.601,0.599,0.541,0.543,0.516,0.611,0.605,0.398,0.565,0.569,0.567,0.599,0.389,0.522,0.387,0.595,0.413,0.387,0.544,0.664,0.539,0.609,0.565,0.543,0.535,0.611,0.603,0.000,0.424,0.546,0.526,0.413,0.612,0.396,0.601,0.667,0.543,0.539,0.428,0.368,0.412,0.531,0.518,0.276,0.271,0.537,0.539,0.543,0.544,0.546,0.408,0.373,0.405,0.051,0.669,0.567,0.429,0.426,0.609,0.609,0.662,0.563,0.546,0.415,0.665,0.535,0.391,0.595,0.571,0.529,0.543,0.043,0.665,0.413,0.095,0.607,0.526
7PNB_l_2_NAG;0.474,0.484,0.673,0.592,0.483,0.437,0.474,0.584,0.673,0.398,0.481,0.682,0.578,0.588,0.558,0.558,0.561,0.635,0.477,0.445,0.567,0.658,0.387,0.669,0.584,0.560,0.481,0.656,0.440,0.036,0.037,0.368,0.447,0.394,0.446,0.667,0.539,0.356,0.565,0.425,0.546,0.561,0.478,0.584,0.599,0.563,0.682,0.483,0.449,0.376,0.584,0.389,0.550,0.635,0.363,0.575,0.565,0.573,0.597,0.051,0.470,0.558,0.588,0.478,0.404,0.393,0.384,0.577,0.398,0.684,0.468,0.677,0.346,0.360,0.382,0.682,0.675,0.558,0.539,0.561,0.584,0.372,0.575,0.354,0.586,0.567,0.558,0.578,0.402,0.577,0.594,0.677,0.565,0.397,0.573,0.537,0.684,0.594,0.361,0.641,0.023,0.477,0.567,0.019,0.539,0.588,0.567,0.573,0.438,0.582,0.477,0.563,0.563,0.390,0.353,0.590,0.560,0.595,0.413,0.588,0.022,0.561,0.356,0.631,0.650,0.578,0.577,0.639,0.397,0.662,0.575,0.408,0.546,0.650,0.413,0.578,0.635,0.684,0.567,0.682,0.595,0.543,0.582,0.348,0.578,0.561,0.673,0.577,0.556,0.393,0.361,0.684,0.409,0.584,0.473,0.573,0.584,0.390,0.569,0.637,0.584,0.590,0.546,0.483,0.435,0.584,0.379,0.584,0.563,0.349,0.594,0.571,0.479,0.558,0.550,0.482,0.552,0.631,0.639,0.567,0.573,0.561,0.641,0.637,0.345,0.577,0.543,0.539,0.573,0.353,0.601,0.350,0.671,0.397,0.364,0.577,0.671,0.573,0.673,0.539,0.552,0.584,0.679,0.679,0.424,0.000,0.546,0.584,0.065,0.594,0.390,0.650,0.681,0.560,0.578,0.384,0.448,0.401,0.592,0.561,0.386,0.376,0.560,0.571,0.582,0.575,0.577,0.396,0.421,0.350,0.415,0.682,0.539,0.392,0.391,0.633,0.588,0.667,0.582,0.575,0.398,0.694,0.567,0.346,0.571,0.588,0.586,0.558,0.408,0.684,0.019,0.401,0.637,0.582
7PNB_V_6_MAN;0.586,0.562,0.373,0.339,0.564,0.531,0.588,0.306,0.427,0.544,0.557,0.385,0.370,0.118,0.133,0.094,0.136,0.361,0.555,0.526,0.112,0.421,0.560,0.433,0.164,0.094,0.557,0.348,0.527,0.537,0.550,0.533,0.530,0.548,0.573,0.379,0.248,0.509,0.015,0.544,0.015,0.088,0.590,0.164,0.218,0.094,0.488,0.570,0.529,0.541,0.206,0.567,0.015,0.361,0.533,0.339,0.082,0.191,0.342,0.541,0.586,0.133,0.209,0.590,0.561,0.560,0.570,0.367,0.550,0.382,0.592,0.379,0.520,0.509,0.559,0.488,0.436,0.136,0.248,0.082,0.161,0.541,0.191,0.529,0.118,0.094,0.006,0.121,0.559,0.194,0.345,0.430,0.015,0.550,0.197,0.245,0.485,0.358,0.512,0.339,0.548,0.557,0.100,0.533,0.248,0.118,0.088,0.094,0.544,0.164,0.590,0.130,0.079,0.554,0.526,0.209,0.079,0.345,0.544,0.342,0.543,0.130,0.527,0.355,0.339,0.303,0.191,0.342,0.550,0.348,0.333,0.543,0.009,0.339,0.543,0.352,0.361,0.488,0.136,0.488,0.212,0.245,0.197,0.510,0.364,0.106,0.421,0.355,0.130,0.544,0.520,0.485,0.539,0.164,0.582,0.364,0.164,0.548,0.333,0.364,0.164,0.209,0.021,0.559,0.529,0.333,0.558,0.161,0.133,0.524,0.342,0.361,0.555,0.133,0.015,0.592,0.130,0.355,0.342,0.118,0.197,0.136,0.345,0.364,0.527,0.333,0.245,0.248,0.364,0.503,0.215,0.514,0.373,0.550,0.518,0.191,0.436,0.130,0.367,0.248,0.106,0.112,0.370,0.379,0.546,0.546,0.000,0.112,0.546,0.339,0.563,0.339,0.433,0.079,0.109,0.570,0.535,0.550,0.206,0.139,0.556,0.543,0.139,0.139,0.164,0.118,0.191,0.550,0.545,0.522,0.541,0.485,0.248,0.557,0.570,0.358,0.345,0.430,0.330,0.191,0.550,0.488,0.133,0.514,0.361,0.309,0.118,0.130,0.541,0.485,0.544,0.546,0.364,0.115
7PNB_g_5_MAN;0.611,0.572,0.361,0.348,0.574,0.539,0.616,0.309,0.433,0.550,0.566,0.358,0.358,0.003,0.109,0.106,0.115,0.342,0.566,0.531,0.118,0.424,0.567,0.436,0.109,0.094,0.566,0.333,0.545,0.565,0.575,0.543,0.545,0.558,0.556,0.367,0.252,0.522,0.115,0.557,0.109,0.088,0.614,0.109,0.230,0.112,0.500,0.574,0.548,0.550,0.221,0.552,0.112,0.342,0.541,0.333,0.073,0.206,0.345,0.580,0.607,0.106,0.218,0.614,0.569,0.573,0.566,0.355,0.533,0.361,0.616,0.358,0.529,0.522,0.544,0.503,0.442,0.106,0.252,0.079,0.109,0.541,0.206,0.522,0.009,0.112,0.106,0.024,0.559,0.209,0.348,0.433,0.115,0.556,0.200,0.255,0.500,0.355,0.533,0.333,0.586,0.568,0.115,0.567,0.252,0.003,0.106,0.088,0.550,0.115,0.614,0.091,0.076,0.560,0.518,0.218,0.070,0.355,0.524,0.342,0.577,0.091,0.516,0.339,0.324,0.306,0.206,0.336,0.556,0.333,0.327,0.526,0.112,0.324,0.526,0.339,0.342,0.497,0.094,0.500,0.224,0.248,0.209,0.509,0.352,0.121,0.427,0.342,0.109,0.550,0.533,0.500,0.522,0.109,0.607,0.352,0.109,0.552,0.327,0.336,0.109,0.218,0.106,0.568,0.548,0.327,0.550,0.109,0.097,0.533,0.345,0.348,0.566,0.109,0.112,0.618,0.109,0.339,0.336,0.121,0.200,0.115,0.345,0.336,0.516,0.327,0.248,0.252,0.352,0.522,0.221,0.512,0.345,0.554,0.510,0.206,0.430,0.109,0.352,0.252,0.118,0.009,0.358,0.358,0.526,0.584,0.112,0.000,0.582,0.348,0.554,0.324,0.433,0.070,0.012,0.555,0.550,0.556,0.221,0.115,0.563,0.554,0.097,0.106,0.115,0.124,0.206,0.554,0.544,0.518,0.531,0.503,0.252,0.549,0.555,0.345,0.345,0.436,0.324,0.206,0.556,0.494,0.094,0.516,0.348,0.312,0.009,0.100,0.527,0.497,0.580,0.535,0.336,0.009
7PNB_0_2_NAG;0.485,0.486,0.660,0.588,0.484,0.441,0.479,0.575,0.660,0.413,0.483,0.671,0.577,0.584,0.544,0.554,0.548,0.633,0.479,0.455,0.567,0.654,0.382,0.658,0.569,0.563,0.483,0.658,0.446,0.060,0.056,0.382,0.450,0.409,0.445,0.656,0.524,0.372,0.567,0.432,0.550,0.565,0.485,0.569,0.595,0.563,0.679,0.483,0.455,0.387,0.586,0.394,0.548,0.633,0.379,0.561,0.565,0.563,0.582,0.059,0.481,0.544,0.592,0.485,0.397,0.387,0.391,0.577,0.385,0.667,0.474,0.664,0.363,0.378,0.387,0.679,0.660,0.544,0.524,0.563,0.569,0.389,0.565,0.352,0.582,0.567,0.558,0.575,0.400,0.567,0.590,0.662,0.563,0.412,0.560,0.522,0.679,0.584,0.382,0.645,0.060,0.479,0.560,0.065,0.524,0.584,0.567,0.575,0.437,0.567,0.484,0.560,0.565,0.387,0.350,0.594,0.560,0.584,0.400,0.575,0.062,0.558,0.356,0.631,0.652,0.577,0.563,0.643,0.412,0.662,0.569,0.401,0.550,0.652,0.408,0.577,0.633,0.679,0.561,0.679,0.595,0.527,0.586,0.346,0.578,0.556,0.662,0.575,0.543,0.409,0.378,0.679,0.405,0.569,0.485,0.571,0.569,0.389,0.563,0.635,0.569,0.594,0.544,0.484,0.435,0.578,0.394,0.569,0.560,0.363,0.590,0.573,0.480,0.544,0.552,0.486,0.541,0.631,0.643,0.567,0.560,0.548,0.637,0.635,0.343,0.571,0.527,0.524,0.571,0.372,0.597,0.348,0.658,0.411,0.360,0.563,0.660,0.567,0.660,0.524,0.546,0.580,0.667,0.665,0.413,0.065,0.546,0.582,0.000,0.590,0.379,0.652,0.662,0.560,0.575,0.387,0.455,0.416,0.588,0.548,0.379,0.385,0.556,0.567,0.567,0.567,0.563,0.409,0.395,0.346,0.411,0.679,0.524,0.387,0.382,0.631,0.575,0.656,0.577,0.561,0.413,0.686,0.561,0.342,0.571,0.578,0.582,0.554,0.397,0.679,0.059,0.391,0.635,0.580
7PNB_j_4_MAN;0.565,0.553,0.458,0.003,0.561,0.578,0.565,0.418,0.473,0.586,0.553,0.464,0.373,0.361,0.342,0.355,0.348,0.455,0.551,0.614,0.330,0.470,0.575,0.476,0.339,0.370,0.553,0.433,0.617,0.586,0.590,0.580,0.604,0.584,0.612,0.458,0.352,0.590,0.342,0.633,0.348,0.348,0.561,0.339,0.403,0.336,0.488,0.562,0.601,0.573,0.388,0.628,0.336,0.455,0.599,0.439,0.327,0.385,0.021,0.582,0.571,0.339,0.391,0.561,0.577,0.580,0.650,0.382,0.614,0.455,0.560,0.458,0.584,0.580,0.623,0.491,0.473,0.345,0.352,0.352,0.339,0.573,0.385,0.565,0.358,0.318,0.339,0.364,0.631,0.388,0.006,0.473,0.342,0.590,0.385,0.358,0.488,0.027,0.563,0.424,0.595,0.551,0.312,0.586,0.352,0.361,0.318,0.358,0.612,0.339,0.561,0.336,0.336,0.569,0.567,0.391,0.342,0.009,0.607,0.036,0.586,0.336,0.560,0.442,0.427,0.418,0.385,0.421,0.590,0.430,0.445,0.616,0.339,0.427,0.609,0.361,0.455,0.488,0.348,0.488,0.397,0.364,0.376,0.567,0.385,0.321,0.476,0.370,0.345,0.586,0.578,0.488,0.611,0.339,0.571,0.373,0.339,0.573,0.439,0.448,0.339,0.391,0.336,0.553,0.599,0.452,0.631,0.339,0.352,0.569,0.006,0.376,0.555,0.342,0.336,0.558,0.339,0.442,0.421,0.330,0.385,0.348,0.424,0.448,0.554,0.445,0.364,0.352,0.373,0.571,0.406,0.560,0.448,0.595,0.554,0.385,0.461,0.345,0.452,0.352,0.309,0.361,0.461,0.458,0.612,0.594,0.339,0.348,0.590,0.000,0.624,0.427,0.470,0.342,0.352,0.633,0.611,0.590,0.388,0.348,0.578,0.567,0.352,0.352,0.339,0.336,0.385,0.595,0.562,0.561,0.612,0.488,0.352,0.634,0.636,0.476,0.033,0.476,0.452,0.385,0.590,0.488,0.348,0.571,0.382,0.421,0.358,0.348,0.612,0.485,0.580,0.601,0.448,0.352
7PNB_0_1_NAG;0.481,0.483,0.669,0.622,0.476,0.449,0.495,0.560,0.667,0.452,0.473,0.675,0.592,0.558,0.558,0.577,0.560,0.654,0.477,0.452,0.580,0.665,0.389,0.667,0.554,0.577,0.473,0.669,0.440,0.382,0.398,0.431,0.458,0.460,0.451,0.664,0.584,0.420,0.565,0.447,0.561,0.578,0.489,0.554,0.573,0.578,0.732,0.470,0.437,0.385,0.569,0.058,0.563,0.654,0.424,0.537,0.571,0.577,0.612,0.378,0.496,0.558,0.575,0.492,0.400,0.393,0.100,0.592,0.382,0.665,0.488,0.667,0.413,0.422,0.063,0.733,0.671,0.560,0.584,0.571,0.554,0.380,0.577,0.427,0.554,0.582,0.571,0.554,0.076,0.578,0.624,0.669,0.569,0.455,0.571,0.588,0.733,0.624,0.433,0.669,0.379,0.479,0.571,0.394,0.584,0.558,0.578,0.580,0.438,0.552,0.496,0.565,0.573,0.397,0.418,0.575,0.565,0.620,0.389,0.614,0.389,0.565,0.431,0.650,0.667,0.552,0.571,0.671,0.452,0.675,0.535,0.401,0.560,0.667,0.396,0.588,0.654,0.732,0.569,0.732,0.575,0.586,0.567,0.424,0.586,0.565,0.664,0.582,0.560,0.446,0.419,0.733,0.383,0.554,0.493,0.582,0.554,0.389,0.527,0.648,0.554,0.575,0.563,0.475,0.446,0.539,0.073,0.554,0.569,0.415,0.624,0.590,0.470,0.558,0.560,0.493,0.560,0.650,0.671,0.582,0.571,0.560,0.667,0.648,0.420,0.535,0.586,0.584,0.582,0.422,0.567,0.416,0.656,0.456,0.429,0.571,0.664,0.567,0.669,0.584,0.565,0.558,0.671,0.665,0.396,0.390,0.563,0.554,0.379,0.624,0.000,0.667,0.664,0.565,0.560,0.076,0.435,0.457,0.565,0.558,0.400,0.383,0.569,0.575,0.552,0.578,0.571,0.457,0.477,0.427,0.389,0.733,0.584,0.111,0.084,0.656,0.616,0.667,0.537,0.571,0.457,0.733,0.569,0.429,0.582,0.561,0.554,0.567,0.389,0.732,0.393,0.397,0.648,0.550
7PNB_T_3_YZT;0.660,0.663,0.230,0.427,0.672,0.607,0.660,0.442,0.324,0.605,0.663,0.203,0.418,0.327,0.352,0.327,0.352,0.121,0.659,0.594,0.312,0.315,0.618,0.324,0.352,0.330,0.663,0.006,0.614,0.639,0.647,0.588,0.608,0.607,0.626,0.218,0.339,0.594,0.336,0.619,0.342,0.327,0.656,0.352,0.285,0.321,0.467,0.678,0.607,0.612,0.279,0.677,0.330,0.124,0.595,0.458,0.312,0.276,0.424,0.641,0.656,0.348,0.279,0.656,0.618,0.616,0.665,0.415,0.603,0.230,0.660,0.233,0.597,0.592,0.669,0.464,0.336,0.355,0.339,0.321,0.348,0.605,0.273,0.622,0.321,0.321,0.333,0.321,0.661,0.279,0.427,0.321,0.336,0.609,0.264,0.336,0.458,0.439,0.586,0.015,0.650,0.659,0.312,0.633,0.339,0.327,0.321,0.321,0.605,0.348,0.658,0.342,0.318,0.618,0.618,0.279,0.315,0.433,0.597,0.421,0.635,0.342,0.612,0.121,0.012,0.439,0.270,0.027,0.609,0.039,0.455,0.590,0.339,0.006,0.595,0.406,0.121,0.458,0.348,0.467,0.288,0.336,0.273,0.603,0.418,0.309,0.309,0.415,0.352,0.605,0.588,0.458,0.599,0.352,0.652,0.424,0.352,0.609,0.452,0.133,0.352,0.279,0.324,0.669,0.611,0.461,0.660,0.348,0.342,0.597,0.424,0.412,0.665,0.352,0.330,0.660,0.342,0.121,0.027,0.312,0.264,0.352,0.036,0.139,0.616,0.455,0.336,0.339,0.424,0.590,0.282,0.609,0.227,0.607,0.603,0.270,0.315,0.345,0.218,0.339,0.315,0.327,0.227,0.227,0.601,0.650,0.339,0.324,0.652,0.427,0.667,0.000,0.318,0.315,0.324,0.674,0.616,0.609,0.279,0.352,0.616,0.612,0.345,0.345,0.348,0.318,0.270,0.607,0.589,0.614,0.601,0.455,0.339,0.655,0.678,0.130,0.424,0.318,0.461,0.273,0.609,0.452,0.345,0.595,0.421,0.445,0.321,0.348,0.597,0.455,0.645,0.599,0.127,0.321
7PNB_L_3_YZT;0.673,0.652,0.279,0.470,0.661,0.641,0.671,0.445,0.012,0.679,0.652,0.297,0.418,0.430,0.433,0.458,0.430,0.291,0.652,0.650,0.467,0.042,0.650,0.015,0.445,0.461,0.652,0.321,0.655,0.679,0.692,0.631,0.636,0.677,0.675,0.276,0.385,0.631,0.436,0.665,0.436,0.461,0.675,0.445,0.458,0.445,0.521,0.661,0.645,0.652,0.442,0.675,0.439,0.288,0.635,0.455,0.436,0.415,0.455,0.677,0.688,0.430,0.445,0.675,0.645,0.648,0.670,0.424,0.664,0.291,0.673,0.282,0.628,0.631,0.669,0.524,0.012,0.433,0.385,0.452,0.442,0.643,0.415,0.652,0.430,0.427,0.445,0.424,0.663,0.418,0.476,0.003,0.436,0.679,0.415,0.391,0.527,0.485,0.639,0.321,0.681,0.648,0.433,0.679,0.385,0.430,0.433,0.461,0.645,0.445,0.675,0.445,0.448,0.639,0.650,0.445,0.439,0.470,0.664,0.467,0.679,0.445,0.650,0.291,0.321,0.439,0.409,0.324,0.679,0.342,0.442,0.667,0.433,0.321,0.669,0.412,0.291,0.515,0.445,0.521,0.448,0.391,0.430,0.652,0.427,0.424,0.015,0.415,0.430,0.679,0.624,0.521,0.664,0.445,0.682,0.418,0.445,0.641,0.448,0.288,0.445,0.445,0.445,0.657,0.626,0.439,0.669,0.442,0.452,0.629,0.479,0.421,0.657,0.430,0.439,0.677,0.430,0.291,0.336,0.467,0.415,0.430,0.327,0.282,0.647,0.442,0.391,0.385,0.418,0.633,0.455,0.648,0.282,0.681,0.645,0.409,0.027,0.452,0.297,0.385,0.421,0.430,0.282,0.288,0.667,0.681,0.433,0.433,0.662,0.470,0.664,0.318,0.000,0.439,0.427,0.672,0.639,0.679,0.442,0.430,0.641,0.650,0.452,0.452,0.445,0.448,0.409,0.681,0.644,0.654,0.675,0.521,0.385,0.652,0.669,0.300,0.470,0.018,0.439,0.409,0.679,0.521,0.442,0.654,0.424,0.448,0.430,0.442,0.665,0.518,0.681,0.665,0.282,0.436
7PNB_x_5_MAN;0.609,0.598,0.358,0.342,0.600,0.539,0.614,0.309,0.436,0.543,0.593,0.364,0.339,0.076,0.148,0.036,0.155,0.342,0.593,0.524,0.061,0.421,0.563,0.439,0.148,0.018,0.593,0.324,0.544,0.544,0.554,0.531,0.540,0.546,0.565,0.364,0.258,0.503,0.088,0.555,0.088,0.018,0.612,0.148,0.197,0.045,0.488,0.606,0.543,0.546,0.188,0.561,0.085,0.342,0.529,0.336,0.009,0.176,0.339,0.554,0.607,0.145,0.194,0.612,0.565,0.563,0.562,0.336,0.546,0.367,0.614,0.364,0.516,0.509,0.551,0.491,0.445,0.145,0.258,0.003,0.145,0.548,0.176,0.537,0.073,0.058,0.073,0.073,0.557,0.179,0.342,0.439,0.088,0.548,0.170,0.255,0.488,0.348,0.516,0.315,0.561,0.595,0.064,0.544,0.258,0.076,0.052,0.018,0.548,0.145,0.612,0.076,0.006,0.558,0.529,0.194,0.000,0.348,0.541,0.336,0.554,0.076,0.531,0.336,0.315,0.306,0.176,0.318,0.548,0.324,0.333,0.539,0.085,0.315,0.539,0.321,0.342,0.485,0.082,0.488,0.200,0.255,0.185,0.514,0.333,0.067,0.424,0.324,0.145,0.543,0.520,0.488,0.535,0.148,0.607,0.333,0.148,0.560,0.330,0.345,0.148,0.194,0.079,0.595,0.543,0.330,0.552,0.145,0.079,0.526,0.339,0.330,0.593,0.148,0.085,0.616,0.139,0.336,0.318,0.061,0.170,0.155,0.327,0.345,0.527,0.333,0.255,0.258,0.333,0.509,0.194,0.518,0.361,0.546,0.522,0.176,0.433,0.097,0.355,0.258,0.070,0.076,0.348,0.364,0.543,0.560,0.079,0.070,0.560,0.342,0.565,0.315,0.439,0.000,0.073,0.559,0.543,0.548,0.188,0.155,0.560,0.546,0.079,0.088,0.145,0.079,0.176,0.546,0.538,0.529,0.537,0.491,0.258,0.547,0.561,0.345,0.339,0.436,0.327,0.176,0.548,0.482,0.079,0.514,0.330,0.312,0.073,0.082,0.537,0.485,0.556,0.537,0.345,0.067
7PNB_l_5_MAN;0.603,0.581,0.358,0.352,0.583,0.543,0.609,0.309,0.427,0.554,0.576,0.355,0.373,0.009,0.121,0.115,0.124,0.336,0.576,0.539,0.112,0.418,0.575,0.430,0.106,0.103,0.576,0.330,0.553,0.561,0.569,0.539,0.551,0.558,0.554,0.364,0.242,0.514,0.118,0.566,0.112,0.097,0.607,0.106,0.221,0.106,0.494,0.583,0.550,0.560,0.206,0.560,0.115,0.336,0.537,0.333,0.076,0.194,0.348,0.575,0.599,0.115,0.215,0.607,0.577,0.580,0.574,0.370,0.544,0.358,0.609,0.355,0.526,0.514,0.549,0.497,0.436,0.118,0.242,0.082,0.106,0.550,0.194,0.522,0.009,0.112,0.103,0.024,0.564,0.197,0.352,0.427,0.118,0.560,0.188,0.245,0.494,0.358,0.526,0.333,0.580,0.578,0.115,0.561,0.242,0.009,0.106,0.097,0.556,0.106,0.607,0.088,0.079,0.563,0.520,0.215,0.073,0.358,0.535,0.345,0.573,0.088,0.516,0.339,0.324,0.306,0.194,0.336,0.560,0.330,0.327,0.537,0.115,0.324,0.539,0.355,0.336,0.491,0.085,0.494,0.221,0.239,0.200,0.510,0.367,0.121,0.421,0.358,0.121,0.554,0.526,0.494,0.535,0.106,0.599,0.367,0.106,0.558,0.327,0.330,0.106,0.215,0.109,0.578,0.552,0.327,0.558,0.106,0.076,0.529,0.348,0.364,0.576,0.118,0.115,0.611,0.121,0.339,0.336,0.121,0.188,0.124,0.345,0.330,0.516,0.327,0.239,0.242,0.367,0.514,0.218,0.514,0.342,0.558,0.512,0.194,0.424,0.094,0.342,0.242,0.124,0.003,0.355,0.355,0.539,0.578,0.109,0.012,0.575,0.352,0.560,0.324,0.427,0.073,0.000,0.562,0.556,0.560,0.206,0.124,0.571,0.561,0.082,0.091,0.106,0.136,0.194,0.558,0.557,0.520,0.544,0.497,0.242,0.555,0.562,0.339,0.348,0.430,0.324,0.194,0.560,0.488,0.085,0.520,0.364,0.312,0.009,0.079,0.541,0.491,0.575,0.546,0.330,0.015
7PNB_W_1_NAG;0.497,0.504,0.680,0.631,0.497,0.472,0.512,0.557,0.667,0.451,0.494,0.684,0.593,0.561,0.553,0.578,0.553,0.667,0.499,0.476,0.578,0.661,0.413,0.667,0.555,0.572,0.494,0.676,0.466,0.377,0.384,0.422,0.477,0.454,0.473,0.670,0.585,0.417,0.570,0.468,0.562,0.574,0.506,0.555,0.578,0.580,0.725,0.493,0.469,0.413,0.574,0.032,0.570,0.667,0.413,0.532,0.561,0.578,0.625,0.380,0.506,0.553,0.578,0.509,0.426,0.417,0.052,0.591,0.418,0.674,0.505,0.680,0.411,0.418,0.026,0.727,0.676,0.553,0.585,0.566,0.555,0.406,0.580,0.447,0.557,0.583,0.576,0.551,0.069,0.580,0.633,0.678,0.576,0.454,0.574,0.587,0.729,0.633,0.433,0.672,0.384,0.500,0.568,0.391,0.585,0.561,0.580,0.578,0.464,0.553,0.513,0.562,0.568,0.417,0.437,0.578,0.559,0.629,0.420,0.627,0.382,0.562,0.450,0.661,0.674,0.551,0.574,0.674,0.450,0.682,0.534,0.442,0.564,0.674,0.422,0.589,0.667,0.725,0.568,0.725,0.580,0.589,0.570,0.447,0.585,0.562,0.667,0.583,0.553,0.446,0.407,0.729,0.418,0.555,0.506,0.583,0.555,0.404,0.530,0.663,0.555,0.578,0.570,0.497,0.476,0.536,0.069,0.555,0.568,0.413,0.633,0.589,0.492,0.553,0.564,0.512,0.555,0.661,0.674,0.580,0.574,0.553,0.670,0.663,0.442,0.534,0.589,0.585,0.583,0.415,0.572,0.437,0.669,0.444,0.446,0.574,0.670,0.570,0.672,0.585,0.561,0.561,0.680,0.678,0.428,0.384,0.570,0.555,0.387,0.633,0.076,0.674,0.672,0.559,0.562,0.000,0.468,0.454,0.570,0.553,0.424,0.411,0.566,0.572,0.553,0.576,0.574,0.443,0.481,0.451,0.421,0.729,0.585,0.058,0.022,0.669,0.629,0.667,0.534,0.572,0.455,0.729,0.568,0.440,0.581,0.559,0.557,0.564,0.417,0.727,0.387,0.428,0.663,0.551
7PNB_f_1_NAG;0.495,0.497,0.637,0.609,0.505,0.106,0.515,0.582,0.650,0.380,0.495,0.628,0.575,0.554,0.552,0.543,0.544,0.612,0.495,0.059,0.565,0.650,0.374,0.647,0.560,0.544,0.495,0.618,0.102,0.448,0.462,0.343,0.118,0.376,0.398,0.637,0.571,0.356,0.533,0.114,0.533,0.543,0.501,0.560,0.567,0.561,0.716,0.498,0.080,0.387,0.565,0.451,0.537,0.612,0.332,0.586,0.544,0.554,0.603,0.455,0.505,0.554,0.567,0.504,0.391,0.385,0.472,0.578,0.346,0.631,0.504,0.635,0.346,0.357,0.454,0.718,0.652,0.554,0.571,0.541,0.560,0.380,0.552,0.346,0.556,0.554,0.535,0.560,0.440,0.552,0.611,0.643,0.539,0.382,0.554,0.573,0.716,0.614,0.343,0.616,0.449,0.492,0.552,0.445,0.571,0.554,0.558,0.546,0.087,0.561,0.505,0.550,0.543,0.398,0.339,0.567,0.543,0.612,0.363,0.597,0.437,0.550,0.356,0.609,0.616,0.573,0.550,0.618,0.379,0.620,0.588,0.331,0.531,0.616,0.372,0.575,0.612,0.716,0.554,0.716,0.567,0.569,0.565,0.356,0.580,0.550,0.639,0.577,0.550,0.386,0.352,0.716,0.372,0.560,0.499,0.578,0.560,0.380,0.578,0.612,0.560,0.567,0.541,0.503,0.093,0.590,0.437,0.560,0.558,0.356,0.611,0.580,0.497,0.552,0.531,0.512,0.550,0.609,0.618,0.563,0.554,0.544,0.620,0.612,0.337,0.588,0.569,0.571,0.578,0.348,0.561,0.338,0.628,0.378,0.343,0.550,0.631,0.554,0.639,0.571,0.548,0.558,0.635,0.635,0.368,0.448,0.535,0.550,0.455,0.611,0.435,0.616,0.639,0.543,0.556,0.468,0.000,0.382,0.565,0.548,0.391,0.390,0.558,0.554,0.561,0.554,0.550,0.378,0.384,0.350,0.382,0.716,0.571,0.469,0.469,0.614,0.601,0.647,0.588,0.552,0.387,0.716,0.554,0.356,0.582,0.582,0.556,0.556,0.370,0.715,0.445,0.346,0.612,0.546
7PNB_m_2_NAG;0.496,0.513,0.618,0.588,0.513,0.376,0.505,0.620,0.675,0.014,0.512,0.616,0.580,0.561,0.558,0.548,0.556,0.588,0.512,0.379,0.552,0.660,0.404,0.667,0.569,0.548,0.512,0.612,0.376,0.386,0.393,0.214,0.388,0.004,0.429,0.620,0.577,0.246,0.558,0.382,0.552,0.550,0.503,0.569,0.582,0.560,0.686,0.520,0.379,0.401,0.580,0.459,0.550,0.588,0.214,0.620,0.550,0.584,0.590,0.402,0.490,0.558,0.584,0.500,0.396,0.396,0.453,0.578,0.397,0.616,0.495,0.616,0.232,0.240,0.453,0.688,0.684,0.556,0.577,0.550,0.569,0.393,0.584,0.305,0.560,0.563,0.552,0.558,0.453,0.582,0.586,0.681,0.561,0.012,0.577,0.578,0.688,0.588,0.227,0.611,0.407,0.512,0.546,0.401,0.577,0.561,0.563,0.554,0.375,0.567,0.499,0.560,0.552,0.413,0.306,0.586,0.548,0.590,0.411,0.578,0.394,0.558,0.301,0.582,0.609,0.620,0.580,0.609,0.010,0.607,0.624,0.400,0.550,0.609,0.409,0.580,0.588,0.686,0.565,0.686,0.590,0.575,0.584,0.286,0.577,0.544,0.664,0.578,0.554,0.010,0.243,0.688,0.418,0.569,0.489,0.577,0.569,0.371,0.616,0.586,0.569,0.586,0.546,0.514,0.379,0.631,0.440,0.569,0.558,0.231,0.586,0.577,0.513,0.558,0.546,0.507,0.554,0.582,0.609,0.556,0.577,0.556,0.612,0.586,0.312,0.626,0.575,0.577,0.577,0.245,0.575,0.286,0.611,0.021,0.284,0.580,0.664,0.565,0.616,0.577,0.543,0.558,0.616,0.618,0.412,0.401,0.550,0.556,0.416,0.590,0.457,0.609,0.679,0.548,0.560,0.454,0.382,0.000,0.580,0.558,0.416,0.396,0.561,0.565,0.567,0.548,0.580,0.021,0.404,0.302,0.412,0.688,0.577,0.464,0.454,0.586,0.580,0.667,0.633,0.580,0.005,0.690,0.565,0.290,0.575,0.622,0.560,0.560,0.416,0.686,0.398,0.401,0.586,0.550
7PNB_s_4_BGC;0.622,0.614,0.379,0.388,0.619,0.556,0.626,0.324,0.436,0.578,0.608,0.370,0.406,0.218,0.248,0.209,0.252,0.276,0.608,0.554,0.182,0.403,0.567,0.427,0.194,0.197,0.608,0.288,0.564,0.573,0.584,0.573,0.547,0.573,0.580,0.370,0.255,0.550,0.197,0.564,0.206,0.203,0.622,0.194,0.003,0.179,0.552,0.625,0.554,0.563,0.006,0.575,0.203,0.276,0.577,0.327,0.182,0.061,0.394,0.580,0.622,0.242,0.024,0.622,0.565,0.565,0.574,0.403,0.531,0.382,0.626,0.388,0.563,0.552,0.570,0.555,0.455,0.252,0.255,0.194,0.194,0.552,0.061,0.592,0.212,0.185,0.200,0.203,0.561,0.064,0.388,0.445,0.197,0.580,0.052,0.252,0.548,0.394,0.546,0.279,0.588,0.608,0.191,0.571,0.255,0.218,0.185,0.197,0.548,0.191,0.624,0.161,0.197,0.561,0.588,0.024,0.188,0.394,0.524,0.382,0.582,0.164,0.578,0.279,0.279,0.321,0.058,0.276,0.580,0.288,0.330,0.527,0.203,0.279,0.524,0.394,0.276,0.548,0.158,0.552,0.018,0.252,0.021,0.569,0.400,0.194,0.418,0.397,0.255,0.578,0.561,0.548,0.524,0.194,0.620,0.400,0.194,0.548,0.318,0.279,0.194,0.024,0.197,0.616,0.563,0.330,0.560,0.194,0.155,0.563,0.385,0.397,0.610,0.245,0.203,0.631,0.239,0.279,0.276,0.182,0.052,0.252,0.285,0.279,0.582,0.330,0.252,0.255,0.400,0.544,0.006,0.577,0.376,0.578,0.571,0.058,0.418,0.139,0.352,0.255,0.194,0.218,0.382,0.391,0.531,0.592,0.206,0.221,0.588,0.388,0.565,0.279,0.442,0.188,0.206,0.570,0.565,0.580,0.000,0.252,0.573,0.565,0.155,0.142,0.191,0.194,0.058,0.578,0.547,0.586,0.527,0.552,0.255,0.561,0.580,0.282,0.382,0.424,0.327,0.058,0.580,0.542,0.158,0.554,0.397,0.327,0.212,0.158,0.520,0.545,0.578,0.539,0.279,0.215
7PNB_m_6_MAN;0.599,0.564,0.382,0.348,0.572,0.535,0.601,0.324,0.427,0.552,0.562,0.409,0.339,0.121,0.006,0.170,0.000,0.367,0.557,0.543,0.182,0.418,0.548,0.427,0.155,0.179,0.562,0.364,0.544,0.546,0.563,0.529,0.532,0.556,0.558,0.388,0.221,0.501,0.139,0.557,0.133,0.170,0.601,0.155,0.258,0.185,0.467,0.572,0.541,0.535,0.252,0.558,0.133,0.367,0.535,0.345,0.158,0.248,0.345,0.554,0.594,0.009,0.245,0.601,0.544,0.552,0.562,0.336,0.526,0.391,0.603,0.388,0.512,0.501,0.544,0.470,0.436,0.009,0.221,0.164,0.152,0.522,0.248,0.533,0.127,0.185,0.145,0.130,0.551,0.252,0.348,0.430,0.139,0.558,0.255,0.221,0.467,0.355,0.509,0.352,0.563,0.559,0.188,0.550,0.221,0.121,0.179,0.173,0.554,0.161,0.601,0.136,0.161,0.541,0.529,0.245,0.155,0.355,0.526,0.345,0.550,0.139,0.526,0.361,0.352,0.315,0.248,0.355,0.558,0.367,0.339,0.518,0.139,0.352,0.522,0.333,0.367,0.464,0.145,0.467,0.252,0.218,0.239,0.520,0.339,0.194,0.421,0.342,0.006,0.552,0.518,0.467,0.520,0.155,0.594,0.342,0.155,0.535,0.336,0.370,0.155,0.245,0.139,0.566,0.539,0.345,0.563,0.155,0.148,0.518,0.345,0.342,0.562,0.006,0.133,0.603,0.012,0.361,0.355,0.185,0.255,0.000,0.364,0.367,0.526,0.339,0.218,0.221,0.342,0.501,0.255,0.524,0.370,0.552,0.520,0.248,0.430,0.158,0.376,0.221,0.188,0.127,0.391,0.388,0.518,0.561,0.139,0.115,0.548,0.348,0.558,0.352,0.430,0.155,0.124,0.553,0.548,0.558,0.252,0.000,0.546,0.537,0.148,0.155,0.161,0.194,0.248,0.552,0.517,0.529,0.526,0.470,0.221,0.544,0.557,0.373,0.348,0.424,0.342,0.248,0.558,0.461,0.145,0.518,0.339,0.327,0.127,0.152,0.522,0.464,0.550,0.524,0.370,0.124
7PNB_X_1_NAG;0.492,0.486,0.609,0.577,0.488,0.393,0.508,0.565,0.641,0.412,0.487,0.603,0.569,0.569,0.550,0.548,0.548,0.631,0.484,0.393,0.558,0.635,0.037,0.635,0.571,0.565,0.487,0.618,0.387,0.378,0.390,0.405,0.402,0.413,0.342,0.603,0.548,0.404,0.560,0.406,0.556,0.558,0.503,0.571,0.578,0.556,0.669,0.487,0.396,0.106,0.573,0.423,0.548,0.631,0.411,0.563,0.550,0.567,0.563,0.372,0.503,0.550,0.571,0.508,0.040,0.047,0.426,0.567,0.255,0.605,0.499,0.607,0.396,0.407,0.413,0.669,0.647,0.552,0.548,0.558,0.569,0.130,0.565,0.380,0.573,0.556,0.560,0.578,0.411,0.567,0.575,0.643,0.554,0.413,0.561,0.552,0.669,0.561,0.400,0.618,0.382,0.484,0.543,0.380,0.548,0.569,0.556,0.561,0.383,0.575,0.505,0.575,0.554,0.063,0.376,0.571,0.560,0.571,0.287,0.548,0.370,0.575,0.376,0.626,0.616,0.565,0.561,0.616,0.411,0.618,0.563,0.264,0.556,0.616,0.288,0.571,0.631,0.669,0.580,0.669,0.580,0.554,0.565,0.374,0.569,0.543,0.626,0.569,0.550,0.409,0.400,0.669,0.319,0.571,0.497,0.573,0.571,0.067,0.560,0.629,0.571,0.571,0.548,0.487,0.397,0.565,0.409,0.569,0.580,0.396,0.575,0.569,0.484,0.550,0.554,0.518,0.543,0.626,0.616,0.550,0.561,0.548,0.612,0.629,0.379,0.563,0.554,0.548,0.573,0.393,0.577,0.372,0.607,0.418,0.375,0.561,0.639,0.582,0.616,0.548,0.543,0.573,0.607,0.607,0.276,0.386,0.556,0.563,0.379,0.578,0.400,0.616,0.641,0.560,0.571,0.424,0.391,0.416,0.573,0.546,0.000,0.096,0.578,0.580,0.575,0.548,0.561,0.411,0.439,0.389,0.305,0.669,0.548,0.415,0.426,0.635,0.550,0.635,0.569,0.563,0.419,0.671,0.578,0.385,0.571,0.567,0.573,0.586,0.295,0.669,0.371,0.249,0.629,0.569
7PNB_c_1_NAG;0.475,0.499,0.624,0.565,0.502,0.380,0.488,0.565,0.650,0.396,0.501,0.616,0.577,0.560,0.541,0.543,0.539,0.628,0.498,0.380,0.544,0.641,0.069,0.645,0.569,0.552,0.501,0.614,0.384,0.374,0.391,0.396,0.400,0.391,0.326,0.616,0.560,0.389,0.543,0.392,0.539,0.544,0.481,0.569,0.571,0.544,0.671,0.501,0.374,0.015,0.565,0.404,0.537,0.628,0.401,0.569,0.544,0.567,0.560,0.361,0.484,0.541,0.565,0.486,0.095,0.066,0.414,0.575,0.254,0.620,0.478,0.622,0.386,0.383,0.402,0.671,0.652,0.543,0.560,0.544,0.567,0.058,0.565,0.374,0.563,0.543,0.546,0.569,0.403,0.567,0.563,0.648,0.543,0.397,0.565,0.563,0.671,0.558,0.385,0.614,0.378,0.498,0.537,0.376,0.560,0.560,0.543,0.548,0.380,0.573,0.484,0.569,0.541,0.140,0.375,0.565,0.546,0.567,0.268,0.544,0.359,0.569,0.374,0.622,0.612,0.565,0.565,0.612,0.394,0.616,0.569,0.269,0.539,0.612,0.272,0.578,0.628,0.671,0.575,0.671,0.573,0.565,0.560,0.371,0.577,0.537,0.635,0.577,0.541,0.390,0.389,0.671,0.290,0.569,0.484,0.580,0.569,0.074,0.565,0.626,0.569,0.565,0.537,0.501,0.383,0.571,0.404,0.567,0.575,0.385,0.563,0.577,0.498,0.541,0.537,0.499,0.533,0.622,0.612,0.539,0.565,0.539,0.616,0.626,0.371,0.569,0.565,0.560,0.580,0.371,0.569,0.365,0.622,0.404,0.371,0.565,0.645,0.577,0.629,0.560,0.537,0.563,0.622,0.622,0.271,0.376,0.543,0.554,0.385,0.567,0.383,0.612,0.650,0.546,0.561,0.411,0.390,0.396,0.565,0.537,0.096,0.000,0.575,0.577,0.573,0.543,0.565,0.394,0.420,0.371,0.287,0.671,0.560,0.413,0.425,0.631,0.546,0.645,0.575,0.567,0.398,0.673,0.573,0.378,0.578,0.567,0.563,0.580,0.283,0.671,0.360,0.242,0.626,0.560
7PNB_W_6_MAN;0.612,0.600,0.376,0.352,0.610,0.544,0.618,0.342,0.448,0.558,0.598,0.382,0.388,0.094,0.145,0.109,0.148,0.339,0.602,0.539,0.106,0.427,0.577,0.448,0.121,0.103,0.598,0.352,0.549,0.543,0.550,0.548,0.545,0.554,0.556,0.385,0.264,0.522,0.145,0.557,0.148,0.109,0.616,0.121,0.170,0.082,0.479,0.604,0.544,0.571,0.155,0.569,0.139,0.339,0.548,0.339,0.076,0.155,0.358,0.552,0.611,0.139,0.170,0.616,0.577,0.578,0.572,0.385,0.535,0.388,0.618,0.382,0.539,0.526,0.559,0.482,0.458,0.142,0.264,0.088,0.121,0.565,0.155,0.558,0.091,0.088,0.133,0.085,0.568,0.158,0.352,0.452,0.139,0.561,0.148,0.261,0.479,0.364,0.529,0.345,0.561,0.598,0.103,0.544,0.264,0.094,0.094,0.103,0.544,0.118,0.616,0.012,0.091,0.558,0.554,0.170,0.079,0.358,0.533,0.355,0.556,0.012,0.552,0.342,0.345,0.330,0.155,0.342,0.561,0.345,0.345,0.531,0.145,0.345,0.533,0.376,0.339,0.476,0.009,0.479,0.173,0.261,0.155,0.541,0.382,0.106,0.442,0.379,0.145,0.558,0.533,0.479,0.531,0.121,0.611,0.382,0.121,0.563,0.333,0.339,0.121,0.170,0.133,0.598,0.552,0.342,0.569,0.121,0.006,0.543,0.348,0.379,0.604,0.142,0.145,0.620,0.145,0.342,0.342,0.103,0.148,0.148,0.352,0.339,0.550,0.345,0.261,0.264,0.382,0.526,0.173,0.544,0.370,0.560,0.546,0.155,0.439,0.021,0.364,0.264,0.109,0.094,0.379,0.385,0.537,0.560,0.139,0.097,0.556,0.352,0.569,0.345,0.452,0.079,0.082,0.566,0.558,0.561,0.155,0.148,0.578,0.575,0.000,0.006,0.118,0.118,0.155,0.560,0.547,0.554,0.537,0.482,0.264,0.564,0.572,0.342,0.355,0.445,0.339,0.155,0.561,0.473,0.009,0.539,0.379,0.345,0.091,0.009,0.531,0.476,0.556,0.531,0.339,0.094
7PNB_g_6_MAN;0.611,0.598,0.376,0.352,0.608,0.541,0.616,0.348,0.448,0.561,0.597,0.382,0.388,0.103,0.152,0.118,0.155,0.339,0.600,0.535,0.115,0.427,0.578,0.448,0.130,0.112,0.597,0.352,0.545,0.554,0.561,0.552,0.542,0.558,0.561,0.385,0.267,0.529,0.136,0.553,0.145,0.118,0.614,0.130,0.158,0.091,0.476,0.602,0.541,0.573,0.142,0.575,0.136,0.339,0.552,0.345,0.085,0.145,0.358,0.563,0.609,0.145,0.158,0.614,0.578,0.580,0.580,0.385,0.537,0.388,0.616,0.382,0.546,0.533,0.564,0.479,0.458,0.148,0.267,0.097,0.130,0.567,0.145,0.565,0.100,0.097,0.133,0.094,0.574,0.148,0.352,0.452,0.130,0.565,0.139,0.264,0.476,0.364,0.537,0.345,0.573,0.597,0.112,0.556,0.267,0.103,0.103,0.112,0.541,0.127,0.614,0.018,0.100,0.560,0.561,0.158,0.088,0.358,0.535,0.355,0.567,0.021,0.560,0.342,0.345,0.336,0.145,0.342,0.565,0.345,0.352,0.533,0.142,0.345,0.535,0.376,0.339,0.473,0.015,0.476,0.161,0.264,0.142,0.548,0.382,0.115,0.442,0.379,0.155,0.561,0.537,0.476,0.533,0.130,0.609,0.382,0.130,0.565,0.339,0.339,0.130,0.158,0.130,0.597,0.548,0.348,0.575,0.130,0.012,0.550,0.348,0.379,0.602,0.148,0.142,0.618,0.152,0.342,0.342,0.112,0.139,0.155,0.352,0.339,0.558,0.352,0.264,0.267,0.382,0.533,0.161,0.552,0.370,0.563,0.554,0.145,0.439,0.015,0.364,0.267,0.118,0.103,0.379,0.385,0.539,0.571,0.139,0.106,0.567,0.352,0.575,0.345,0.452,0.088,0.091,0.572,0.554,0.565,0.142,0.155,0.580,0.577,0.006,0.000,0.127,0.127,0.145,0.563,0.551,0.561,0.539,0.479,0.267,0.572,0.578,0.342,0.355,0.445,0.345,0.145,0.565,0.470,0.015,0.544,0.379,0.352,0.100,0.015,0.533,0.473,0.567,0.533,0.339,0.103
7PNB_r_5_MAN;0.614,0.561,0.394,0.336,0.562,0.537,0.618,0.348,0.442,0.563,0.557,0.394,0.403,0.112,0.158,0.170,0.158,0.348,0.557,0.548,0.170,0.421,0.577,0.439,0.003,0.176,0.557,0.361,0.551,0.563,0.569,0.539,0.542,0.563,0.565,0.388,0.267,0.526,0.167,0.555,0.158,0.176,0.618,0.003,0.209,0.161,0.524,0.562,0.552,0.569,0.191,0.546,0.164,0.348,0.539,0.355,0.148,0.209,0.321,0.577,0.611,0.152,0.215,0.618,0.571,0.577,0.566,0.400,0.544,0.388,0.620,0.400,0.526,0.522,0.544,0.527,0.452,0.158,0.267,0.158,0.003,0.550,0.209,0.535,0.103,0.167,0.164,0.097,0.555,0.212,0.336,0.445,0.167,0.567,0.203,0.270,0.521,0.330,0.524,0.348,0.584,0.559,0.152,0.565,0.267,0.112,0.161,0.170,0.548,0.000,0.618,0.124,0.155,0.556,0.535,0.215,0.145,0.330,0.541,0.318,0.578,0.124,0.529,0.352,0.348,0.342,0.209,0.352,0.567,0.361,0.355,0.544,0.164,0.348,0.544,0.385,0.348,0.521,0.121,0.524,0.212,0.264,0.197,0.527,0.397,0.148,0.436,0.388,0.158,0.563,0.533,0.521,0.531,0.003,0.611,0.397,0.003,0.563,0.352,0.342,0.003,0.215,0.158,0.557,0.548,0.352,0.550,0.003,0.118,0.531,0.333,0.394,0.557,0.155,0.164,0.622,0.161,0.352,0.352,0.173,0.203,0.158,0.348,0.342,0.531,0.355,0.264,0.267,0.397,0.520,0.206,0.533,0.388,0.565,0.527,0.209,0.430,0.130,0.370,0.267,0.145,0.112,0.397,0.400,0.543,0.582,0.164,0.115,0.567,0.339,0.552,0.348,0.445,0.145,0.106,0.553,0.561,0.567,0.191,0.161,0.575,0.573,0.118,0.127,0.000,0.170,0.209,0.565,0.564,0.535,0.541,0.524,0.267,0.545,0.551,0.352,0.318,0.439,0.348,0.209,0.567,0.515,0.121,0.520,0.394,0.352,0.103,0.121,0.539,0.518,0.577,0.554,0.342,0.109
7PNB_Y_6_MAN;0.605,0.587,0.367,0.336,0.597,0.539,0.607,0.318,0.455,0.543,0.583,0.361,0.385,0.130,0.188,0.064,0.197,0.352,0.587,0.531,0.030,0.442,0.552,0.461,0.164,0.076,0.583,0.327,0.545,0.565,0.565,0.522,0.540,0.546,0.575,0.367,0.273,0.512,0.124,0.553,0.130,0.076,0.607,0.167,0.191,0.039,0.518,0.595,0.544,0.541,0.194,0.582,0.115,0.352,0.529,0.321,0.082,0.176,0.330,0.571,0.599,0.185,0.176,0.607,0.554,0.552,0.568,0.382,0.548,0.367,0.607,0.376,0.520,0.516,0.572,0.521,0.464,0.197,0.273,0.079,0.158,0.541,0.173,0.527,0.130,0.021,0.109,0.115,0.578,0.182,0.348,0.448,0.124,0.548,0.167,0.270,0.515,0.342,0.514,0.321,0.577,0.583,0.009,0.554,0.273,0.127,0.027,0.067,0.546,0.170,0.605,0.094,0.079,0.544,0.524,0.176,0.079,0.330,0.543,0.333,0.563,0.103,0.522,0.348,0.318,0.306,0.173,0.318,0.548,0.324,0.327,0.527,0.121,0.318,0.541,0.373,0.348,0.515,0.103,0.518,0.182,0.270,0.179,0.514,0.379,0.012,0.439,0.379,0.194,0.543,0.522,0.518,0.537,0.167,0.601,0.379,0.167,0.548,0.318,0.352,0.161,0.176,0.109,0.585,0.546,0.330,0.575,0.161,0.115,0.516,0.342,0.376,0.589,0.188,0.115,0.609,0.185,0.348,0.318,0.030,0.170,0.197,0.309,0.352,0.522,0.330,0.270,0.273,0.382,0.518,0.188,0.520,0.370,0.543,0.516,0.173,0.448,0.136,0.352,0.273,0.018,0.136,0.364,0.376,0.544,0.575,0.118,0.124,0.567,0.336,0.578,0.318,0.448,0.079,0.136,0.576,0.554,0.548,0.194,0.194,0.548,0.543,0.118,0.127,0.170,0.000,0.176,0.543,0.538,0.524,0.541,0.521,0.273,0.564,0.578,0.355,0.333,0.458,0.327,0.179,0.548,0.512,0.097,0.507,0.376,0.321,0.127,0.115,0.539,0.512,0.571,0.531,0.355,0.127
7PNB_g_4_BGC;0.628,0.627,0.373,0.385,0.633,0.556,0.629,0.300,0.406,0.577,0.619,0.361,0.388,0.203,0.245,0.197,0.248,0.270,0.619,0.544,0.170,0.388,0.558,0.406,0.212,0.188,0.619,0.282,0.557,0.560,0.567,0.541,0.542,0.575,0.573,0.364,0.224,0.531,0.188,0.570,0.197,0.194,0.626,0.212,0.064,0.170,0.509,0.638,0.550,0.563,0.064,0.584,0.188,0.270,0.543,0.303,0.170,0.003,0.379,0.569,0.626,0.239,0.064,0.626,0.560,0.560,0.572,0.385,0.541,0.382,0.629,0.382,0.537,0.539,0.568,0.512,0.418,0.248,0.224,0.182,0.212,0.556,0.003,0.569,0.200,0.176,0.185,0.191,0.566,0.006,0.385,0.412,0.188,0.580,0.006,0.221,0.506,0.391,0.533,0.270,0.573,0.619,0.170,0.561,0.224,0.203,0.176,0.188,0.552,0.209,0.628,0.164,0.185,0.554,0.565,0.064,0.176,0.385,0.537,0.373,0.571,0.167,0.560,0.273,0.270,0.294,0.000,0.267,0.580,0.285,0.306,0.539,0.194,0.270,0.537,0.376,0.270,0.506,0.161,0.509,0.073,0.221,0.058,0.548,0.382,0.173,0.400,0.379,0.252,0.577,0.543,0.506,0.537,0.212,0.624,0.382,0.212,0.543,0.294,0.273,0.212,0.064,0.194,0.629,0.546,0.312,0.569,0.212,0.155,0.537,0.382,0.376,0.621,0.242,0.188,0.629,0.236,0.273,0.267,0.170,0.006,0.248,0.270,0.273,0.560,0.306,0.221,0.224,0.382,0.537,0.067,0.558,0.367,0.578,0.552,0.000,0.400,0.142,0.348,0.224,0.170,0.203,0.376,0.385,0.546,0.577,0.191,0.206,0.563,0.385,0.571,0.270,0.409,0.176,0.194,0.574,0.550,0.580,0.058,0.248,0.561,0.565,0.155,0.145,0.209,0.176,0.000,0.578,0.540,0.563,0.541,0.509,0.224,0.557,0.578,0.276,0.373,0.403,0.309,0.000,0.580,0.500,0.161,0.541,0.379,0.303,0.200,0.158,0.533,0.503,0.573,0.550,0.273,0.203
7PNB_r_2_NAG;0.492,0.508,0.620,0.594,0.508,0.379,0.501,0.618,0.677,0.021,0.506,0.618,0.578,0.560,0.552,0.548,0.550,0.588,0.506,0.376,0.546,0.660,0.398,0.669,0.567,0.548,0.506,0.611,0.381,0.379,0.386,0.213,0.391,0.022,0.413,0.622,0.577,0.243,0.556,0.380,0.548,0.550,0.499,0.567,0.580,0.554,0.686,0.514,0.382,0.402,0.578,0.449,0.548,0.588,0.206,0.616,0.548,0.582,0.595,0.398,0.486,0.552,0.582,0.496,0.390,0.396,0.443,0.577,0.394,0.618,0.490,0.618,0.225,0.232,0.442,0.688,0.686,0.550,0.577,0.548,0.567,0.390,0.582,0.294,0.558,0.558,0.550,0.556,0.439,0.580,0.592,0.682,0.560,0.019,0.575,0.575,0.688,0.594,0.225,0.609,0.401,0.506,0.541,0.394,0.577,0.560,0.558,0.552,0.372,0.565,0.495,0.558,0.550,0.407,0.293,0.584,0.546,0.595,0.404,0.584,0.387,0.556,0.288,0.582,0.607,0.618,0.578,0.607,0.016,0.605,0.620,0.394,0.550,0.607,0.400,0.578,0.588,0.686,0.563,0.686,0.588,0.575,0.582,0.279,0.575,0.539,0.664,0.577,0.548,0.022,0.225,0.688,0.411,0.567,0.485,0.575,0.567,0.371,0.612,0.590,0.567,0.584,0.544,0.509,0.382,0.628,0.440,0.567,0.556,0.224,0.592,0.575,0.508,0.552,0.544,0.503,0.548,0.582,0.607,0.550,0.575,0.550,0.611,0.590,0.301,0.622,0.575,0.577,0.575,0.235,0.573,0.276,0.612,0.008,0.275,0.578,0.665,0.563,0.618,0.577,0.537,0.556,0.618,0.620,0.408,0.396,0.550,0.554,0.409,0.595,0.457,0.607,0.681,0.546,0.558,0.443,0.378,0.021,0.578,0.552,0.411,0.394,0.560,0.563,0.565,0.543,0.578,0.000,0.392,0.297,0.402,0.688,0.577,0.457,0.444,0.586,0.586,0.667,0.629,0.578,0.021,0.688,0.563,0.286,0.573,0.620,0.558,0.558,0.409,0.686,0.391,0.397,0.590,0.548
7E6X_E_2_NAG;0.486,0.460,0.616,0.561,0.466,0.367,0.486,0.566,0.646,0.404,0.460,0.623,0.551,0.557,0.517,0.542,0.513,0.610,0.457,0.376,0.532,0.652,0.431,0.644,0.561,0.542,0.460,0.593,0.380,0.396,0.403,0.402,0.373,0.395,0.410,0.625,0.555,0.391,0.544,0.386,0.532,0.540,0.479,0.562,0.545,0.536,0.652,0.472,0.373,0.420,0.551,0.470,0.536,0.610,0.402,0.576,0.534,0.540,0.562,0.413,0.487,0.515,0.547,0.476,0.442,0.439,0.460,0.553,0.367,0.610,0.479,0.616,0.389,0.396,0.470,0.653,0.652,0.521,0.555,0.538,0.557,0.420,0.540,0.377,0.559,0.536,0.545,0.557,0.463,0.536,0.562,0.648,0.547,0.407,0.542,0.553,0.648,0.566,0.389,0.593,0.420,0.457,0.540,0.409,0.555,0.555,0.536,0.542,0.378,0.564,0.480,0.528,0.542,0.451,0.381,0.547,0.538,0.566,0.378,0.555,0.406,0.532,0.382,0.598,0.589,0.572,0.538,0.595,0.403,0.589,0.581,0.369,0.538,0.589,0.378,0.551,0.608,0.650,0.544,0.652,0.551,0.557,0.549,0.384,0.555,0.538,0.640,0.559,0.515,0.409,0.395,0.650,0.391,0.562,0.488,0.549,0.562,0.428,0.580,0.610,0.559,0.547,0.540,0.461,0.358,0.580,0.469,0.559,0.547,0.400,0.561,0.553,0.461,0.517,0.532,0.487,0.513,0.598,0.595,0.532,0.544,0.513,0.602,0.610,0.370,0.583,0.557,0.555,0.551,0.388,0.547,0.378,0.612,0.398,0.377,0.538,0.646,0.549,0.627,0.555,0.532,0.561,0.619,0.616,0.373,0.421,0.545,0.544,0.395,0.562,0.477,0.589,0.644,0.538,0.557,0.481,0.384,0.404,0.547,0.517,0.439,0.420,0.547,0.551,0.564,0.538,0.540,0.392,0.000,0.380,0.387,0.652,0.555,0.466,0.485,0.616,0.553,0.642,0.583,0.540,0.409,0.646,0.540,0.384,0.551,0.566,0.557,0.549,0.373,0.646,0.410,0.362,0.612,0.538
7PNB_a_2_NAG;0.451,0.468,0.631,0.560,0.473,0.320,0.449,0.575,0.658,0.299,0.462,0.629,0.603,0.526,0.524,0.520,0.529,0.620,0.461,0.360,0.529,0.658,0.382,0.658,0.535,0.531,0.462,0.626,0.347,0.341,0.348,0.225,0.356,0.298,0.408,0.635,0.539,0.245,0.529,0.358,0.522,0.524,0.452,0.535,0.590,0.535,0.686,0.473,0.348,0.370,0.586,0.444,0.526,0.620,0.232,0.590,0.527,0.561,0.554,0.339,0.446,0.524,0.578,0.452,0.372,0.379,0.457,0.607,0.398,0.628,0.448,0.629,0.234,0.236,0.437,0.688,0.656,0.524,0.539,0.527,0.533,0.371,0.561,0.021,0.522,0.524,0.526,0.529,0.446,0.561,0.563,0.652,0.533,0.298,0.561,0.539,0.688,0.565,0.235,0.614,0.356,0.461,0.514,0.349,0.541,0.526,0.524,0.527,0.353,0.535,0.449,0.548,0.522,0.383,0.030,0.580,0.529,0.560,0.402,0.548,0.337,0.548,0.038,0.614,0.616,0.573,0.563,0.618,0.301,0.624,0.588,0.379,0.522,0.616,0.405,0.588,0.620,0.686,0.554,0.686,0.588,0.537,0.577,0.043,0.609,0.516,0.654,0.594,0.524,0.298,0.236,0.688,0.404,0.537,0.444,0.599,0.537,0.361,0.586,0.626,0.535,0.580,0.522,0.469,0.335,0.594,0.455,0.535,0.554,0.236,0.563,0.599,0.461,0.524,0.518,0.455,0.518,0.614,0.618,0.531,0.560,0.529,0.612,0.624,0.025,0.590,0.537,0.539,0.599,0.235,0.588,0.038,0.618,0.297,0.038,0.563,0.650,0.565,0.622,0.541,0.512,0.522,0.633,0.629,0.405,0.350,0.522,0.518,0.346,0.561,0.427,0.614,0.654,0.529,0.520,0.451,0.350,0.302,0.586,0.529,0.389,0.371,0.554,0.561,0.535,0.524,0.563,0.297,0.380,0.000,0.402,0.688,0.539,0.450,0.450,0.618,0.550,0.656,0.594,0.563,0.299,0.688,0.554,0.027,0.603,0.577,0.524,0.546,0.404,0.686,0.339,0.386,0.626,0.518
7PNB_s_1_NAG;0.477,0.514,0.614,0.611,0.512,0.364,0.485,0.571,0.675,0.407,0.506,0.624,0.607,0.537,0.522,0.535,0.524,0.614,0.509,0.361,0.543,0.664,0.294,0.669,0.537,0.531,0.506,0.599,0.365,0.404,0.418,0.397,0.376,0.405,0.286,0.614,0.567,0.383,0.533,0.351,0.535,0.529,0.468,0.539,0.526,0.539,0.673,0.514,0.361,0.288,0.527,0.400,0.535,0.614,0.400,0.563,0.535,0.544,0.614,0.407,0.481,0.520,0.520,0.474,0.302,0.294,0.422,0.605,0.091,0.618,0.473,0.620,0.379,0.382,0.392,0.673,0.682,0.527,0.567,0.531,0.535,0.282,0.544,0.402,0.539,0.541,0.539,0.524,0.395,0.546,0.612,0.679,0.537,0.411,0.533,0.565,0.667,0.618,0.379,0.597,0.412,0.509,0.548,0.409,0.565,0.535,0.541,0.527,0.354,0.541,0.473,0.526,0.531,0.312,0.393,0.520,0.537,0.618,0.040,0.605,0.402,0.533,0.397,0.609,0.599,0.573,0.539,0.594,0.408,0.595,0.563,0.122,0.535,0.599,0.021,0.597,0.612,0.671,0.537,0.673,0.527,0.569,0.522,0.386,0.601,0.541,0.667,0.595,0.526,0.405,0.385,0.669,0.027,0.537,0.478,0.597,0.537,0.288,0.561,0.616,0.535,0.520,0.531,0.510,0.365,0.560,0.408,0.537,0.537,0.374,0.611,0.599,0.503,0.522,0.535,0.486,0.516,0.609,0.594,0.537,0.537,0.524,0.605,0.616,0.404,0.565,0.569,0.567,0.599,0.378,0.518,0.387,0.611,0.408,0.393,0.539,0.671,0.541,0.618,0.565,0.539,0.541,0.620,0.616,0.051,0.415,0.541,0.531,0.411,0.612,0.389,0.601,0.675,0.537,0.544,0.421,0.382,0.412,0.527,0.526,0.305,0.287,0.537,0.539,0.541,0.541,0.541,0.402,0.387,0.402,0.000,0.671,0.567,0.435,0.421,0.616,0.609,0.667,0.563,0.541,0.412,0.667,0.535,0.386,0.595,0.573,0.535,0.543,0.036,0.667,0.407,0.095,0.618,0.531
7PNB_e_3_YZT;0.671,0.634,0.506,0.488,0.636,0.701,0.675,0.588,0.512,0.690,0.631,0.515,0.503,0.506,0.470,0.494,0.467,0.482,0.631,0.709,0.503,0.515,0.673,0.509,0.524,0.500,0.631,0.455,0.716,0.675,0.681,0.679,0.706,0.682,0.675,0.509,0.473,0.690,0.491,0.725,0.485,0.488,0.669,0.524,0.564,0.512,0.012,0.636,0.703,0.675,0.548,0.730,0.488,0.482,0.692,0.591,0.479,0.506,0.485,0.681,0.677,0.470,0.558,0.671,0.677,0.673,0.731,0.506,0.671,0.512,0.673,0.503,0.686,0.682,0.716,0.006,0.521,0.467,0.473,0.491,0.518,0.669,0.509,0.694,0.500,0.503,0.491,0.500,0.725,0.503,0.488,0.524,0.491,0.688,0.515,0.473,0.006,0.488,0.677,0.473,0.682,0.631,0.506,0.681,0.473,0.506,0.506,0.497,0.720,0.521,0.669,0.482,0.479,0.660,0.690,0.558,0.491,0.488,0.677,0.488,0.684,0.488,0.686,0.479,0.467,0.582,0.509,0.467,0.688,0.467,0.591,0.669,0.485,0.461,0.673,0.503,0.482,0.006,0.488,0.012,0.573,0.485,0.545,0.682,0.503,0.506,0.506,0.506,0.464,0.690,0.679,0.006,0.675,0.524,0.677,0.500,0.524,0.669,0.579,0.494,0.524,0.561,0.494,0.634,0.705,0.594,0.737,0.521,0.482,0.677,0.485,0.503,0.631,0.470,0.488,0.675,0.470,0.479,0.467,0.503,0.515,0.467,0.473,0.485,0.686,0.591,0.485,0.473,0.500,0.673,0.567,0.686,0.497,0.688,0.682,0.509,0.524,0.488,0.497,0.473,0.500,0.506,0.509,0.509,0.669,0.682,0.485,0.503,0.679,0.488,0.733,0.455,0.521,0.491,0.497,0.729,0.716,0.688,0.552,0.470,0.669,0.671,0.482,0.479,0.524,0.521,0.509,0.688,0.652,0.688,0.671,0.000,0.473,0.722,0.729,0.488,0.482,0.506,0.594,0.506,0.688,0.012,0.485,0.671,0.503,0.588,0.500,0.485,0.677,0.006,0.681,0.665,0.488,0.497
7PNB_X_4_BGC;0.612,0.572,0.364,0.352,0.581,0.563,0.614,0.327,0.385,0.571,0.568,0.388,0.306,0.248,0.218,0.258,0.221,0.348,0.568,0.567,0.273,0.385,0.548,0.388,0.267,0.276,0.568,0.352,0.578,0.529,0.535,0.527,0.566,0.573,0.569,0.376,0.000,0.526,0.255,0.576,0.239,0.264,0.612,0.267,0.267,0.276,0.470,0.578,0.571,0.558,0.255,0.590,0.239,0.348,0.535,0.355,0.252,0.227,0.342,0.531,0.614,0.215,0.261,0.612,0.546,0.558,0.583,0.303,0.569,0.382,0.612,0.373,0.514,0.522,0.576,0.473,0.400,0.218,0.000,0.261,0.267,0.552,0.227,0.543,0.245,0.267,0.255,0.245,0.583,0.230,0.352,0.394,0.255,0.577,0.218,0.003,0.473,0.358,0.518,0.339,0.537,0.564,0.255,0.531,0.000,0.248,0.273,0.273,0.561,0.267,0.614,0.270,0.255,0.543,0.544,0.261,0.258,0.352,0.561,0.352,0.529,0.270,0.527,0.352,0.339,0.327,0.224,0.342,0.577,0.348,0.358,0.567,0.245,0.339,0.565,0.300,0.348,0.470,0.270,0.470,0.267,0.003,0.248,0.533,0.306,0.261,0.379,0.297,0.218,0.571,0.537,0.473,0.563,0.267,0.612,0.300,0.267,0.543,0.355,0.345,0.267,0.261,0.233,0.578,0.563,0.361,0.575,0.267,0.264,0.512,0.348,0.294,0.574,0.215,0.239,0.612,0.212,0.352,0.342,0.273,0.218,0.221,0.345,0.345,0.539,0.358,0.003,0.000,0.300,0.520,0.264,0.543,0.355,0.577,0.524,0.224,0.391,0.267,0.370,0.000,0.255,0.248,0.367,0.373,0.567,0.539,0.248,0.252,0.524,0.352,0.584,0.339,0.385,0.258,0.242,0.585,0.571,0.577,0.255,0.221,0.548,0.560,0.264,0.267,0.267,0.273,0.224,0.577,0.555,0.539,0.567,0.473,0.000,0.570,0.580,0.358,0.352,0.388,0.367,0.224,0.577,0.473,0.270,0.526,0.297,0.330,0.245,0.267,0.558,0.470,0.537,0.573,0.345,0.255
7PNB_v_1_NAG;0.501,0.482,0.655,0.633,0.477,0.468,0.519,0.538,0.646,0.458,0.474,0.655,0.561,0.553,0.547,0.561,0.544,0.650,0.477,0.476,0.570,0.640,0.407,0.646,0.547,0.561,0.474,0.657,0.460,0.377,0.392,0.429,0.464,0.464,0.483,0.646,0.570,0.426,0.559,0.463,0.549,0.559,0.517,0.547,0.566,0.572,0.718,0.475,0.472,0.417,0.564,0.081,0.557,0.650,0.422,0.527,0.547,0.561,0.623,0.385,0.517,0.547,0.572,0.520,0.417,0.409,0.081,0.559,0.425,0.638,0.512,0.653,0.422,0.433,0.070,0.720,0.653,0.547,0.570,0.553,0.547,0.409,0.562,0.446,0.549,0.576,0.564,0.553,0.096,0.559,0.634,0.655,0.564,0.464,0.557,0.572,0.722,0.631,0.444,0.661,0.391,0.478,0.555,0.393,0.570,0.553,0.572,0.566,0.465,0.545,0.520,0.561,0.555,0.414,0.440,0.572,0.547,0.627,0.428,0.621,0.392,0.561,0.448,0.646,0.655,0.532,0.557,0.663,0.461,0.663,0.527,0.437,0.551,0.655,0.431,0.561,0.650,0.718,0.564,0.718,0.568,0.574,0.566,0.447,0.555,0.557,0.646,0.557,0.547,0.457,0.424,0.722,0.433,0.547,0.513,0.557,0.547,0.406,0.521,0.648,0.547,0.572,0.557,0.477,0.466,0.528,0.107,0.547,0.566,0.422,0.634,0.562,0.471,0.547,0.551,0.517,0.545,0.646,0.663,0.570,0.557,0.544,0.655,0.648,0.442,0.527,0.574,0.570,0.557,0.431,0.561,0.444,0.648,0.458,0.451,0.557,0.646,0.570,0.648,0.570,0.555,0.553,0.657,0.652,0.429,0.392,0.557,0.549,0.387,0.634,0.111,0.655,0.652,0.547,0.555,0.058,0.469,0.464,0.561,0.544,0.415,0.413,0.564,0.572,0.545,0.564,0.557,0.457,0.466,0.450,0.435,0.722,0.570,0.000,0.063,0.652,0.623,0.646,0.527,0.555,0.466,0.722,0.564,0.447,0.555,0.538,0.549,0.562,0.428,0.720,0.391,0.431,0.648,0.542
7PNB_R_1_NAG;0.508,0.512,0.678,0.634,0.506,0.473,0.523,0.564,0.663,0.450,0.503,0.686,0.591,0.561,0.557,0.580,0.557,0.670,0.507,0.479,0.580,0.663,0.424,0.663,0.553,0.574,0.503,0.680,0.467,0.374,0.392,0.425,0.475,0.454,0.491,0.672,0.580,0.420,0.570,0.466,0.562,0.576,0.517,0.553,0.587,0.581,0.725,0.500,0.469,0.426,0.583,0.034,0.570,0.670,0.415,0.538,0.566,0.583,0.629,0.381,0.517,0.557,0.587,0.520,0.432,0.428,0.052,0.589,0.414,0.672,0.516,0.678,0.413,0.421,0.026,0.727,0.676,0.557,0.580,0.568,0.553,0.411,0.585,0.443,0.557,0.585,0.578,0.551,0.058,0.585,0.636,0.678,0.576,0.454,0.578,0.583,0.729,0.636,0.440,0.676,0.385,0.508,0.570,0.398,0.580,0.561,0.581,0.580,0.461,0.551,0.524,0.568,0.570,0.421,0.435,0.587,0.561,0.633,0.418,0.631,0.387,0.568,0.447,0.665,0.678,0.559,0.578,0.678,0.450,0.682,0.540,0.437,0.564,0.678,0.425,0.587,0.670,0.725,0.574,0.725,0.589,0.583,0.580,0.446,0.583,0.564,0.663,0.581,0.557,0.446,0.409,0.729,0.414,0.553,0.517,0.583,0.553,0.417,0.536,0.665,0.553,0.587,0.570,0.504,0.472,0.542,0.072,0.553,0.574,0.414,0.636,0.587,0.500,0.557,0.564,0.523,0.559,0.665,0.678,0.581,0.578,0.557,0.674,0.665,0.439,0.540,0.583,0.580,0.583,0.418,0.581,0.436,0.667,0.446,0.446,0.578,0.672,0.576,0.670,0.580,0.562,0.561,0.680,0.676,0.426,0.391,0.570,0.555,0.382,0.636,0.084,0.678,0.669,0.561,0.562,0.022,0.469,0.454,0.580,0.557,0.426,0.425,0.572,0.578,0.551,0.578,0.578,0.444,0.485,0.450,0.421,0.729,0.580,0.063,0.000,0.672,0.633,0.663,0.540,0.576,0.455,0.729,0.574,0.442,0.581,0.566,0.557,0.570,0.415,0.727,0.393,0.424,0.665,0.551
7PNB_X_3_YZT;0.654,0.674,0.203,0.476,0.686,0.611,0.654,0.458,0.300,0.582,0.674,0.188,0.436,0.342,0.376,0.367,0.373,0.006,0.669,0.597,0.352,0.288,0.633,0.297,0.355,0.361,0.674,0.133,0.604,0.626,0.631,0.597,0.610,0.584,0.628,0.194,0.358,0.609,0.361,0.606,0.361,0.364,0.650,0.355,0.294,0.348,0.500,0.689,0.601,0.628,0.282,0.669,0.355,0.003,0.595,0.464,0.348,0.279,0.473,0.628,0.656,0.370,0.291,0.650,0.629,0.631,0.652,0.433,0.607,0.194,0.654,0.200,0.603,0.607,0.661,0.497,0.303,0.379,0.358,0.352,0.355,0.618,0.279,0.624,0.339,0.355,0.358,0.348,0.657,0.282,0.476,0.300,0.361,0.586,0.270,0.355,0.494,0.488,0.597,0.145,0.633,0.669,0.342,0.622,0.358,0.342,0.355,0.367,0.597,0.352,0.652,0.348,0.355,0.622,0.620,0.291,0.345,0.482,0.603,0.461,0.626,0.348,0.622,0.006,0.121,0.455,0.276,0.130,0.586,0.127,0.470,0.605,0.358,0.127,0.603,0.430,0.006,0.494,0.348,0.500,0.297,0.355,0.279,0.607,0.436,0.345,0.291,0.439,0.379,0.582,0.599,0.494,0.614,0.355,0.648,0.442,0.355,0.618,0.455,0.012,0.355,0.291,0.348,0.682,0.612,0.476,0.658,0.355,0.342,0.603,0.473,0.430,0.676,0.373,0.355,0.654,0.370,0.006,0.152,0.352,0.270,0.373,0.142,0.018,0.622,0.470,0.355,0.358,0.442,0.605,0.288,0.611,0.191,0.586,0.614,0.276,0.279,0.342,0.185,0.358,0.345,0.342,0.206,0.209,0.609,0.633,0.358,0.345,0.631,0.476,0.656,0.130,0.300,0.345,0.339,0.669,0.614,0.586,0.282,0.373,0.635,0.631,0.342,0.342,0.352,0.355,0.276,0.586,0.616,0.618,0.616,0.488,0.358,0.652,0.672,0.000,0.461,0.297,0.476,0.276,0.586,0.494,0.348,0.607,0.439,0.461,0.339,0.345,0.611,0.491,0.629,0.614,0.006,0.342
7PNB_y_4_MAN;0.569,0.540,0.442,0.030,0.545,0.565,0.575,0.406,0.473,0.578,0.540,0.442,0.370,0.358,0.342,0.339,0.348,0.445,0.536,0.605,0.327,0.461,0.546,0.467,0.318,0.367,0.540,0.430,0.600,0.577,0.573,0.578,0.589,0.575,0.595,0.442,0.352,0.594,0.348,0.621,0.348,0.345,0.565,0.318,0.397,0.333,0.482,0.549,0.590,0.550,0.382,0.624,0.342,0.445,0.594,0.427,0.324,0.373,0.018,0.580,0.577,0.339,0.397,0.565,0.548,0.552,0.644,0.379,0.609,0.439,0.563,0.442,0.582,0.584,0.619,0.485,0.470,0.345,0.352,0.348,0.318,0.552,0.373,0.554,0.355,0.327,0.345,0.361,0.631,0.376,0.027,0.470,0.348,0.580,0.373,0.358,0.482,0.006,0.569,0.421,0.590,0.538,0.309,0.580,0.352,0.358,0.321,0.355,0.599,0.318,0.565,0.345,0.333,0.543,0.556,0.397,0.339,0.024,0.603,0.003,0.580,0.345,0.552,0.433,0.424,0.406,0.373,0.418,0.580,0.427,0.433,0.607,0.345,0.424,0.605,0.358,0.445,0.482,0.358,0.482,0.403,0.364,0.382,0.556,0.382,0.318,0.470,0.367,0.345,0.578,0.580,0.482,0.607,0.318,0.575,0.370,0.318,0.550,0.427,0.439,0.318,0.397,0.342,0.540,0.586,0.439,0.626,0.318,0.355,0.567,0.027,0.373,0.540,0.342,0.342,0.567,0.339,0.433,0.418,0.327,0.373,0.348,0.415,0.439,0.546,0.433,0.364,0.352,0.370,0.571,0.400,0.550,0.433,0.586,0.546,0.373,0.452,0.355,0.442,0.352,0.306,0.358,0.445,0.442,0.609,0.588,0.345,0.345,0.575,0.033,0.616,0.424,0.470,0.339,0.348,0.629,0.601,0.580,0.382,0.348,0.550,0.546,0.355,0.355,0.318,0.333,0.373,0.586,0.553,0.550,0.609,0.482,0.352,0.623,0.633,0.461,0.000,0.467,0.439,0.373,0.580,0.482,0.358,0.560,0.379,0.409,0.355,0.358,0.609,0.479,0.575,0.597,0.439,0.348
7PNB_a_3_YZT;0.671,0.646,0.282,0.476,0.655,0.648,0.673,0.448,0.006,0.669,0.646,0.300,0.406,0.433,0.427,0.458,0.424,0.291,0.646,0.652,0.473,0.018,0.645,0.003,0.439,0.458,0.646,0.321,0.657,0.664,0.677,0.637,0.640,0.665,0.671,0.279,0.388,0.637,0.433,0.661,0.430,0.458,0.673,0.439,0.439,0.452,0.506,0.655,0.648,0.647,0.424,0.669,0.436,0.288,0.641,0.458,0.433,0.406,0.464,0.665,0.688,0.424,0.436,0.673,0.637,0.641,0.665,0.409,0.658,0.294,0.671,0.285,0.635,0.637,0.663,0.509,0.024,0.427,0.388,0.448,0.436,0.635,0.409,0.654,0.433,0.436,0.442,0.427,0.657,0.409,0.479,0.021,0.433,0.667,0.409,0.391,0.512,0.482,0.645,0.321,0.667,0.642,0.442,0.669,0.388,0.433,0.442,0.461,0.647,0.439,0.673,0.445,0.445,0.633,0.652,0.436,0.436,0.476,0.658,0.464,0.669,0.445,0.650,0.291,0.321,0.442,0.403,0.330,0.667,0.348,0.445,0.665,0.430,0.321,0.662,0.400,0.291,0.500,0.445,0.506,0.439,0.397,0.421,0.650,0.412,0.433,0.009,0.403,0.424,0.669,0.629,0.506,0.658,0.439,0.682,0.406,0.439,0.635,0.452,0.291,0.439,0.436,0.442,0.652,0.633,0.442,0.664,0.436,0.448,0.637,0.482,0.406,0.652,0.424,0.436,0.679,0.424,0.291,0.336,0.473,0.409,0.424,0.330,0.285,0.650,0.445,0.397,0.388,0.406,0.635,0.436,0.650,0.285,0.667,0.645,0.403,0.036,0.445,0.297,0.388,0.424,0.433,0.285,0.291,0.662,0.667,0.430,0.436,0.656,0.476,0.667,0.318,0.018,0.436,0.430,0.667,0.647,0.667,0.424,0.424,0.635,0.645,0.445,0.445,0.439,0.458,0.403,0.667,0.642,0.656,0.667,0.506,0.388,0.646,0.663,0.297,0.467,0.000,0.442,0.400,0.667,0.506,0.442,0.652,0.409,0.452,0.433,0.439,0.660,0.503,0.667,0.664,0.285,0.439
7PNB_a_5_MAN;0.647,0.597,0.476,0.452,0.597,0.586,0.650,0.045,0.439,0.629,0.585,0.473,0.433,0.327,0.352,0.336,0.342,0.470,0.595,0.586,0.345,0.430,0.575,0.442,0.348,0.327,0.585,0.464,0.608,0.588,0.594,0.590,0.602,0.631,0.597,0.470,0.367,0.580,0.327,0.617,0.327,0.324,0.652,0.348,0.330,0.342,0.588,0.600,0.592,0.573,0.327,0.539,0.327,0.470,0.592,0.012,0.318,0.312,0.442,0.582,0.656,0.352,0.306,0.652,0.569,0.580,0.555,0.433,0.561,0.482,0.654,0.482,0.578,0.575,0.532,0.591,0.439,0.352,0.367,0.324,0.348,0.573,0.315,0.590,0.327,0.321,0.324,0.321,0.538,0.315,0.461,0.442,0.333,0.643,0.309,0.370,0.591,0.461,0.586,0.461,0.582,0.591,0.324,0.584,0.367,0.327,0.327,0.321,0.603,0.348,0.652,0.330,0.318,0.594,0.584,0.306,0.327,0.452,0.565,0.439,0.580,0.330,0.586,0.467,0.461,0.039,0.309,0.470,0.633,0.476,0.003,0.560,0.321,0.461,0.567,0.442,0.470,0.585,0.336,0.588,0.321,0.367,0.303,0.586,0.427,0.318,0.448,0.436,0.352,0.633,0.578,0.591,0.563,0.348,0.650,0.439,0.348,0.569,0.012,0.470,0.348,0.306,0.327,0.593,0.592,0.003,0.539,0.348,0.342,0.588,0.461,0.439,0.591,0.352,0.321,0.656,0.339,0.467,0.470,0.342,0.309,0.342,0.461,0.470,0.586,0.003,0.367,0.367,0.439,0.584,0.327,0.582,0.470,0.629,0.578,0.309,0.433,0.342,0.482,0.367,0.309,0.327,0.467,0.482,0.563,0.582,0.330,0.324,0.577,0.452,0.537,0.461,0.439,0.327,0.324,0.534,0.588,0.633,0.327,0.342,0.569,0.575,0.339,0.345,0.348,0.327,0.309,0.629,0.583,0.594,0.563,0.594,0.367,0.527,0.540,0.476,0.439,0.442,0.000,0.306,0.643,0.585,0.336,0.586,0.439,0.048,0.327,0.330,0.561,0.588,0.580,0.561,0.470,0.327
7PNB_R_4_BGC;0.628,0.627,0.376,0.385,0.633,0.558,0.629,0.297,0.403,0.577,0.619,0.364,0.385,0.203,0.245,0.197,0.248,0.270,0.619,0.546,0.173,0.385,0.560,0.403,0.212,0.188,0.619,0.285,0.559,0.558,0.565,0.541,0.544,0.575,0.575,0.367,0.224,0.531,0.188,0.572,0.197,0.194,0.626,0.212,0.064,0.173,0.506,0.638,0.552,0.565,0.064,0.582,0.188,0.270,0.543,0.300,0.170,0.003,0.379,0.567,0.626,0.239,0.064,0.626,0.561,0.561,0.570,0.382,0.541,0.385,0.629,0.385,0.537,0.539,0.566,0.509,0.415,0.248,0.224,0.182,0.212,0.558,0.003,0.569,0.200,0.179,0.185,0.191,0.564,0.006,0.385,0.412,0.188,0.580,0.006,0.221,0.503,0.391,0.533,0.273,0.571,0.619,0.173,0.561,0.224,0.203,0.179,0.188,0.554,0.209,0.628,0.164,0.185,0.556,0.565,0.064,0.176,0.385,0.537,0.373,0.571,0.167,0.560,0.273,0.273,0.291,0.000,0.270,0.580,0.288,0.303,0.541,0.194,0.273,0.537,0.373,0.270,0.503,0.161,0.506,0.073,0.221,0.058,0.548,0.379,0.176,0.400,0.376,0.252,0.577,0.543,0.503,0.537,0.212,0.624,0.379,0.212,0.544,0.291,0.273,0.212,0.064,0.194,0.629,0.548,0.309,0.567,0.212,0.155,0.537,0.382,0.373,0.621,0.242,0.188,0.629,0.236,0.273,0.270,0.173,0.006,0.248,0.273,0.273,0.560,0.303,0.221,0.224,0.379,0.537,0.067,0.558,0.370,0.578,0.552,0.000,0.400,0.142,0.352,0.224,0.170,0.203,0.379,0.388,0.546,0.575,0.191,0.206,0.561,0.385,0.571,0.273,0.409,0.176,0.194,0.572,0.552,0.580,0.058,0.248,0.563,0.567,0.155,0.145,0.209,0.179,0.000,0.578,0.540,0.563,0.541,0.506,0.224,0.555,0.576,0.276,0.373,0.400,0.306,0.000,0.580,0.497,0.161,0.541,0.376,0.300,0.200,0.158,0.533,0.500,0.571,0.552,0.273,0.203
7PNB_N_2_NAG;0.493,0.516,0.618,0.588,0.516,0.382,0.503,0.629,0.675,0.014,0.514,0.616,0.580,0.561,0.558,0.548,0.556,0.588,0.514,0.385,0.552,0.660,0.407,0.667,0.569,0.548,0.514,0.612,0.381,0.383,0.390,0.209,0.393,0.010,0.423,0.620,0.577,0.246,0.558,0.388,0.552,0.550,0.500,0.569,0.582,0.560,0.686,0.523,0.385,0.404,0.580,0.460,0.550,0.588,0.209,0.629,0.550,0.584,0.590,0.400,0.488,0.558,0.584,0.497,0.398,0.398,0.454,0.578,0.397,0.616,0.492,0.616,0.227,0.235,0.454,0.688,0.684,0.556,0.577,0.550,0.569,0.396,0.584,0.302,0.560,0.563,0.552,0.558,0.454,0.582,0.586,0.681,0.561,0.007,0.577,0.578,0.688,0.588,0.227,0.611,0.404,0.514,0.546,0.398,0.577,0.561,0.563,0.554,0.380,0.567,0.496,0.560,0.552,0.411,0.304,0.586,0.548,0.590,0.411,0.578,0.391,0.558,0.298,0.582,0.609,0.629,0.580,0.609,0.010,0.607,0.633,0.405,0.550,0.609,0.409,0.580,0.588,0.686,0.565,0.686,0.590,0.575,0.584,0.283,0.577,0.544,0.664,0.578,0.554,0.010,0.238,0.688,0.418,0.569,0.486,0.577,0.569,0.374,0.624,0.586,0.569,0.586,0.546,0.517,0.385,0.641,0.446,0.569,0.558,0.225,0.586,0.577,0.516,0.558,0.546,0.503,0.554,0.582,0.609,0.556,0.577,0.556,0.612,0.586,0.309,0.635,0.575,0.577,0.577,0.245,0.575,0.283,0.611,0.021,0.287,0.580,0.664,0.565,0.616,0.577,0.543,0.558,0.616,0.618,0.415,0.398,0.550,0.556,0.413,0.590,0.457,0.609,0.679,0.548,0.560,0.455,0.387,0.005,0.580,0.558,0.419,0.398,0.561,0.565,0.567,0.548,0.580,0.021,0.409,0.299,0.412,0.688,0.577,0.466,0.455,0.586,0.580,0.667,0.643,0.580,0.000,0.690,0.565,0.287,0.575,0.631,0.560,0.560,0.416,0.686,0.396,0.407,0.586,0.550
7PNB_y_3_YZT;0.675,0.640,0.503,0.488,0.642,0.701,0.679,0.579,0.512,0.692,0.636,0.512,0.503,0.497,0.461,0.494,0.458,0.488,0.636,0.709,0.494,0.515,0.675,0.509,0.515,0.500,0.636,0.452,0.716,0.682,0.688,0.679,0.706,0.684,0.677,0.506,0.473,0.684,0.485,0.725,0.488,0.488,0.673,0.515,0.555,0.503,0.012,0.642,0.703,0.677,0.539,0.730,0.482,0.488,0.692,0.582,0.470,0.497,0.485,0.686,0.679,0.461,0.548,0.675,0.679,0.675,0.731,0.506,0.667,0.509,0.677,0.500,0.686,0.677,0.716,0.018,0.521,0.458,0.473,0.482,0.509,0.671,0.500,0.694,0.491,0.494,0.485,0.491,0.725,0.494,0.488,0.524,0.485,0.690,0.506,0.473,0.015,0.488,0.671,0.470,0.694,0.636,0.497,0.688,0.473,0.497,0.497,0.488,0.720,0.512,0.673,0.473,0.470,0.664,0.690,0.548,0.482,0.488,0.673,0.488,0.692,0.479,0.686,0.485,0.464,0.573,0.500,0.464,0.690,0.464,0.582,0.665,0.488,0.458,0.669,0.503,0.488,0.003,0.479,0.012,0.564,0.485,0.536,0.682,0.503,0.497,0.506,0.506,0.455,0.692,0.679,0.003,0.671,0.515,0.681,0.500,0.515,0.671,0.570,0.500,0.515,0.552,0.488,0.640,0.705,0.585,0.737,0.512,0.473,0.677,0.485,0.503,0.636,0.461,0.482,0.679,0.461,0.485,0.464,0.494,0.506,0.458,0.470,0.491,0.686,0.582,0.485,0.473,0.500,0.673,0.558,0.686,0.494,0.688,0.682,0.500,0.524,0.479,0.494,0.473,0.491,0.497,0.506,0.506,0.665,0.694,0.488,0.494,0.686,0.488,0.733,0.452,0.521,0.482,0.488,0.729,0.716,0.690,0.542,0.461,0.671,0.673,0.473,0.470,0.515,0.512,0.500,0.688,0.646,0.688,0.667,0.012,0.473,0.722,0.729,0.494,0.482,0.506,0.585,0.497,0.690,0.000,0.476,0.671,0.503,0.579,0.491,0.476,0.673,0.003,0.688,0.662,0.494,0.488
7PNB_M_6_MAN;0.605,0.591,0.376,0.348,0.600,0.539,0.609,0.339,0.442,0.561,0.589,0.382,0.391,0.091,0.142,0.103,0.145,0.345,0.593,0.535,0.097,0.424,0.577,0.445,0.118,0.097,0.589,0.352,0.544,0.552,0.561,0.548,0.538,0.558,0.563,0.385,0.270,0.520,0.139,0.553,0.148,0.103,0.609,0.118,0.167,0.085,0.482,0.595,0.541,0.571,0.158,0.571,0.139,0.345,0.548,0.336,0.076,0.161,0.355,0.558,0.603,0.136,0.158,0.609,0.578,0.578,0.574,0.388,0.533,0.385,0.611,0.382,0.539,0.526,0.561,0.485,0.452,0.139,0.270,0.088,0.118,0.565,0.161,0.558,0.094,0.073,0.127,0.088,0.570,0.164,0.355,0.442,0.139,0.565,0.155,0.267,0.482,0.367,0.527,0.345,0.569,0.589,0.094,0.548,0.270,0.091,0.079,0.097,0.541,0.121,0.609,0.003,0.091,0.560,0.554,0.158,0.079,0.355,0.531,0.358,0.561,0.003,0.552,0.348,0.345,0.327,0.161,0.342,0.565,0.345,0.342,0.527,0.139,0.345,0.531,0.379,0.345,0.479,0.000,0.482,0.158,0.267,0.148,0.541,0.385,0.097,0.436,0.382,0.142,0.561,0.533,0.482,0.529,0.118,0.603,0.385,0.118,0.563,0.330,0.345,0.118,0.158,0.133,0.589,0.546,0.339,0.571,0.118,0.009,0.543,0.352,0.382,0.595,0.139,0.139,0.611,0.142,0.348,0.342,0.100,0.155,0.145,0.345,0.345,0.550,0.342,0.267,0.270,0.385,0.526,0.170,0.544,0.373,0.563,0.546,0.161,0.433,0.024,0.364,0.270,0.097,0.097,0.379,0.385,0.535,0.567,0.133,0.094,0.561,0.348,0.569,0.345,0.442,0.079,0.085,0.568,0.554,0.565,0.158,0.145,0.578,0.573,0.009,0.015,0.121,0.097,0.161,0.563,0.540,0.554,0.535,0.485,0.270,0.564,0.574,0.348,0.358,0.442,0.336,0.161,0.565,0.476,0.000,0.537,0.382,0.342,0.094,0.006,0.529,0.479,0.561,0.527,0.345,0.097
7PNB_z_2_NAG;0.457,0.472,0.626,0.569,0.477,0.330,0.463,0.567,0.654,0.287,0.468,0.629,0.607,0.526,0.512,0.505,0.518,0.609,0.466,0.361,0.512,0.648,0.380,0.654,0.522,0.512,0.468,0.607,0.347,0.337,0.343,0.224,0.349,0.286,0.409,0.629,0.526,0.240,0.518,0.352,0.512,0.512,0.464,0.522,0.558,0.516,0.669,0.479,0.349,0.371,0.554,0.438,0.512,0.609,0.225,0.580,0.516,0.539,0.563,0.332,0.456,0.512,0.550,0.464,0.368,0.378,0.454,0.605,0.389,0.628,0.460,0.629,0.228,0.236,0.429,0.671,0.656,0.512,0.526,0.512,0.520,0.375,0.539,0.037,0.520,0.509,0.518,0.514,0.440,0.537,0.573,0.652,0.522,0.286,0.539,0.526,0.671,0.575,0.229,0.590,0.352,0.466,0.501,0.345,0.527,0.526,0.509,0.512,0.353,0.520,0.462,0.529,0.510,0.380,0.038,0.552,0.514,0.569,0.389,0.558,0.334,0.529,0.048,0.601,0.597,0.565,0.541,0.594,0.288,0.605,0.578,0.374,0.510,0.597,0.391,0.592,0.609,0.669,0.537,0.669,0.558,0.524,0.548,0.040,0.607,0.495,0.650,0.597,0.512,0.288,0.236,0.671,0.387,0.524,0.451,0.603,0.524,0.364,0.575,0.614,0.522,0.552,0.509,0.473,0.341,0.586,0.449,0.522,0.537,0.235,0.573,0.597,0.466,0.512,0.505,0.466,0.505,0.601,0.594,0.514,0.537,0.518,0.588,0.612,0.033,0.580,0.524,0.526,0.603,0.234,0.556,0.045,0.620,0.283,0.036,0.541,0.650,0.550,0.620,0.527,0.495,0.522,0.628,0.629,0.391,0.346,0.514,0.516,0.342,0.571,0.429,0.595,0.654,0.514,0.520,0.440,0.356,0.290,0.554,0.518,0.385,0.378,0.539,0.544,0.520,0.507,0.541,0.286,0.384,0.027,0.386,0.671,0.526,0.447,0.442,0.607,0.560,0.652,0.586,0.541,0.287,0.671,0.537,0.000,0.601,0.569,0.522,0.531,0.387,0.669,0.337,0.375,0.614,0.512
7PNB_L_4_BGC;0.571,0.583,0.430,0.382,0.580,0.580,0.573,0.427,0.418,0.569,0.576,0.442,0.015,0.361,0.333,0.364,0.342,0.430,0.576,0.580,0.367,0.400,0.575,0.409,0.394,0.352,0.576,0.427,0.580,0.563,0.575,0.544,0.572,0.577,0.599,0.430,0.297,0.578,0.364,0.587,0.348,0.348,0.569,0.394,0.409,0.364,0.497,0.581,0.586,0.580,0.397,0.580,0.355,0.430,0.544,0.436,0.333,0.379,0.379,0.577,0.582,0.333,0.415,0.569,0.571,0.571,0.580,0.012,0.599,0.430,0.573,0.433,0.558,0.584,0.578,0.500,0.427,0.336,0.297,0.336,0.391,0.578,0.382,0.603,0.364,0.376,0.370,0.376,0.581,0.382,0.382,0.430,0.364,0.575,0.379,0.303,0.503,0.376,0.584,0.430,0.567,0.578,0.358,0.561,0.297,0.361,0.370,0.361,0.582,0.394,0.571,0.370,0.339,0.575,0.594,0.415,0.330,0.382,0.588,0.382,0.573,0.370,0.595,0.418,0.421,0.418,0.379,0.439,0.575,0.442,0.430,0.609,0.361,0.421,0.594,0.021,0.430,0.497,0.385,0.497,0.415,0.306,0.403,0.597,0.009,0.358,0.406,0.012,0.333,0.565,0.565,0.503,0.595,0.394,0.580,0.003,0.394,0.577,0.424,0.424,0.394,0.415,0.355,0.583,0.571,0.439,0.565,0.391,0.382,0.571,0.379,0.006,0.576,0.333,0.355,0.575,0.327,0.418,0.439,0.367,0.379,0.342,0.442,0.424,0.590,0.430,0.306,0.297,0.003,0.580,0.403,0.599,0.427,0.573,0.597,0.379,0.412,0.379,0.448,0.297,0.345,0.361,0.424,0.436,0.595,0.571,0.361,0.348,0.571,0.382,0.582,0.421,0.424,0.330,0.364,0.581,0.582,0.575,0.397,0.339,0.571,0.578,0.379,0.379,0.394,0.376,0.379,0.573,0.551,0.603,0.595,0.503,0.297,0.555,0.581,0.439,0.379,0.409,0.439,0.376,0.575,0.503,0.382,0.601,0.000,0.430,0.364,0.382,0.595,0.500,0.561,0.605,0.424,0.352
7PNB_z_5_MAN;0.639,0.589,0.458,0.421,0.585,0.580,0.645,0.000,0.448,0.614,0.580,0.452,0.424,0.315,0.336,0.327,0.330,0.455,0.585,0.580,0.333,0.433,0.569,0.452,0.352,0.318,0.580,0.448,0.598,0.594,0.592,0.578,0.600,0.620,0.599,0.458,0.330,0.577,0.306,0.610,0.309,0.309,0.648,0.352,0.330,0.336,0.582,0.593,0.588,0.565,0.327,0.565,0.300,0.455,0.582,0.045,0.303,0.300,0.412,0.582,0.652,0.336,0.306,0.648,0.567,0.577,0.572,0.424,0.569,0.458,0.648,0.464,0.571,0.571,0.559,0.585,0.442,0.339,0.330,0.309,0.352,0.565,0.303,0.582,0.315,0.321,0.303,0.315,0.561,0.294,0.430,0.445,0.312,0.631,0.303,0.333,0.585,0.430,0.577,0.445,0.592,0.585,0.312,0.586,0.330,0.315,0.321,0.312,0.597,0.352,0.648,0.336,0.303,0.592,0.577,0.306,0.312,0.421,0.573,0.409,0.582,0.336,0.578,0.452,0.445,0.009,0.303,0.455,0.622,0.458,0.045,0.569,0.300,0.445,0.575,0.433,0.455,0.579,0.342,0.582,0.321,0.330,0.303,0.577,0.418,0.312,0.458,0.427,0.339,0.618,0.575,0.585,0.571,0.352,0.647,0.430,0.352,0.569,0.052,0.455,0.352,0.306,0.300,0.585,0.586,0.045,0.561,0.352,0.348,0.578,0.430,0.430,0.581,0.336,0.294,0.647,0.324,0.452,0.455,0.330,0.303,0.330,0.445,0.455,0.575,0.045,0.330,0.330,0.430,0.580,0.327,0.573,0.455,0.620,0.565,0.303,0.427,0.348,0.467,0.330,0.303,0.315,0.448,0.464,0.571,0.588,0.309,0.312,0.578,0.421,0.561,0.445,0.448,0.312,0.312,0.559,0.582,0.622,0.327,0.327,0.567,0.567,0.345,0.352,0.352,0.321,0.303,0.620,0.566,0.577,0.573,0.588,0.330,0.538,0.566,0.461,0.409,0.452,0.048,0.300,0.631,0.579,0.342,0.569,0.430,0.000,0.315,0.336,0.569,0.582,0.582,0.571,0.455,0.306
7PNB_R_5_MAN;0.609,0.585,0.358,0.358,0.587,0.539,0.614,0.312,0.430,0.554,0.580,0.355,0.373,0.006,0.124,0.106,0.127,0.336,0.580,0.539,0.115,0.421,0.577,0.433,0.106,0.097,0.580,0.327,0.549,0.569,0.577,0.541,0.551,0.561,0.556,0.364,0.245,0.524,0.121,0.562,0.115,0.088,0.612,0.106,0.221,0.112,0.497,0.587,0.550,0.561,0.212,0.554,0.118,0.336,0.543,0.336,0.073,0.200,0.355,0.582,0.605,0.118,0.218,0.612,0.578,0.582,0.568,0.370,0.535,0.358,0.614,0.355,0.531,0.520,0.544,0.500,0.439,0.121,0.245,0.082,0.106,0.552,0.200,0.526,0.000,0.115,0.112,0.012,0.559,0.203,0.358,0.430,0.121,0.560,0.194,0.248,0.497,0.364,0.531,0.330,0.588,0.581,0.112,0.569,0.245,0.006,0.109,0.088,0.556,0.103,0.612,0.097,0.076,0.565,0.526,0.218,0.073,0.364,0.526,0.352,0.580,0.097,0.520,0.339,0.321,0.309,0.200,0.333,0.560,0.327,0.330,0.531,0.118,0.321,0.529,0.355,0.336,0.494,0.094,0.497,0.224,0.242,0.209,0.516,0.367,0.115,0.424,0.358,0.124,0.554,0.531,0.497,0.526,0.106,0.605,0.367,0.106,0.560,0.330,0.330,0.106,0.218,0.112,0.581,0.552,0.330,0.552,0.106,0.091,0.531,0.355,0.364,0.580,0.121,0.118,0.616,0.124,0.339,0.333,0.118,0.194,0.127,0.342,0.330,0.522,0.330,0.242,0.245,0.367,0.520,0.212,0.520,0.342,0.558,0.516,0.200,0.427,0.103,0.342,0.245,0.121,0.006,0.355,0.355,0.529,0.586,0.118,0.009,0.582,0.358,0.554,0.321,0.430,0.073,0.009,0.557,0.556,0.560,0.212,0.127,0.573,0.563,0.091,0.100,0.103,0.127,0.200,0.558,0.557,0.524,0.535,0.500,0.245,0.549,0.557,0.339,0.355,0.433,0.327,0.200,0.560,0.491,0.094,0.522,0.364,0.315,0.000,0.094,0.531,0.494,0.582,0.541,0.330,0.006
7PNB_q_6_MAN;0.601,0.597,0.379,0.348,0.606,0.543,0.605,0.333,0.439,0.556,0.595,0.385,0.391,0.097,0.148,0.112,0.152,0.342,0.598,0.537,0.103,0.421,0.582,0.442,0.124,0.106,0.595,0.355,0.547,0.544,0.552,0.543,0.544,0.552,0.558,0.388,0.267,0.514,0.142,0.555,0.152,0.112,0.605,0.124,0.173,0.091,0.482,0.600,0.543,0.577,0.158,0.567,0.142,0.342,0.543,0.330,0.079,0.158,0.355,0.548,0.599,0.142,0.167,0.605,0.584,0.586,0.570,0.388,0.541,0.391,0.607,0.385,0.533,0.520,0.557,0.485,0.448,0.145,0.267,0.091,0.124,0.571,0.158,0.550,0.094,0.085,0.124,0.088,0.566,0.161,0.355,0.442,0.142,0.560,0.152,0.264,0.482,0.367,0.522,0.348,0.560,0.595,0.100,0.543,0.267,0.097,0.091,0.106,0.543,0.121,0.605,0.009,0.094,0.565,0.546,0.167,0.082,0.355,0.539,0.358,0.554,0.009,0.544,0.345,0.348,0.321,0.158,0.345,0.560,0.348,0.336,0.537,0.142,0.348,0.539,0.379,0.342,0.479,0.006,0.482,0.170,0.264,0.152,0.533,0.385,0.103,0.436,0.382,0.148,0.556,0.527,0.482,0.537,0.124,0.599,0.385,0.124,0.569,0.324,0.342,0.124,0.167,0.136,0.595,0.550,0.333,0.567,0.124,0.003,0.537,0.352,0.382,0.600,0.145,0.142,0.607,0.148,0.345,0.345,0.112,0.152,0.152,0.348,0.342,0.543,0.336,0.264,0.267,0.385,0.520,0.176,0.537,0.373,0.558,0.539,0.158,0.433,0.024,0.367,0.267,0.106,0.091,0.382,0.388,0.543,0.558,0.130,0.100,0.554,0.348,0.567,0.348,0.442,0.082,0.079,0.564,0.556,0.560,0.158,0.152,0.586,0.580,0.009,0.015,0.121,0.115,0.158,0.558,0.549,0.546,0.543,0.485,0.267,0.562,0.570,0.345,0.358,0.439,0.330,0.158,0.560,0.476,0.006,0.531,0.382,0.336,0.094,0.000,0.537,0.479,0.554,0.537,0.342,0.097
7PNB_i_1_NAG;0.467,0.512,0.605,0.611,0.514,0.350,0.481,0.567,0.665,0.411,0.510,0.614,0.601,0.533,0.518,0.529,0.520,0.609,0.508,0.357,0.541,0.656,0.287,0.660,0.535,0.531,0.510,0.595,0.351,0.391,0.408,0.401,0.363,0.409,0.280,0.607,0.558,0.387,0.533,0.341,0.535,0.529,0.464,0.537,0.518,0.537,0.679,0.514,0.349,0.284,0.520,0.394,0.535,0.609,0.401,0.561,0.531,0.537,0.614,0.394,0.473,0.516,0.512,0.470,0.293,0.287,0.414,0.599,0.062,0.611,0.468,0.611,0.382,0.386,0.388,0.679,0.673,0.524,0.558,0.531,0.533,0.280,0.537,0.397,0.535,0.539,0.539,0.520,0.391,0.539,0.612,0.669,0.537,0.415,0.526,0.560,0.673,0.618,0.385,0.594,0.400,0.508,0.546,0.398,0.556,0.531,0.539,0.527,0.337,0.539,0.468,0.520,0.531,0.299,0.393,0.512,0.537,0.618,0.015,0.605,0.396,0.527,0.391,0.603,0.595,0.569,0.531,0.590,0.412,0.592,0.561,0.114,0.535,0.595,0.032,0.592,0.607,0.677,0.531,0.679,0.520,0.560,0.514,0.387,0.601,0.539,0.660,0.595,0.522,0.409,0.389,0.675,0.033,0.535,0.470,0.597,0.535,0.280,0.560,0.607,0.533,0.512,0.531,0.510,0.352,0.558,0.398,0.535,0.531,0.379,0.611,0.594,0.508,0.518,0.535,0.482,0.512,0.603,0.590,0.535,0.529,0.520,0.601,0.607,0.400,0.563,0.560,0.558,0.599,0.382,0.510,0.383,0.603,0.415,0.389,0.531,0.662,0.535,0.611,0.556,0.537,0.537,0.611,0.609,0.043,0.408,0.541,0.527,0.397,0.612,0.389,0.597,0.665,0.537,0.541,0.417,0.370,0.416,0.520,0.522,0.295,0.283,0.531,0.533,0.539,0.539,0.533,0.409,0.373,0.404,0.036,0.677,0.558,0.428,0.415,0.611,0.609,0.660,0.561,0.533,0.416,0.673,0.529,0.387,0.595,0.569,0.531,0.537,0.000,0.673,0.400,0.082,0.609,0.527
7PNB_P_3_YZT;0.671,0.634,0.506,0.485,0.636,0.699,0.675,0.582,0.509,0.688,0.631,0.515,0.500,0.500,0.464,0.488,0.461,0.485,0.631,0.707,0.494,0.512,0.673,0.506,0.518,0.494,0.631,0.455,0.714,0.675,0.681,0.677,0.705,0.681,0.673,0.509,0.470,0.686,0.488,0.723,0.485,0.482,0.669,0.518,0.555,0.506,0.006,0.636,0.701,0.675,0.542,0.728,0.485,0.485,0.690,0.585,0.473,0.500,0.482,0.681,0.677,0.464,0.548,0.671,0.677,0.673,0.729,0.503,0.667,0.512,0.673,0.503,0.684,0.679,0.714,0.012,0.518,0.461,0.470,0.485,0.512,0.669,0.503,0.692,0.494,0.497,0.488,0.494,0.723,0.497,0.485,0.521,0.488,0.686,0.509,0.470,0.012,0.485,0.673,0.473,0.684,0.631,0.500,0.681,0.470,0.500,0.500,0.488,0.718,0.515,0.669,0.476,0.473,0.660,0.688,0.548,0.485,0.485,0.673,0.485,0.684,0.482,0.684,0.482,0.467,0.576,0.503,0.467,0.686,0.467,0.585,0.665,0.485,0.461,0.669,0.500,0.485,0.000,0.482,0.006,0.564,0.482,0.539,0.681,0.500,0.500,0.503,0.503,0.458,0.688,0.677,0.000,0.671,0.518,0.677,0.497,0.518,0.669,0.573,0.497,0.518,0.552,0.491,0.634,0.703,0.588,0.735,0.515,0.476,0.675,0.482,0.500,0.631,0.464,0.485,0.675,0.464,0.482,0.467,0.494,0.509,0.461,0.473,0.488,0.684,0.585,0.482,0.470,0.497,0.671,0.558,0.684,0.497,0.686,0.681,0.503,0.521,0.482,0.497,0.470,0.494,0.500,0.509,0.509,0.665,0.684,0.485,0.497,0.679,0.485,0.732,0.455,0.518,0.485,0.491,0.727,0.715,0.686,0.545,0.464,0.669,0.671,0.476,0.473,0.518,0.512,0.503,0.686,0.646,0.686,0.667,0.006,0.470,0.720,0.727,0.491,0.479,0.503,0.588,0.500,0.686,0.003,0.479,0.669,0.500,0.582,0.494,0.479,0.673,0.000,0.681,0.662,0.491,0.491
7PNB_b_2_NAG;0.471,0.477,0.667,0.578,0.476,0.431,0.471,0.578,0.673,0.396,0.475,0.675,0.567,0.584,0.546,0.556,0.550,0.631,0.470,0.441,0.563,0.658,0.372,0.669,0.578,0.558,0.475,0.648,0.429,0.034,0.043,0.368,0.437,0.391,0.448,0.662,0.537,0.359,0.561,0.417,0.544,0.560,0.475,0.578,0.586,0.560,0.681,0.476,0.441,0.364,0.577,0.394,0.546,0.631,0.365,0.569,0.561,0.569,0.584,0.033,0.466,0.546,0.584,0.475,0.389,0.378,0.389,0.565,0.390,0.675,0.466,0.671,0.350,0.363,0.387,0.681,0.675,0.546,0.537,0.558,0.578,0.368,0.571,0.343,0.582,0.563,0.554,0.575,0.406,0.573,0.580,0.677,0.561,0.394,0.569,0.535,0.681,0.580,0.364,0.635,0.026,0.470,0.563,0.027,0.537,0.584,0.563,0.569,0.430,0.577,0.474,0.558,0.560,0.375,0.343,0.586,0.556,0.582,0.402,0.575,0.014,0.556,0.346,0.628,0.645,0.577,0.573,0.633,0.394,0.654,0.573,0.405,0.544,0.645,0.402,0.567,0.631,0.681,0.561,0.681,0.588,0.541,0.578,0.341,0.567,0.558,0.673,0.565,0.544,0.390,0.365,0.681,0.401,0.578,0.470,0.563,0.578,0.374,0.567,0.633,0.578,0.586,0.543,0.476,0.433,0.582,0.385,0.578,0.560,0.350,0.580,0.561,0.472,0.546,0.546,0.479,0.541,0.628,0.633,0.563,0.569,0.550,0.635,0.633,0.334,0.575,0.541,0.537,0.563,0.357,0.588,0.341,0.665,0.393,0.353,0.573,0.671,0.569,0.667,0.537,0.548,0.580,0.673,0.673,0.413,0.019,0.544,0.580,0.059,0.580,0.393,0.645,0.681,0.556,0.575,0.387,0.445,0.398,0.578,0.550,0.371,0.360,0.556,0.567,0.577,0.571,0.573,0.391,0.410,0.339,0.407,0.681,0.537,0.391,0.393,0.629,0.575,0.667,0.580,0.571,0.396,0.688,0.561,0.337,0.561,0.582,0.582,0.554,0.400,0.681,0.000,0.393,0.633,0.578
7PNB_Y_1_NAG;0.473,0.514,0.597,0.599,0.519,0.319,0.478,0.569,0.669,0.401,0.513,0.601,0.603,0.543,0.527,0.527,0.522,0.612,0.509,0.331,0.529,0.664,0.242,0.665,0.550,0.531,0.513,0.597,0.322,0.379,0.407,0.389,0.340,0.391,0.276,0.599,0.573,0.361,0.539,0.311,0.541,0.529,0.464,0.552,0.537,0.526,0.667,0.519,0.323,0.243,0.533,0.408,0.541,0.612,0.391,0.561,0.531,0.556,0.603,0.385,0.475,0.526,0.526,0.470,0.249,0.245,0.426,0.601,0.036,0.597,0.468,0.597,0.367,0.365,0.399,0.667,0.677,0.533,0.573,0.531,0.548,0.246,0.554,0.378,0.544,0.527,0.544,0.537,0.406,0.558,0.601,0.669,0.543,0.405,0.543,0.571,0.662,0.607,0.361,0.603,0.396,0.509,0.539,0.393,0.571,0.541,0.527,0.526,0.310,0.554,0.466,0.516,0.531,0.250,0.375,0.526,0.537,0.607,0.074,0.594,0.383,0.524,0.374,0.605,0.597,0.571,0.548,0.599,0.402,0.594,0.561,0.062,0.541,0.597,0.077,0.603,0.611,0.665,0.529,0.667,0.533,0.575,0.527,0.374,0.603,0.533,0.660,0.607,0.531,0.400,0.368,0.664,0.091,0.550,0.473,0.607,0.550,0.238,0.560,0.614,0.548,0.526,0.537,0.514,0.316,0.558,0.419,0.550,0.529,0.367,0.599,0.603,0.510,0.527,0.541,0.484,0.522,0.605,0.599,0.524,0.546,0.522,0.611,0.614,0.380,0.563,0.575,0.573,0.609,0.356,0.533,0.370,0.588,0.402,0.374,0.548,0.667,0.535,0.603,0.571,0.535,0.546,0.603,0.595,0.095,0.401,0.546,0.535,0.391,0.601,0.397,0.599,0.665,0.537,0.546,0.428,0.346,0.401,0.539,0.524,0.249,0.242,0.531,0.533,0.554,0.531,0.550,0.397,0.362,0.386,0.095,0.665,0.573,0.431,0.424,0.614,0.597,0.664,0.561,0.552,0.407,0.662,0.527,0.375,0.605,0.571,0.541,0.537,0.082,0.662,0.393,0.000,0.616,0.535
7PNB_N_3_YZT;0.656,0.659,0.200,0.448,0.670,0.607,0.656,0.452,0.285,0.582,0.661,0.185,0.421,0.333,0.373,0.370,0.370,0.006,0.655,0.597,0.352,0.276,0.628,0.282,0.345,0.364,0.661,0.130,0.604,0.629,0.635,0.599,0.604,0.584,0.628,0.191,0.345,0.611,0.367,0.610,0.367,0.367,0.652,0.345,0.291,0.348,0.500,0.672,0.599,0.624,0.279,0.662,0.361,0.003,0.595,0.458,0.348,0.276,0.445,0.631,0.656,0.367,0.288,0.652,0.624,0.626,0.648,0.418,0.605,0.191,0.656,0.197,0.601,0.609,0.655,0.497,0.288,0.376,0.345,0.355,0.345,0.612,0.276,0.631,0.330,0.355,0.364,0.339,0.653,0.279,0.448,0.285,0.367,0.586,0.267,0.348,0.494,0.461,0.599,0.142,0.637,0.655,0.342,0.626,0.345,0.333,0.355,0.370,0.594,0.342,0.654,0.345,0.358,0.616,0.628,0.288,0.345,0.455,0.601,0.439,0.629,0.345,0.626,0.006,0.118,0.448,0.273,0.127,0.586,0.124,0.464,0.607,0.364,0.124,0.605,0.415,0.006,0.494,0.345,0.500,0.294,0.342,0.276,0.614,0.421,0.345,0.276,0.424,0.376,0.582,0.601,0.494,0.611,0.345,0.650,0.427,0.345,0.614,0.448,0.006,0.345,0.288,0.355,0.667,0.609,0.470,0.650,0.345,0.339,0.601,0.445,0.415,0.663,0.370,0.361,0.656,0.370,0.006,0.148,0.352,0.267,0.370,0.139,0.012,0.626,0.464,0.342,0.345,0.427,0.607,0.285,0.618,0.191,0.590,0.618,0.273,0.261,0.339,0.185,0.345,0.345,0.333,0.203,0.206,0.607,0.637,0.364,0.336,0.635,0.448,0.648,0.127,0.282,0.345,0.330,0.663,0.612,0.586,0.279,0.370,0.629,0.626,0.339,0.339,0.342,0.355,0.273,0.590,0.612,0.626,0.618,0.488,0.345,0.648,0.665,0.006,0.439,0.285,0.470,0.273,0.586,0.494,0.345,0.614,0.424,0.455,0.330,0.342,0.609,0.491,0.633,0.616,0.000,0.333
7PNB_W_5_MAN;0.605,0.570,0.361,0.352,0.572,0.535,0.611,0.306,0.436,0.544,0.564,0.352,0.361,0.012,0.118,0.103,0.124,0.339,0.564,0.527,0.115,0.427,0.573,0.439,0.112,0.091,0.564,0.327,0.542,0.563,0.573,0.535,0.544,0.552,0.550,0.367,0.255,0.514,0.118,0.553,0.112,0.085,0.609,0.112,0.224,0.109,0.494,0.572,0.544,0.556,0.215,0.548,0.115,0.339,0.533,0.336,0.070,0.203,0.348,0.578,0.601,0.115,0.221,0.609,0.575,0.578,0.557,0.358,0.533,0.355,0.611,0.358,0.522,0.514,0.540,0.497,0.445,0.115,0.255,0.076,0.112,0.546,0.203,0.522,0.006,0.115,0.109,0.018,0.555,0.200,0.352,0.436,0.118,0.550,0.197,0.258,0.494,0.358,0.526,0.330,0.584,0.566,0.112,0.565,0.255,0.012,0.109,0.085,0.546,0.109,0.609,0.094,0.073,0.565,0.518,0.221,0.067,0.358,0.524,0.345,0.575,0.094,0.516,0.336,0.321,0.303,0.203,0.333,0.550,0.327,0.330,0.526,0.115,0.321,0.526,0.342,0.339,0.491,0.097,0.494,0.227,0.252,0.212,0.509,0.355,0.115,0.430,0.345,0.118,0.544,0.526,0.494,0.522,0.112,0.601,0.355,0.112,0.558,0.330,0.333,0.112,0.221,0.109,0.566,0.544,0.330,0.546,0.112,0.094,0.526,0.348,0.352,0.564,0.118,0.115,0.612,0.118,0.336,0.333,0.118,0.197,0.124,0.342,0.333,0.516,0.330,0.252,0.255,0.355,0.514,0.215,0.512,0.345,0.548,0.510,0.203,0.427,0.106,0.352,0.255,0.121,0.012,0.358,0.358,0.526,0.582,0.115,0.009,0.580,0.352,0.550,0.321,0.436,0.067,0.015,0.551,0.546,0.550,0.215,0.124,0.569,0.560,0.094,0.103,0.109,0.127,0.203,0.548,0.538,0.518,0.531,0.497,0.255,0.542,0.551,0.342,0.348,0.439,0.327,0.203,0.550,0.488,0.097,0.512,0.352,0.306,0.006,0.097,0.527,0.491,0.578,0.535,0.333,0.000
