7PNB_o_1_NAG;0.000,0.566,0.824,0.750,0.566,0.588,0.071,0.808,0.808,0.588,0.563,0.824,0.761,0.775,0.780,0.780,0.783,0.797,0.563,0.602,0.769,0.808,0.580,0.808,0.772,0.786,0.563,0.816,0.596,0.560,0.574,0.577,0.596,0.582,0.585,0.819,0.777,0.577,0.766,0.582,0.761,0.780,0.041,0.769,0.802,0.777,0.827,0.566,0.610,0.555,0.799,0.599,0.764,0.797,0.569,0.808,0.775,0.797,0.750,0.560,0.055,0.780,0.805,0.055,0.582,0.577,0.588,0.764,0.563,0.821,0.047,0.821,0.580,0.571,0.585,0.827,0.808,0.775,0.777,0.783,0.775,0.574,0.797,0.563,0.769,0.775,0.764,0.780,0.582,0.791,0.750,0.805,0.766,0.588,0.797,0.777,0.830,0.753,0.574,0.819,0.569,0.563,0.769,0.566,0.777,0.777,0.772,0.786,0.585,0.769,0.058,0.783,0.777,0.580,0.558,0.805,0.777,0.753,0.563,0.750,0.566,0.775,0.569,0.797,0.816,0.805,0.799,0.813,0.588,0.819,0.810,0.566,0.764,0.816,0.563,0.764,0.799,0.830,0.777,0.827,0.802,0.780,0.802,0.571,0.766,0.775,0.802,0.761,0.777,0.582,0.563,0.827,0.563,0.769,0.022,0.761,0.769,0.558,0.810,0.799,0.775,0.805,0.761,0.566,0.593,0.810,0.602,0.772,0.775,0.582,0.750,0.764,0.563,0.780,0.764,0.052,0.775,0.797,0.813,0.772,0.794,0.783,0.819,0.799,0.555,0.808,0.780,0.777,0.758,0.563,0.802,0.555,0.821,0.593,0.566,0.799,0.802,0.775,0.821,0.777,0.769,0.772,0.824,0.827,0.577,0.571,0.755,0.777,0.577,0.750,0.577,0.816,0.808,0.777,0.766,0.593,0.596,0.588,0.799,0.780,0.585,0.558,0.777,0.777,0.772,0.775,0.797,0.588,0.602,0.560,0.569,0.824,0.777,0.593,0.602,0.799,0.750,0.808,0.810,0.797,0.585,0.830,0.780,0.563,0.764,0.808,0.772,0.772,0.569,0.830,0.569,0.566,0.797,0.772
7PNB_P_2_NAG;0.566,0.000,0.829,0.747,0.011,0.613,0.580,0.793,0.804,0.629,0.011,0.835,0.766,0.782,0.774,0.799,0.771,0.829,0.008,0.621,0.802,0.802,0.602,0.804,0.752,0.802,0.011,0.826,0.612,0.585,0.591,0.646,0.614,0.635,0.632,0.824,0.769,0.632,0.777,0.612,0.766,0.799,0.574,0.749,0.813,0.802,0.813,0.025,0.613,0.618,0.810,0.613,0.771,0.829,0.637,0.793,0.788,0.807,0.741,0.588,0.571,0.774,0.813,0.571,0.604,0.610,0.620,0.766,0.646,0.826,0.571,0.826,0.637,0.635,0.614,0.810,0.807,0.766,0.769,0.802,0.755,0.596,0.810,0.604,0.785,0.793,0.777,0.799,0.606,0.802,0.744,0.807,0.777,0.632,0.813,0.769,0.813,0.741,0.643,0.832,0.596,0.006,0.791,0.585,0.769,0.785,0.793,0.804,0.613,0.752,0.577,0.791,0.796,0.602,0.599,0.813,0.793,0.747,0.646,0.738,0.582,0.782,0.596,0.826,0.829,0.791,0.810,0.832,0.635,0.826,0.796,0.632,0.771,0.829,0.646,0.763,0.832,0.815,0.785,0.813,0.810,0.771,0.810,0.602,0.766,0.796,0.796,0.763,0.769,0.632,0.632,0.810,0.643,0.749,0.569,0.766,0.749,0.615,0.796,0.826,0.755,0.813,0.774,0.011,0.615,0.796,0.604,0.752,0.788,0.640,0.747,0.769,0.017,0.777,0.771,0.574,0.771,0.826,0.832,0.804,0.810,0.771,0.832,0.829,0.599,0.793,0.771,0.769,0.763,0.621,0.810,0.596,0.826,0.640,0.607,0.810,0.796,0.788,0.826,0.769,0.793,0.785,0.826,0.829,0.635,0.591,0.769,0.782,0.582,0.747,0.610,0.829,0.804,0.793,0.780,0.612,0.624,0.637,0.810,0.774,0.607,0.613,0.785,0.785,0.752,0.793,0.807,0.635,0.581,0.599,0.646,0.807,0.769,0.606,0.623,0.832,0.741,0.804,0.796,0.804,0.637,0.815,0.788,0.607,0.766,0.791,0.788,0.782,0.646,0.815,0.582,0.643,0.824,0.782
7PNB_v_3_YZT;0.824,0.829,0.000,0.606,0.832,0.777,0.819,0.539,0.412,0.772,0.835,0.067,0.570,0.479,0.485,0.479,0.485,0.291,0.832,0.755,0.467,0.400,0.791,0.412,0.485,0.497,0.835,0.291,0.766,0.813,0.819,0.777,0.777,0.772,0.797,0.024,0.485,0.783,0.479,0.763,0.497,0.485,0.819,0.491,0.485,0.461,0.624,0.829,0.769,0.788,0.479,0.819,0.479,0.291,0.786,0.558,0.467,0.491,0.600,0.808,0.816,0.485,0.479,0.819,0.788,0.791,0.818,0.564,0.750,0.036,0.819,0.018,0.783,0.777,0.813,0.618,0.418,0.497,0.485,0.479,0.485,0.797,0.485,0.788,0.479,0.455,0.485,0.473,0.818,0.491,0.618,0.418,0.479,0.775,0.467,0.479,0.606,0.612,0.772,0.315,0.816,0.832,0.448,0.810,0.479,0.473,0.455,0.479,0.766,0.491,0.816,0.467,0.473,0.794,0.788,0.479,0.473,0.606,0.753,0.600,0.813,0.473,0.791,0.285,0.297,0.552,0.479,0.303,0.775,0.273,0.570,0.745,0.485,0.297,0.755,0.570,0.285,0.618,0.473,0.624,0.485,0.479,0.473,0.780,0.570,0.473,0.412,0.576,0.491,0.772,0.780,0.618,0.755,0.491,0.816,0.576,0.491,0.783,0.576,0.279,0.479,0.479,0.473,0.832,0.777,0.558,0.824,0.485,0.479,0.775,0.612,0.564,0.835,0.485,0.479,0.827,0.485,0.285,0.303,0.467,0.473,0.485,0.315,0.279,0.794,0.570,0.479,0.485,0.582,0.786,0.479,0.783,0.036,0.772,0.786,0.479,0.430,0.479,0.048,0.479,0.473,0.479,0.018,0.018,0.755,0.819,0.491,0.467,0.805,0.606,0.819,0.297,0.418,0.473,0.485,0.813,0.777,0.775,0.479,0.485,0.786,0.794,0.479,0.485,0.491,0.461,0.479,0.772,0.782,0.788,0.758,0.618,0.485,0.796,0.810,0.285,0.600,0.400,0.564,0.485,0.775,0.612,0.467,0.783,0.570,0.539,0.473,0.479,0.753,0.612,0.816,0.745,0.285,0.467
7PNB_U_4_MAN;0.750,0.747,0.606,0.000,0.752,0.775,0.755,0.582,0.564,0.761,0.747,0.606,0.497,0.479,0.479,0.497,0.491,0.576,0.747,0.786,0.461,0.576,0.747,0.564,0.442,0.491,0.747,0.570,0.788,0.758,0.764,0.761,0.785,0.761,0.780,0.600,0.485,0.769,0.479,0.793,0.473,0.485,0.747,0.442,0.539,0.473,0.600,0.752,0.786,0.750,0.533,0.780,0.473,0.576,0.755,0.588,0.467,0.539,0.024,0.764,0.750,0.485,0.539,0.750,0.750,0.753,0.791,0.503,0.788,0.600,0.750,0.600,0.761,0.766,0.777,0.600,0.564,0.461,0.485,0.491,0.455,0.745,0.539,0.755,0.473,0.461,0.473,0.491,0.785,0.533,0.018,0.564,0.479,0.764,0.533,0.485,0.594,0.024,0.764,0.564,0.769,0.747,0.455,0.761,0.479,0.485,0.461,0.491,0.780,0.442,0.753,0.479,0.479,0.753,0.755,0.539,0.473,0.006,0.783,0.042,0.761,0.455,0.758,0.576,0.570,0.576,0.539,0.552,0.764,0.576,0.600,0.786,0.473,0.570,0.780,0.485,0.582,0.594,0.461,0.600,0.533,0.491,0.533,0.755,0.503,0.461,0.564,0.485,0.473,0.761,0.764,0.588,0.783,0.442,0.755,0.491,0.442,0.750,0.594,0.564,0.448,0.539,0.473,0.747,0.788,0.606,0.783,0.448,0.467,0.758,0.012,0.497,0.749,0.485,0.473,0.747,0.473,0.576,0.552,0.467,0.533,0.491,0.564,0.570,0.755,0.594,0.491,0.485,0.485,0.758,0.539,0.753,0.594,0.764,0.750,0.539,0.570,0.455,0.582,0.479,0.455,0.479,0.606,0.606,0.786,0.769,0.467,0.485,0.764,0.006,0.777,0.570,0.558,0.473,0.467,0.777,0.783,0.764,0.533,0.491,0.753,0.742,0.461,0.461,0.448,0.467,0.533,0.764,0.760,0.750,0.783,0.594,0.485,0.780,0.782,0.582,0.042,0.570,0.606,0.533,0.764,0.594,0.473,0.753,0.497,0.582,0.479,0.455,0.783,0.594,0.758,0.777,0.558,0.485
7PNB_t_2_NAG;0.566,0.011,0.832,0.752,0.000,0.621,0.580,0.791,0.810,0.629,0.011,0.837,0.766,0.785,0.780,0.804,0.777,0.835,0.008,0.629,0.804,0.807,0.604,0.810,0.755,0.804,0.011,0.832,0.620,0.585,0.591,0.648,0.623,0.635,0.637,0.826,0.774,0.635,0.780,0.617,0.769,0.802,0.574,0.752,0.815,0.804,0.815,0.025,0.621,0.621,0.813,0.607,0.774,0.835,0.640,0.793,0.791,0.810,0.747,0.588,0.571,0.780,0.815,0.571,0.607,0.613,0.620,0.766,0.648,0.829,0.571,0.829,0.640,0.637,0.609,0.813,0.813,0.771,0.774,0.804,0.758,0.602,0.813,0.610,0.788,0.799,0.780,0.802,0.603,0.804,0.749,0.813,0.780,0.632,0.815,0.774,0.815,0.747,0.646,0.837,0.596,0.011,0.796,0.585,0.774,0.788,0.796,0.807,0.618,0.755,0.577,0.796,0.799,0.607,0.604,0.815,0.796,0.752,0.648,0.744,0.582,0.788,0.602,0.832,0.835,0.791,0.813,0.837,0.635,0.832,0.796,0.632,0.774,0.835,0.648,0.766,0.837,0.818,0.791,0.815,0.813,0.777,0.813,0.607,0.763,0.802,0.802,0.760,0.774,0.632,0.635,0.813,0.640,0.752,0.569,0.763,0.752,0.618,0.796,0.832,0.758,0.815,0.777,0.011,0.624,0.796,0.599,0.755,0.793,0.643,0.752,0.769,0.011,0.782,0.774,0.574,0.777,0.832,0.837,0.807,0.813,0.777,0.837,0.835,0.604,0.793,0.777,0.774,0.760,0.624,0.813,0.602,0.829,0.640,0.613,0.813,0.802,0.793,0.832,0.774,0.799,0.788,0.829,0.832,0.637,0.591,0.771,0.785,0.582,0.752,0.604,0.835,0.810,0.796,0.782,0.606,0.632,0.637,0.813,0.780,0.610,0.615,0.791,0.791,0.755,0.799,0.810,0.635,0.587,0.604,0.643,0.810,0.774,0.601,0.617,0.837,0.747,0.810,0.796,0.807,0.637,0.818,0.793,0.613,0.763,0.788,0.791,0.788,0.648,0.818,0.582,0.646,0.829,0.785
7PNB_p_1_NAG;0.588,0.613,0.777,0.775,0.621,0.000,0.599,0.758,0.799,0.486,0.613,0.777,0.758,0.742,0.745,0.736,0.742,0.758,0.613,0.162,0.750,0.794,0.505,0.794,0.734,0.750,0.613,0.769,0.069,0.555,0.569,0.475,0.080,0.481,0.489,0.780,0.745,0.486,0.739,0.121,0.736,0.745,0.591,0.736,0.747,0.750,0.838,0.618,0.080,0.478,0.745,0.560,0.739,0.758,0.475,0.761,0.747,0.747,0.772,0.563,0.585,0.747,0.745,0.593,0.511,0.505,0.569,0.761,0.429,0.775,0.591,0.777,0.481,0.481,0.558,0.838,0.797,0.747,0.745,0.747,0.728,0.484,0.745,0.434,0.742,0.739,0.745,0.745,0.547,0.747,0.783,0.794,0.742,0.486,0.745,0.747,0.832,0.777,0.467,0.769,0.558,0.610,0.734,0.552,0.745,0.742,0.739,0.747,0.102,0.739,0.591,0.739,0.745,0.536,0.437,0.747,0.750,0.775,0.451,0.772,0.552,0.739,0.445,0.758,0.766,0.750,0.747,0.769,0.484,0.769,0.755,0.429,0.736,0.766,0.459,0.755,0.758,0.838,0.742,0.838,0.745,0.742,0.742,0.445,0.764,0.739,0.797,0.764,0.745,0.486,0.475,0.835,0.464,0.736,0.582,0.761,0.736,0.489,0.755,0.761,0.731,0.745,0.736,0.618,0.047,0.761,0.555,0.734,0.747,0.484,0.780,0.764,0.613,0.745,0.736,0.602,0.745,0.758,0.769,0.747,0.745,0.742,0.769,0.758,0.429,0.755,0.742,0.745,0.764,0.473,0.745,0.431,0.775,0.486,0.445,0.747,0.794,0.745,0.775,0.745,0.736,0.745,0.780,0.780,0.453,0.558,0.739,0.742,0.552,0.775,0.560,0.766,0.797,0.750,0.747,0.577,0.154,0.484,0.742,0.742,0.522,0.486,0.747,0.747,0.739,0.736,0.747,0.484,0.497,0.448,0.467,0.835,0.745,0.571,0.577,0.761,0.772,0.791,0.758,0.750,0.489,0.838,0.742,0.448,0.764,0.761,0.742,0.745,0.459,0.832,0.552,0.420,0.764,0.742
7PNB_U_1_NAG;0.071,0.580,0.819,0.755,0.580,0.599,0.000,0.805,0.802,0.596,0.577,0.821,0.758,0.777,0.780,0.777,0.783,0.797,0.577,0.613,0.772,0.808,0.599,0.805,0.775,0.788,0.577,0.813,0.604,0.571,0.577,0.593,0.610,0.596,0.593,0.813,0.780,0.593,0.772,0.591,0.764,0.783,0.041,0.775,0.805,0.780,0.824,0.580,0.624,0.563,0.802,0.610,0.769,0.797,0.585,0.808,0.777,0.794,0.755,0.566,0.055,0.780,0.802,0.027,0.602,0.593,0.593,0.761,0.574,0.816,0.036,0.816,0.593,0.588,0.599,0.824,0.802,0.775,0.780,0.786,0.777,0.580,0.794,0.569,0.772,0.777,0.769,0.783,0.591,0.791,0.761,0.799,0.772,0.596,0.794,0.780,0.827,0.761,0.585,0.813,0.574,0.577,0.769,0.574,0.780,0.780,0.772,0.788,0.596,0.775,0.030,0.786,0.780,0.599,0.569,0.805,0.780,0.758,0.569,0.758,0.574,0.775,0.571,0.794,0.813,0.802,0.797,0.810,0.596,0.813,0.810,0.574,0.769,0.813,0.566,0.761,0.799,0.827,0.780,0.824,0.802,0.783,0.799,0.577,0.764,0.775,0.802,0.758,0.777,0.591,0.580,0.824,0.574,0.775,0.066,0.758,0.775,0.571,0.810,0.799,0.777,0.802,0.766,0.580,0.604,0.810,0.613,0.775,0.777,0.596,0.761,0.761,0.577,0.780,0.769,0.036,0.775,0.794,0.810,0.775,0.791,0.783,0.813,0.799,0.566,0.808,0.783,0.780,0.755,0.582,0.805,0.566,0.816,0.602,0.574,0.797,0.808,0.777,0.816,0.780,0.769,0.775,0.819,0.821,0.580,0.577,0.761,0.777,0.574,0.755,0.585,0.813,0.802,0.780,0.769,0.604,0.610,0.599,0.799,0.780,0.602,0.569,0.780,0.780,0.775,0.775,0.794,0.599,0.596,0.563,0.577,0.821,0.780,0.607,0.615,0.799,0.758,0.805,0.810,0.794,0.596,0.827,0.783,0.571,0.761,0.808,0.775,0.775,0.580,0.827,0.577,0.571,0.797,0.775
7PNB_u_5_MAN;0.808,0.793,0.539,0.582,0.791,0.758,0.805,0.000,0.570,0.786,0.791,0.539,0.570,0.430,0.455,0.430,0.455,0.564,0.793,0.755,0.436,0.570,0.755,0.576,0.497,0.424,0.791,0.527,0.769,0.780,0.775,0.772,0.769,0.788,0.772,0.545,0.479,0.766,0.424,0.782,0.442,0.412,0.808,0.503,0.430,0.436,0.685,0.793,0.755,0.755,0.424,0.764,0.418,0.564,0.780,0.079,0.418,0.418,0.576,0.764,0.805,0.461,0.412,0.805,0.755,0.761,0.763,0.570,0.755,0.545,0.802,0.558,0.766,0.766,0.755,0.685,0.564,0.473,0.479,0.412,0.479,0.758,0.418,0.758,0.424,0.424,0.418,0.406,0.747,0.412,0.600,0.570,0.436,0.794,0.412,0.473,0.679,0.588,0.764,0.533,0.772,0.793,0.406,0.769,0.473,0.424,0.418,0.424,0.769,0.503,0.802,0.436,0.406,0.780,0.758,0.412,0.424,0.582,0.755,0.576,0.766,0.448,0.758,0.558,0.521,0.024,0.418,0.539,0.791,0.521,0.073,0.745,0.424,0.521,0.750,0.576,0.558,0.679,0.461,0.685,0.424,0.479,0.400,0.755,0.564,0.406,0.588,0.576,0.455,0.788,0.772,0.685,0.750,0.497,0.808,0.570,0.497,0.755,0.109,0.558,0.491,0.406,0.418,0.791,0.764,0.061,0.766,0.491,0.467,0.769,0.594,0.570,0.791,0.455,0.418,0.810,0.455,0.558,0.539,0.430,0.418,0.455,0.533,0.564,0.755,0.073,0.479,0.479,0.576,0.772,0.424,0.753,0.545,0.786,0.753,0.418,0.588,0.461,0.552,0.473,0.406,0.430,0.533,0.545,0.750,0.772,0.430,0.418,0.766,0.582,0.758,0.527,0.576,0.424,0.430,0.758,0.755,0.791,0.418,0.448,0.753,0.758,0.467,0.461,0.503,0.418,0.418,0.786,0.749,0.755,0.750,0.691,0.479,0.733,0.766,0.570,0.576,0.570,0.067,0.418,0.794,0.685,0.448,0.750,0.570,0.012,0.418,0.461,0.753,0.679,0.769,0.747,0.564,0.418
7PNB_u_3_YZT;0.808,0.804,0.412,0.564,0.810,0.799,0.802,0.570,0.000,0.821,0.804,0.430,0.515,0.552,0.545,0.582,0.552,0.406,0.804,0.802,0.594,0.055,0.791,0.012,0.552,0.588,0.804,0.436,0.810,0.805,0.813,0.802,0.796,0.819,0.810,0.412,0.503,0.802,0.558,0.815,0.533,0.582,0.805,0.552,0.594,0.594,0.618,0.807,0.799,0.799,0.588,0.797,0.558,0.400,0.794,0.576,0.564,0.558,0.558,0.805,0.813,0.552,0.588,0.805,0.786,0.788,0.799,0.521,0.816,0.430,0.808,0.412,0.797,0.802,0.793,0.618,0.024,0.527,0.503,0.588,0.552,0.791,0.558,0.808,0.552,0.576,0.564,0.564,0.791,0.552,0.582,0.024,0.558,0.821,0.552,0.509,0.630,0.576,0.805,0.448,0.808,0.802,0.570,0.810,0.497,0.558,0.582,0.594,0.799,0.552,0.808,0.582,0.576,0.791,0.805,0.588,0.570,0.564,0.816,0.564,0.808,0.570,0.808,0.400,0.436,0.564,0.552,0.436,0.821,0.455,0.564,0.810,0.552,0.436,0.816,0.509,0.412,0.612,0.576,0.618,0.588,0.509,0.582,0.802,0.527,0.564,0.030,0.509,0.533,0.821,0.799,0.618,0.813,0.552,0.816,0.515,0.552,0.786,0.570,0.400,0.558,0.588,0.564,0.807,0.794,0.558,0.799,0.552,0.576,0.802,0.576,0.521,0.807,0.545,0.558,0.810,0.539,0.400,0.448,0.600,0.552,0.552,0.448,0.394,0.805,0.558,0.509,0.503,0.509,0.799,0.588,0.802,0.412,0.821,0.802,0.552,0.079,0.564,0.418,0.497,0.552,0.552,0.412,0.430,0.816,0.810,0.545,0.558,0.797,0.564,0.802,0.442,0.024,0.570,0.539,0.791,0.797,0.821,0.588,0.545,0.783,0.794,0.564,0.570,0.552,0.576,0.545,0.821,0.793,0.808,0.819,0.618,0.503,0.788,0.791,0.406,0.564,0.024,0.558,0.545,0.821,0.624,0.582,0.802,0.521,0.570,0.558,0.558,0.816,0.624,0.810,0.810,0.388,0.558
7PNB_X_2_NAG;0.588,0.629,0.772,0.761,0.629,0.486,0.596,0.786,0.821,0.000,0.629,0.772,0.747,0.747,0.742,0.734,0.742,0.753,0.629,0.481,0.736,0.813,0.514,0.819,0.747,0.736,0.629,0.775,0.481,0.500,0.500,0.305,0.495,0.025,0.516,0.775,0.736,0.354,0.739,0.489,0.734,0.736,0.591,0.750,0.747,0.736,0.830,0.635,0.486,0.500,0.745,0.574,0.736,0.753,0.305,0.788,0.734,0.753,0.761,0.505,0.585,0.742,0.750,0.591,0.514,0.511,0.555,0.745,0.475,0.775,0.585,0.772,0.338,0.338,0.566,0.830,0.827,0.742,0.736,0.736,0.747,0.497,0.750,0.407,0.745,0.739,0.736,0.747,0.552,0.750,0.764,0.827,0.742,0.008,0.745,0.736,0.827,0.761,0.330,0.775,0.511,0.629,0.736,0.505,0.736,0.747,0.742,0.742,0.475,0.750,0.588,0.736,0.736,0.519,0.398,0.750,0.734,0.761,0.492,0.758,0.503,0.736,0.398,0.753,0.772,0.783,0.747,0.772,0.005,0.775,0.791,0.486,0.734,0.772,0.495,0.747,0.753,0.832,0.736,0.830,0.750,0.736,0.750,0.385,0.745,0.739,0.819,0.750,0.745,0.008,0.332,0.830,0.495,0.750,0.582,0.745,0.750,0.484,0.786,0.750,0.745,0.753,0.734,0.629,0.486,0.791,0.569,0.750,0.734,0.324,0.761,0.745,0.629,0.742,0.734,0.593,0.739,0.753,0.772,0.736,0.745,0.742,0.775,0.753,0.407,0.791,0.736,0.736,0.747,0.357,0.745,0.382,0.769,0.025,0.390,0.747,0.827,0.734,0.766,0.736,0.736,0.745,0.772,0.775,0.486,0.508,0.734,0.747,0.519,0.761,0.571,0.769,0.827,0.734,0.750,0.566,0.486,0.016,0.747,0.742,0.527,0.497,0.731,0.734,0.753,0.739,0.747,0.030,0.527,0.409,0.495,0.827,0.736,0.558,0.566,0.753,0.761,0.816,0.794,0.750,0.016,0.832,0.739,0.393,0.742,0.786,0.745,0.731,0.497,0.827,0.505,0.486,0.753,0.742
7PNB_U_2_NAG;0.563,0.011,0.835,0.747,0.011,0.613,0.577,0.791,0.804,0.629,0.000,0.840,0.769,0.780,0.771,0.799,0.769,0.829,0.008,0.624,0.799,0.802,0.604,0.804,0.752,0.799,0.000,0.829,0.614,0.582,0.588,0.643,0.614,0.635,0.632,0.829,0.766,0.629,0.771,0.614,0.760,0.796,0.571,0.749,0.813,0.799,0.807,0.030,0.615,0.621,0.810,0.607,0.766,0.829,0.635,0.791,0.785,0.804,0.741,0.585,0.569,0.771,0.813,0.569,0.607,0.613,0.617,0.769,0.646,0.832,0.569,0.832,0.635,0.632,0.609,0.804,0.807,0.763,0.766,0.799,0.755,0.602,0.807,0.604,0.782,0.791,0.771,0.796,0.601,0.799,0.744,0.807,0.771,0.632,0.810,0.769,0.807,0.741,0.640,0.835,0.593,0.006,0.788,0.585,0.766,0.782,0.791,0.802,0.615,0.752,0.574,0.788,0.793,0.604,0.599,0.813,0.791,0.747,0.646,0.738,0.580,0.780,0.596,0.826,0.832,0.788,0.807,0.835,0.635,0.829,0.793,0.629,0.766,0.832,0.646,0.766,0.832,0.810,0.782,0.807,0.810,0.769,0.810,0.602,0.766,0.793,0.796,0.763,0.766,0.632,0.629,0.804,0.637,0.749,0.566,0.766,0.749,0.618,0.793,0.829,0.755,0.813,0.769,0.011,0.615,0.793,0.599,0.752,0.785,0.637,0.747,0.771,0.011,0.774,0.766,0.571,0.769,0.826,0.835,0.802,0.807,0.769,0.835,0.829,0.599,0.791,0.769,0.766,0.763,0.618,0.810,0.596,0.829,0.640,0.607,0.807,0.796,0.785,0.829,0.766,0.791,0.782,0.832,0.835,0.635,0.588,0.763,0.780,0.580,0.747,0.604,0.832,0.804,0.791,0.777,0.606,0.624,0.637,0.810,0.771,0.610,0.615,0.782,0.782,0.752,0.791,0.804,0.635,0.581,0.599,0.640,0.802,0.766,0.601,0.617,0.832,0.741,0.804,0.793,0.802,0.637,0.810,0.785,0.607,0.766,0.788,0.785,0.780,0.646,0.810,0.582,0.643,0.826,0.780
7PNB_0_3_YZT;0.824,0.835,0.067,0.606,0.837,0.777,0.821,0.539,0.430,0.772,0.840,0.000,0.570,0.479,0.503,0.485,0.503,0.261,0.837,0.755,0.461,0.418,0.788,0.430,0.485,0.503,0.840,0.267,0.769,0.821,0.824,0.780,0.780,0.772,0.786,0.067,0.509,0.788,0.491,0.771,0.509,0.491,0.819,0.491,0.473,0.467,0.624,0.835,0.772,0.786,0.467,0.819,0.491,0.267,0.788,0.558,0.473,0.479,0.600,0.816,0.816,0.503,0.467,0.819,0.786,0.788,0.810,0.564,0.758,0.067,0.819,0.061,0.788,0.783,0.815,0.618,0.436,0.515,0.509,0.485,0.485,0.794,0.473,0.788,0.479,0.461,0.491,0.479,0.821,0.473,0.618,0.436,0.491,0.775,0.455,0.503,0.606,0.612,0.777,0.297,0.824,0.837,0.442,0.819,0.503,0.473,0.461,0.485,0.766,0.491,0.816,0.473,0.479,0.788,0.788,0.467,0.479,0.606,0.761,0.600,0.821,0.479,0.791,0.261,0.273,0.545,0.467,0.279,0.775,0.267,0.570,0.753,0.497,0.273,0.764,0.570,0.255,0.618,0.479,0.624,0.473,0.503,0.461,0.780,0.570,0.467,0.430,0.576,0.509,0.772,0.783,0.618,0.766,0.491,0.816,0.582,0.491,0.780,0.564,0.255,0.479,0.467,0.485,0.837,0.777,0.564,0.821,0.485,0.485,0.780,0.612,0.564,0.840,0.503,0.491,0.827,0.503,0.261,0.279,0.461,0.461,0.503,0.297,0.255,0.794,0.570,0.503,0.509,0.588,0.791,0.467,0.783,0.055,0.772,0.786,0.467,0.436,0.485,0.097,0.503,0.467,0.479,0.073,0.061,0.764,0.827,0.503,0.467,0.813,0.606,0.821,0.273,0.436,0.479,0.485,0.810,0.775,0.775,0.467,0.503,0.783,0.791,0.485,0.491,0.491,0.455,0.467,0.772,0.785,0.788,0.769,0.618,0.509,0.793,0.813,0.261,0.600,0.418,0.564,0.473,0.775,0.612,0.473,0.786,0.576,0.539,0.473,0.485,0.764,0.612,0.824,0.753,0.261,0.461
7PNB_z_4_BGC;0.761,0.766,0.570,0.497,0.766,0.758,0.758,0.570,0.515,0.747,0.769,0.570,0.000,0.527,0.479,0.527,0.491,0.527,0.766,0.758,0.533,0.521,0.755,0.509,0.539,0.521,0.769,0.539,0.760,0.750,0.755,0.747,0.755,0.750,0.766,0.564,0.436,0.761,0.521,0.763,0.497,0.515,0.755,0.539,0.539,0.539,0.624,0.766,0.764,0.758,0.533,0.753,0.515,0.527,0.739,0.570,0.497,0.533,0.491,0.753,0.764,0.491,0.545,0.758,0.753,0.753,0.760,0.006,0.769,0.570,0.758,0.558,0.750,0.766,0.752,0.624,0.527,0.473,0.436,0.515,0.539,0.753,0.539,0.775,0.527,0.545,0.527,0.552,0.758,0.521,0.509,0.533,0.521,0.750,0.527,0.436,0.630,0.491,0.769,0.545,0.750,0.766,0.527,0.747,0.430,0.533,0.539,0.533,0.755,0.539,0.755,0.527,0.509,0.758,0.766,0.545,0.497,0.497,0.769,0.491,0.750,0.509,0.772,0.527,0.539,0.558,0.533,0.545,0.750,0.564,0.564,0.775,0.515,0.539,0.769,0.018,0.533,0.624,0.515,0.624,0.545,0.442,0.539,0.772,0.012,0.521,0.515,0.024,0.473,0.745,0.753,0.630,0.772,0.539,0.766,0.018,0.539,0.755,0.552,0.533,0.539,0.545,0.515,0.769,0.753,0.570,0.755,0.539,0.527,0.761,0.503,0.018,0.769,0.485,0.515,0.761,0.473,0.527,0.545,0.533,0.527,0.491,0.558,0.533,0.766,0.558,0.442,0.436,0.024,0.755,0.533,0.769,0.570,0.750,0.772,0.533,0.533,0.521,0.582,0.430,0.521,0.527,0.564,0.576,0.766,0.755,0.509,0.533,0.747,0.497,0.755,0.539,0.527,0.497,0.527,0.758,0.758,0.750,0.533,0.479,0.753,0.755,0.521,0.515,0.545,0.539,0.527,0.750,0.752,0.772,0.772,0.630,0.436,0.736,0.760,0.533,0.485,0.509,0.570,0.521,0.750,0.636,0.521,0.772,0.024,0.570,0.533,0.521,0.769,0.630,0.747,0.766,0.527,0.533
7PNB_M_5_MAN;0.775,0.782,0.479,0.479,0.785,0.742,0.777,0.430,0.552,0.747,0.780,0.479,0.527,0.000,0.218,0.176,0.224,0.448,0.782,0.734,0.188,0.545,0.755,0.558,0.206,0.164,0.780,0.436,0.747,0.753,0.753,0.728,0.755,0.750,0.739,0.479,0.352,0.712,0.194,0.755,0.188,0.152,0.775,0.212,0.358,0.188,0.624,0.785,0.745,0.747,0.352,0.755,0.188,0.448,0.731,0.473,0.127,0.339,0.479,0.755,0.769,0.212,0.352,0.775,0.755,0.755,0.758,0.521,0.725,0.485,0.775,0.473,0.720,0.709,0.744,0.624,0.558,0.212,0.352,0.145,0.188,0.736,0.333,0.709,0.018,0.194,0.182,0.048,0.747,0.345,0.491,0.552,0.200,0.750,0.321,0.352,0.612,0.485,0.723,0.448,0.758,0.782,0.194,0.750,0.345,0.006,0.182,0.145,0.742,0.218,0.772,0.188,0.133,0.750,0.709,0.345,0.127,0.485,0.720,0.479,0.755,0.164,0.709,0.455,0.442,0.436,0.333,0.455,0.750,0.436,0.473,0.723,0.200,0.442,0.720,0.509,0.455,0.618,0.170,0.624,0.352,0.345,0.333,0.701,0.515,0.200,0.558,0.515,0.200,0.747,0.717,0.618,0.717,0.206,0.772,0.515,0.206,0.742,0.467,0.442,0.200,0.339,0.182,0.780,0.747,0.461,0.755,0.200,0.170,0.723,0.479,0.509,0.782,0.218,0.194,0.783,0.218,0.455,0.455,0.194,0.321,0.224,0.467,0.448,0.706,0.461,0.345,0.352,0.521,0.712,0.352,0.703,0.467,0.747,0.703,0.333,0.576,0.170,0.461,0.345,0.188,0.006,0.473,0.479,0.720,0.758,0.188,0.018,0.755,0.479,0.747,0.442,0.558,0.127,0.018,0.749,0.742,0.750,0.345,0.224,0.750,0.745,0.164,0.176,0.224,0.194,0.327,0.747,0.752,0.706,0.723,0.624,0.352,0.736,0.755,0.455,0.479,0.552,0.461,0.333,0.750,0.612,0.170,0.706,0.509,0.436,0.018,0.170,0.723,0.612,0.758,0.723,0.442,0.024
7PNB_c_6_MAN;0.780,0.774,0.485,0.479,0.780,0.745,0.780,0.455,0.545,0.742,0.771,0.503,0.479,0.218,0.000,0.255,0.024,0.491,0.771,0.736,0.273,0.539,0.745,0.545,0.285,0.255,0.771,0.455,0.749,0.747,0.755,0.720,0.747,0.742,0.725,0.497,0.345,0.709,0.212,0.755,0.212,0.242,0.780,0.291,0.382,0.285,0.600,0.780,0.747,0.739,0.376,0.758,0.206,0.491,0.731,0.485,0.230,0.345,0.479,0.745,0.775,0.018,0.370,0.783,0.742,0.747,0.755,0.473,0.723,0.503,0.783,0.485,0.717,0.709,0.752,0.600,0.552,0.030,0.345,0.236,0.279,0.731,0.339,0.725,0.224,0.273,0.218,0.218,0.749,0.345,0.491,0.552,0.206,0.745,0.345,0.339,0.594,0.485,0.712,0.467,0.755,0.771,0.267,0.750,0.345,0.212,0.267,0.248,0.747,0.297,0.780,0.236,0.224,0.742,0.723,0.370,0.230,0.485,0.720,0.479,0.745,0.261,0.725,0.491,0.448,0.461,0.339,0.467,0.745,0.461,0.485,0.717,0.212,0.448,0.712,0.461,0.485,0.594,0.255,0.600,0.376,0.345,0.364,0.714,0.479,0.285,0.552,0.479,0.030,0.742,0.717,0.600,0.712,0.297,0.780,0.473,0.297,0.734,0.467,0.491,0.279,0.370,0.212,0.774,0.747,0.485,0.758,0.291,0.273,0.720,0.485,0.461,0.774,0.006,0.200,0.788,0.018,0.491,0.467,0.279,0.339,0.024,0.485,0.491,0.723,0.485,0.345,0.345,0.479,0.712,0.376,0.717,0.473,0.736,0.717,0.339,0.570,0.261,0.479,0.345,0.273,0.224,0.485,0.497,0.720,0.753,0.224,0.206,0.745,0.479,0.755,0.448,0.558,0.230,0.224,0.755,0.745,0.745,0.376,0.012,0.742,0.736,0.255,0.267,0.303,0.279,0.333,0.736,0.716,0.720,0.712,0.606,0.345,0.744,0.758,0.497,0.479,0.539,0.485,0.339,0.745,0.594,0.255,0.714,0.467,0.455,0.224,0.255,0.714,0.594,0.753,0.712,0.497,0.218
7PNB_i_5_MAN;0.780,0.799,0.479,0.497,0.804,0.736,0.777,0.430,0.582,0.734,0.799,0.485,0.527,0.176,0.255,0.000,0.261,0.491,0.799,0.728,0.121,0.570,0.750,0.582,0.285,0.048,0.799,0.442,0.741,0.742,0.736,0.712,0.744,0.734,0.734,0.497,0.370,0.709,0.170,0.752,0.182,0.042,0.777,0.291,0.321,0.121,0.630,0.807,0.739,0.742,0.327,0.775,0.164,0.491,0.725,0.461,0.079,0.309,0.485,0.736,0.772,0.248,0.327,0.775,0.753,0.747,0.769,0.521,0.728,0.497,0.775,0.491,0.712,0.706,0.763,0.630,0.588,0.279,0.370,0.061,0.267,0.742,0.303,0.712,0.170,0.121,0.152,0.158,0.758,0.327,0.509,0.582,0.176,0.736,0.291,0.358,0.612,0.491,0.706,0.448,0.745,0.799,0.121,0.736,0.364,0.170,0.109,0.042,0.745,0.291,0.772,0.188,0.061,0.753,0.706,0.321,0.079,0.491,0.728,0.485,0.739,0.194,0.706,0.485,0.436,0.430,0.303,0.455,0.736,0.442,0.461,0.717,0.164,0.436,0.723,0.509,0.485,0.624,0.206,0.630,0.321,0.364,0.321,0.698,0.527,0.133,0.576,0.527,0.261,0.734,0.709,0.618,0.728,0.285,0.775,0.527,0.285,0.742,0.455,0.491,0.279,0.315,0.158,0.799,0.745,0.448,0.772,0.279,0.206,0.712,0.497,0.509,0.802,0.255,0.170,0.786,0.255,0.485,0.455,0.115,0.303,0.261,0.455,0.497,0.703,0.461,0.364,0.370,0.533,0.706,0.315,0.701,0.485,0.734,0.701,0.303,0.600,0.218,0.479,0.364,0.127,0.176,0.467,0.491,0.725,0.742,0.158,0.158,0.745,0.497,0.764,0.436,0.588,0.079,0.176,0.766,0.739,0.736,0.321,0.261,0.747,0.742,0.200,0.212,0.291,0.121,0.309,0.734,0.744,0.709,0.723,0.624,0.370,0.752,0.771,0.497,0.485,0.576,0.448,0.315,0.736,0.624,0.194,0.692,0.521,0.436,0.170,0.206,0.725,0.612,0.745,0.714,0.497,0.164
7PNB_N_6_MAN;0.783,0.771,0.485,0.491,0.777,0.742,0.783,0.455,0.552,0.742,0.769,0.503,0.491,0.224,0.024,0.261,0.000,0.491,0.769,0.736,0.279,0.545,0.745,0.552,0.285,0.261,0.769,0.455,0.747,0.750,0.755,0.725,0.744,0.742,0.723,0.497,0.352,0.712,0.218,0.755,0.218,0.248,0.783,0.291,0.376,0.285,0.606,0.777,0.745,0.739,0.370,0.764,0.212,0.491,0.736,0.485,0.236,0.345,0.491,0.745,0.777,0.018,0.364,0.786,0.742,0.747,0.763,0.485,0.717,0.503,0.786,0.485,0.720,0.712,0.755,0.606,0.558,0.042,0.352,0.242,0.279,0.731,0.339,0.725,0.230,0.273,0.224,0.224,0.749,0.345,0.503,0.558,0.212,0.745,0.345,0.345,0.594,0.497,0.714,0.467,0.755,0.769,0.279,0.750,0.352,0.218,0.273,0.255,0.747,0.297,0.783,0.230,0.230,0.736,0.725,0.364,0.236,0.497,0.720,0.491,0.747,0.261,0.725,0.491,0.448,0.461,0.339,0.467,0.745,0.461,0.485,0.717,0.218,0.448,0.717,0.485,0.485,0.600,0.248,0.606,0.370,0.352,0.364,0.717,0.491,0.297,0.558,0.503,0.042,0.742,0.720,0.600,0.717,0.297,0.783,0.497,0.297,0.728,0.467,0.491,0.279,0.370,0.218,0.771,0.745,0.485,0.766,0.291,0.267,0.725,0.497,0.485,0.771,0.018,0.206,0.791,0.042,0.491,0.467,0.285,0.339,0.000,0.485,0.491,0.723,0.485,0.352,0.352,0.503,0.714,0.370,0.720,0.473,0.736,0.720,0.339,0.576,0.255,0.479,0.352,0.285,0.230,0.485,0.497,0.717,0.753,0.230,0.212,0.745,0.491,0.761,0.448,0.564,0.236,0.230,0.760,0.742,0.745,0.376,0.012,0.742,0.736,0.248,0.261,0.303,0.291,0.333,0.736,0.719,0.723,0.717,0.606,0.352,0.744,0.763,0.497,0.491,0.545,0.485,0.339,0.745,0.594,0.248,0.717,0.491,0.455,0.230,0.248,0.720,0.594,0.753,0.712,0.497,0.224
7PNB_h_3_YZT;0.797,0.829,0.291,0.576,0.835,0.758,0.797,0.564,0.406,0.753,0.829,0.261,0.527,0.448,0.491,0.491,0.491,0.000,0.826,0.753,0.467,0.394,0.777,0.400,0.455,0.491,0.829,0.206,0.763,0.788,0.794,0.761,0.766,0.753,0.772,0.279,0.455,0.769,0.485,0.771,0.473,0.491,0.791,0.461,0.388,0.473,0.594,0.837,0.753,0.777,0.382,0.797,0.479,0.006,0.761,0.576,0.473,0.406,0.576,0.783,0.791,0.491,0.382,0.794,0.777,0.777,0.785,0.521,0.764,0.285,0.794,0.273,0.764,0.769,0.791,0.588,0.412,0.479,0.455,0.491,0.442,0.777,0.400,0.777,0.442,0.473,0.485,0.467,0.788,0.400,0.588,0.412,0.485,0.755,0.382,0.455,0.576,0.588,0.764,0.230,0.791,0.826,0.461,0.788,0.448,0.455,0.473,0.491,0.753,0.461,0.791,0.461,0.485,0.780,0.775,0.382,0.473,0.582,0.764,0.576,0.788,0.455,0.775,0.012,0.200,0.564,0.394,0.200,0.755,0.206,0.576,0.758,0.479,0.206,0.761,0.521,0.006,0.582,0.455,0.594,0.388,0.448,0.376,0.766,0.527,0.479,0.406,0.539,0.479,0.753,0.764,0.582,0.764,0.461,0.791,0.533,0.461,0.766,0.564,0.030,0.448,0.382,0.473,0.832,0.758,0.582,0.794,0.455,0.455,0.761,0.582,0.521,0.829,0.491,0.479,0.797,0.485,0.012,0.218,0.467,0.382,0.491,0.224,0.030,0.772,0.570,0.448,0.455,0.539,0.766,0.382,0.769,0.273,0.753,0.769,0.394,0.406,0.455,0.267,0.448,0.467,0.448,0.297,0.297,0.764,0.794,0.473,0.461,0.786,0.576,0.797,0.212,0.412,0.473,0.455,0.788,0.755,0.755,0.382,0.491,0.780,0.780,0.455,0.461,0.467,0.467,0.388,0.753,0.774,0.775,0.766,0.582,0.455,0.782,0.796,0.012,0.576,0.394,0.582,0.394,0.755,0.588,0.461,0.764,0.527,0.564,0.448,0.455,0.766,0.576,0.794,0.761,0.024,0.455
7PNB_e_2_NAG;0.563,0.008,0.832,0.747,0.008,0.613,0.577,0.793,0.804,0.629,0.008,0.837,0.766,0.782,0.771,0.799,0.769,0.826,0.000,0.624,0.802,0.802,0.602,0.804,0.752,0.802,0.008,0.826,0.614,0.580,0.585,0.643,0.614,0.635,0.629,0.826,0.769,0.629,0.774,0.614,0.763,0.799,0.571,0.749,0.813,0.802,0.810,0.033,0.615,0.618,0.810,0.610,0.769,0.826,0.635,0.796,0.788,0.804,0.741,0.582,0.569,0.771,0.813,0.569,0.604,0.610,0.617,0.766,0.643,0.829,0.569,0.829,0.635,0.632,0.612,0.807,0.807,0.763,0.769,0.802,0.755,0.599,0.807,0.602,0.785,0.796,0.774,0.799,0.603,0.799,0.744,0.807,0.774,0.632,0.810,0.771,0.810,0.741,0.640,0.832,0.591,0.003,0.793,0.582,0.769,0.785,0.793,0.804,0.615,0.752,0.574,0.793,0.796,0.602,0.596,0.813,0.793,0.747,0.643,0.738,0.577,0.785,0.593,0.824,0.829,0.793,0.807,0.832,0.635,0.826,0.799,0.629,0.769,0.829,0.643,0.763,0.829,0.813,0.788,0.810,0.810,0.771,0.810,0.599,0.766,0.799,0.796,0.763,0.766,0.632,0.629,0.807,0.640,0.749,0.566,0.766,0.749,0.615,0.799,0.826,0.755,0.813,0.771,0.014,0.615,0.799,0.602,0.752,0.791,0.637,0.747,0.769,0.008,0.774,0.769,0.571,0.769,0.824,0.832,0.804,0.807,0.769,0.832,0.826,0.596,0.796,0.771,0.769,0.763,0.618,0.810,0.593,0.826,0.640,0.604,0.807,0.796,0.791,0.826,0.769,0.796,0.785,0.829,0.832,0.632,0.585,0.766,0.782,0.577,0.747,0.607,0.829,0.804,0.793,0.780,0.609,0.624,0.637,0.810,0.771,0.607,0.613,0.788,0.788,0.752,0.796,0.804,0.635,0.579,0.596,0.643,0.804,0.769,0.603,0.620,0.829,0.741,0.804,0.799,0.802,0.637,0.813,0.791,0.604,0.766,0.791,0.788,0.785,0.643,0.813,0.580,0.640,0.824,0.782
7PNB_z_1_NAG;0.602,0.621,0.755,0.786,0.629,0.162,0.613,0.755,0.802,0.481,0.624,0.755,0.758,0.734,0.736,0.728,0.736,0.753,0.624,0.000,0.736,0.799,0.497,0.799,0.734,0.736,0.624,0.755,0.140,0.558,0.569,0.481,0.187,0.481,0.484,0.758,0.753,0.495,0.731,0.151,0.731,0.734,0.607,0.736,0.742,0.736,0.841,0.629,0.129,0.473,0.739,0.549,0.731,0.753,0.481,0.758,0.731,0.742,0.786,0.560,0.602,0.742,0.739,0.607,0.508,0.495,0.566,0.758,0.423,0.761,0.604,0.755,0.486,0.497,0.552,0.841,0.805,0.742,0.753,0.734,0.734,0.481,0.739,0.464,0.734,0.728,0.734,0.736,0.547,0.742,0.794,0.802,0.734,0.481,0.734,0.747,0.835,0.791,0.473,0.758,0.560,0.621,0.723,0.558,0.753,0.731,0.728,0.736,0.110,0.739,0.604,0.725,0.734,0.530,0.459,0.739,0.731,0.788,0.442,0.786,0.547,0.723,0.467,0.750,0.755,0.747,0.736,0.758,0.478,0.755,0.761,0.418,0.728,0.755,0.445,0.758,0.750,0.841,0.725,0.841,0.739,0.750,0.734,0.464,0.761,0.728,0.799,0.764,0.736,0.484,0.489,0.838,0.445,0.736,0.593,0.764,0.736,0.492,0.761,0.750,0.731,0.736,0.728,0.626,0.148,0.761,0.544,0.734,0.734,0.495,0.791,0.761,0.626,0.739,0.728,0.618,0.736,0.750,0.758,0.736,0.734,0.736,0.761,0.753,0.459,0.758,0.750,0.753,0.766,0.489,0.739,0.456,0.753,0.475,0.462,0.736,0.805,0.734,0.758,0.753,0.725,0.736,0.755,0.758,0.445,0.560,0.731,0.728,0.560,0.786,0.555,0.755,0.802,0.731,0.739,0.571,0.099,0.481,0.736,0.736,0.516,0.486,0.734,0.734,0.736,0.725,0.736,0.475,0.503,0.475,0.453,0.838,0.753,0.566,0.571,0.755,0.786,0.797,0.761,0.739,0.486,0.841,0.725,0.467,0.764,0.761,0.731,0.731,0.448,0.835,0.555,0.418,0.753,0.728
7PNB_O_6_MAN;0.769,0.802,0.467,0.461,0.804,0.750,0.772,0.436,0.594,0.736,0.799,0.461,0.533,0.188,0.273,0.121,0.279,0.467,0.802,0.736,0.000,0.582,0.761,0.594,0.285,0.115,0.799,0.424,0.755,0.742,0.742,0.712,0.755,0.736,0.747,0.473,0.388,0.706,0.224,0.758,0.236,0.115,0.766,0.291,0.297,0.042,0.618,0.807,0.750,0.753,0.303,0.775,0.212,0.467,0.725,0.461,0.127,0.285,0.461,0.745,0.766,0.261,0.297,0.769,0.764,0.758,0.760,0.527,0.734,0.473,0.769,0.479,0.714,0.703,0.763,0.618,0.600,0.291,0.388,0.121,0.267,0.750,0.279,0.723,0.194,0.055,0.200,0.170,0.760,0.291,0.473,0.594,0.230,0.739,0.267,0.376,0.606,0.467,0.703,0.436,0.747,0.802,0.055,0.739,0.382,0.182,0.055,0.097,0.747,0.291,0.766,0.164,0.121,0.747,0.723,0.291,0.127,0.467,0.731,0.461,0.745,0.182,0.723,0.467,0.418,0.436,0.279,0.424,0.739,0.418,0.461,0.725,0.230,0.418,0.728,0.521,0.461,0.612,0.182,0.618,0.297,0.382,0.303,0.714,0.527,0.067,0.588,0.533,0.279,0.736,0.709,0.612,0.725,0.285,0.769,0.527,0.285,0.750,0.455,0.461,0.279,0.297,0.206,0.799,0.753,0.455,0.772,0.279,0.176,0.712,0.461,0.515,0.802,0.267,0.218,0.775,0.273,0.467,0.424,0.012,0.279,0.279,0.442,0.467,0.720,0.461,0.382,0.388,0.533,0.709,0.297,0.717,0.467,0.731,0.717,0.279,0.612,0.194,0.455,0.382,0.073,0.182,0.461,0.479,0.731,0.747,0.218,0.188,0.747,0.461,0.769,0.418,0.600,0.127,0.182,0.763,0.750,0.739,0.309,0.273,0.755,0.750,0.176,0.188,0.297,0.042,0.285,0.731,0.741,0.720,0.725,0.618,0.388,0.752,0.769,0.473,0.461,0.588,0.455,0.291,0.739,0.606,0.170,0.709,0.521,0.436,0.182,0.176,0.731,0.606,0.747,0.717,0.467,0.176
7PNB_f_3_YZT;0.808,0.802,0.400,0.576,0.807,0.794,0.808,0.570,0.055,0.813,0.802,0.418,0.521,0.545,0.539,0.570,0.545,0.394,0.802,0.799,0.582,0.000,0.788,0.042,0.527,0.576,0.802,0.430,0.802,0.805,0.808,0.799,0.788,0.810,0.802,0.400,0.497,0.802,0.545,0.799,0.527,0.570,0.805,0.527,0.570,0.582,0.612,0.804,0.794,0.788,0.564,0.799,0.545,0.388,0.797,0.582,0.552,0.545,0.570,0.810,0.813,0.545,0.570,0.805,0.777,0.780,0.796,0.515,0.802,0.418,0.805,0.400,0.794,0.799,0.793,0.612,0.067,0.521,0.497,0.576,0.527,0.777,0.545,0.810,0.545,0.564,0.552,0.558,0.788,0.539,0.594,0.067,0.545,0.813,0.545,0.503,0.624,0.582,0.805,0.442,0.808,0.799,0.558,0.805,0.491,0.552,0.570,0.582,0.788,0.527,0.805,0.570,0.564,0.783,0.808,0.570,0.558,0.576,0.802,0.570,0.808,0.558,0.808,0.388,0.430,0.564,0.545,0.436,0.813,0.455,0.570,0.799,0.539,0.430,0.802,0.515,0.400,0.606,0.564,0.612,0.570,0.503,0.564,0.802,0.521,0.552,0.061,0.521,0.527,0.813,0.797,0.612,0.799,0.527,0.816,0.521,0.527,0.783,0.576,0.388,0.533,0.570,0.552,0.804,0.791,0.564,0.802,0.527,0.564,0.799,0.588,0.515,0.804,0.539,0.545,0.813,0.533,0.388,0.430,0.588,0.545,0.545,0.442,0.382,0.805,0.564,0.503,0.497,0.521,0.794,0.564,0.805,0.400,0.813,0.802,0.545,0.073,0.552,0.406,0.491,0.539,0.545,0.400,0.418,0.802,0.805,0.533,0.552,0.799,0.576,0.805,0.436,0.079,0.558,0.533,0.791,0.797,0.813,0.564,0.539,0.780,0.786,0.552,0.558,0.527,0.564,0.539,0.813,0.799,0.808,0.805,0.612,0.497,0.785,0.793,0.394,0.570,0.030,0.564,0.539,0.813,0.618,0.570,0.799,0.515,0.570,0.552,0.545,0.802,0.618,0.805,0.799,0.376,0.552
7PNB_S_1_NAG;0.580,0.602,0.791,0.747,0.604,0.505,0.599,0.755,0.791,0.514,0.604,0.788,0.755,0.755,0.745,0.750,0.745,0.777,0.602,0.497,0.761,0.788,0.000,0.786,0.747,0.758,0.604,0.777,0.505,0.475,0.489,0.514,0.516,0.511,0.434,0.783,0.747,0.522,0.747,0.516,0.742,0.753,0.593,0.747,0.761,0.761,0.824,0.602,0.497,0.129,0.758,0.536,0.742,0.777,0.500,0.761,0.747,0.755,0.739,0.467,0.591,0.747,0.761,0.599,0.063,0.036,0.536,0.753,0.363,0.786,0.591,0.786,0.508,0.516,0.533,0.824,0.797,0.742,0.747,0.755,0.747,0.170,0.755,0.489,0.755,0.758,0.750,0.764,0.525,0.755,0.750,0.794,0.747,0.514,0.753,0.747,0.821,0.739,0.508,0.775,0.478,0.602,0.747,0.475,0.747,0.755,0.755,0.758,0.495,0.750,0.596,0.766,0.750,0.151,0.484,0.758,0.753,0.745,0.390,0.731,0.459,0.761,0.478,0.777,0.777,0.753,0.753,0.772,0.511,0.777,0.764,0.363,0.742,0.777,0.387,0.758,0.777,0.824,0.766,0.824,0.761,0.750,0.753,0.475,0.753,0.750,0.788,0.755,0.742,0.511,0.514,0.821,0.401,0.747,0.588,0.755,0.747,0.077,0.764,0.775,0.747,0.755,0.742,0.604,0.508,0.758,0.527,0.747,0.769,0.511,0.750,0.753,0.602,0.747,0.742,0.604,0.739,0.777,0.772,0.755,0.750,0.745,0.772,0.777,0.489,0.758,0.750,0.747,0.755,0.503,0.758,0.475,0.786,0.516,0.475,0.753,0.797,0.769,0.788,0.747,0.747,0.758,0.791,0.786,0.376,0.481,0.745,0.755,0.489,0.747,0.508,0.777,0.794,0.753,0.755,0.533,0.495,0.516,0.755,0.745,0.058,0.113,0.766,0.769,0.753,0.750,0.750,0.508,0.566,0.492,0.401,0.821,0.747,0.522,0.541,0.780,0.734,0.788,0.764,0.750,0.519,0.824,0.766,0.489,0.753,0.755,0.755,0.769,0.396,0.821,0.467,0.349,0.775,0.761
7PNB_p_3_YZT;0.808,0.804,0.412,0.564,0.810,0.794,0.805,0.576,0.012,0.819,0.804,0.430,0.509,0.558,0.545,0.582,0.552,0.400,0.804,0.799,0.594,0.042,0.786,0.000,0.545,0.588,0.804,0.436,0.804,0.802,0.810,0.802,0.791,0.816,0.808,0.412,0.503,0.805,0.558,0.810,0.533,0.582,0.805,0.545,0.582,0.594,0.612,0.807,0.794,0.794,0.576,0.794,0.558,0.394,0.794,0.582,0.564,0.558,0.558,0.805,0.813,0.552,0.582,0.805,0.780,0.783,0.796,0.515,0.810,0.430,0.808,0.412,0.797,0.802,0.791,0.612,0.036,0.527,0.503,0.588,0.545,0.786,0.558,0.808,0.558,0.576,0.564,0.570,0.788,0.552,0.582,0.036,0.558,0.819,0.552,0.509,0.624,0.570,0.808,0.448,0.805,0.802,0.570,0.808,0.497,0.564,0.582,0.594,0.794,0.545,0.808,0.582,0.576,0.786,0.805,0.582,0.570,0.564,0.810,0.558,0.805,0.570,0.808,0.394,0.436,0.570,0.552,0.436,0.819,0.455,0.570,0.805,0.552,0.436,0.810,0.503,0.406,0.606,0.576,0.612,0.582,0.509,0.576,0.802,0.521,0.564,0.024,0.503,0.533,0.819,0.799,0.612,0.808,0.545,0.816,0.509,0.545,0.780,0.576,0.394,0.552,0.582,0.564,0.807,0.788,0.564,0.797,0.545,0.576,0.802,0.576,0.515,0.807,0.545,0.558,0.813,0.539,0.394,0.448,0.600,0.552,0.552,0.448,0.388,0.805,0.564,0.509,0.503,0.503,0.797,0.576,0.802,0.412,0.819,0.802,0.552,0.067,0.564,0.418,0.497,0.552,0.558,0.412,0.430,0.810,0.808,0.545,0.564,0.794,0.564,0.799,0.442,0.036,0.570,0.545,0.788,0.794,0.819,0.576,0.545,0.777,0.788,0.564,0.570,0.545,0.576,0.545,0.819,0.793,0.808,0.813,0.612,0.503,0.785,0.788,0.400,0.558,0.012,0.564,0.545,0.819,0.618,0.582,0.802,0.515,0.576,0.564,0.558,0.810,0.618,0.808,0.805,0.382,0.564
7PNB_m_5_MAN;0.772,0.752,0.485,0.442,0.755,0.734,0.775,0.497,0.552,0.747,0.752,0.485,0.539,0.206,0.285,0.285,0.285,0.455,0.752,0.734,0.285,0.527,0.747,0.545,0.000,0.291,0.752,0.461,0.744,0.745,0.747,0.723,0.744,0.747,0.747,0.473,0.382,0.712,0.285,0.741,0.267,0.291,0.772,0.006,0.345,0.291,0.630,0.752,0.739,0.742,0.339,0.736,0.279,0.455,0.723,0.509,0.267,0.364,0.430,0.753,0.766,0.279,0.345,0.772,0.745,0.747,0.738,0.533,0.720,0.479,0.775,0.485,0.712,0.709,0.733,0.630,0.558,0.267,0.382,0.285,0.018,0.731,0.358,0.723,0.200,0.279,0.285,0.218,0.736,0.364,0.455,0.552,0.279,0.750,0.352,0.382,0.624,0.436,0.712,0.467,0.755,0.752,0.267,0.747,0.382,0.212,0.267,0.279,0.734,0.012,0.772,0.261,0.273,0.739,0.717,0.339,0.267,0.436,0.714,0.430,0.750,0.218,0.717,0.461,0.467,0.497,0.358,0.467,0.750,0.455,0.521,0.720,0.279,0.467,0.720,0.521,0.461,0.624,0.230,0.630,0.339,0.382,0.327,0.712,0.527,0.285,0.552,0.521,0.273,0.747,0.717,0.618,0.712,0.012,0.769,0.533,0.012,0.739,0.515,0.442,0.006,0.333,0.273,0.749,0.742,0.509,0.739,0.006,0.242,0.720,0.448,0.527,0.752,0.285,0.273,0.780,0.285,0.461,0.467,0.291,0.345,0.285,0.467,0.448,0.714,0.509,0.382,0.382,0.533,0.709,0.339,0.714,0.485,0.747,0.712,0.358,0.558,0.242,0.461,0.382,0.267,0.212,0.485,0.491,0.717,0.753,0.279,0.212,0.745,0.442,0.742,0.467,0.558,0.267,0.200,0.730,0.745,0.750,0.333,0.291,0.747,0.742,0.230,0.242,0.018,0.273,0.352,0.747,0.760,0.720,0.717,0.624,0.382,0.722,0.733,0.461,0.430,0.539,0.509,0.358,0.750,0.612,0.242,0.703,0.527,0.503,0.212,0.230,0.712,0.624,0.755,0.725,0.436,0.224
7PNB_Y_5_MAN;0.786,0.802,0.497,0.491,0.804,0.750,0.788,0.424,0.588,0.736,0.799,0.503,0.521,0.164,0.255,0.048,0.261,0.491,0.802,0.736,0.115,0.576,0.758,0.588,0.291,0.000,0.799,0.455,0.755,0.747,0.747,0.720,0.758,0.736,0.745,0.509,0.382,0.714,0.164,0.766,0.176,0.012,0.783,0.297,0.321,0.103,0.624,0.807,0.750,0.750,0.327,0.772,0.158,0.491,0.731,0.448,0.048,0.303,0.491,0.742,0.783,0.248,0.321,0.786,0.761,0.755,0.769,0.515,0.734,0.509,0.786,0.509,0.717,0.714,0.760,0.624,0.594,0.279,0.382,0.018,0.273,0.747,0.297,0.714,0.158,0.115,0.145,0.145,0.758,0.315,0.503,0.594,0.170,0.739,0.285,0.370,0.612,0.497,0.717,0.467,0.750,0.802,0.133,0.742,0.376,0.158,0.109,0.018,0.755,0.297,0.783,0.194,0.030,0.758,0.714,0.315,0.036,0.497,0.731,0.491,0.745,0.206,0.714,0.491,0.448,0.424,0.297,0.467,0.739,0.461,0.448,0.728,0.158,0.448,0.725,0.503,0.485,0.618,0.212,0.624,0.321,0.382,0.321,0.706,0.509,0.145,0.588,0.509,0.261,0.736,0.717,0.618,0.728,0.291,0.786,0.509,0.291,0.753,0.442,0.491,0.285,0.315,0.152,0.799,0.755,0.436,0.769,0.285,0.212,0.720,0.491,0.503,0.802,0.255,0.164,0.791,0.255,0.491,0.467,0.109,0.297,0.261,0.485,0.497,0.712,0.448,0.382,0.382,0.515,0.714,0.315,0.709,0.503,0.736,0.709,0.297,0.612,0.212,0.497,0.376,0.139,0.164,0.485,0.503,0.731,0.747,0.152,0.152,0.755,0.491,0.766,0.448,0.600,0.036,0.164,0.763,0.745,0.739,0.327,0.261,0.753,0.747,0.194,0.206,0.303,0.133,0.303,0.736,0.747,0.712,0.723,0.624,0.382,0.749,0.769,0.497,0.491,0.582,0.436,0.309,0.739,0.624,0.200,0.701,0.503,0.424,0.158,0.200,0.728,0.612,0.750,0.723,0.497,0.152
7PNB_j_2_NAG;0.563,0.011,0.835,0.747,0.011,0.613,0.577,0.791,0.804,0.629,0.000,0.840,0.769,0.780,0.771,0.799,0.769,0.829,0.008,0.624,0.799,0.802,0.604,0.804,0.752,0.799,0.000,0.829,0.614,0.582,0.588,0.643,0.614,0.635,0.632,0.829,0.766,0.629,0.771,0.614,0.760,0.796,0.571,0.749,0.813,0.799,0.807,0.030,0.615,0.621,0.810,0.607,0.766,0.829,0.635,0.791,0.785,0.804,0.741,0.585,0.569,0.771,0.813,0.569,0.607,0.613,0.617,0.769,0.646,0.832,0.569,0.832,0.635,0.632,0.609,0.804,0.807,0.763,0.766,0.799,0.755,0.602,0.807,0.604,0.782,0.791,0.771,0.796,0.601,0.799,0.744,0.807,0.771,0.632,0.810,0.769,0.807,0.741,0.640,0.835,0.593,0.006,0.788,0.585,0.766,0.782,0.791,0.802,0.615,0.752,0.574,0.788,0.793,0.604,0.599,0.813,0.791,0.747,0.646,0.738,0.580,0.780,0.596,0.826,0.832,0.788,0.807,0.835,0.635,0.829,0.793,0.629,0.766,0.832,0.646,0.766,0.832,0.810,0.782,0.807,0.810,0.769,0.810,0.602,0.766,0.793,0.796,0.763,0.766,0.632,0.629,0.804,0.637,0.749,0.566,0.766,0.749,0.618,0.793,0.829,0.755,0.813,0.769,0.011,0.615,0.793,0.599,0.752,0.785,0.637,0.747,0.771,0.011,0.774,0.766,0.571,0.769,0.826,0.835,0.802,0.807,0.769,0.835,0.829,0.599,0.791,0.769,0.766,0.763,0.618,0.810,0.596,0.829,0.640,0.607,0.807,0.796,0.785,0.829,0.766,0.791,0.782,0.832,0.835,0.635,0.588,0.763,0.780,0.580,0.747,0.604,0.832,0.804,0.791,0.777,0.606,0.624,0.637,0.810,0.771,0.610,0.615,0.782,0.782,0.752,0.791,0.804,0.635,0.581,0.599,0.640,0.802,0.766,0.601,0.617,0.832,0.741,0.804,0.793,0.802,0.637,0.810,0.785,0.607,0.766,0.788,0.785,0.780,0.646,0.810,0.582,0.643,0.826,0.780
7PNB_s_3_YZT;0.816,0.826,0.291,0.570,0.832,0.769,0.813,0.527,0.436,0.775,0.829,0.267,0.539,0.436,0.455,0.442,0.455,0.206,0.826,0.755,0.424,0.430,0.777,0.436,0.461,0.455,0.829,0.000,0.774,0.797,0.802,0.761,0.780,0.775,0.777,0.279,0.461,0.764,0.448,0.780,0.461,0.448,0.810,0.467,0.394,0.436,0.564,0.835,0.764,0.780,0.388,0.810,0.442,0.212,0.769,0.539,0.424,0.394,0.570,0.788,0.805,0.455,0.388,0.810,0.780,0.777,0.802,0.533,0.764,0.303,0.810,0.291,0.769,0.766,0.802,0.558,0.448,0.455,0.461,0.442,0.448,0.780,0.388,0.783,0.430,0.430,0.448,0.436,0.793,0.388,0.582,0.442,0.448,0.777,0.370,0.448,0.545,0.582,0.766,0.042,0.797,0.826,0.418,0.791,0.455,0.430,0.430,0.436,0.769,0.467,0.808,0.448,0.430,0.788,0.780,0.388,0.430,0.576,0.764,0.570,0.794,0.455,0.780,0.206,0.030,0.527,0.382,0.042,0.777,0.061,0.545,0.750,0.455,0.024,0.761,0.527,0.200,0.552,0.455,0.564,0.394,0.455,0.382,0.772,0.539,0.424,0.436,0.545,0.448,0.775,0.766,0.552,0.764,0.467,0.810,0.545,0.467,0.772,0.539,0.218,0.455,0.388,0.436,0.829,0.775,0.552,0.808,0.461,0.461,0.769,0.576,0.533,0.829,0.455,0.442,0.816,0.448,0.206,0.048,0.424,0.370,0.455,0.079,0.230,0.777,0.539,0.455,0.461,0.552,0.764,0.388,0.775,0.291,0.772,0.775,0.382,0.461,0.461,0.273,0.455,0.424,0.436,0.285,0.297,0.764,0.799,0.455,0.424,0.794,0.570,0.805,0.018,0.442,0.430,0.436,0.802,0.772,0.777,0.388,0.455,0.777,0.777,0.461,0.467,0.467,0.424,0.376,0.772,0.760,0.780,0.764,0.552,0.461,0.793,0.804,0.218,0.570,0.424,0.552,0.382,0.777,0.545,0.455,0.764,0.539,0.527,0.424,0.461,0.764,0.545,0.797,0.755,0.218,0.418
7PNB_Q_1_NAG;0.596,0.612,0.766,0.788,0.620,0.069,0.604,0.769,0.810,0.481,0.614,0.769,0.760,0.747,0.749,0.741,0.747,0.763,0.614,0.140,0.755,0.802,0.505,0.804,0.744,0.755,0.614,0.774,0.000,0.560,0.574,0.495,0.074,0.478,0.497,0.769,0.758,0.500,0.738,0.066,0.738,0.752,0.599,0.747,0.755,0.752,0.843,0.614,0.077,0.484,0.752,0.555,0.738,0.763,0.489,0.774,0.749,0.752,0.785,0.563,0.593,0.752,0.752,0.599,0.514,0.505,0.559,0.760,0.423,0.769,0.596,0.766,0.495,0.500,0.548,0.843,0.810,0.752,0.758,0.752,0.738,0.495,0.749,0.462,0.747,0.744,0.744,0.752,0.543,0.752,0.796,0.807,0.741,0.481,0.755,0.758,0.837,0.791,0.484,0.777,0.566,0.612,0.738,0.558,0.758,0.747,0.744,0.755,0.077,0.749,0.596,0.738,0.752,0.536,0.453,0.755,0.749,0.788,0.448,0.785,0.558,0.738,0.467,0.760,0.774,0.760,0.752,0.774,0.478,0.771,0.771,0.429,0.736,0.774,0.456,0.760,0.763,0.843,0.741,0.843,0.752,0.755,0.749,0.456,0.763,0.747,0.807,0.766,0.749,0.481,0.495,0.840,0.456,0.747,0.588,0.763,0.747,0.489,0.769,0.760,0.741,0.752,0.741,0.617,0.069,0.777,0.549,0.744,0.747,0.500,0.793,0.763,0.614,0.749,0.736,0.610,0.749,0.760,0.774,0.752,0.755,0.747,0.774,0.763,0.459,0.771,0.755,0.758,0.766,0.492,0.752,0.445,0.763,0.484,0.464,0.752,0.807,0.744,0.766,0.758,0.744,0.749,0.771,0.769,0.448,0.566,0.738,0.744,0.563,0.788,0.552,0.774,0.810,0.749,0.755,0.567,0.159,0.478,0.749,0.747,0.522,0.497,0.747,0.747,0.747,0.741,0.752,0.481,0.510,0.467,0.467,0.840,0.758,0.556,0.567,0.760,0.785,0.802,0.774,0.755,0.484,0.843,0.741,0.462,0.763,0.774,0.747,0.744,0.456,0.837,0.555,0.423,0.763,0.744
7PNB_M_2_NAG;0.560,0.585,0.813,0.758,0.585,0.555,0.571,0.780,0.805,0.500,0.582,0.821,0.750,0.753,0.747,0.742,0.750,0.788,0.580,0.558,0.742,0.805,0.475,0.802,0.745,0.747,0.582,0.797,0.560,0.000,0.069,0.484,0.560,0.497,0.527,0.810,0.714,0.467,0.739,0.549,0.725,0.747,0.571,0.745,0.764,0.742,0.830,0.588,0.563,0.481,0.761,0.511,0.734,0.788,0.470,0.780,0.742,0.745,0.761,0.082,0.566,0.747,0.769,0.571,0.492,0.481,0.514,0.750,0.500,0.819,0.566,0.813,0.459,0.462,0.505,0.830,0.810,0.739,0.714,0.747,0.745,0.481,0.747,0.462,0.750,0.745,0.739,0.758,0.522,0.745,0.761,0.813,0.739,0.497,0.742,0.714,0.832,0.758,0.464,0.788,0.063,0.580,0.747,0.077,0.714,0.755,0.745,0.753,0.547,0.745,0.571,0.747,0.745,0.492,0.456,0.769,0.739,0.761,0.511,0.755,0.063,0.736,0.459,0.788,0.797,0.777,0.745,0.788,0.497,0.797,0.780,0.508,0.734,0.797,0.514,0.750,0.791,0.832,0.745,0.830,0.766,0.717,0.766,0.453,0.753,0.753,0.808,0.747,0.739,0.495,0.467,0.830,0.503,0.745,0.563,0.747,0.745,0.481,0.772,0.794,0.747,0.769,0.731,0.585,0.552,0.780,0.516,0.745,0.739,0.459,0.755,0.747,0.580,0.747,0.734,0.569,0.745,0.788,0.788,0.742,0.739,0.750,0.791,0.794,0.453,0.777,0.717,0.714,0.745,0.459,0.764,0.453,0.813,0.497,0.462,0.745,0.816,0.736,0.810,0.714,0.747,0.750,0.816,0.819,0.519,0.058,0.731,0.753,0.091,0.758,0.505,0.794,0.813,0.739,0.745,0.505,0.560,0.503,0.761,0.750,0.486,0.473,0.731,0.736,0.747,0.753,0.742,0.497,0.533,0.459,0.508,0.827,0.714,0.511,0.508,0.788,0.758,0.802,0.780,0.739,0.500,0.832,0.747,0.448,0.747,0.783,0.755,0.734,0.508,0.832,0.060,0.492,0.791,0.755
7PNB_R_2_NAG;0.574,0.591,0.819,0.764,0.591,0.569,0.577,0.775,0.813,0.500,0.588,0.824,0.755,0.753,0.755,0.736,0.755,0.794,0.585,0.569,0.742,0.808,0.489,0.810,0.747,0.747,0.588,0.802,0.574,0.069,0.000,0.478,0.571,0.497,0.533,0.816,0.714,0.459,0.747,0.566,0.736,0.747,0.577,0.747,0.769,0.742,0.832,0.591,0.571,0.489,0.766,0.525,0.739,0.794,0.464,0.777,0.742,0.739,0.761,0.088,0.577,0.753,0.769,0.577,0.508,0.495,0.519,0.755,0.508,0.827,0.569,0.819,0.448,0.459,0.514,0.832,0.813,0.750,0.714,0.747,0.745,0.489,0.742,0.459,0.750,0.745,0.739,0.758,0.527,0.739,0.769,0.816,0.745,0.497,0.739,0.714,0.832,0.758,0.462,0.794,0.077,0.585,0.742,0.063,0.714,0.755,0.745,0.753,0.560,0.747,0.574,0.747,0.745,0.505,0.456,0.769,0.739,0.761,0.522,0.755,0.066,0.739,0.456,0.794,0.802,0.775,0.742,0.794,0.497,0.802,0.780,0.522,0.742,0.802,0.527,0.755,0.797,0.835,0.745,0.832,0.772,0.717,0.766,0.456,0.758,0.747,0.816,0.755,0.747,0.495,0.462,0.832,0.514,0.747,0.577,0.753,0.747,0.492,0.772,0.799,0.747,0.769,0.736,0.591,0.563,0.780,0.525,0.747,0.742,0.453,0.764,0.750,0.585,0.753,0.742,0.577,0.753,0.794,0.794,0.742,0.736,0.755,0.791,0.799,0.451,0.777,0.717,0.714,0.753,0.453,0.769,0.456,0.819,0.497,0.464,0.742,0.821,0.739,0.816,0.714,0.742,0.750,0.819,0.824,0.536,0.049,0.736,0.753,0.082,0.764,0.519,0.799,0.821,0.739,0.747,0.511,0.569,0.503,0.766,0.755,0.497,0.481,0.734,0.739,0.750,0.747,0.739,0.497,0.541,0.459,0.522,0.830,0.714,0.516,0.522,0.794,0.758,0.810,0.780,0.736,0.500,0.835,0.747,0.448,0.753,0.777,0.755,0.736,0.522,0.832,0.063,0.514,0.797,0.755
7PNB_Y_2_NAG;0.577,0.646,0.777,0.761,0.648,0.475,0.593,0.772,0.802,0.305,0.643,0.780,0.747,0.728,0.720,0.712,0.725,0.761,0.643,0.481,0.712,0.799,0.514,0.802,0.723,0.720,0.643,0.761,0.495,0.484,0.478,0.000,0.495,0.297,0.514,0.777,0.717,0.104,0.720,0.486,0.714,0.717,0.582,0.725,0.753,0.723,0.832,0.648,0.495,0.508,0.750,0.552,0.717,0.761,0.036,0.775,0.714,0.725,0.758,0.484,0.582,0.720,0.745,0.588,0.511,0.519,0.536,0.747,0.505,0.777,0.585,0.780,0.063,0.088,0.538,0.832,0.805,0.725,0.717,0.720,0.717,0.522,0.723,0.332,0.723,0.717,0.717,0.720,0.530,0.723,0.766,0.802,0.723,0.308,0.723,0.717,0.830,0.766,0.088,0.755,0.489,0.643,0.709,0.486,0.717,0.725,0.720,0.717,0.484,0.725,0.585,0.725,0.717,0.508,0.319,0.745,0.717,0.758,0.511,0.761,0.478,0.731,0.332,0.761,0.758,0.772,0.725,0.755,0.310,0.764,0.775,0.492,0.714,0.758,0.514,0.739,0.758,0.830,0.725,0.832,0.750,0.714,0.745,0.330,0.745,0.709,0.799,0.742,0.723,0.308,0.077,0.832,0.511,0.725,0.577,0.739,0.725,0.492,0.769,0.764,0.720,0.747,0.714,0.648,0.478,0.775,0.544,0.723,0.728,0.060,0.764,0.742,0.640,0.717,0.714,0.596,0.720,0.761,0.755,0.717,0.723,0.725,0.753,0.761,0.319,0.775,0.714,0.717,0.742,0.113,0.750,0.319,0.775,0.310,0.327,0.725,0.808,0.731,0.772,0.717,0.706,0.725,0.775,0.780,0.519,0.481,0.712,0.723,0.489,0.761,0.547,0.755,0.805,0.717,0.725,0.533,0.459,0.305,0.753,0.720,0.525,0.505,0.731,0.734,0.728,0.714,0.725,0.302,0.538,0.319,0.514,0.835,0.717,0.530,0.538,0.764,0.764,0.799,0.777,0.728,0.299,0.835,0.725,0.316,0.739,0.769,0.723,0.728,0.516,0.830,0.489,0.497,0.766,0.720
7PNB_V_1_NAG;0.596,0.614,0.777,0.785,0.623,0.080,0.610,0.769,0.796,0.495,0.614,0.780,0.755,0.755,0.747,0.744,0.744,0.766,0.614,0.187,0.755,0.788,0.516,0.791,0.744,0.758,0.614,0.780,0.074,0.560,0.571,0.495,0.000,0.489,0.500,0.780,0.749,0.500,0.738,0.105,0.736,0.755,0.602,0.747,0.755,0.752,0.840,0.617,0.104,0.503,0.752,0.566,0.738,0.766,0.492,0.771,0.752,0.744,0.782,0.566,0.593,0.749,0.752,0.602,0.519,0.514,0.562,0.755,0.448,0.777,0.602,0.777,0.495,0.500,0.559,0.840,0.796,0.749,0.749,0.755,0.738,0.503,0.741,0.470,0.755,0.744,0.744,0.760,0.548,0.744,0.793,0.793,0.741,0.495,0.747,0.752,0.835,0.788,0.481,0.780,0.563,0.612,0.738,0.563,0.749,0.755,0.744,0.758,0.118,0.749,0.599,0.747,0.755,0.549,0.462,0.755,0.752,0.785,0.467,0.782,0.555,0.747,0.473,0.763,0.777,0.760,0.744,0.777,0.492,0.777,0.766,0.442,0.736,0.777,0.470,0.755,0.766,0.840,0.749,0.840,0.752,0.747,0.749,0.467,0.758,0.747,0.793,0.760,0.747,0.495,0.495,0.837,0.478,0.747,0.588,0.758,0.747,0.503,0.763,0.769,0.741,0.752,0.741,0.620,0.082,0.771,0.560,0.744,0.755,0.500,0.791,0.755,0.614,0.747,0.736,0.613,0.747,0.763,0.777,0.752,0.747,0.744,0.777,0.766,0.462,0.766,0.747,0.749,0.760,0.492,0.752,0.456,0.777,0.492,0.467,0.744,0.793,0.752,0.777,0.749,0.744,0.758,0.782,0.780,0.459,0.563,0.738,0.752,0.566,0.785,0.569,0.777,0.796,0.752,0.760,0.576,0.179,0.492,0.749,0.744,0.527,0.511,0.755,0.755,0.747,0.741,0.744,0.492,0.510,0.478,0.473,0.837,0.749,0.562,0.573,0.766,0.782,0.788,0.769,0.747,0.497,0.840,0.749,0.467,0.758,0.774,0.755,0.752,0.470,0.835,0.558,0.440,0.771,0.752
7PNB_h_2_NAG;0.582,0.635,0.772,0.761,0.635,0.481,0.596,0.788,0.819,0.025,0.635,0.772,0.750,0.750,0.742,0.734,0.742,0.753,0.635,0.481,0.736,0.810,0.511,0.816,0.747,0.736,0.635,0.775,0.478,0.497,0.497,0.297,0.489,0.000,0.511,0.775,0.736,0.338,0.739,0.484,0.734,0.736,0.585,0.750,0.747,0.736,0.827,0.640,0.481,0.497,0.745,0.577,0.736,0.753,0.302,0.788,0.734,0.753,0.761,0.505,0.585,0.742,0.750,0.585,0.508,0.508,0.560,0.747,0.481,0.775,0.582,0.772,0.327,0.327,0.569,0.827,0.824,0.742,0.736,0.736,0.747,0.495,0.750,0.409,0.747,0.739,0.736,0.750,0.558,0.750,0.764,0.824,0.742,0.022,0.745,0.736,0.824,0.761,0.313,0.775,0.508,0.635,0.736,0.503,0.736,0.750,0.742,0.742,0.470,0.750,0.582,0.736,0.736,0.514,0.398,0.750,0.734,0.761,0.497,0.758,0.500,0.736,0.401,0.753,0.772,0.786,0.747,0.772,0.019,0.775,0.791,0.484,0.734,0.772,0.500,0.750,0.753,0.830,0.736,0.827,0.750,0.736,0.750,0.387,0.747,0.739,0.816,0.753,0.745,0.022,0.330,0.827,0.500,0.750,0.577,0.747,0.750,0.481,0.786,0.750,0.745,0.753,0.734,0.635,0.481,0.791,0.569,0.750,0.734,0.319,0.761,0.747,0.635,0.742,0.734,0.591,0.739,0.753,0.772,0.736,0.745,0.742,0.775,0.753,0.409,0.791,0.736,0.736,0.750,0.341,0.745,0.382,0.769,0.038,0.393,0.747,0.824,0.734,0.766,0.736,0.736,0.747,0.772,0.775,0.489,0.505,0.734,0.750,0.519,0.761,0.577,0.769,0.824,0.734,0.750,0.569,0.481,0.008,0.747,0.742,0.525,0.492,0.731,0.734,0.753,0.739,0.747,0.033,0.519,0.407,0.500,0.824,0.736,0.560,0.569,0.753,0.761,0.813,0.794,0.750,0.014,0.830,0.739,0.390,0.745,0.788,0.747,0.731,0.503,0.824,0.503,0.481,0.753,0.745
7E6X_E_1_NAG;0.585,0.632,0.797,0.780,0.637,0.489,0.593,0.772,0.810,0.516,0.632,0.786,0.766,0.739,0.725,0.734,0.723,0.772,0.629,0.484,0.747,0.802,0.434,0.808,0.747,0.745,0.632,0.777,0.497,0.527,0.533,0.514,0.500,0.511,0.000,0.791,0.739,0.505,0.739,0.503,0.734,0.742,0.585,0.750,0.766,0.745,0.824,0.640,0.489,0.418,0.761,0.569,0.739,0.772,0.514,0.775,0.736,0.758,0.780,0.530,0.593,0.725,0.766,0.591,0.434,0.440,0.577,0.764,0.387,0.791,0.588,0.788,0.503,0.505,0.569,0.824,0.816,0.725,0.739,0.745,0.745,0.434,0.755,0.508,0.739,0.745,0.739,0.745,0.566,0.755,0.786,0.813,0.739,0.514,0.753,0.739,0.824,0.775,0.503,0.783,0.530,0.629,0.747,0.533,0.739,0.739,0.747,0.742,0.484,0.750,0.585,0.734,0.739,0.442,0.497,0.764,0.742,0.780,0.379,0.772,0.533,0.742,0.503,0.772,0.777,0.769,0.753,0.777,0.516,0.780,0.772,0.390,0.736,0.777,0.376,0.769,0.772,0.827,0.739,0.824,0.766,0.736,0.764,0.500,0.764,0.753,0.805,0.772,0.731,0.514,0.495,0.827,0.396,0.750,0.591,0.766,0.750,0.429,0.766,0.775,0.745,0.766,0.739,0.635,0.492,0.766,0.574,0.750,0.736,0.508,0.783,0.764,0.632,0.723,0.739,0.593,0.723,0.772,0.777,0.745,0.750,0.723,0.783,0.775,0.503,0.766,0.736,0.739,0.769,0.497,0.764,0.497,0.788,0.516,0.508,0.753,0.810,0.742,0.797,0.739,0.750,0.736,0.794,0.794,0.387,0.536,0.736,0.739,0.530,0.780,0.566,0.777,0.813,0.742,0.736,0.582,0.495,0.519,0.766,0.720,0.442,0.418,0.736,0.742,0.753,0.750,0.750,0.505,0.533,0.505,0.398,0.824,0.739,0.582,0.599,0.775,0.772,0.805,0.769,0.753,0.514,0.830,0.742,0.503,0.764,0.769,0.739,0.736,0.390,0.824,0.536,0.379,0.777,0.734
7PNB_R_3_YZT;0.819,0.824,0.024,0.600,0.826,0.780,0.813,0.545,0.412,0.775,0.829,0.067,0.564,0.479,0.497,0.497,0.497,0.279,0.826,0.758,0.473,0.400,0.783,0.412,0.473,0.509,0.829,0.279,0.769,0.810,0.816,0.777,0.780,0.775,0.791,0.000,0.497,0.783,0.485,0.766,0.497,0.497,0.813,0.479,0.485,0.479,0.618,0.824,0.772,0.780,0.479,0.813,0.485,0.279,0.783,0.558,0.473,0.491,0.588,0.805,0.810,0.497,0.479,0.813,0.780,0.783,0.810,0.558,0.753,0.036,0.813,0.030,0.783,0.777,0.807,0.612,0.418,0.503,0.497,0.491,0.473,0.786,0.485,0.786,0.479,0.473,0.491,0.485,0.813,0.485,0.612,0.418,0.485,0.777,0.467,0.491,0.600,0.606,0.775,0.303,0.813,0.826,0.455,0.808,0.491,0.473,0.473,0.491,0.769,0.479,0.810,0.479,0.479,0.786,0.786,0.479,0.479,0.600,0.750,0.588,0.810,0.479,0.788,0.273,0.291,0.552,0.479,0.291,0.777,0.273,0.570,0.747,0.491,0.291,0.755,0.564,0.273,0.612,0.479,0.618,0.485,0.491,0.473,0.777,0.558,0.479,0.412,0.564,0.497,0.775,0.777,0.612,0.753,0.479,0.810,0.564,0.479,0.780,0.576,0.267,0.467,0.479,0.479,0.826,0.780,0.564,0.819,0.473,0.485,0.777,0.606,0.558,0.829,0.497,0.485,0.821,0.497,0.273,0.291,0.473,0.467,0.497,0.303,0.267,0.791,0.564,0.491,0.497,0.570,0.786,0.479,0.780,0.061,0.775,0.783,0.479,0.430,0.485,0.048,0.491,0.479,0.479,0.042,0.030,0.753,0.816,0.491,0.467,0.802,0.600,0.813,0.291,0.418,0.479,0.485,0.804,0.780,0.777,0.479,0.497,0.777,0.786,0.485,0.491,0.479,0.467,0.473,0.775,0.791,0.786,0.758,0.612,0.497,0.788,0.804,0.273,0.594,0.400,0.564,0.479,0.777,0.606,0.479,0.780,0.558,0.545,0.473,0.485,0.750,0.606,0.813,0.750,0.273,0.467
7PNB_N_4_BGC;0.777,0.769,0.485,0.485,0.774,0.745,0.780,0.479,0.503,0.736,0.766,0.509,0.436,0.352,0.345,0.370,0.352,0.455,0.769,0.753,0.388,0.497,0.747,0.503,0.382,0.382,0.766,0.461,0.758,0.714,0.714,0.717,0.749,0.736,0.739,0.497,0.000,0.714,0.358,0.760,0.327,0.370,0.777,0.388,0.406,0.388,0.606,0.771,0.753,0.755,0.400,0.777,0.345,0.455,0.723,0.509,0.352,0.333,0.479,0.706,0.775,0.339,0.400,0.777,0.747,0.753,0.769,0.430,0.734,0.509,0.772,0.485,0.709,0.709,0.763,0.606,0.515,0.339,0.000,0.376,0.376,0.745,0.327,0.709,0.345,0.376,0.358,0.376,0.766,0.339,0.497,0.515,0.352,0.739,0.321,0.012,0.594,0.491,0.712,0.448,0.714,0.766,0.376,0.709,0.006,0.358,0.382,0.388,0.747,0.388,0.775,0.406,0.364,0.739,0.709,0.400,0.358,0.485,0.731,0.485,0.709,0.388,0.703,0.461,0.461,0.479,0.321,0.455,0.739,0.455,0.509,0.739,0.339,0.461,0.734,0.430,0.461,0.600,0.394,0.606,0.406,0.006,0.394,0.701,0.436,0.400,0.503,0.436,0.339,0.736,0.717,0.600,0.731,0.394,0.780,0.430,0.394,0.742,0.497,0.467,0.376,0.400,0.339,0.771,0.742,0.503,0.775,0.388,0.394,0.706,0.485,0.424,0.771,0.339,0.339,0.775,0.333,0.461,0.455,0.382,0.309,0.352,0.455,0.461,0.706,0.503,0.006,0.000,0.436,0.706,0.400,0.703,0.485,0.736,0.701,0.321,0.527,0.376,0.491,0.006,0.388,0.352,0.485,0.497,0.731,0.714,0.339,0.358,0.703,0.485,0.766,0.455,0.509,0.358,0.352,0.763,0.753,0.739,0.400,0.345,0.745,0.753,0.376,0.382,0.394,0.394,0.315,0.736,0.752,0.706,0.736,0.606,0.000,0.755,0.769,0.461,0.485,0.497,0.509,0.321,0.739,0.606,0.406,0.703,0.424,0.485,0.358,0.382,0.731,0.594,0.714,0.736,0.467,0.370
7PNB_J_2_NAG;0.577,0.632,0.783,0.769,0.635,0.486,0.593,0.766,0.802,0.354,0.629,0.788,0.761,0.712,0.709,0.709,0.712,0.769,0.629,0.495,0.706,0.802,0.522,0.805,0.712,0.714,0.629,0.764,0.500,0.467,0.459,0.104,0.500,0.338,0.505,0.783,0.714,0.000,0.706,0.497,0.706,0.714,0.585,0.714,0.736,0.709,0.835,0.635,0.503,0.508,0.731,0.544,0.706,0.769,0.118,0.777,0.706,0.717,0.769,0.464,0.580,0.709,0.725,0.588,0.519,0.527,0.530,0.761,0.495,0.786,0.585,0.783,0.063,0.030,0.527,0.835,0.805,0.712,0.714,0.709,0.706,0.516,0.714,0.346,0.706,0.703,0.703,0.706,0.522,0.714,0.775,0.802,0.709,0.354,0.714,0.717,0.832,0.777,0.082,0.755,0.470,0.629,0.703,0.467,0.714,0.712,0.703,0.709,0.492,0.714,0.585,0.709,0.706,0.516,0.330,0.725,0.703,0.769,0.505,0.772,0.462,0.706,0.352,0.769,0.761,0.772,0.717,0.758,0.357,0.758,0.775,0.473,0.706,0.761,0.505,0.755,0.769,0.832,0.709,0.835,0.731,0.712,0.723,0.346,0.758,0.703,0.802,0.758,0.709,0.352,0.055,0.835,0.500,0.714,0.574,0.755,0.714,0.495,0.772,0.772,0.709,0.725,0.703,0.635,0.484,0.769,0.527,0.712,0.712,0.069,0.775,0.758,0.626,0.706,0.703,0.599,0.709,0.769,0.758,0.712,0.712,0.712,0.755,0.769,0.332,0.772,0.712,0.714,0.758,0.038,0.739,0.335,0.780,0.357,0.349,0.717,0.810,0.714,0.777,0.714,0.701,0.709,0.780,0.786,0.514,0.462,0.703,0.709,0.475,0.769,0.533,0.758,0.805,0.703,0.709,0.527,0.470,0.346,0.734,0.706,0.533,0.505,0.714,0.717,0.717,0.709,0.714,0.349,0.527,0.335,0.505,0.838,0.714,0.522,0.533,0.772,0.775,0.802,0.772,0.717,0.346,0.832,0.709,0.327,0.755,0.766,0.709,0.709,0.508,0.832,0.473,0.481,0.775,0.709
7PNB_L_6_MAN;0.766,0.777,0.479,0.479,0.780,0.739,0.772,0.424,0.558,0.739,0.771,0.491,0.521,0.194,0.212,0.170,0.218,0.485,0.774,0.731,0.224,0.545,0.747,0.558,0.285,0.164,0.771,0.448,0.738,0.739,0.747,0.720,0.738,0.739,0.739,0.485,0.358,0.706,0.000,0.755,0.048,0.152,0.766,0.291,0.327,0.200,0.630,0.782,0.742,0.739,0.321,0.769,0.018,0.485,0.725,0.467,0.127,0.303,0.485,0.734,0.764,0.212,0.327,0.769,0.750,0.747,0.763,0.515,0.731,0.491,0.769,0.485,0.717,0.706,0.758,0.630,0.564,0.230,0.358,0.145,0.267,0.734,0.297,0.714,0.194,0.188,0.024,0.200,0.752,0.303,0.497,0.564,0.012,0.742,0.297,0.352,0.612,0.497,0.706,0.461,0.742,0.774,0.200,0.739,0.352,0.188,0.182,0.158,0.750,0.291,0.766,0.242,0.133,0.750,0.709,0.321,0.127,0.485,0.728,0.491,0.736,0.255,0.712,0.485,0.448,0.430,0.297,0.461,0.742,0.455,0.461,0.723,0.018,0.448,0.723,0.503,0.479,0.624,0.248,0.630,0.321,0.358,0.315,0.701,0.509,0.218,0.558,0.509,0.218,0.739,0.714,0.618,0.720,0.285,0.766,0.509,0.285,0.736,0.455,0.497,0.279,0.321,0.024,0.774,0.736,0.448,0.766,0.279,0.261,0.720,0.491,0.503,0.774,0.212,0.018,0.775,0.206,0.485,0.461,0.218,0.297,0.218,0.473,0.491,0.709,0.448,0.358,0.358,0.515,0.706,0.321,0.703,0.485,0.739,0.706,0.297,0.582,0.224,0.473,0.352,0.212,0.194,0.473,0.485,0.728,0.739,0.030,0.182,0.747,0.479,0.758,0.448,0.570,0.127,0.194,0.760,0.731,0.742,0.321,0.218,0.747,0.734,0.242,0.242,0.297,0.218,0.291,0.739,0.741,0.712,0.720,0.624,0.358,0.744,0.766,0.485,0.491,0.552,0.448,0.297,0.742,0.612,0.236,0.701,0.503,0.424,0.194,0.236,0.725,0.612,0.745,0.723,0.503,0.188
7PNB_L_1_NAG;0.582,0.612,0.763,0.793,0.617,0.121,0.591,0.782,0.815,0.489,0.614,0.771,0.763,0.755,0.755,0.752,0.755,0.771,0.614,0.151,0.758,0.799,0.516,0.810,0.741,0.766,0.614,0.780,0.066,0.549,0.566,0.486,0.105,0.484,0.503,0.766,0.760,0.497,0.755,0.000,0.755,0.763,0.585,0.744,0.758,0.760,0.857,0.612,0.126,0.492,0.755,0.549,0.755,0.771,0.486,0.785,0.760,0.758,0.791,0.558,0.580,0.760,0.755,0.585,0.519,0.516,0.554,0.760,0.401,0.769,0.582,0.763,0.495,0.495,0.548,0.857,0.818,0.760,0.760,0.763,0.741,0.489,0.755,0.475,0.755,0.752,0.760,0.758,0.540,0.758,0.802,0.815,0.758,0.489,0.755,0.755,0.851,0.796,0.475,0.782,0.560,0.612,0.741,0.552,0.760,0.752,0.752,0.766,0.071,0.747,0.582,0.744,0.763,0.536,0.459,0.758,0.760,0.793,0.423,0.791,0.547,0.741,0.481,0.769,0.780,0.774,0.758,0.780,0.486,0.777,0.788,0.404,0.752,0.780,0.431,0.766,0.769,0.857,0.741,0.857,0.755,0.758,0.752,0.464,0.763,0.749,0.813,0.769,0.755,0.489,0.492,0.854,0.431,0.744,0.574,0.769,0.744,0.511,0.785,0.769,0.738,0.755,0.752,0.617,0.104,0.791,0.547,0.741,0.749,0.497,0.799,0.763,0.614,0.758,0.752,0.596,0.758,0.769,0.780,0.760,0.755,0.755,0.780,0.771,0.464,0.788,0.758,0.760,0.771,0.489,0.755,0.451,0.760,0.481,0.467,0.758,0.810,0.747,0.769,0.760,0.747,0.758,0.769,0.766,0.423,0.558,0.755,0.749,0.555,0.793,0.555,0.780,0.818,0.760,0.763,0.565,0.184,0.486,0.752,0.755,0.533,0.503,0.749,0.749,0.744,0.744,0.758,0.478,0.515,0.473,0.440,0.854,0.760,0.559,0.559,0.769,0.791,0.807,0.791,0.760,0.492,0.857,0.741,0.464,0.766,0.788,0.752,0.747,0.429,0.851,0.549,0.398,0.771,0.749
7PNB_Q_6_MAN;0.761,0.766,0.497,0.473,0.769,0.736,0.764,0.442,0.533,0.734,0.760,0.509,0.497,0.188,0.212,0.182,0.218,0.473,0.763,0.731,0.236,0.527,0.742,0.533,0.267,0.176,0.760,0.461,0.738,0.725,0.736,0.714,0.736,0.734,0.734,0.497,0.327,0.706,0.048,0.755,0.000,0.164,0.761,0.273,0.364,0.212,0.612,0.771,0.739,0.736,0.358,0.761,0.055,0.473,0.717,0.485,0.152,0.333,0.479,0.723,0.758,0.212,0.370,0.764,0.747,0.742,0.758,0.491,0.734,0.509,0.766,0.497,0.709,0.703,0.749,0.612,0.539,0.206,0.327,0.170,0.255,0.728,0.327,0.703,0.188,0.212,0.061,0.218,0.747,0.333,0.485,0.539,0.048,0.736,0.333,0.327,0.600,0.485,0.712,0.473,0.734,0.763,0.224,0.731,0.327,0.194,0.206,0.182,0.747,0.273,0.764,0.279,0.158,0.745,0.698,0.364,0.152,0.479,0.728,0.479,0.728,0.261,0.701,0.473,0.467,0.448,0.327,0.473,0.736,0.467,0.479,0.725,0.030,0.467,0.725,0.479,0.479,0.606,0.273,0.612,0.364,0.327,0.358,0.690,0.485,0.242,0.533,0.479,0.200,0.734,0.706,0.600,0.720,0.279,0.761,0.485,0.279,0.734,0.467,0.491,0.267,0.364,0.061,0.763,0.734,0.467,0.758,0.261,0.261,0.712,0.473,0.479,0.763,0.212,0.042,0.769,0.206,0.473,0.473,0.230,0.327,0.218,0.491,0.485,0.698,0.467,0.327,0.327,0.485,0.701,0.358,0.692,0.503,0.731,0.695,0.327,0.564,0.230,0.485,0.327,0.236,0.188,0.491,0.503,0.725,0.731,0.042,0.188,0.734,0.473,0.753,0.467,0.545,0.152,0.182,0.755,0.728,0.736,0.358,0.218,0.742,0.731,0.242,0.248,0.279,0.242,0.321,0.731,0.738,0.701,0.723,0.606,0.327,0.738,0.758,0.473,0.479,0.527,0.467,0.327,0.736,0.606,0.273,0.690,0.479,0.442,0.200,0.248,0.725,0.600,0.736,0.725,0.491,0.194
7PNB_d_5_MAN;0.780,0.799,0.485,0.485,0.802,0.745,0.783,0.412,0.582,0.736,0.796,0.491,0.515,0.152,0.242,0.042,0.248,0.491,0.799,0.734,0.115,0.570,0.753,0.582,0.291,0.012,0.796,0.448,0.752,0.747,0.747,0.717,0.755,0.736,0.742,0.497,0.370,0.714,0.152,0.763,0.164,0.000,0.777,0.297,0.321,0.115,0.618,0.804,0.747,0.745,0.327,0.772,0.145,0.491,0.731,0.442,0.036,0.303,0.485,0.742,0.777,0.236,0.321,0.780,0.755,0.750,0.769,0.509,0.731,0.497,0.780,0.497,0.717,0.712,0.760,0.618,0.588,0.267,0.370,0.018,0.273,0.742,0.297,0.709,0.145,0.115,0.133,0.139,0.758,0.315,0.497,0.588,0.158,0.739,0.285,0.358,0.606,0.491,0.714,0.461,0.750,0.799,0.127,0.742,0.364,0.145,0.109,0.018,0.753,0.297,0.777,0.194,0.018,0.753,0.709,0.315,0.036,0.491,0.728,0.485,0.745,0.206,0.709,0.491,0.442,0.412,0.297,0.461,0.739,0.455,0.442,0.725,0.145,0.442,0.723,0.497,0.485,0.612,0.212,0.618,0.321,0.370,0.321,0.701,0.503,0.145,0.582,0.503,0.248,0.736,0.714,0.612,0.725,0.291,0.780,0.503,0.291,0.747,0.436,0.491,0.285,0.315,0.139,0.796,0.753,0.430,0.769,0.285,0.212,0.717,0.485,0.497,0.799,0.242,0.152,0.786,0.242,0.491,0.461,0.109,0.297,0.248,0.479,0.497,0.706,0.442,0.370,0.370,0.509,0.712,0.315,0.703,0.491,0.736,0.703,0.297,0.606,0.212,0.485,0.364,0.139,0.152,0.473,0.491,0.728,0.747,0.139,0.139,0.755,0.485,0.766,0.442,0.594,0.036,0.152,0.763,0.742,0.739,0.327,0.248,0.747,0.742,0.194,0.206,0.303,0.133,0.303,0.736,0.744,0.706,0.720,0.618,0.370,0.747,0.769,0.497,0.485,0.576,0.430,0.309,0.739,0.618,0.200,0.698,0.497,0.412,0.145,0.200,0.725,0.606,0.750,0.720,0.497,0.139
7PNB_K_1_NAG;0.041,0.574,0.819,0.747,0.574,0.591,0.041,0.808,0.805,0.591,0.571,0.819,0.755,0.775,0.780,0.777,0.783,0.791,0.571,0.607,0.766,0.805,0.593,0.805,0.772,0.783,0.571,0.810,0.599,0.571,0.577,0.582,0.602,0.585,0.585,0.813,0.777,0.585,0.766,0.585,0.761,0.777,0.000,0.772,0.799,0.775,0.821,0.574,0.613,0.563,0.797,0.604,0.764,0.791,0.574,0.808,0.772,0.791,0.747,0.569,0.052,0.780,0.799,0.014,0.596,0.588,0.588,0.758,0.560,0.816,0.016,0.816,0.582,0.580,0.593,0.821,0.805,0.775,0.777,0.780,0.775,0.580,0.791,0.566,0.769,0.772,0.764,0.780,0.585,0.786,0.753,0.802,0.766,0.591,0.791,0.777,0.824,0.750,0.577,0.813,0.574,0.571,0.766,0.574,0.777,0.777,0.769,0.783,0.588,0.772,0.022,0.780,0.775,0.591,0.566,0.802,0.775,0.750,0.558,0.747,0.574,0.772,0.569,0.791,0.810,0.805,0.794,0.808,0.591,0.813,0.810,0.563,0.764,0.810,0.555,0.758,0.794,0.824,0.775,0.821,0.799,0.780,0.799,0.574,0.761,0.772,0.802,0.755,0.777,0.585,0.574,0.821,0.560,0.772,0.041,0.755,0.772,0.566,0.810,0.794,0.775,0.802,0.761,0.574,0.596,0.810,0.607,0.772,0.772,0.588,0.753,0.758,0.571,0.780,0.764,0.044,0.775,0.791,0.808,0.769,0.788,0.783,0.813,0.794,0.563,0.808,0.780,0.777,0.753,0.571,0.799,0.563,0.816,0.596,0.571,0.794,0.805,0.772,0.816,0.777,0.766,0.772,0.819,0.821,0.569,0.577,0.755,0.777,0.577,0.747,0.582,0.810,0.805,0.775,0.766,0.599,0.602,0.591,0.797,0.780,0.596,0.563,0.775,0.775,0.775,0.772,0.791,0.593,0.591,0.558,0.563,0.819,0.777,0.602,0.610,0.794,0.747,0.805,0.810,0.791,0.588,0.824,0.777,0.566,0.758,0.808,0.772,0.769,0.566,0.824,0.577,0.560,0.791,0.772
7PNB_1_5_MAN;0.769,0.749,0.491,0.442,0.752,0.736,0.775,0.503,0.552,0.750,0.749,0.491,0.539,0.212,0.291,0.291,0.291,0.461,0.749,0.736,0.291,0.527,0.747,0.545,0.006,0.297,0.749,0.467,0.747,0.745,0.747,0.725,0.747,0.750,0.750,0.479,0.388,0.714,0.291,0.744,0.273,0.297,0.772,0.000,0.352,0.297,0.636,0.749,0.742,0.742,0.345,0.736,0.285,0.461,0.723,0.515,0.273,0.370,0.430,0.753,0.766,0.285,0.352,0.772,0.745,0.747,0.738,0.533,0.723,0.485,0.775,0.491,0.714,0.712,0.733,0.636,0.558,0.273,0.388,0.291,0.024,0.731,0.364,0.725,0.206,0.285,0.291,0.224,0.736,0.370,0.448,0.552,0.285,0.753,0.358,0.388,0.630,0.436,0.714,0.473,0.755,0.749,0.273,0.747,0.388,0.218,0.273,0.285,0.736,0.006,0.772,0.267,0.279,0.739,0.720,0.345,0.273,0.436,0.717,0.430,0.750,0.224,0.720,0.467,0.473,0.503,0.364,0.473,0.753,0.461,0.527,0.723,0.285,0.473,0.723,0.521,0.467,0.630,0.236,0.636,0.345,0.388,0.333,0.714,0.527,0.291,0.545,0.521,0.279,0.750,0.720,0.624,0.714,0.006,0.766,0.533,0.006,0.739,0.521,0.448,0.012,0.339,0.279,0.747,0.745,0.515,0.739,0.012,0.248,0.723,0.442,0.527,0.749,0.291,0.279,0.777,0.291,0.467,0.473,0.297,0.352,0.291,0.473,0.455,0.717,0.515,0.388,0.388,0.533,0.712,0.345,0.717,0.491,0.750,0.714,0.364,0.552,0.248,0.467,0.388,0.273,0.218,0.491,0.497,0.720,0.753,0.285,0.218,0.745,0.442,0.742,0.473,0.558,0.273,0.206,0.730,0.747,0.753,0.339,0.297,0.747,0.742,0.236,0.248,0.012,0.279,0.358,0.750,0.763,0.723,0.720,0.630,0.388,0.722,0.733,0.467,0.430,0.539,0.515,0.364,0.753,0.618,0.248,0.706,0.527,0.509,0.218,0.236,0.714,0.630,0.755,0.728,0.442,0.230
7PNB_O_4_BGC;0.802,0.813,0.485,0.539,0.815,0.747,0.805,0.430,0.594,0.747,0.813,0.473,0.539,0.358,0.382,0.321,0.376,0.388,0.813,0.742,0.297,0.570,0.761,0.582,0.345,0.321,0.813,0.394,0.755,0.764,0.769,0.753,0.755,0.747,0.766,0.485,0.406,0.736,0.327,0.758,0.364,0.321,0.799,0.352,0.000,0.303,0.685,0.818,0.745,0.761,0.012,0.769,0.333,0.388,0.761,0.461,0.327,0.158,0.545,0.761,0.797,0.370,0.036,0.802,0.761,0.761,0.766,0.533,0.717,0.491,0.802,0.497,0.753,0.742,0.763,0.685,0.606,0.400,0.406,0.321,0.333,0.758,0.152,0.766,0.345,0.297,0.333,0.321,0.755,0.158,0.552,0.600,0.327,0.750,0.133,0.394,0.667,0.545,0.728,0.394,0.769,0.813,0.315,0.761,0.400,0.352,0.303,0.309,0.745,0.345,0.799,0.267,0.327,0.766,0.761,0.030,0.333,0.545,0.714,0.539,0.766,0.297,0.761,0.394,0.382,0.442,0.145,0.382,0.750,0.394,0.455,0.714,0.339,0.382,0.712,0.527,0.382,0.679,0.279,0.685,0.018,0.400,0.042,0.753,0.533,0.321,0.588,0.539,0.400,0.747,0.747,0.673,0.714,0.352,0.799,0.533,0.352,0.745,0.448,0.394,0.339,0.036,0.327,0.813,0.755,0.442,0.766,0.345,0.291,0.747,0.545,0.527,0.813,0.376,0.333,0.810,0.388,0.394,0.382,0.297,0.145,0.376,0.400,0.394,0.758,0.455,0.400,0.406,0.539,0.739,0.006,0.755,0.485,0.747,0.755,0.145,0.600,0.285,0.467,0.400,0.327,0.358,0.491,0.497,0.717,0.772,0.352,0.352,0.766,0.539,0.764,0.382,0.600,0.333,0.358,0.763,0.747,0.750,0.012,0.382,0.766,0.764,0.297,0.285,0.352,0.315,0.152,0.747,0.738,0.764,0.712,0.679,0.406,0.752,0.774,0.394,0.539,0.576,0.442,0.158,0.750,0.667,0.273,0.742,0.527,0.430,0.345,0.297,0.714,0.667,0.766,0.717,0.400,0.352
7PNB_J_6_MAN;0.777,0.802,0.461,0.473,0.804,0.750,0.780,0.436,0.594,0.736,0.799,0.467,0.539,0.188,0.285,0.121,0.285,0.473,0.802,0.736,0.042,0.582,0.761,0.594,0.291,0.103,0.799,0.436,0.752,0.742,0.742,0.723,0.752,0.736,0.745,0.479,0.388,0.709,0.200,0.760,0.212,0.115,0.775,0.297,0.303,0.000,0.630,0.807,0.747,0.753,0.297,0.780,0.188,0.473,0.734,0.461,0.115,0.291,0.473,0.742,0.775,0.267,0.303,0.777,0.764,0.758,0.769,0.533,0.731,0.479,0.777,0.473,0.720,0.709,0.769,0.630,0.600,0.303,0.388,0.097,0.273,0.750,0.285,0.723,0.194,0.030,0.182,0.170,0.766,0.297,0.485,0.594,0.200,0.739,0.273,0.376,0.618,0.479,0.712,0.448,0.745,0.802,0.067,0.736,0.382,0.182,0.030,0.097,0.750,0.297,0.775,0.158,0.109,0.753,0.723,0.297,0.103,0.479,0.728,0.473,0.742,0.176,0.723,0.473,0.430,0.436,0.285,0.436,0.739,0.430,0.461,0.723,0.206,0.430,0.725,0.527,0.467,0.624,0.176,0.630,0.303,0.382,0.297,0.714,0.533,0.079,0.588,0.539,0.291,0.736,0.717,0.624,0.723,0.291,0.777,0.533,0.291,0.750,0.455,0.473,0.285,0.303,0.182,0.799,0.750,0.448,0.777,0.285,0.176,0.720,0.473,0.521,0.802,0.279,0.200,0.783,0.279,0.473,0.436,0.030,0.285,0.285,0.455,0.479,0.720,0.461,0.382,0.388,0.539,0.714,0.303,0.717,0.467,0.731,0.717,0.285,0.612,0.188,0.461,0.382,0.085,0.188,0.455,0.473,0.728,0.745,0.200,0.188,0.747,0.473,0.775,0.430,0.600,0.103,0.188,0.771,0.747,0.739,0.303,0.285,0.755,0.750,0.164,0.176,0.303,0.067,0.291,0.731,0.744,0.720,0.723,0.630,0.388,0.760,0.777,0.479,0.473,0.588,0.448,0.297,0.739,0.618,0.164,0.709,0.527,0.436,0.182,0.176,0.728,0.618,0.745,0.714,0.479,0.176
7PNB_j_3_YZT;0.827,0.813,0.624,0.600,0.815,0.838,0.824,0.685,0.618,0.830,0.807,0.624,0.624,0.624,0.600,0.630,0.606,0.594,0.810,0.841,0.618,0.612,0.824,0.612,0.630,0.624,0.807,0.564,0.843,0.830,0.832,0.832,0.840,0.827,0.824,0.618,0.606,0.835,0.630,0.857,0.612,0.618,0.821,0.636,0.685,0.630,0.000,0.815,0.838,0.821,0.679,0.857,0.624,0.594,0.835,0.685,0.606,0.636,0.606,0.830,0.827,0.606,0.685,0.821,0.827,0.824,0.848,0.624,0.832,0.624,0.824,0.618,0.830,0.835,0.848,0.012,0.618,0.582,0.606,0.624,0.636,0.824,0.642,0.843,0.612,0.624,0.630,0.630,0.851,0.624,0.612,0.624,0.630,0.830,0.648,0.606,0.030,0.600,0.835,0.570,0.832,0.810,0.624,0.830,0.606,0.630,0.624,0.630,0.849,0.636,0.819,0.600,0.612,0.810,0.846,0.685,0.612,0.600,0.832,0.606,0.832,0.582,0.843,0.588,0.582,0.679,0.642,0.564,0.830,0.558,0.685,0.832,0.624,0.576,0.832,0.624,0.600,0.012,0.594,0.000,0.691,0.612,0.679,0.843,0.618,0.630,0.618,0.624,0.588,0.830,0.832,0.024,0.832,0.636,0.824,0.618,0.636,0.819,0.685,0.594,0.636,0.685,0.630,0.813,0.838,0.691,0.860,0.630,0.588,0.832,0.606,0.624,0.810,0.600,0.624,0.830,0.594,0.588,0.564,0.618,0.642,0.606,0.570,0.588,0.843,0.679,0.612,0.606,0.618,0.824,0.685,0.843,0.618,0.832,0.841,0.642,0.630,0.594,0.600,0.606,0.630,0.624,0.624,0.624,0.835,0.832,0.618,0.624,0.827,0.600,0.857,0.570,0.624,0.612,0.612,0.851,0.841,0.830,0.679,0.600,0.819,0.821,0.588,0.582,0.636,0.630,0.636,0.832,0.818,0.841,0.832,0.024,0.606,0.848,0.851,0.600,0.600,0.606,0.691,0.630,0.830,0.024,0.600,0.838,0.618,0.685,0.618,0.588,0.832,0.024,0.832,0.830,0.594,0.618
7PNB_y_2_NAG;0.566,0.025,0.829,0.752,0.025,0.618,0.580,0.793,0.807,0.635,0.030,0.835,0.766,0.785,0.780,0.807,0.777,0.837,0.033,0.629,0.807,0.804,0.602,0.807,0.752,0.807,0.030,0.835,0.614,0.588,0.591,0.648,0.617,0.640,0.640,0.824,0.771,0.635,0.782,0.612,0.771,0.804,0.574,0.749,0.818,0.807,0.815,0.000,0.618,0.618,0.815,0.599,0.777,0.837,0.640,0.793,0.793,0.813,0.747,0.588,0.571,0.780,0.818,0.571,0.604,0.610,0.617,0.766,0.648,0.826,0.571,0.826,0.640,0.637,0.601,0.813,0.810,0.771,0.771,0.807,0.755,0.596,0.815,0.610,0.788,0.799,0.782,0.802,0.603,0.807,0.749,0.810,0.782,0.637,0.818,0.771,0.815,0.747,0.646,0.840,0.596,0.030,0.796,0.582,0.771,0.788,0.799,0.810,0.613,0.752,0.577,0.793,0.802,0.607,0.604,0.818,0.799,0.752,0.648,0.744,0.582,0.785,0.602,0.835,0.837,0.791,0.815,0.840,0.640,0.835,0.796,0.632,0.777,0.837,0.648,0.769,0.840,0.818,0.788,0.815,0.815,0.774,0.815,0.607,0.763,0.802,0.799,0.760,0.774,0.637,0.635,0.813,0.640,0.749,0.569,0.763,0.749,0.615,0.796,0.832,0.755,0.818,0.780,0.025,0.618,0.796,0.593,0.752,0.791,0.643,0.752,0.769,0.030,0.782,0.777,0.574,0.780,0.835,0.840,0.810,0.815,0.777,0.840,0.835,0.604,0.793,0.774,0.771,0.760,0.624,0.815,0.602,0.826,0.646,0.613,0.815,0.799,0.791,0.832,0.771,0.799,0.788,0.826,0.829,0.637,0.591,0.774,0.785,0.582,0.752,0.599,0.837,0.807,0.799,0.782,0.598,0.626,0.643,0.815,0.780,0.607,0.613,0.788,0.788,0.752,0.799,0.813,0.640,0.590,0.604,0.643,0.810,0.771,0.595,0.609,0.840,0.747,0.807,0.796,0.810,0.643,0.818,0.791,0.613,0.763,0.791,0.791,0.785,0.648,0.818,0.582,0.646,0.829,0.785
7PNB_a_1_NAG;0.610,0.613,0.769,0.786,0.621,0.080,0.624,0.755,0.799,0.486,0.615,0.772,0.764,0.745,0.747,0.739,0.745,0.753,0.615,0.129,0.750,0.794,0.497,0.794,0.739,0.750,0.615,0.764,0.077,0.563,0.571,0.495,0.104,0.481,0.489,0.772,0.753,0.503,0.742,0.126,0.739,0.747,0.613,0.742,0.745,0.747,0.838,0.618,0.000,0.473,0.742,0.558,0.742,0.753,0.492,0.758,0.750,0.747,0.783,0.558,0.613,0.750,0.739,0.615,0.511,0.497,0.563,0.764,0.426,0.775,0.615,0.769,0.495,0.503,0.555,0.838,0.802,0.750,0.753,0.747,0.734,0.478,0.745,0.459,0.745,0.739,0.747,0.750,0.541,0.747,0.794,0.799,0.745,0.486,0.745,0.753,0.832,0.788,0.484,0.766,0.558,0.613,0.734,0.555,0.753,0.745,0.739,0.750,0.088,0.745,0.613,0.736,0.747,0.541,0.456,0.742,0.750,0.786,0.445,0.783,0.549,0.736,0.462,0.753,0.764,0.747,0.742,0.764,0.484,0.761,0.755,0.426,0.739,0.764,0.448,0.761,0.753,0.838,0.739,0.838,0.742,0.750,0.736,0.456,0.766,0.742,0.797,0.769,0.747,0.486,0.497,0.835,0.453,0.742,0.604,0.766,0.742,0.478,0.753,0.750,0.736,0.739,0.745,0.618,0.080,0.761,0.558,0.739,0.745,0.500,0.791,0.766,0.615,0.747,0.739,0.624,0.747,0.753,0.764,0.747,0.745,0.745,0.764,0.753,0.453,0.755,0.750,0.753,0.769,0.495,0.742,0.445,0.766,0.486,0.459,0.742,0.799,0.742,0.766,0.753,0.739,0.747,0.775,0.772,0.445,0.560,0.742,0.745,0.555,0.786,0.552,0.764,0.799,0.750,0.750,0.574,0.129,0.484,0.739,0.745,0.519,0.484,0.745,0.745,0.745,0.736,0.742,0.484,0.508,0.473,0.456,0.835,0.753,0.571,0.574,0.755,0.783,0.791,0.758,0.745,0.489,0.838,0.739,0.462,0.766,0.761,0.745,0.742,0.453,0.832,0.552,0.418,0.753,0.745
7PNB_h_1_NAG;0.555,0.618,0.788,0.750,0.621,0.478,0.563,0.755,0.799,0.500,0.621,0.786,0.758,0.747,0.739,0.742,0.739,0.777,0.618,0.473,0.753,0.788,0.129,0.794,0.742,0.750,0.621,0.780,0.484,0.481,0.489,0.508,0.503,0.497,0.418,0.780,0.755,0.508,0.739,0.492,0.736,0.745,0.563,0.742,0.761,0.753,0.821,0.618,0.473,0.000,0.758,0.525,0.736,0.777,0.500,0.764,0.745,0.758,0.745,0.470,0.563,0.742,0.761,0.566,0.157,0.124,0.530,0.755,0.352,0.783,0.558,0.783,0.500,0.497,0.522,0.821,0.799,0.739,0.755,0.747,0.742,0.085,0.758,0.464,0.747,0.750,0.745,0.753,0.516,0.758,0.753,0.797,0.739,0.500,0.758,0.755,0.819,0.745,0.497,0.777,0.475,0.618,0.742,0.473,0.755,0.747,0.747,0.750,0.478,0.745,0.560,0.758,0.742,0.228,0.473,0.758,0.747,0.750,0.368,0.736,0.462,0.758,0.470,0.775,0.777,0.753,0.758,0.775,0.497,0.780,0.766,0.365,0.736,0.777,0.368,0.761,0.777,0.821,0.758,0.821,0.761,0.758,0.753,0.464,0.755,0.745,0.797,0.761,0.742,0.495,0.500,0.819,0.382,0.742,0.558,0.758,0.742,0.118,0.766,0.775,0.742,0.755,0.736,0.621,0.478,0.761,0.530,0.742,0.761,0.503,0.753,0.755,0.618,0.742,0.736,0.582,0.736,0.775,0.775,0.747,0.755,0.739,0.777,0.777,0.462,0.761,0.758,0.755,0.761,0.486,0.758,0.459,0.783,0.503,0.464,0.758,0.799,0.761,0.786,0.755,0.742,0.750,0.788,0.783,0.360,0.473,0.739,0.745,0.495,0.750,0.500,0.777,0.802,0.747,0.747,0.525,0.481,0.500,0.755,0.739,0.168,0.027,0.758,0.761,0.745,0.745,0.755,0.497,0.541,0.470,0.385,0.819,0.755,0.519,0.533,0.780,0.739,0.794,0.766,0.755,0.503,0.821,0.758,0.467,0.755,0.755,0.747,0.761,0.379,0.819,0.464,0.335,0.775,0.750
7PNB_x_4_BGC;0.799,0.810,0.479,0.533,0.813,0.745,0.802,0.424,0.588,0.745,0.810,0.467,0.533,0.352,0.376,0.327,0.370,0.382,0.810,0.739,0.303,0.564,0.758,0.576,0.339,0.327,0.810,0.388,0.752,0.761,0.766,0.750,0.752,0.745,0.761,0.479,0.400,0.731,0.321,0.755,0.358,0.327,0.797,0.345,0.012,0.297,0.679,0.815,0.742,0.758,0.000,0.769,0.327,0.382,0.758,0.455,0.321,0.158,0.539,0.758,0.794,0.364,0.036,0.799,0.758,0.758,0.763,0.527,0.717,0.485,0.799,0.491,0.747,0.736,0.763,0.679,0.600,0.394,0.400,0.315,0.327,0.753,0.152,0.764,0.339,0.291,0.327,0.315,0.755,0.158,0.545,0.594,0.321,0.747,0.133,0.388,0.661,0.539,0.723,0.388,0.766,0.810,0.309,0.758,0.394,0.345,0.297,0.315,0.742,0.339,0.797,0.261,0.321,0.764,0.758,0.030,0.327,0.539,0.714,0.533,0.761,0.291,0.758,0.388,0.376,0.436,0.145,0.376,0.747,0.388,0.448,0.712,0.333,0.376,0.712,0.521,0.376,0.673,0.273,0.679,0.018,0.394,0.030,0.750,0.527,0.315,0.582,0.533,0.394,0.745,0.742,0.667,0.714,0.345,0.797,0.527,0.345,0.742,0.442,0.388,0.333,0.036,0.321,0.810,0.753,0.436,0.764,0.339,0.285,0.745,0.539,0.521,0.810,0.370,0.327,0.808,0.382,0.388,0.376,0.303,0.145,0.370,0.394,0.388,0.755,0.448,0.394,0.400,0.533,0.734,0.018,0.753,0.479,0.745,0.753,0.145,0.594,0.279,0.461,0.394,0.321,0.352,0.485,0.491,0.717,0.766,0.345,0.345,0.764,0.533,0.764,0.376,0.594,0.327,0.352,0.763,0.745,0.747,0.012,0.376,0.764,0.761,0.291,0.279,0.345,0.321,0.152,0.745,0.741,0.761,0.712,0.673,0.400,0.752,0.774,0.388,0.533,0.570,0.436,0.158,0.747,0.661,0.267,0.739,0.521,0.424,0.339,0.291,0.714,0.661,0.764,0.714,0.394,0.345
7PNB_g_1_NAG;0.599,0.613,0.819,0.780,0.607,0.560,0.610,0.764,0.797,0.574,0.607,0.819,0.753,0.755,0.758,0.775,0.764,0.797,0.610,0.549,0.775,0.799,0.536,0.794,0.736,0.772,0.607,0.810,0.555,0.511,0.525,0.552,0.566,0.577,0.569,0.813,0.777,0.544,0.769,0.549,0.761,0.772,0.604,0.736,0.769,0.780,0.857,0.599,0.558,0.525,0.769,0.000,0.769,0.797,0.533,0.745,0.766,0.788,0.777,0.519,0.610,0.764,0.772,0.607,0.544,0.536,0.107,0.753,0.514,0.819,0.604,0.813,0.530,0.547,0.047,0.857,0.802,0.753,0.777,0.772,0.742,0.533,0.788,0.569,0.753,0.780,0.775,0.758,0.074,0.786,0.786,0.802,0.772,0.577,0.783,0.777,0.860,0.783,0.555,0.816,0.519,0.610,0.772,0.522,0.775,0.758,0.777,0.775,0.544,0.734,0.610,0.764,0.769,0.541,0.560,0.772,0.764,0.780,0.511,0.780,0.522,0.755,0.577,0.794,0.810,0.758,0.786,0.810,0.574,0.816,0.750,0.530,0.766,0.810,0.511,0.750,0.799,0.857,0.755,0.857,0.772,0.780,0.769,0.566,0.750,0.769,0.799,0.747,0.755,0.569,0.538,0.860,0.508,0.736,0.610,0.750,0.736,0.536,0.747,0.791,0.736,0.772,0.769,0.604,0.560,0.753,0.069,0.739,0.758,0.538,0.783,0.753,0.604,0.761,0.766,0.607,0.758,0.794,0.810,0.777,0.783,0.764,0.816,0.794,0.558,0.747,0.780,0.777,0.750,0.536,0.766,0.558,0.813,0.571,0.569,0.786,0.802,0.761,0.816,0.775,0.769,0.755,0.816,0.819,0.519,0.522,0.766,0.755,0.519,0.780,0.096,0.813,0.802,0.764,0.758,0.071,0.549,0.580,0.766,0.761,0.544,0.514,0.758,0.761,0.734,0.775,0.783,0.569,0.593,0.566,0.511,0.860,0.777,0.154,0.066,0.799,0.780,0.797,0.750,0.783,0.580,0.863,0.761,0.560,0.750,0.764,0.755,0.755,0.505,0.860,0.522,0.519,0.788,0.753
7PNB_a_6_MAN;0.764,0.771,0.479,0.473,0.774,0.739,0.769,0.418,0.558,0.736,0.766,0.491,0.515,0.188,0.206,0.164,0.212,0.479,0.769,0.731,0.212,0.545,0.742,0.558,0.279,0.158,0.766,0.442,0.738,0.734,0.739,0.717,0.738,0.736,0.739,0.485,0.345,0.706,0.018,0.755,0.055,0.145,0.764,0.285,0.333,0.188,0.624,0.777,0.742,0.736,0.327,0.769,0.000,0.479,0.723,0.461,0.121,0.303,0.479,0.728,0.761,0.206,0.333,0.766,0.745,0.739,0.763,0.509,0.728,0.491,0.766,0.485,0.714,0.706,0.758,0.624,0.564,0.224,0.345,0.139,0.261,0.728,0.297,0.712,0.188,0.182,0.024,0.194,0.752,0.303,0.491,0.564,0.018,0.739,0.297,0.339,0.606,0.491,0.703,0.455,0.736,0.769,0.188,0.731,0.339,0.182,0.176,0.152,0.750,0.285,0.764,0.242,0.127,0.742,0.706,0.327,0.121,0.479,0.725,0.485,0.731,0.248,0.709,0.479,0.442,0.424,0.297,0.455,0.739,0.448,0.455,0.720,0.024,0.442,0.720,0.497,0.473,0.618,0.248,0.624,0.327,0.345,0.321,0.698,0.503,0.206,0.558,0.503,0.206,0.736,0.714,0.612,0.717,0.279,0.764,0.503,0.279,0.734,0.448,0.491,0.273,0.327,0.006,0.769,0.736,0.448,0.766,0.273,0.261,0.717,0.485,0.497,0.769,0.206,0.012,0.772,0.200,0.479,0.455,0.200,0.297,0.212,0.467,0.485,0.706,0.442,0.345,0.345,0.509,0.706,0.327,0.701,0.485,0.736,0.703,0.297,0.582,0.230,0.473,0.339,0.200,0.188,0.473,0.485,0.725,0.734,0.030,0.176,0.739,0.473,0.758,0.442,0.570,0.121,0.188,0.760,0.731,0.739,0.327,0.212,0.739,0.731,0.236,0.242,0.291,0.206,0.291,0.736,0.738,0.709,0.717,0.618,0.345,0.744,0.766,0.479,0.485,0.552,0.448,0.297,0.739,0.606,0.236,0.698,0.497,0.418,0.188,0.236,0.723,0.606,0.739,0.720,0.497,0.182
7PNB_w_3_YZT;0.797,0.829,0.291,0.576,0.835,0.758,0.797,0.564,0.400,0.753,0.829,0.267,0.527,0.448,0.491,0.491,0.491,0.006,0.826,0.753,0.467,0.388,0.777,0.394,0.455,0.491,0.829,0.212,0.763,0.788,0.794,0.761,0.766,0.753,0.772,0.279,0.455,0.769,0.485,0.771,0.473,0.491,0.791,0.461,0.388,0.473,0.594,0.837,0.753,0.777,0.382,0.797,0.479,0.000,0.761,0.576,0.473,0.406,0.576,0.783,0.791,0.491,0.382,0.794,0.777,0.777,0.785,0.521,0.764,0.285,0.794,0.273,0.764,0.769,0.791,0.588,0.406,0.479,0.455,0.491,0.442,0.777,0.400,0.777,0.442,0.473,0.485,0.467,0.788,0.400,0.588,0.406,0.485,0.755,0.382,0.455,0.576,0.588,0.764,0.236,0.791,0.826,0.461,0.788,0.448,0.455,0.473,0.491,0.753,0.461,0.791,0.461,0.485,0.780,0.775,0.382,0.473,0.582,0.764,0.576,0.788,0.455,0.775,0.006,0.206,0.564,0.394,0.206,0.755,0.212,0.576,0.758,0.479,0.212,0.761,0.521,0.012,0.582,0.455,0.594,0.388,0.448,0.376,0.766,0.527,0.479,0.400,0.539,0.479,0.753,0.764,0.582,0.764,0.461,0.791,0.533,0.461,0.766,0.564,0.024,0.448,0.382,0.473,0.832,0.758,0.582,0.794,0.455,0.455,0.761,0.582,0.521,0.829,0.491,0.479,0.797,0.485,0.006,0.224,0.467,0.382,0.491,0.230,0.024,0.772,0.570,0.448,0.455,0.539,0.766,0.382,0.769,0.279,0.753,0.769,0.394,0.400,0.455,0.267,0.448,0.467,0.448,0.297,0.297,0.764,0.794,0.473,0.461,0.786,0.576,0.797,0.218,0.406,0.473,0.455,0.788,0.755,0.755,0.382,0.491,0.780,0.780,0.455,0.461,0.467,0.467,0.388,0.753,0.774,0.775,0.766,0.582,0.455,0.782,0.796,0.006,0.576,0.388,0.582,0.394,0.755,0.588,0.461,0.764,0.527,0.564,0.448,0.455,0.766,0.576,0.794,0.761,0.018,0.455
7PNB_d_2_NAG;0.569,0.637,0.786,0.755,0.640,0.475,0.585,0.780,0.794,0.305,0.635,0.788,0.739,0.731,0.731,0.725,0.736,0.761,0.635,0.481,0.725,0.797,0.500,0.794,0.723,0.731,0.635,0.769,0.489,0.470,0.464,0.036,0.492,0.302,0.514,0.783,0.723,0.118,0.725,0.486,0.717,0.731,0.574,0.723,0.761,0.734,0.835,0.640,0.492,0.500,0.758,0.533,0.723,0.761,0.000,0.783,0.723,0.734,0.753,0.473,0.577,0.731,0.753,0.580,0.503,0.508,0.527,0.739,0.505,0.786,0.580,0.786,0.071,0.102,0.522,0.835,0.797,0.731,0.723,0.731,0.720,0.516,0.731,0.338,0.725,0.731,0.723,0.731,0.514,0.728,0.761,0.794,0.728,0.308,0.731,0.728,0.835,0.761,0.104,0.764,0.475,0.635,0.723,0.473,0.723,0.731,0.734,0.731,0.478,0.723,0.580,0.734,0.728,0.497,0.321,0.753,0.723,0.753,0.511,0.755,0.467,0.734,0.341,0.761,0.769,0.780,0.734,0.764,0.310,0.772,0.783,0.495,0.720,0.769,0.516,0.731,0.761,0.832,0.731,0.835,0.758,0.720,0.753,0.327,0.736,0.723,0.794,0.731,0.731,0.310,0.091,0.835,0.511,0.723,0.569,0.731,0.723,0.484,0.777,0.761,0.723,0.755,0.720,0.640,0.473,0.783,0.527,0.723,0.731,0.080,0.758,0.734,0.632,0.728,0.720,0.588,0.728,0.761,0.764,0.731,0.728,0.736,0.761,0.758,0.324,0.780,0.720,0.723,0.731,0.121,0.758,0.321,0.783,0.310,0.335,0.734,0.799,0.734,0.777,0.723,0.720,0.728,0.783,0.788,0.519,0.467,0.717,0.728,0.481,0.755,0.533,0.766,0.797,0.723,0.725,0.519,0.453,0.310,0.761,0.731,0.516,0.495,0.734,0.736,0.725,0.728,0.731,0.302,0.538,0.324,0.516,0.838,0.723,0.519,0.522,0.761,0.758,0.797,0.786,0.734,0.305,0.838,0.731,0.319,0.731,0.777,0.728,0.731,0.516,0.835,0.478,0.500,0.761,0.725
7PNB_L_5_MAN;0.808,0.793,0.558,0.588,0.793,0.761,0.808,0.079,0.576,0.788,0.791,0.558,0.570,0.473,0.485,0.461,0.485,0.576,0.796,0.758,0.461,0.582,0.761,0.582,0.509,0.448,0.791,0.539,0.774,0.780,0.777,0.775,0.771,0.788,0.775,0.558,0.509,0.777,0.467,0.785,0.485,0.442,0.808,0.515,0.461,0.461,0.685,0.793,0.758,0.764,0.455,0.745,0.461,0.576,0.783,0.000,0.448,0.455,0.582,0.766,0.808,0.491,0.436,0.808,0.758,0.766,0.744,0.570,0.761,0.564,0.805,0.576,0.772,0.777,0.738,0.685,0.576,0.503,0.509,0.442,0.503,0.766,0.455,0.769,0.467,0.442,0.461,0.442,0.730,0.448,0.606,0.582,0.479,0.794,0.442,0.503,0.679,0.594,0.775,0.552,0.772,0.793,0.436,0.772,0.503,0.467,0.448,0.448,0.772,0.515,0.805,0.455,0.436,0.777,0.769,0.442,0.455,0.588,0.761,0.582,0.766,0.461,0.769,0.570,0.533,0.067,0.448,0.552,0.791,0.558,0.030,0.753,0.467,0.533,0.761,0.576,0.570,0.679,0.467,0.685,0.455,0.509,0.436,0.769,0.564,0.430,0.594,0.576,0.485,0.791,0.783,0.685,0.761,0.509,0.810,0.576,0.509,0.764,0.048,0.570,0.503,0.442,0.461,0.791,0.766,0.048,0.747,0.503,0.473,0.772,0.600,0.570,0.793,0.485,0.461,0.810,0.485,0.570,0.552,0.455,0.448,0.485,0.552,0.576,0.769,0.042,0.509,0.509,0.582,0.783,0.455,0.766,0.570,0.786,0.766,0.448,0.606,0.473,0.576,0.503,0.430,0.473,0.552,0.564,0.761,0.775,0.473,0.461,0.766,0.588,0.745,0.539,0.582,0.455,0.473,0.738,0.764,0.791,0.455,0.479,0.755,0.766,0.473,0.467,0.515,0.442,0.448,0.786,0.755,0.772,0.761,0.691,0.509,0.725,0.744,0.582,0.582,0.576,0.036,0.448,0.794,0.685,0.455,0.766,0.576,0.085,0.461,0.467,0.758,0.679,0.772,0.758,0.576,0.461
7PNB_s_5_MAN;0.775,0.788,0.467,0.467,0.791,0.747,0.777,0.418,0.564,0.734,0.785,0.473,0.497,0.127,0.230,0.079,0.236,0.473,0.788,0.731,0.127,0.552,0.747,0.564,0.267,0.048,0.785,0.424,0.749,0.742,0.742,0.714,0.752,0.734,0.736,0.473,0.352,0.706,0.127,0.760,0.152,0.036,0.772,0.273,0.327,0.115,0.606,0.793,0.750,0.745,0.321,0.766,0.121,0.473,0.723,0.448,0.000,0.297,0.467,0.739,0.772,0.224,0.327,0.775,0.750,0.745,0.763,0.491,0.728,0.479,0.775,0.473,0.714,0.703,0.755,0.606,0.570,0.242,0.352,0.030,0.248,0.739,0.291,0.709,0.121,0.115,0.109,0.133,0.752,0.297,0.479,0.570,0.133,0.736,0.279,0.339,0.594,0.473,0.709,0.436,0.747,0.788,0.127,0.739,0.345,0.121,0.109,0.042,0.750,0.273,0.772,0.170,0.018,0.742,0.709,0.321,0.012,0.473,0.725,0.467,0.742,0.170,0.709,0.473,0.424,0.418,0.291,0.436,0.736,0.430,0.448,0.725,0.133,0.424,0.720,0.479,0.467,0.600,0.176,0.606,0.327,0.352,0.315,0.701,0.485,0.145,0.564,0.485,0.224,0.734,0.709,0.600,0.720,0.267,0.775,0.485,0.267,0.742,0.442,0.473,0.261,0.321,0.115,0.785,0.750,0.436,0.764,0.261,0.176,0.717,0.467,0.479,0.788,0.230,0.127,0.780,0.218,0.473,0.436,0.121,0.279,0.236,0.455,0.479,0.706,0.436,0.352,0.352,0.491,0.706,0.321,0.703,0.473,0.734,0.703,0.291,0.588,0.176,0.461,0.345,0.139,0.127,0.455,0.473,0.725,0.745,0.127,0.115,0.750,0.467,0.761,0.424,0.576,0.012,0.127,0.755,0.742,0.736,0.321,0.236,0.742,0.739,0.158,0.170,0.279,0.145,0.285,0.734,0.738,0.706,0.720,0.606,0.352,0.738,0.763,0.479,0.467,0.558,0.436,0.291,0.736,0.594,0.164,0.701,0.479,0.418,0.121,0.164,0.723,0.594,0.747,0.717,0.479,0.115
7PNB_W_4_BGC;0.797,0.807,0.491,0.539,0.810,0.747,0.794,0.418,0.558,0.753,0.804,0.479,0.533,0.339,0.345,0.309,0.345,0.406,0.804,0.742,0.285,0.545,0.755,0.558,0.364,0.303,0.804,0.394,0.752,0.745,0.739,0.725,0.744,0.753,0.758,0.491,0.333,0.717,0.303,0.758,0.333,0.303,0.791,0.370,0.158,0.291,0.636,0.813,0.747,0.758,0.158,0.788,0.303,0.406,0.734,0.455,0.297,0.000,0.533,0.739,0.791,0.339,0.145,0.791,0.758,0.758,0.771,0.527,0.731,0.503,0.791,0.503,0.728,0.723,0.774,0.636,0.564,0.364,0.333,0.291,0.352,0.753,0.006,0.745,0.333,0.285,0.303,0.315,0.766,0.018,0.552,0.564,0.297,0.755,0.024,0.333,0.624,0.545,0.714,0.382,0.745,0.804,0.279,0.742,0.339,0.333,0.285,0.303,0.750,0.370,0.788,0.291,0.297,0.766,0.742,0.152,0.303,0.539,0.728,0.533,0.742,0.315,0.742,0.412,0.382,0.430,0.012,0.382,0.755,0.388,0.448,0.725,0.309,0.382,0.723,0.521,0.400,0.630,0.303,0.636,0.164,0.333,0.145,0.734,0.527,0.303,0.564,0.533,0.364,0.753,0.725,0.630,0.725,0.376,0.794,0.527,0.376,0.742,0.436,0.418,0.358,0.152,0.309,0.807,0.745,0.448,0.780,0.364,0.315,0.725,0.545,0.515,0.804,0.339,0.297,0.799,0.352,0.412,0.382,0.285,0.024,0.345,0.382,0.412,0.736,0.455,0.333,0.333,0.533,0.723,0.158,0.736,0.491,0.753,0.736,0.012,0.582,0.285,0.479,0.339,0.291,0.339,0.491,0.503,0.728,0.745,0.321,0.333,0.739,0.539,0.775,0.376,0.570,0.303,0.339,0.771,0.745,0.755,0.152,0.345,0.758,0.761,0.297,0.297,0.376,0.291,0.018,0.753,0.730,0.739,0.725,0.636,0.333,0.755,0.780,0.412,0.533,0.552,0.448,0.012,0.755,0.624,0.297,0.728,0.521,0.424,0.333,0.297,0.728,0.624,0.750,0.731,0.424,0.339
7PNB_K_4_MAN;0.750,0.741,0.600,0.024,0.747,0.772,0.755,0.576,0.558,0.761,0.741,0.600,0.491,0.479,0.479,0.485,0.491,0.576,0.741,0.786,0.461,0.570,0.739,0.558,0.430,0.491,0.741,0.570,0.785,0.761,0.761,0.758,0.782,0.761,0.780,0.588,0.479,0.769,0.485,0.791,0.479,0.485,0.747,0.430,0.545,0.473,0.606,0.747,0.783,0.745,0.539,0.777,0.479,0.576,0.753,0.582,0.467,0.533,0.000,0.766,0.750,0.485,0.545,0.750,0.742,0.745,0.788,0.497,0.788,0.588,0.750,0.594,0.758,0.766,0.774,0.606,0.558,0.461,0.479,0.491,0.442,0.739,0.533,0.750,0.473,0.467,0.479,0.491,0.782,0.527,0.042,0.558,0.485,0.764,0.527,0.479,0.600,0.024,0.764,0.564,0.772,0.741,0.448,0.764,0.473,0.485,0.461,0.491,0.777,0.430,0.753,0.485,0.479,0.745,0.750,0.545,0.473,0.018,0.780,0.018,0.764,0.461,0.753,0.576,0.570,0.570,0.533,0.552,0.764,0.576,0.594,0.783,0.479,0.570,0.777,0.473,0.582,0.600,0.467,0.606,0.539,0.485,0.539,0.750,0.497,0.455,0.558,0.473,0.473,0.761,0.764,0.594,0.780,0.430,0.755,0.485,0.430,0.745,0.588,0.564,0.436,0.545,0.479,0.741,0.786,0.600,0.780,0.436,0.473,0.755,0.036,0.491,0.744,0.485,0.479,0.747,0.473,0.576,0.552,0.467,0.527,0.491,0.552,0.570,0.750,0.588,0.485,0.479,0.479,0.758,0.545,0.747,0.588,0.764,0.745,0.533,0.564,0.467,0.582,0.473,0.448,0.479,0.600,0.594,0.783,0.772,0.473,0.485,0.758,0.030,0.772,0.570,0.552,0.473,0.467,0.774,0.783,0.764,0.539,0.491,0.745,0.736,0.467,0.467,0.436,0.461,0.527,0.764,0.763,0.745,0.780,0.600,0.479,0.774,0.780,0.582,0.030,0.564,0.600,0.527,0.764,0.600,0.479,0.747,0.491,0.576,0.479,0.461,0.780,0.600,0.761,0.777,0.558,0.485
7PNB_v_2_NAG;0.560,0.588,0.808,0.764,0.588,0.563,0.566,0.764,0.805,0.505,0.585,0.816,0.753,0.755,0.745,0.736,0.745,0.783,0.582,0.560,0.745,0.810,0.467,0.805,0.753,0.742,0.585,0.788,0.563,0.082,0.088,0.484,0.566,0.505,0.530,0.805,0.706,0.464,0.734,0.558,0.723,0.742,0.569,0.753,0.761,0.742,0.830,0.588,0.558,0.470,0.758,0.519,0.728,0.783,0.473,0.766,0.739,0.739,0.766,0.000,0.560,0.742,0.758,0.569,0.486,0.475,0.516,0.753,0.486,0.819,0.560,0.808,0.459,0.464,0.511,0.830,0.810,0.739,0.706,0.742,0.750,0.481,0.742,0.451,0.753,0.742,0.734,0.761,0.516,0.739,0.772,0.813,0.734,0.505,0.736,0.706,0.827,0.766,0.464,0.783,0.066,0.582,0.747,0.088,0.706,0.758,0.742,0.747,0.549,0.753,0.566,0.745,0.739,0.484,0.448,0.758,0.736,0.766,0.497,0.764,0.049,0.736,0.448,0.783,0.788,0.766,0.739,0.783,0.505,0.788,0.772,0.503,0.728,0.788,0.505,0.753,0.786,0.830,0.742,0.830,0.761,0.709,0.755,0.445,0.755,0.755,0.810,0.753,0.736,0.500,0.470,0.827,0.497,0.753,0.563,0.750,0.753,0.470,0.764,0.788,0.753,0.758,0.725,0.588,0.555,0.772,0.522,0.753,0.742,0.462,0.766,0.747,0.582,0.742,0.728,0.569,0.739,0.783,0.783,0.742,0.734,0.745,0.783,0.788,0.442,0.769,0.709,0.706,0.750,0.462,0.761,0.442,0.808,0.505,0.453,0.739,0.824,0.739,0.805,0.706,0.750,0.753,0.810,0.813,0.511,0.071,0.725,0.755,0.091,0.764,0.500,0.786,0.813,0.736,0.750,0.511,0.560,0.511,0.758,0.745,0.478,0.462,0.734,0.739,0.755,0.753,0.736,0.505,0.541,0.451,0.503,0.827,0.706,0.514,0.516,0.783,0.766,0.805,0.772,0.734,0.508,0.830,0.745,0.431,0.750,0.766,0.758,0.734,0.503,0.827,0.058,0.486,0.786,0.758
7PNB_y_1_NAG;0.055,0.571,0.816,0.750,0.571,0.585,0.055,0.805,0.813,0.585,0.569,0.816,0.764,0.769,0.775,0.772,0.777,0.791,0.569,0.602,0.766,0.813,0.591,0.813,0.766,0.783,0.569,0.805,0.593,0.566,0.577,0.582,0.593,0.585,0.593,0.810,0.775,0.580,0.764,0.580,0.758,0.777,0.052,0.766,0.797,0.775,0.827,0.571,0.613,0.563,0.794,0.610,0.761,0.791,0.577,0.808,0.772,0.791,0.750,0.560,0.000,0.775,0.797,0.049,0.593,0.585,0.593,0.766,0.566,0.813,0.047,0.813,0.585,0.574,0.591,0.827,0.813,0.769,0.775,0.780,0.769,0.580,0.788,0.555,0.764,0.772,0.761,0.775,0.591,0.788,0.755,0.810,0.764,0.585,0.788,0.775,0.824,0.753,0.574,0.805,0.569,0.569,0.764,0.569,0.775,0.772,0.766,0.783,0.588,0.766,0.052,0.777,0.775,0.596,0.555,0.799,0.775,0.753,0.566,0.750,0.569,0.766,0.560,0.788,0.805,0.805,0.791,0.802,0.585,0.805,0.813,0.566,0.761,0.805,0.563,0.766,0.794,0.824,0.772,0.827,0.797,0.775,0.794,0.566,0.769,0.769,0.810,0.764,0.772,0.580,0.566,0.821,0.566,0.766,0.033,0.764,0.766,0.569,0.813,0.794,0.769,0.797,0.758,0.571,0.593,0.813,0.618,0.766,0.769,0.585,0.755,0.766,0.569,0.775,0.761,0.069,0.769,0.788,0.802,0.769,0.786,0.777,0.805,0.794,0.552,0.810,0.775,0.775,0.761,0.566,0.797,0.552,0.813,0.585,0.560,0.791,0.813,0.769,0.813,0.775,0.764,0.766,0.819,0.819,0.577,0.571,0.753,0.769,0.577,0.750,0.591,0.805,0.813,0.775,0.761,0.599,0.599,0.588,0.791,0.775,0.593,0.563,0.772,0.772,0.766,0.769,0.788,0.582,0.599,0.552,0.571,0.824,0.775,0.610,0.610,0.794,0.750,0.813,0.813,0.791,0.585,0.824,0.775,0.558,0.766,0.808,0.766,0.766,0.571,0.824,0.571,0.569,0.791,0.766
7PNB_w_6_MAN;0.780,0.774,0.485,0.485,0.780,0.747,0.780,0.461,0.552,0.742,0.771,0.503,0.491,0.212,0.018,0.248,0.018,0.491,0.771,0.742,0.261,0.545,0.747,0.552,0.279,0.248,0.771,0.455,0.752,0.747,0.753,0.720,0.749,0.742,0.725,0.497,0.339,0.709,0.212,0.760,0.212,0.236,0.780,0.285,0.370,0.267,0.606,0.780,0.750,0.742,0.364,0.764,0.206,0.491,0.731,0.491,0.224,0.339,0.485,0.742,0.775,0.000,0.358,0.783,0.745,0.750,0.760,0.485,0.720,0.503,0.783,0.485,0.717,0.709,0.755,0.606,0.558,0.036,0.339,0.230,0.273,0.734,0.333,0.723,0.218,0.255,0.218,0.212,0.752,0.339,0.497,0.558,0.206,0.745,0.339,0.333,0.594,0.491,0.712,0.467,0.753,0.771,0.261,0.747,0.339,0.206,0.255,0.242,0.753,0.291,0.780,0.224,0.218,0.739,0.723,0.358,0.224,0.491,0.717,0.485,0.745,0.255,0.723,0.491,0.448,0.467,0.333,0.467,0.745,0.461,0.491,0.720,0.212,0.448,0.714,0.473,0.485,0.600,0.242,0.606,0.364,0.339,0.358,0.714,0.491,0.279,0.558,0.491,0.048,0.742,0.717,0.600,0.714,0.291,0.780,0.485,0.291,0.731,0.473,0.491,0.273,0.364,0.212,0.774,0.750,0.491,0.764,0.285,0.261,0.720,0.491,0.473,0.774,0.012,0.200,0.788,0.024,0.491,0.467,0.267,0.333,0.018,0.485,0.491,0.720,0.491,0.339,0.339,0.491,0.712,0.364,0.717,0.473,0.736,0.717,0.333,0.576,0.248,0.479,0.339,0.267,0.218,0.485,0.497,0.720,0.750,0.224,0.200,0.742,0.485,0.758,0.448,0.564,0.224,0.218,0.760,0.747,0.745,0.370,0.018,0.745,0.739,0.242,0.255,0.297,0.273,0.327,0.736,0.719,0.720,0.714,0.606,0.339,0.747,0.763,0.497,0.485,0.545,0.491,0.333,0.745,0.594,0.242,0.714,0.479,0.461,0.218,0.242,0.717,0.594,0.750,0.714,0.497,0.212
7PNB_n_4_BGC;0.805,0.813,0.479,0.539,0.815,0.745,0.802,0.412,0.588,0.750,0.813,0.467,0.545,0.352,0.370,0.327,0.364,0.382,0.813,0.739,0.297,0.570,0.761,0.582,0.345,0.321,0.813,0.388,0.752,0.769,0.769,0.745,0.752,0.750,0.766,0.479,0.400,0.725,0.327,0.755,0.370,0.321,0.799,0.352,0.036,0.303,0.685,0.818,0.739,0.761,0.036,0.772,0.333,0.382,0.753,0.436,0.327,0.145,0.545,0.758,0.797,0.358,0.000,0.802,0.761,0.761,0.760,0.539,0.720,0.491,0.802,0.491,0.742,0.731,0.763,0.685,0.600,0.388,0.400,0.321,0.333,0.755,0.139,0.761,0.345,0.285,0.333,0.327,0.755,0.145,0.558,0.594,0.327,0.753,0.121,0.388,0.673,0.558,0.720,0.388,0.766,0.813,0.309,0.764,0.394,0.345,0.291,0.309,0.742,0.358,0.799,0.255,0.327,0.766,0.758,0.006,0.333,0.545,0.717,0.552,0.761,0.285,0.758,0.388,0.376,0.424,0.133,0.376,0.753,0.388,0.430,0.712,0.339,0.376,0.712,0.533,0.376,0.679,0.267,0.685,0.018,0.394,0.018,0.750,0.539,0.321,0.588,0.545,0.388,0.750,0.736,0.679,0.714,0.352,0.799,0.539,0.352,0.745,0.424,0.388,0.339,0.012,0.327,0.813,0.747,0.424,0.764,0.345,0.291,0.739,0.552,0.527,0.813,0.364,0.333,0.808,0.376,0.388,0.376,0.297,0.133,0.364,0.388,0.388,0.755,0.436,0.394,0.400,0.545,0.731,0.042,0.753,0.479,0.750,0.753,0.133,0.600,0.285,0.461,0.394,0.315,0.358,0.485,0.491,0.717,0.766,0.352,0.345,0.766,0.539,0.766,0.376,0.594,0.333,0.358,0.763,0.747,0.753,0.048,0.370,0.764,0.764,0.297,0.285,0.364,0.303,0.139,0.750,0.741,0.758,0.714,0.685,0.400,0.755,0.774,0.388,0.552,0.576,0.424,0.145,0.753,0.673,0.261,0.739,0.533,0.412,0.345,0.291,0.717,0.673,0.769,0.717,0.394,0.352
7PNB_P_1_NAG;0.055,0.571,0.819,0.750,0.571,0.593,0.027,0.805,0.805,0.591,0.569,0.819,0.758,0.775,0.783,0.775,0.786,0.794,0.569,0.607,0.769,0.805,0.599,0.805,0.772,0.786,0.569,0.810,0.599,0.571,0.577,0.588,0.602,0.585,0.591,0.813,0.777,0.588,0.769,0.585,0.764,0.780,0.014,0.772,0.802,0.777,0.821,0.571,0.615,0.566,0.799,0.607,0.766,0.794,0.580,0.808,0.775,0.791,0.750,0.569,0.049,0.783,0.802,0.000,0.602,0.593,0.591,0.761,0.566,0.816,0.019,0.816,0.588,0.582,0.596,0.821,0.805,0.777,0.777,0.783,0.775,0.585,0.791,0.566,0.769,0.775,0.766,0.780,0.588,0.788,0.755,0.802,0.769,0.591,0.791,0.777,0.824,0.753,0.580,0.810,0.574,0.569,0.766,0.574,0.777,0.777,0.769,0.786,0.591,0.772,0.025,0.783,0.777,0.599,0.566,0.805,0.777,0.753,0.563,0.750,0.574,0.772,0.569,0.791,0.810,0.802,0.794,0.808,0.591,0.810,0.810,0.566,0.766,0.810,0.560,0.761,0.797,0.824,0.777,0.821,0.802,0.780,0.799,0.574,0.764,0.772,0.802,0.758,0.780,0.585,0.577,0.821,0.566,0.772,0.049,0.758,0.772,0.571,0.810,0.797,0.775,0.802,0.764,0.571,0.599,0.810,0.610,0.772,0.775,0.593,0.755,0.761,0.569,0.783,0.766,0.036,0.777,0.791,0.808,0.772,0.788,0.786,0.810,0.797,0.563,0.808,0.780,0.777,0.755,0.574,0.802,0.563,0.816,0.596,0.571,0.794,0.805,0.775,0.816,0.777,0.766,0.772,0.819,0.821,0.574,0.577,0.758,0.775,0.577,0.750,0.582,0.810,0.805,0.777,0.766,0.602,0.604,0.591,0.797,0.783,0.602,0.569,0.777,0.777,0.772,0.772,0.791,0.593,0.591,0.558,0.569,0.819,0.777,0.607,0.613,0.797,0.750,0.805,0.810,0.791,0.588,0.824,0.780,0.566,0.761,0.808,0.772,0.772,0.571,0.824,0.577,0.566,0.794,0.772
7PNB_w_1_NAG;0.582,0.604,0.788,0.750,0.607,0.511,0.602,0.755,0.786,0.514,0.607,0.786,0.753,0.755,0.742,0.753,0.742,0.777,0.604,0.508,0.764,0.777,0.063,0.780,0.745,0.761,0.607,0.780,0.514,0.492,0.508,0.511,0.519,0.508,0.434,0.780,0.747,0.519,0.750,0.519,0.747,0.755,0.596,0.745,0.761,0.764,0.827,0.604,0.511,0.157,0.758,0.544,0.745,0.777,0.503,0.758,0.750,0.758,0.742,0.486,0.593,0.745,0.761,0.602,0.000,0.049,0.538,0.750,0.357,0.783,0.596,0.783,0.508,0.519,0.536,0.827,0.791,0.739,0.747,0.758,0.745,0.181,0.758,0.478,0.755,0.761,0.753,0.764,0.533,0.758,0.753,0.788,0.747,0.514,0.755,0.747,0.824,0.742,0.514,0.777,0.495,0.604,0.750,0.492,0.747,0.755,0.758,0.761,0.497,0.747,0.599,0.766,0.753,0.126,0.473,0.758,0.755,0.747,0.390,0.734,0.481,0.764,0.473,0.777,0.780,0.753,0.755,0.775,0.511,0.780,0.761,0.363,0.747,0.780,0.390,0.755,0.777,0.827,0.766,0.827,0.761,0.750,0.753,0.470,0.750,0.753,0.783,0.753,0.742,0.511,0.514,0.824,0.407,0.745,0.588,0.753,0.745,0.080,0.761,0.775,0.745,0.755,0.745,0.607,0.516,0.755,0.541,0.745,0.769,0.514,0.753,0.750,0.604,0.745,0.747,0.607,0.736,0.777,0.775,0.758,0.753,0.742,0.775,0.777,0.478,0.755,0.750,0.747,0.753,0.508,0.758,0.470,0.783,0.516,0.470,0.755,0.786,0.769,0.788,0.747,0.750,0.758,0.788,0.783,0.376,0.500,0.747,0.755,0.505,0.750,0.516,0.780,0.788,0.755,0.755,0.538,0.514,0.514,0.755,0.742,0.055,0.140,0.766,0.769,0.750,0.753,0.753,0.505,0.574,0.481,0.404,0.824,0.747,0.522,0.541,0.780,0.736,0.783,0.761,0.753,0.516,0.827,0.766,0.478,0.750,0.755,0.755,0.769,0.396,0.824,0.489,0.352,0.775,0.761
7PNB_m_1_NAG;0.577,0.610,0.791,0.753,0.613,0.505,0.593,0.761,0.788,0.511,0.613,0.788,0.753,0.755,0.747,0.747,0.747,0.777,0.610,0.495,0.758,0.780,0.036,0.783,0.747,0.755,0.613,0.777,0.505,0.481,0.495,0.519,0.514,0.508,0.440,0.783,0.753,0.527,0.747,0.516,0.742,0.750,0.588,0.747,0.761,0.758,0.824,0.610,0.497,0.124,0.758,0.536,0.739,0.777,0.508,0.766,0.745,0.758,0.745,0.475,0.585,0.750,0.761,0.593,0.049,0.000,0.536,0.750,0.354,0.786,0.588,0.786,0.514,0.522,0.530,0.824,0.794,0.745,0.753,0.753,0.745,0.154,0.758,0.478,0.755,0.755,0.747,0.764,0.530,0.758,0.755,0.791,0.745,0.511,0.755,0.753,0.821,0.745,0.516,0.775,0.484,0.610,0.745,0.481,0.753,0.755,0.753,0.755,0.495,0.750,0.591,0.769,0.747,0.148,0.475,0.758,0.750,0.750,0.382,0.736,0.467,0.764,0.467,0.777,0.777,0.758,0.755,0.772,0.508,0.777,0.769,0.368,0.742,0.777,0.379,0.755,0.777,0.824,0.769,0.824,0.761,0.755,0.753,0.464,0.750,0.747,0.786,0.753,0.742,0.505,0.519,0.821,0.396,0.747,0.582,0.753,0.747,0.063,0.769,0.775,0.747,0.755,0.739,0.613,0.505,0.764,0.538,0.745,0.769,0.516,0.755,0.750,0.610,0.750,0.742,0.599,0.742,0.777,0.772,0.753,0.753,0.747,0.772,0.777,0.478,0.764,0.755,0.753,0.753,0.511,0.758,0.467,0.788,0.514,0.464,0.755,0.788,0.769,0.788,0.753,0.745,0.758,0.791,0.786,0.368,0.486,0.742,0.755,0.495,0.753,0.505,0.777,0.791,0.750,0.755,0.530,0.505,0.511,0.755,0.747,0.066,0.107,0.766,0.769,0.753,0.747,0.753,0.508,0.571,0.481,0.393,0.821,0.753,0.519,0.538,0.780,0.739,0.786,0.769,0.753,0.514,0.824,0.766,0.478,0.750,0.761,0.755,0.769,0.387,0.821,0.475,0.343,0.775,0.761
7PNB_q_1_NAG;0.588,0.620,0.818,0.791,0.620,0.569,0.593,0.763,0.799,0.555,0.617,0.810,0.760,0.758,0.755,0.769,0.763,0.785,0.617,0.566,0.760,0.796,0.536,0.796,0.738,0.769,0.617,0.802,0.559,0.514,0.519,0.536,0.562,0.560,0.577,0.810,0.769,0.530,0.763,0.554,0.758,0.769,0.588,0.738,0.766,0.769,0.848,0.617,0.563,0.530,0.763,0.107,0.763,0.785,0.527,0.744,0.763,0.771,0.788,0.516,0.593,0.760,0.760,0.591,0.538,0.536,0.000,0.760,0.533,0.813,0.585,0.813,0.519,0.533,0.116,0.848,0.804,0.752,0.769,0.769,0.744,0.525,0.771,0.571,0.755,0.769,0.769,0.758,0.099,0.766,0.799,0.804,0.766,0.558,0.766,0.769,0.851,0.793,0.547,0.807,0.519,0.617,0.758,0.522,0.766,0.758,0.766,0.771,0.549,0.736,0.591,0.760,0.766,0.536,0.563,0.763,0.760,0.791,0.525,0.791,0.514,0.755,0.574,0.782,0.802,0.758,0.769,0.799,0.555,0.804,0.749,0.547,0.760,0.802,0.522,0.758,0.785,0.848,0.755,0.848,0.766,0.771,0.760,0.569,0.758,0.758,0.799,0.758,0.755,0.549,0.527,0.851,0.519,0.738,0.596,0.755,0.738,0.530,0.744,0.780,0.738,0.763,0.763,0.614,0.566,0.758,0.110,0.741,0.758,0.525,0.796,0.755,0.614,0.758,0.760,0.596,0.752,0.782,0.799,0.763,0.766,0.763,0.804,0.782,0.560,0.749,0.771,0.769,0.758,0.530,0.763,0.560,0.813,0.555,0.566,0.769,0.804,0.760,0.813,0.766,0.758,0.758,0.818,0.818,0.533,0.516,0.763,0.755,0.516,0.791,0.168,0.804,0.804,0.760,0.760,0.094,0.566,0.560,0.763,0.760,0.538,0.522,0.758,0.760,0.736,0.760,0.766,0.552,0.579,0.569,0.525,0.851,0.769,0.129,0.091,0.788,0.791,0.793,0.752,0.766,0.560,0.854,0.758,0.563,0.755,0.766,0.755,0.755,0.519,0.851,0.522,0.538,0.780,0.749
7PNB_Q_4_BGC;0.764,0.766,0.564,0.503,0.766,0.761,0.761,0.570,0.521,0.745,0.769,0.564,0.006,0.521,0.473,0.521,0.485,0.521,0.766,0.758,0.527,0.515,0.753,0.515,0.533,0.515,0.769,0.533,0.760,0.750,0.755,0.747,0.755,0.747,0.764,0.558,0.430,0.761,0.515,0.760,0.491,0.509,0.758,0.533,0.533,0.533,0.624,0.766,0.764,0.755,0.527,0.753,0.509,0.521,0.739,0.570,0.491,0.527,0.497,0.753,0.766,0.485,0.539,0.761,0.750,0.750,0.760,0.000,0.766,0.564,0.761,0.552,0.750,0.766,0.752,0.624,0.533,0.467,0.430,0.509,0.533,0.750,0.533,0.777,0.521,0.539,0.521,0.545,0.758,0.515,0.515,0.539,0.515,0.747,0.521,0.430,0.630,0.497,0.769,0.539,0.750,0.766,0.521,0.747,0.424,0.527,0.533,0.527,0.755,0.533,0.758,0.521,0.503,0.755,0.769,0.539,0.491,0.503,0.766,0.497,0.750,0.503,0.772,0.521,0.533,0.558,0.527,0.539,0.747,0.558,0.564,0.772,0.509,0.533,0.766,0.024,0.527,0.624,0.509,0.624,0.539,0.436,0.533,0.772,0.006,0.515,0.521,0.030,0.467,0.742,0.753,0.630,0.769,0.533,0.769,0.024,0.533,0.753,0.552,0.527,0.533,0.539,0.509,0.769,0.755,0.570,0.755,0.533,0.521,0.761,0.509,0.012,0.769,0.479,0.509,0.764,0.467,0.521,0.539,0.527,0.521,0.485,0.552,0.527,0.769,0.558,0.436,0.430,0.030,0.755,0.527,0.772,0.564,0.747,0.772,0.527,0.539,0.515,0.576,0.424,0.515,0.521,0.558,0.570,0.764,0.755,0.503,0.527,0.747,0.503,0.755,0.533,0.533,0.491,0.521,0.758,0.761,0.747,0.527,0.473,0.750,0.753,0.515,0.509,0.539,0.533,0.521,0.747,0.755,0.775,0.769,0.630,0.430,0.736,0.760,0.527,0.491,0.515,0.570,0.515,0.747,0.636,0.515,0.772,0.018,0.570,0.527,0.515,0.766,0.630,0.747,0.764,0.521,0.527
7PNB_d_1_NAG;0.563,0.646,0.750,0.788,0.648,0.429,0.574,0.755,0.816,0.475,0.646,0.758,0.769,0.725,0.723,0.728,0.717,0.764,0.643,0.423,0.734,0.802,0.363,0.810,0.720,0.734,0.646,0.764,0.423,0.500,0.508,0.505,0.448,0.481,0.387,0.753,0.734,0.495,0.731,0.401,0.734,0.731,0.560,0.723,0.717,0.731,0.832,0.648,0.426,0.352,0.717,0.514,0.728,0.764,0.505,0.761,0.728,0.731,0.788,0.486,0.566,0.720,0.720,0.566,0.357,0.354,0.533,0.766,0.000,0.755,0.563,0.750,0.497,0.489,0.503,0.832,0.821,0.725,0.734,0.731,0.723,0.354,0.728,0.478,0.725,0.728,0.734,0.723,0.505,0.734,0.794,0.819,0.731,0.481,0.723,0.731,0.824,0.791,0.478,0.766,0.500,0.643,0.734,0.492,0.734,0.723,0.728,0.728,0.401,0.725,0.563,0.714,0.728,0.368,0.470,0.717,0.734,0.791,0.091,0.786,0.500,0.714,0.475,0.764,0.764,0.761,0.725,0.764,0.478,0.758,0.766,0.113,0.731,0.764,0.118,0.769,0.761,0.830,0.714,0.832,0.717,0.736,0.717,0.464,0.769,0.736,0.813,0.775,0.725,0.473,0.495,0.827,0.115,0.723,0.560,0.775,0.723,0.338,0.766,0.761,0.717,0.717,0.725,0.646,0.423,0.755,0.530,0.723,0.720,0.495,0.791,0.769,0.643,0.720,0.728,0.577,0.720,0.764,0.764,0.728,0.723,0.717,0.769,0.764,0.478,0.764,0.736,0.734,0.777,0.492,0.714,0.459,0.750,0.478,0.478,0.725,0.816,0.720,0.753,0.734,0.731,0.728,0.755,0.753,0.118,0.505,0.734,0.723,0.495,0.788,0.500,0.764,0.819,0.734,0.734,0.530,0.440,0.484,0.717,0.717,0.363,0.354,0.717,0.720,0.728,0.731,0.725,0.475,0.486,0.484,0.124,0.830,0.734,0.516,0.530,0.764,0.786,0.808,0.761,0.728,0.484,0.824,0.717,0.470,0.772,0.755,0.723,0.720,0.088,0.824,0.497,0.063,0.764,0.725
7PNB_M_3_YZT;0.821,0.826,0.036,0.600,0.829,0.775,0.816,0.545,0.430,0.775,0.832,0.067,0.570,0.485,0.503,0.497,0.503,0.285,0.829,0.761,0.473,0.418,0.786,0.430,0.479,0.509,0.832,0.303,0.769,0.819,0.827,0.777,0.777,0.775,0.791,0.036,0.509,0.786,0.491,0.769,0.509,0.497,0.816,0.485,0.491,0.479,0.624,0.826,0.775,0.783,0.485,0.819,0.491,0.285,0.786,0.564,0.479,0.503,0.588,0.819,0.813,0.503,0.491,0.816,0.783,0.786,0.813,0.564,0.755,0.000,0.816,0.042,0.786,0.780,0.813,0.618,0.436,0.515,0.509,0.491,0.479,0.794,0.497,0.783,0.485,0.473,0.497,0.485,0.818,0.497,0.612,0.436,0.491,0.777,0.479,0.503,0.606,0.606,0.775,0.327,0.824,0.829,0.455,0.816,0.503,0.479,0.473,0.491,0.772,0.485,0.813,0.485,0.485,0.788,0.783,0.491,0.485,0.600,0.753,0.588,0.821,0.491,0.786,0.279,0.303,0.558,0.491,0.309,0.777,0.279,0.576,0.747,0.497,0.303,0.755,0.570,0.279,0.618,0.491,0.624,0.491,0.503,0.485,0.777,0.564,0.479,0.430,0.570,0.509,0.775,0.780,0.618,0.758,0.485,0.813,0.570,0.485,0.783,0.582,0.273,0.473,0.491,0.485,0.829,0.780,0.564,0.824,0.479,0.497,0.777,0.606,0.564,0.832,0.503,0.491,0.824,0.503,0.279,0.315,0.473,0.485,0.503,0.321,0.273,0.788,0.576,0.503,0.509,0.576,0.788,0.485,0.780,0.061,0.775,0.780,0.491,0.442,0.497,0.073,0.503,0.479,0.485,0.055,0.030,0.755,0.827,0.503,0.473,0.810,0.600,0.819,0.309,0.436,0.485,0.491,0.810,0.780,0.777,0.485,0.503,0.780,0.788,0.497,0.503,0.485,0.467,0.491,0.775,0.782,0.783,0.761,0.618,0.509,0.788,0.807,0.279,0.594,0.418,0.570,0.497,0.777,0.612,0.485,0.783,0.564,0.545,0.479,0.497,0.755,0.612,0.821,0.750,0.279,0.467
7PNB_e_1_NAG;0.047,0.571,0.819,0.750,0.571,0.591,0.036,0.802,0.808,0.585,0.569,0.819,0.758,0.775,0.783,0.775,0.786,0.794,0.569,0.604,0.769,0.805,0.591,0.808,0.775,0.786,0.569,0.810,0.596,0.566,0.569,0.585,0.602,0.582,0.588,0.813,0.772,0.585,0.769,0.582,0.766,0.780,0.016,0.775,0.802,0.777,0.824,0.571,0.615,0.558,0.799,0.604,0.766,0.794,0.580,0.805,0.775,0.791,0.750,0.560,0.047,0.783,0.802,0.019,0.596,0.588,0.585,0.761,0.563,0.816,0.000,0.816,0.585,0.580,0.593,0.824,0.808,0.780,0.772,0.783,0.775,0.580,0.791,0.560,0.769,0.775,0.766,0.780,0.582,0.788,0.755,0.805,0.769,0.585,0.791,0.772,0.824,0.753,0.577,0.810,0.569,0.569,0.766,0.566,0.772,0.777,0.769,0.786,0.588,0.775,0.016,0.783,0.777,0.593,0.560,0.805,0.777,0.753,0.560,0.750,0.566,0.775,0.563,0.791,0.810,0.799,0.794,0.808,0.585,0.810,0.808,0.563,0.766,0.810,0.558,0.761,0.797,0.827,0.777,0.824,0.802,0.775,0.799,0.569,0.764,0.772,0.805,0.764,0.780,0.580,0.574,0.824,0.563,0.775,0.047,0.758,0.775,0.566,0.808,0.797,0.775,0.802,0.764,0.571,0.596,0.808,0.607,0.775,0.777,0.591,0.755,0.761,0.569,0.783,0.766,0.044,0.777,0.791,0.808,0.772,0.788,0.786,0.810,0.797,0.558,0.805,0.775,0.772,0.761,0.571,0.802,0.558,0.816,0.591,0.566,0.794,0.808,0.777,0.816,0.772,0.766,0.772,0.819,0.821,0.571,0.571,0.758,0.775,0.569,0.750,0.580,0.810,0.808,0.777,0.769,0.599,0.602,0.585,0.797,0.783,0.596,0.563,0.780,0.780,0.775,0.772,0.791,0.588,0.588,0.552,0.566,0.821,0.772,0.599,0.610,0.797,0.750,0.805,0.808,0.791,0.582,0.827,0.780,0.560,0.761,0.805,0.772,0.775,0.569,0.824,0.569,0.563,0.794,0.772
7PNB_b_3_YZT;0.821,0.826,0.018,0.600,0.829,0.777,0.816,0.558,0.412,0.772,0.832,0.061,0.558,0.473,0.485,0.491,0.485,0.273,0.829,0.755,0.479,0.400,0.786,0.412,0.485,0.509,0.832,0.291,0.766,0.813,0.819,0.780,0.777,0.772,0.788,0.030,0.485,0.783,0.485,0.763,0.497,0.497,0.816,0.491,0.497,0.473,0.618,0.826,0.769,0.783,0.491,0.813,0.485,0.273,0.786,0.576,0.473,0.503,0.594,0.808,0.813,0.485,0.491,0.816,0.783,0.786,0.813,0.552,0.750,0.042,0.816,0.000,0.783,0.777,0.810,0.612,0.418,0.491,0.485,0.491,0.485,0.791,0.497,0.786,0.473,0.467,0.491,0.485,0.815,0.497,0.612,0.418,0.485,0.775,0.479,0.479,0.600,0.606,0.775,0.321,0.816,0.829,0.461,0.810,0.479,0.467,0.467,0.491,0.766,0.491,0.813,0.473,0.479,0.788,0.786,0.491,0.479,0.600,0.753,0.594,0.813,0.473,0.788,0.267,0.303,0.570,0.491,0.303,0.775,0.279,0.588,0.747,0.491,0.303,0.758,0.558,0.267,0.612,0.473,0.618,0.497,0.479,0.485,0.777,0.558,0.485,0.412,0.564,0.485,0.772,0.780,0.612,0.758,0.491,0.813,0.564,0.491,0.777,0.582,0.261,0.479,0.491,0.479,0.829,0.777,0.576,0.819,0.485,0.479,0.777,0.606,0.552,0.832,0.485,0.485,0.824,0.485,0.267,0.303,0.479,0.479,0.485,0.321,0.261,0.791,0.582,0.479,0.485,0.570,0.786,0.491,0.780,0.030,0.772,0.783,0.491,0.424,0.479,0.055,0.479,0.485,0.473,0.036,0.024,0.755,0.819,0.491,0.461,0.805,0.600,0.816,0.303,0.418,0.479,0.479,0.807,0.777,0.775,0.491,0.485,0.780,0.788,0.479,0.485,0.491,0.473,0.485,0.772,0.782,0.786,0.764,0.612,0.485,0.793,0.807,0.267,0.594,0.400,0.582,0.491,0.775,0.606,0.473,0.783,0.558,0.558,0.467,0.479,0.755,0.606,0.816,0.747,0.267,0.461
7PNB_i_2_NAG;0.580,0.637,0.783,0.761,0.640,0.481,0.593,0.766,0.797,0.338,0.635,0.788,0.750,0.720,0.717,0.712,0.720,0.764,0.635,0.486,0.714,0.794,0.508,0.797,0.712,0.717,0.635,0.769,0.495,0.459,0.448,0.063,0.495,0.327,0.503,0.783,0.709,0.063,0.717,0.495,0.709,0.717,0.582,0.714,0.753,0.720,0.830,0.640,0.495,0.500,0.747,0.530,0.714,0.764,0.071,0.772,0.714,0.728,0.758,0.459,0.585,0.717,0.742,0.588,0.508,0.514,0.519,0.750,0.497,0.786,0.585,0.783,0.000,0.058,0.516,0.830,0.799,0.720,0.709,0.717,0.709,0.508,0.725,0.335,0.714,0.717,0.714,0.717,0.508,0.723,0.766,0.797,0.720,0.338,0.725,0.714,0.830,0.766,0.063,0.764,0.462,0.635,0.712,0.459,0.709,0.720,0.720,0.717,0.484,0.714,0.585,0.725,0.714,0.500,0.319,0.742,0.712,0.758,0.503,0.761,0.453,0.725,0.330,0.764,0.766,0.769,0.728,0.764,0.341,0.769,0.769,0.486,0.712,0.766,0.508,0.745,0.764,0.827,0.725,0.830,0.747,0.706,0.742,0.324,0.747,0.712,0.794,0.747,0.717,0.335,0.077,0.830,0.503,0.714,0.580,0.745,0.714,0.489,0.766,0.764,0.712,0.745,0.712,0.640,0.478,0.769,0.522,0.712,0.725,0.041,0.764,0.747,0.632,0.714,0.712,0.596,0.717,0.764,0.764,0.720,0.723,0.720,0.761,0.761,0.321,0.766,0.706,0.709,0.747,0.074,0.750,0.319,0.780,0.338,0.332,0.728,0.802,0.728,0.777,0.709,0.709,0.717,0.780,0.786,0.508,0.453,0.709,0.717,0.464,0.761,0.525,0.764,0.799,0.712,0.714,0.516,0.459,0.335,0.753,0.714,0.522,0.497,0.728,0.731,0.717,0.717,0.725,0.330,0.530,0.324,0.508,0.832,0.709,0.511,0.522,0.766,0.764,0.794,0.772,0.728,0.330,0.832,0.725,0.319,0.745,0.764,0.717,0.725,0.508,0.830,0.464,0.486,0.764,0.714
7PNB_O_2_NAG;0.571,0.635,0.777,0.766,0.637,0.481,0.588,0.766,0.802,0.338,0.632,0.783,0.766,0.709,0.709,0.706,0.712,0.769,0.632,0.497,0.703,0.799,0.516,0.802,0.709,0.714,0.632,0.766,0.500,0.462,0.459,0.088,0.500,0.327,0.505,0.777,0.709,0.030,0.706,0.495,0.703,0.712,0.580,0.712,0.742,0.709,0.835,0.637,0.503,0.497,0.736,0.547,0.706,0.769,0.102,0.777,0.703,0.723,0.766,0.464,0.574,0.709,0.731,0.582,0.519,0.522,0.533,0.766,0.489,0.780,0.580,0.777,0.058,0.000,0.530,0.835,0.805,0.712,0.709,0.709,0.703,0.511,0.720,0.343,0.703,0.703,0.703,0.706,0.522,0.720,0.772,0.802,0.709,0.338,0.720,0.712,0.832,0.775,0.063,0.758,0.467,0.632,0.703,0.464,0.709,0.709,0.703,0.706,0.492,0.712,0.580,0.712,0.703,0.514,0.330,0.731,0.703,0.766,0.497,0.769,0.459,0.709,0.349,0.769,0.764,0.772,0.723,0.761,0.341,0.761,0.775,0.475,0.706,0.764,0.497,0.761,0.769,0.832,0.712,0.835,0.736,0.706,0.728,0.343,0.764,0.703,0.799,0.764,0.709,0.335,0.047,0.835,0.492,0.712,0.569,0.761,0.712,0.492,0.772,0.772,0.706,0.731,0.703,0.637,0.484,0.769,0.536,0.709,0.712,0.060,0.769,0.764,0.629,0.706,0.703,0.593,0.709,0.769,0.761,0.709,0.717,0.712,0.758,0.769,0.330,0.772,0.706,0.709,0.764,0.038,0.745,0.327,0.775,0.341,0.343,0.723,0.808,0.714,0.772,0.709,0.701,0.706,0.775,0.780,0.503,0.459,0.703,0.706,0.475,0.766,0.536,0.761,0.805,0.703,0.706,0.530,0.473,0.335,0.739,0.706,0.533,0.495,0.714,0.717,0.714,0.709,0.720,0.332,0.530,0.330,0.497,0.838,0.709,0.527,0.536,0.772,0.772,0.799,0.772,0.723,0.330,0.832,0.712,0.324,0.761,0.766,0.706,0.712,0.500,0.832,0.470,0.481,0.775,0.706
7PNB_b_1_NAG;0.585,0.614,0.813,0.777,0.609,0.558,0.599,0.755,0.793,0.566,0.609,0.815,0.752,0.744,0.752,0.763,0.755,0.791,0.612,0.552,0.763,0.793,0.533,0.791,0.733,0.760,0.609,0.802,0.548,0.505,0.514,0.538,0.559,0.569,0.569,0.807,0.763,0.527,0.758,0.548,0.749,0.760,0.593,0.733,0.763,0.769,0.848,0.601,0.555,0.522,0.763,0.047,0.758,0.791,0.522,0.738,0.755,0.774,0.774,0.511,0.591,0.755,0.763,0.596,0.536,0.530,0.116,0.752,0.503,0.813,0.593,0.810,0.516,0.530,0.000,0.848,0.799,0.747,0.763,0.760,0.736,0.527,0.774,0.552,0.741,0.769,0.763,0.747,0.088,0.771,0.785,0.799,0.760,0.569,0.769,0.763,0.851,0.780,0.541,0.807,0.511,0.612,0.760,0.514,0.760,0.747,0.766,0.763,0.544,0.730,0.599,0.752,0.758,0.536,0.547,0.763,0.752,0.777,0.500,0.777,0.514,0.747,0.560,0.788,0.802,0.749,0.771,0.802,0.566,0.807,0.741,0.519,0.755,0.802,0.503,0.749,0.793,0.848,0.747,0.848,0.766,0.766,0.760,0.552,0.749,0.758,0.793,0.747,0.749,0.560,0.522,0.851,0.500,0.733,0.593,0.747,0.733,0.522,0.741,0.785,0.733,0.763,0.758,0.606,0.555,0.744,0.104,0.736,0.749,0.522,0.782,0.752,0.606,0.752,0.755,0.599,0.752,0.788,0.802,0.766,0.769,0.755,0.807,0.788,0.541,0.738,0.766,0.763,0.747,0.519,0.760,0.544,0.807,0.563,0.555,0.771,0.804,0.752,0.807,0.760,0.758,0.744,0.810,0.813,0.511,0.511,0.755,0.744,0.508,0.777,0.099,0.804,0.799,0.752,0.747,0.052,0.549,0.571,0.760,0.752,0.538,0.514,0.749,0.752,0.730,0.763,0.769,0.560,0.587,0.555,0.503,0.851,0.763,0.124,0.063,0.793,0.777,0.791,0.741,0.769,0.571,0.854,0.752,0.547,0.747,0.755,0.744,0.747,0.500,0.851,0.514,0.508,0.782,0.741
7PNB_Z_3_YZT;0.827,0.810,0.618,0.600,0.813,0.838,0.824,0.685,0.618,0.830,0.804,0.618,0.624,0.624,0.600,0.630,0.606,0.588,0.807,0.841,0.618,0.612,0.824,0.612,0.630,0.624,0.804,0.558,0.843,0.830,0.832,0.832,0.840,0.827,0.824,0.612,0.606,0.835,0.630,0.857,0.612,0.618,0.821,0.636,0.685,0.630,0.012,0.813,0.838,0.821,0.679,0.857,0.624,0.588,0.835,0.685,0.606,0.636,0.606,0.830,0.827,0.606,0.685,0.821,0.827,0.824,0.848,0.624,0.832,0.618,0.824,0.612,0.830,0.835,0.848,0.000,0.618,0.582,0.606,0.624,0.636,0.824,0.642,0.843,0.612,0.624,0.630,0.630,0.851,0.624,0.612,0.624,0.630,0.830,0.648,0.606,0.018,0.600,0.835,0.564,0.832,0.807,0.624,0.830,0.606,0.630,0.624,0.630,0.849,0.636,0.819,0.600,0.612,0.810,0.846,0.685,0.612,0.600,0.832,0.606,0.832,0.582,0.843,0.582,0.576,0.679,0.642,0.558,0.830,0.552,0.685,0.832,0.624,0.570,0.832,0.624,0.594,0.024,0.594,0.012,0.691,0.612,0.679,0.843,0.618,0.630,0.618,0.624,0.588,0.830,0.832,0.024,0.832,0.636,0.824,0.618,0.636,0.819,0.685,0.588,0.636,0.685,0.630,0.810,0.838,0.691,0.860,0.630,0.588,0.832,0.606,0.624,0.807,0.600,0.624,0.830,0.594,0.582,0.558,0.618,0.642,0.606,0.564,0.582,0.843,0.679,0.612,0.606,0.618,0.824,0.685,0.843,0.612,0.832,0.841,0.642,0.630,0.594,0.594,0.606,0.630,0.624,0.618,0.618,0.835,0.832,0.618,0.624,0.827,0.600,0.857,0.564,0.624,0.612,0.612,0.851,0.841,0.830,0.679,0.600,0.819,0.821,0.588,0.582,0.636,0.630,0.636,0.832,0.818,0.841,0.832,0.012,0.606,0.848,0.851,0.594,0.600,0.606,0.691,0.630,0.830,0.036,0.600,0.838,0.618,0.685,0.618,0.588,0.832,0.036,0.832,0.830,0.588,0.618
7PNB_V_3_YZT;0.808,0.807,0.418,0.564,0.813,0.797,0.802,0.564,0.024,0.827,0.807,0.436,0.527,0.558,0.552,0.588,0.558,0.412,0.807,0.805,0.600,0.067,0.797,0.036,0.558,0.594,0.807,0.448,0.810,0.810,0.813,0.805,0.796,0.824,0.816,0.418,0.515,0.805,0.564,0.818,0.539,0.588,0.805,0.558,0.606,0.600,0.618,0.810,0.802,0.799,0.600,0.802,0.564,0.406,0.797,0.576,0.570,0.564,0.558,0.810,0.813,0.558,0.600,0.805,0.791,0.794,0.804,0.533,0.821,0.436,0.808,0.418,0.799,0.805,0.799,0.618,0.000,0.533,0.515,0.594,0.558,0.791,0.564,0.810,0.558,0.582,0.570,0.570,0.796,0.558,0.582,0.012,0.564,0.827,0.564,0.521,0.630,0.576,0.808,0.461,0.813,0.804,0.576,0.810,0.509,0.564,0.588,0.600,0.802,0.558,0.808,0.588,0.582,0.797,0.808,0.600,0.576,0.564,0.821,0.564,0.813,0.576,0.813,0.406,0.448,0.558,0.564,0.448,0.827,0.467,0.564,0.816,0.558,0.448,0.821,0.521,0.418,0.612,0.582,0.618,0.600,0.521,0.594,0.808,0.539,0.570,0.055,0.521,0.539,0.827,0.802,0.618,0.819,0.558,0.816,0.527,0.558,0.791,0.570,0.406,0.564,0.600,0.570,0.810,0.794,0.558,0.805,0.558,0.582,0.805,0.576,0.533,0.810,0.552,0.564,0.810,0.545,0.406,0.461,0.606,0.564,0.558,0.461,0.400,0.805,0.558,0.521,0.515,0.521,0.802,0.600,0.805,0.418,0.827,0.808,0.564,0.055,0.570,0.424,0.509,0.558,0.558,0.418,0.436,0.821,0.810,0.552,0.564,0.799,0.564,0.805,0.455,0.024,0.576,0.545,0.796,0.797,0.827,0.600,0.552,0.788,0.794,0.570,0.576,0.558,0.582,0.558,0.827,0.796,0.808,0.824,0.618,0.515,0.793,0.796,0.412,0.564,0.048,0.558,0.558,0.827,0.624,0.588,0.805,0.533,0.564,0.564,0.564,0.821,0.624,0.810,0.816,0.394,0.564
7PNB_1_6_MAN;0.775,0.766,0.497,0.461,0.771,0.747,0.775,0.473,0.527,0.742,0.763,0.515,0.473,0.212,0.030,0.279,0.042,0.479,0.763,0.742,0.291,0.521,0.742,0.527,0.267,0.279,0.763,0.455,0.752,0.739,0.750,0.725,0.749,0.742,0.725,0.503,0.339,0.712,0.230,0.760,0.206,0.267,0.775,0.273,0.400,0.303,0.582,0.771,0.750,0.739,0.394,0.753,0.224,0.479,0.731,0.503,0.242,0.364,0.461,0.739,0.769,0.036,0.388,0.777,0.739,0.745,0.752,0.467,0.725,0.515,0.780,0.491,0.720,0.712,0.747,0.582,0.533,0.000,0.339,0.261,0.267,0.728,0.358,0.725,0.218,0.291,0.236,0.242,0.747,0.364,0.473,0.533,0.224,0.745,0.364,0.339,0.582,0.467,0.717,0.467,0.750,0.763,0.285,0.745,0.339,0.218,0.285,0.273,0.750,0.279,0.777,0.255,0.248,0.739,0.723,0.388,0.242,0.467,0.723,0.461,0.739,0.242,0.725,0.479,0.461,0.479,0.358,0.467,0.745,0.461,0.503,0.723,0.230,0.461,0.717,0.455,0.485,0.576,0.248,0.582,0.394,0.339,0.382,0.714,0.473,0.303,0.533,0.467,0.024,0.742,0.720,0.582,0.714,0.279,0.775,0.467,0.279,0.731,0.485,0.485,0.267,0.388,0.230,0.766,0.750,0.503,0.753,0.273,0.255,0.723,0.467,0.455,0.766,0.036,0.218,0.783,0.024,0.479,0.467,0.297,0.358,0.042,0.485,0.485,0.723,0.497,0.339,0.339,0.467,0.712,0.394,0.717,0.485,0.739,0.717,0.358,0.552,0.242,0.485,0.339,0.291,0.218,0.497,0.509,0.723,0.747,0.230,0.212,0.739,0.461,0.753,0.461,0.539,0.242,0.212,0.749,0.747,0.745,0.394,0.042,0.739,0.734,0.236,0.248,0.285,0.297,0.352,0.739,0.722,0.720,0.717,0.588,0.339,0.741,0.752,0.485,0.461,0.521,0.503,0.358,0.745,0.576,0.261,0.714,0.461,0.473,0.230,0.236,0.717,0.582,0.747,0.717,0.485,0.224
7PNB_w_4_BGC;0.777,0.769,0.485,0.485,0.774,0.745,0.780,0.479,0.503,0.736,0.766,0.509,0.436,0.352,0.345,0.370,0.352,0.455,0.769,0.753,0.388,0.497,0.747,0.503,0.382,0.382,0.766,0.461,0.758,0.714,0.714,0.717,0.749,0.736,0.739,0.497,0.000,0.714,0.358,0.760,0.327,0.370,0.777,0.388,0.406,0.388,0.606,0.771,0.753,0.755,0.400,0.777,0.345,0.455,0.723,0.509,0.352,0.333,0.479,0.706,0.775,0.339,0.400,0.777,0.747,0.753,0.769,0.430,0.734,0.509,0.772,0.485,0.709,0.709,0.763,0.606,0.515,0.339,0.000,0.376,0.376,0.745,0.327,0.709,0.345,0.376,0.358,0.376,0.766,0.339,0.497,0.515,0.352,0.739,0.321,0.012,0.594,0.491,0.712,0.448,0.714,0.766,0.376,0.709,0.006,0.358,0.382,0.388,0.747,0.388,0.775,0.406,0.364,0.739,0.709,0.400,0.358,0.485,0.731,0.485,0.709,0.388,0.703,0.461,0.461,0.479,0.321,0.455,0.739,0.455,0.509,0.739,0.339,0.461,0.734,0.430,0.461,0.600,0.394,0.606,0.406,0.006,0.394,0.701,0.436,0.400,0.503,0.436,0.339,0.736,0.717,0.600,0.731,0.394,0.780,0.430,0.394,0.742,0.497,0.467,0.376,0.400,0.339,0.771,0.742,0.503,0.775,0.388,0.394,0.706,0.485,0.424,0.771,0.339,0.339,0.775,0.333,0.461,0.455,0.382,0.309,0.352,0.455,0.461,0.706,0.503,0.006,0.000,0.436,0.706,0.400,0.703,0.485,0.736,0.701,0.321,0.527,0.376,0.491,0.006,0.388,0.352,0.485,0.497,0.731,0.714,0.339,0.358,0.703,0.485,0.766,0.455,0.509,0.358,0.352,0.763,0.753,0.739,0.400,0.345,0.745,0.753,0.376,0.382,0.394,0.394,0.315,0.736,0.752,0.706,0.736,0.606,0.000,0.755,0.769,0.461,0.485,0.497,0.509,0.321,0.739,0.606,0.406,0.703,0.424,0.485,0.358,0.382,0.731,0.594,0.714,0.736,0.467,0.370
7PNB_J_5_MAN;0.783,0.802,0.479,0.491,0.804,0.747,0.786,0.412,0.588,0.736,0.799,0.485,0.515,0.145,0.236,0.061,0.242,0.491,0.802,0.734,0.121,0.576,0.755,0.588,0.285,0.018,0.799,0.442,0.752,0.747,0.747,0.720,0.755,0.736,0.745,0.491,0.376,0.709,0.145,0.763,0.170,0.018,0.780,0.291,0.321,0.097,0.624,0.807,0.747,0.747,0.315,0.772,0.139,0.491,0.731,0.442,0.030,0.291,0.491,0.742,0.780,0.230,0.321,0.783,0.758,0.753,0.769,0.509,0.731,0.491,0.783,0.491,0.717,0.709,0.760,0.624,0.594,0.261,0.376,0.000,0.267,0.745,0.285,0.712,0.139,0.109,0.127,0.133,0.758,0.303,0.503,0.594,0.152,0.739,0.273,0.364,0.612,0.497,0.712,0.455,0.750,0.802,0.121,0.742,0.370,0.139,0.103,0.024,0.753,0.291,0.780,0.182,0.012,0.755,0.712,0.315,0.018,0.497,0.728,0.491,0.745,0.194,0.712,0.491,0.436,0.412,0.285,0.455,0.739,0.448,0.442,0.725,0.152,0.436,0.723,0.497,0.485,0.618,0.200,0.624,0.321,0.376,0.309,0.703,0.503,0.139,0.588,0.503,0.242,0.736,0.717,0.618,0.725,0.285,0.783,0.503,0.285,0.750,0.436,0.491,0.279,0.315,0.133,0.799,0.753,0.430,0.769,0.279,0.200,0.720,0.491,0.497,0.802,0.236,0.145,0.788,0.236,0.491,0.455,0.115,0.285,0.242,0.473,0.497,0.709,0.442,0.376,0.376,0.509,0.714,0.315,0.706,0.485,0.736,0.706,0.285,0.612,0.200,0.479,0.370,0.133,0.145,0.467,0.485,0.728,0.747,0.145,0.133,0.755,0.491,0.766,0.436,0.600,0.018,0.145,0.763,0.742,0.739,0.315,0.242,0.750,0.745,0.182,0.194,0.297,0.139,0.291,0.736,0.741,0.709,0.720,0.624,0.376,0.747,0.769,0.497,0.491,0.582,0.430,0.297,0.739,0.612,0.188,0.701,0.497,0.412,0.139,0.188,0.725,0.612,0.750,0.720,0.497,0.133
7PNB_c_5_MAN;0.775,0.755,0.485,0.455,0.758,0.728,0.777,0.479,0.552,0.747,0.755,0.485,0.539,0.188,0.279,0.267,0.279,0.442,0.755,0.734,0.267,0.527,0.747,0.545,0.018,0.273,0.755,0.448,0.738,0.745,0.745,0.717,0.738,0.747,0.745,0.473,0.376,0.706,0.267,0.741,0.255,0.273,0.775,0.024,0.333,0.273,0.636,0.755,0.734,0.742,0.327,0.742,0.261,0.442,0.720,0.503,0.248,0.352,0.442,0.750,0.769,0.273,0.333,0.775,0.745,0.745,0.744,0.533,0.723,0.479,0.775,0.485,0.709,0.703,0.736,0.636,0.558,0.267,0.376,0.267,0.000,0.731,0.345,0.714,0.182,0.261,0.267,0.200,0.738,0.352,0.467,0.552,0.261,0.750,0.339,0.376,0.618,0.448,0.706,0.455,0.753,0.755,0.248,0.745,0.376,0.194,0.248,0.261,0.728,0.030,0.772,0.255,0.255,0.742,0.709,0.327,0.248,0.448,0.717,0.442,0.747,0.230,0.709,0.448,0.455,0.479,0.345,0.455,0.750,0.442,0.503,0.717,0.261,0.455,0.717,0.521,0.448,0.630,0.236,0.636,0.327,0.376,0.315,0.703,0.527,0.267,0.552,0.527,0.255,0.747,0.712,0.624,0.709,0.030,0.772,0.527,0.030,0.736,0.497,0.430,0.012,0.321,0.255,0.752,0.736,0.491,0.745,0.012,0.248,0.714,0.461,0.527,0.755,0.279,0.255,0.783,0.279,0.448,0.455,0.273,0.333,0.279,0.455,0.436,0.706,0.491,0.376,0.376,0.533,0.706,0.327,0.706,0.479,0.747,0.703,0.345,0.558,0.248,0.455,0.376,0.248,0.194,0.485,0.491,0.714,0.750,0.261,0.194,0.742,0.455,0.745,0.455,0.558,0.248,0.194,0.733,0.739,0.750,0.321,0.285,0.745,0.739,0.236,0.248,0.036,0.255,0.339,0.747,0.755,0.712,0.714,0.630,0.376,0.725,0.738,0.448,0.442,0.539,0.491,0.345,0.750,0.618,0.236,0.695,0.521,0.485,0.194,0.236,0.714,0.618,0.753,0.723,0.430,0.206
7PNB_N_1_NAG;0.574,0.596,0.797,0.745,0.602,0.484,0.580,0.758,0.791,0.497,0.602,0.794,0.753,0.736,0.731,0.742,0.731,0.777,0.599,0.481,0.750,0.777,0.170,0.786,0.731,0.747,0.602,0.780,0.495,0.481,0.489,0.522,0.503,0.495,0.434,0.786,0.745,0.516,0.734,0.489,0.728,0.742,0.580,0.731,0.758,0.750,0.824,0.596,0.478,0.085,0.753,0.533,0.728,0.777,0.516,0.766,0.739,0.753,0.739,0.481,0.580,0.734,0.755,0.585,0.181,0.154,0.525,0.750,0.354,0.794,0.580,0.791,0.508,0.511,0.527,0.824,0.791,0.728,0.745,0.745,0.731,0.000,0.753,0.478,0.736,0.747,0.736,0.745,0.525,0.753,0.747,0.788,0.734,0.497,0.753,0.745,0.821,0.739,0.514,0.777,0.481,0.599,0.739,0.473,0.745,0.736,0.745,0.747,0.475,0.734,0.582,0.758,0.739,0.242,0.484,0.753,0.742,0.745,0.374,0.731,0.467,0.753,0.475,0.777,0.780,0.753,0.753,0.775,0.495,0.783,0.769,0.371,0.728,0.780,0.371,0.755,0.777,0.824,0.755,0.824,0.755,0.747,0.747,0.478,0.750,0.742,0.788,0.753,0.728,0.492,0.505,0.821,0.379,0.731,0.580,0.753,0.731,0.159,0.769,0.775,0.731,0.750,0.728,0.602,0.484,0.769,0.536,0.731,0.758,0.511,0.747,0.750,0.599,0.734,0.728,0.591,0.725,0.777,0.775,0.745,0.750,0.731,0.777,0.777,0.475,0.764,0.747,0.745,0.753,0.497,0.755,0.473,0.791,0.500,0.473,0.753,0.786,0.758,0.794,0.745,0.739,0.739,0.797,0.791,0.360,0.473,0.731,0.736,0.495,0.745,0.500,0.780,0.794,0.742,0.736,0.527,0.486,0.497,0.753,0.731,0.192,0.093,0.755,0.758,0.736,0.742,0.750,0.495,0.544,0.484,0.382,0.821,0.745,0.514,0.530,0.780,0.734,0.788,0.769,0.750,0.500,0.824,0.755,0.478,0.750,0.761,0.736,0.758,0.379,0.821,0.470,0.346,0.775,0.742
7PNB_v_4_BGC;0.797,0.810,0.485,0.539,0.813,0.745,0.794,0.418,0.558,0.750,0.807,0.473,0.539,0.333,0.339,0.303,0.339,0.400,0.807,0.739,0.279,0.545,0.755,0.558,0.358,0.297,0.807,0.388,0.749,0.747,0.742,0.723,0.741,0.750,0.755,0.485,0.327,0.714,0.297,0.755,0.327,0.297,0.791,0.364,0.152,0.285,0.642,0.815,0.745,0.758,0.152,0.788,0.297,0.400,0.731,0.455,0.291,0.006,0.533,0.742,0.788,0.333,0.139,0.791,0.758,0.758,0.771,0.533,0.728,0.497,0.791,0.497,0.725,0.720,0.774,0.642,0.564,0.358,0.327,0.285,0.345,0.753,0.000,0.742,0.327,0.279,0.297,0.309,0.766,0.024,0.552,0.564,0.291,0.753,0.018,0.327,0.630,0.545,0.712,0.376,0.747,0.807,0.273,0.745,0.333,0.327,0.279,0.297,0.747,0.364,0.788,0.285,0.291,0.764,0.739,0.145,0.297,0.539,0.725,0.533,0.745,0.309,0.739,0.406,0.376,0.430,0.006,0.376,0.753,0.382,0.448,0.723,0.303,0.376,0.720,0.527,0.394,0.636,0.297,0.642,0.158,0.327,0.139,0.731,0.533,0.297,0.564,0.539,0.358,0.750,0.723,0.636,0.723,0.370,0.791,0.533,0.370,0.742,0.436,0.412,0.352,0.145,0.303,0.810,0.742,0.448,0.780,0.358,0.309,0.723,0.545,0.521,0.807,0.333,0.291,0.799,0.345,0.406,0.376,0.279,0.018,0.339,0.376,0.406,0.734,0.455,0.327,0.327,0.539,0.720,0.152,0.734,0.485,0.750,0.734,0.006,0.582,0.279,0.473,0.333,0.285,0.333,0.485,0.497,0.725,0.747,0.315,0.327,0.742,0.539,0.775,0.370,0.570,0.297,0.333,0.771,0.742,0.753,0.145,0.339,0.758,0.761,0.291,0.291,0.370,0.285,0.012,0.750,0.727,0.736,0.723,0.642,0.327,0.755,0.780,0.406,0.533,0.552,0.448,0.018,0.753,0.630,0.291,0.725,0.527,0.424,0.327,0.291,0.725,0.630,0.753,0.728,0.418,0.333
7PNB_L_2_NAG;0.563,0.604,0.788,0.755,0.610,0.434,0.569,0.758,0.808,0.407,0.604,0.788,0.775,0.709,0.725,0.712,0.725,0.777,0.602,0.464,0.723,0.810,0.489,0.808,0.723,0.714,0.604,0.783,0.462,0.462,0.459,0.332,0.470,0.409,0.508,0.786,0.709,0.346,0.714,0.475,0.703,0.709,0.566,0.725,0.766,0.723,0.843,0.610,0.459,0.464,0.764,0.569,0.712,0.777,0.338,0.769,0.709,0.745,0.750,0.451,0.555,0.723,0.761,0.566,0.478,0.478,0.571,0.777,0.478,0.783,0.560,0.786,0.335,0.343,0.552,0.843,0.810,0.725,0.709,0.712,0.714,0.478,0.742,0.000,0.703,0.717,0.712,0.714,0.552,0.745,0.764,0.808,0.714,0.407,0.739,0.712,0.838,0.758,0.349,0.777,0.467,0.602,0.712,0.470,0.712,0.709,0.717,0.714,0.459,0.725,0.560,0.745,0.706,0.486,0.044,0.761,0.709,0.755,0.486,0.750,0.456,0.742,0.036,0.777,0.780,0.761,0.739,0.783,0.409,0.783,0.769,0.486,0.706,0.780,0.495,0.766,0.777,0.841,0.745,0.843,0.766,0.709,0.758,0.058,0.777,0.714,0.808,0.772,0.720,0.404,0.338,0.841,0.497,0.728,0.558,0.772,0.728,0.459,0.766,0.783,0.720,0.761,0.709,0.607,0.440,0.766,0.577,0.720,0.742,0.341,0.758,0.772,0.602,0.723,0.706,0.574,0.723,0.777,0.783,0.723,0.734,0.725,0.780,0.780,0.022,0.766,0.709,0.709,0.775,0.343,0.764,0.058,0.786,0.404,0.047,0.739,0.813,0.745,0.783,0.712,0.709,0.706,0.788,0.786,0.486,0.464,0.706,0.706,0.456,0.755,0.555,0.777,0.808,0.709,0.706,0.566,0.448,0.415,0.764,0.725,0.492,0.473,0.739,0.745,0.725,0.720,0.736,0.404,0.514,0.036,0.495,0.843,0.709,0.549,0.566,0.775,0.755,0.805,0.769,0.739,0.412,0.843,0.742,0.074,0.775,0.761,0.706,0.736,0.492,0.838,0.464,0.475,0.786,0.709
7PNB_b_5_MAN;0.769,0.785,0.479,0.473,0.788,0.742,0.772,0.424,0.552,0.745,0.782,0.479,0.527,0.018,0.224,0.170,0.230,0.442,0.785,0.734,0.194,0.545,0.755,0.558,0.200,0.158,0.782,0.430,0.747,0.750,0.750,0.723,0.755,0.747,0.739,0.479,0.345,0.706,0.194,0.755,0.188,0.145,0.769,0.206,0.345,0.194,0.612,0.788,0.745,0.747,0.339,0.753,0.188,0.442,0.725,0.467,0.121,0.333,0.473,0.753,0.764,0.218,0.345,0.769,0.755,0.755,0.755,0.521,0.725,0.485,0.769,0.473,0.714,0.703,0.741,0.612,0.558,0.218,0.345,0.139,0.182,0.736,0.327,0.703,0.000,0.194,0.182,0.042,0.744,0.339,0.485,0.552,0.200,0.747,0.315,0.345,0.600,0.479,0.717,0.442,0.758,0.785,0.188,0.750,0.339,0.024,0.182,0.139,0.742,0.206,0.766,0.200,0.127,0.750,0.706,0.339,0.121,0.479,0.720,0.473,0.753,0.176,0.703,0.448,0.436,0.430,0.327,0.448,0.747,0.430,0.467,0.723,0.200,0.436,0.720,0.509,0.448,0.606,0.182,0.612,0.345,0.339,0.327,0.698,0.515,0.206,0.558,0.515,0.206,0.745,0.712,0.606,0.717,0.200,0.766,0.515,0.200,0.742,0.473,0.436,0.194,0.333,0.182,0.782,0.747,0.455,0.753,0.194,0.176,0.717,0.473,0.509,0.785,0.224,0.194,0.777,0.224,0.448,0.448,0.200,0.315,0.230,0.461,0.442,0.703,0.455,0.339,0.345,0.521,0.706,0.339,0.701,0.467,0.745,0.698,0.327,0.576,0.176,0.461,0.339,0.200,0.018,0.473,0.479,0.720,0.755,0.188,0.024,0.753,0.473,0.745,0.436,0.558,0.121,0.030,0.747,0.742,0.747,0.333,0.230,0.750,0.745,0.170,0.182,0.212,0.206,0.321,0.745,0.755,0.701,0.723,0.612,0.345,0.733,0.752,0.448,0.473,0.552,0.455,0.327,0.747,0.600,0.182,0.701,0.509,0.430,0.012,0.176,0.723,0.600,0.758,0.723,0.436,0.030
7PNB_x_6_MAN;0.775,0.793,0.455,0.461,0.799,0.739,0.777,0.424,0.576,0.739,0.791,0.461,0.545,0.194,0.273,0.121,0.273,0.473,0.796,0.728,0.055,0.564,0.758,0.576,0.279,0.115,0.791,0.430,0.744,0.745,0.745,0.717,0.744,0.739,0.745,0.473,0.376,0.703,0.188,0.752,0.212,0.115,0.772,0.285,0.297,0.030,0.624,0.799,0.739,0.750,0.291,0.780,0.182,0.473,0.731,0.442,0.115,0.285,0.467,0.742,0.772,0.255,0.285,0.775,0.761,0.755,0.769,0.539,0.728,0.473,0.775,0.467,0.717,0.703,0.769,0.624,0.582,0.291,0.376,0.109,0.261,0.747,0.279,0.717,0.194,0.000,0.170,0.176,0.766,0.291,0.479,0.576,0.194,0.742,0.267,0.364,0.612,0.479,0.703,0.442,0.747,0.793,0.042,0.739,0.370,0.188,0.012,0.097,0.742,0.291,0.772,0.145,0.109,0.750,0.717,0.279,0.115,0.467,0.725,0.473,0.742,0.164,0.717,0.473,0.424,0.418,0.279,0.430,0.742,0.424,0.442,0.720,0.194,0.424,0.723,0.533,0.467,0.618,0.164,0.624,0.285,0.370,0.279,0.709,0.539,0.067,0.570,0.545,0.279,0.739,0.712,0.618,0.720,0.279,0.775,0.539,0.279,0.747,0.436,0.473,0.273,0.285,0.176,0.791,0.742,0.430,0.777,0.273,0.182,0.714,0.473,0.527,0.796,0.267,0.188,0.780,0.267,0.473,0.430,0.048,0.279,0.273,0.442,0.479,0.714,0.442,0.370,0.376,0.545,0.706,0.297,0.712,0.461,0.734,0.712,0.279,0.594,0.194,0.455,0.370,0.067,0.200,0.448,0.467,0.728,0.745,0.188,0.182,0.747,0.461,0.775,0.424,0.582,0.115,0.200,0.771,0.739,0.742,0.297,0.273,0.753,0.747,0.176,0.188,0.297,0.048,0.285,0.734,0.744,0.714,0.720,0.624,0.376,0.760,0.777,0.479,0.473,0.570,0.430,0.291,0.742,0.612,0.152,0.703,0.533,0.424,0.194,0.170,0.725,0.612,0.747,0.712,0.479,0.188
7PNB_z_6_MAN;0.764,0.777,0.485,0.473,0.780,0.745,0.769,0.418,0.564,0.736,0.771,0.491,0.527,0.182,0.218,0.152,0.224,0.485,0.774,0.734,0.200,0.552,0.750,0.564,0.285,0.145,0.771,0.448,0.744,0.739,0.739,0.717,0.744,0.736,0.739,0.491,0.358,0.703,0.024,0.760,0.061,0.133,0.764,0.291,0.333,0.182,0.630,0.782,0.747,0.745,0.327,0.775,0.024,0.485,0.723,0.461,0.109,0.303,0.479,0.734,0.761,0.218,0.333,0.766,0.753,0.747,0.769,0.521,0.734,0.497,0.766,0.491,0.714,0.703,0.763,0.630,0.570,0.236,0.358,0.127,0.267,0.736,0.297,0.712,0.182,0.170,0.000,0.188,0.758,0.303,0.491,0.570,0.030,0.739,0.297,0.352,0.612,0.491,0.703,0.461,0.742,0.774,0.182,0.736,0.352,0.176,0.164,0.139,0.753,0.291,0.764,0.230,0.115,0.747,0.706,0.327,0.109,0.479,0.731,0.485,0.736,0.236,0.709,0.485,0.448,0.424,0.297,0.461,0.739,0.455,0.455,0.725,0.030,0.448,0.725,0.509,0.479,0.624,0.236,0.630,0.327,0.358,0.321,0.698,0.515,0.200,0.564,0.515,0.218,0.736,0.712,0.618,0.723,0.285,0.764,0.515,0.285,0.742,0.448,0.497,0.279,0.327,0.030,0.774,0.742,0.442,0.772,0.279,0.242,0.717,0.485,0.509,0.774,0.218,0.030,0.772,0.212,0.485,0.461,0.200,0.297,0.224,0.473,0.491,0.706,0.442,0.358,0.358,0.521,0.703,0.327,0.701,0.491,0.736,0.703,0.297,0.588,0.218,0.479,0.352,0.194,0.176,0.473,0.491,0.731,0.739,0.018,0.170,0.745,0.473,0.764,0.448,0.576,0.109,0.176,0.766,0.734,0.739,0.327,0.224,0.747,0.739,0.230,0.236,0.297,0.200,0.291,0.736,0.744,0.709,0.723,0.624,0.358,0.749,0.771,0.485,0.485,0.558,0.442,0.297,0.739,0.612,0.224,0.701,0.509,0.418,0.182,0.218,0.728,0.612,0.745,0.725,0.503,0.176
7PNB_0_5_MAN;0.780,0.799,0.473,0.491,0.802,0.745,0.783,0.406,0.564,0.747,0.796,0.479,0.552,0.048,0.218,0.158,0.224,0.467,0.799,0.736,0.170,0.558,0.764,0.570,0.218,0.145,0.796,0.436,0.752,0.758,0.758,0.720,0.760,0.750,0.745,0.485,0.376,0.706,0.200,0.758,0.218,0.139,0.780,0.224,0.321,0.170,0.630,0.802,0.750,0.753,0.315,0.758,0.194,0.467,0.731,0.442,0.133,0.315,0.491,0.761,0.775,0.212,0.327,0.780,0.764,0.764,0.758,0.545,0.723,0.485,0.780,0.485,0.717,0.706,0.747,0.630,0.570,0.242,0.376,0.133,0.200,0.745,0.309,0.714,0.042,0.176,0.188,0.000,0.747,0.327,0.503,0.564,0.206,0.750,0.297,0.370,0.618,0.497,0.712,0.442,0.764,0.799,0.176,0.755,0.370,0.042,0.164,0.127,0.745,0.218,0.777,0.176,0.127,0.758,0.717,0.321,0.133,0.497,0.717,0.491,0.761,0.182,0.714,0.473,0.430,0.412,0.309,0.448,0.750,0.436,0.442,0.717,0.206,0.430,0.714,0.533,0.461,0.624,0.182,0.630,0.327,0.370,0.309,0.709,0.539,0.170,0.570,0.539,0.224,0.747,0.714,0.624,0.709,0.218,0.777,0.539,0.218,0.750,0.448,0.455,0.212,0.315,0.188,0.796,0.753,0.430,0.758,0.212,0.188,0.717,0.497,0.533,0.799,0.218,0.200,0.788,0.230,0.473,0.448,0.176,0.303,0.224,0.461,0.461,0.714,0.442,0.370,0.376,0.545,0.709,0.315,0.712,0.467,0.745,0.709,0.309,0.588,0.188,0.467,0.370,0.170,0.048,0.467,0.479,0.723,0.764,0.206,0.055,0.761,0.491,0.750,0.430,0.570,0.133,0.061,0.749,0.745,0.750,0.309,0.224,0.758,0.753,0.182,0.194,0.224,0.176,0.309,0.745,0.755,0.712,0.712,0.630,0.376,0.738,0.755,0.473,0.491,0.564,0.430,0.315,0.750,0.618,0.170,0.703,0.533,0.412,0.030,0.182,0.714,0.618,0.764,0.717,0.461,0.048
7PNB_M_1_NAG;0.582,0.606,0.818,0.785,0.603,0.547,0.591,0.747,0.791,0.552,0.601,0.821,0.758,0.747,0.749,0.758,0.749,0.788,0.603,0.547,0.760,0.788,0.525,0.788,0.736,0.758,0.601,0.793,0.543,0.522,0.527,0.530,0.548,0.558,0.566,0.813,0.766,0.522,0.752,0.540,0.747,0.758,0.585,0.736,0.755,0.766,0.851,0.603,0.541,0.516,0.755,0.074,0.752,0.788,0.514,0.730,0.752,0.766,0.782,0.516,0.591,0.752,0.755,0.588,0.533,0.530,0.099,0.758,0.505,0.818,0.582,0.815,0.508,0.522,0.088,0.851,0.796,0.747,0.766,0.758,0.738,0.525,0.766,0.552,0.744,0.766,0.758,0.747,0.000,0.763,0.793,0.796,0.755,0.555,0.763,0.766,0.854,0.788,0.530,0.799,0.519,0.603,0.758,0.533,0.763,0.747,0.763,0.760,0.530,0.733,0.588,0.752,0.755,0.527,0.547,0.755,0.749,0.785,0.503,0.785,0.527,0.749,0.560,0.785,0.793,0.741,0.766,0.796,0.552,0.802,0.733,0.511,0.749,0.793,0.503,0.755,0.788,0.851,0.749,0.851,0.758,0.769,0.752,0.552,0.755,0.752,0.791,0.758,0.749,0.549,0.516,0.854,0.497,0.736,0.593,0.755,0.736,0.527,0.733,0.782,0.736,0.755,0.752,0.598,0.549,0.736,0.085,0.738,0.752,0.516,0.791,0.758,0.598,0.749,0.749,0.593,0.747,0.785,0.796,0.763,0.763,0.749,0.802,0.785,0.541,0.730,0.769,0.766,0.758,0.511,0.752,0.541,0.813,0.549,0.555,0.766,0.802,0.755,0.810,0.763,0.752,0.747,0.815,0.818,0.505,0.527,0.752,0.744,0.516,0.785,0.132,0.796,0.796,0.749,0.749,0.118,0.536,0.560,0.752,0.747,0.530,0.508,0.752,0.755,0.733,0.760,0.763,0.547,0.576,0.552,0.500,0.854,0.766,0.146,0.107,0.791,0.785,0.785,0.733,0.763,0.560,0.857,0.752,0.547,0.755,0.747,0.744,0.749,0.500,0.854,0.533,0.511,0.782,0.741
7PNB_M_4_BGC;0.791,0.802,0.491,0.533,0.804,0.747,0.791,0.412,0.552,0.750,0.799,0.473,0.521,0.345,0.345,0.327,0.345,0.400,0.799,0.742,0.291,0.539,0.755,0.552,0.364,0.315,0.799,0.388,0.752,0.745,0.739,0.723,0.744,0.750,0.755,0.485,0.339,0.714,0.303,0.758,0.333,0.315,0.786,0.370,0.158,0.297,0.624,0.807,0.747,0.758,0.158,0.786,0.303,0.400,0.728,0.448,0.297,0.018,0.527,0.739,0.788,0.339,0.145,0.788,0.758,0.758,0.766,0.515,0.734,0.497,0.788,0.497,0.723,0.720,0.771,0.624,0.558,0.364,0.339,0.303,0.352,0.753,0.024,0.745,0.339,0.291,0.303,0.327,0.763,0.000,0.545,0.558,0.297,0.753,0.042,0.339,0.612,0.539,0.714,0.382,0.745,0.799,0.291,0.742,0.345,0.339,0.297,0.315,0.750,0.370,0.786,0.279,0.297,0.764,0.742,0.152,0.303,0.533,0.731,0.527,0.742,0.309,0.742,0.406,0.376,0.424,0.030,0.376,0.753,0.388,0.442,0.728,0.309,0.376,0.725,0.509,0.394,0.618,0.291,0.624,0.164,0.339,0.152,0.734,0.515,0.309,0.558,0.521,0.364,0.750,0.723,0.618,0.728,0.376,0.791,0.515,0.376,0.742,0.430,0.412,0.358,0.158,0.309,0.802,0.745,0.442,0.777,0.364,0.303,0.723,0.539,0.503,0.799,0.339,0.297,0.794,0.352,0.406,0.376,0.291,0.030,0.345,0.382,0.406,0.736,0.442,0.339,0.339,0.521,0.720,0.158,0.736,0.491,0.750,0.736,0.030,0.570,0.279,0.473,0.345,0.303,0.345,0.491,0.503,0.731,0.745,0.321,0.339,0.739,0.533,0.775,0.370,0.564,0.303,0.345,0.769,0.745,0.753,0.158,0.345,0.758,0.761,0.291,0.285,0.376,0.303,0.024,0.750,0.727,0.739,0.728,0.624,0.339,0.749,0.777,0.406,0.527,0.545,0.442,0.018,0.753,0.612,0.285,0.725,0.509,0.412,0.339,0.291,0.731,0.612,0.750,0.734,0.418,0.333
7PNB_Z_4_MAN;0.750,0.744,0.618,0.018,0.749,0.783,0.761,0.600,0.582,0.764,0.744,0.618,0.509,0.491,0.491,0.509,0.503,0.588,0.744,0.794,0.473,0.594,0.750,0.582,0.455,0.503,0.744,0.582,0.796,0.761,0.769,0.766,0.793,0.764,0.786,0.612,0.497,0.775,0.497,0.802,0.485,0.497,0.753,0.448,0.552,0.485,0.612,0.749,0.794,0.753,0.545,0.786,0.491,0.588,0.761,0.606,0.479,0.552,0.042,0.772,0.755,0.497,0.558,0.755,0.753,0.755,0.799,0.515,0.794,0.612,0.755,0.612,0.766,0.772,0.785,0.612,0.582,0.473,0.497,0.503,0.467,0.747,0.552,0.764,0.485,0.479,0.491,0.503,0.793,0.545,0.000,0.582,0.497,0.766,0.545,0.497,0.606,0.036,0.769,0.576,0.777,0.744,0.473,0.769,0.491,0.497,0.479,0.503,0.788,0.448,0.758,0.497,0.491,0.758,0.764,0.558,0.485,0.024,0.788,0.055,0.769,0.473,0.766,0.588,0.582,0.594,0.552,0.564,0.766,0.588,0.618,0.791,0.491,0.582,0.786,0.497,0.594,0.606,0.479,0.612,0.552,0.503,0.552,0.764,0.515,0.479,0.576,0.497,0.485,0.764,0.769,0.600,0.788,0.448,0.755,0.503,0.448,0.753,0.612,0.576,0.461,0.558,0.491,0.744,0.797,0.624,0.786,0.461,0.479,0.764,0.012,0.509,0.747,0.497,0.491,0.747,0.485,0.588,0.564,0.479,0.545,0.503,0.582,0.582,0.764,0.612,0.503,0.497,0.497,0.764,0.552,0.761,0.606,0.766,0.758,0.552,0.576,0.467,0.594,0.491,0.473,0.491,0.618,0.618,0.791,0.777,0.485,0.497,0.772,0.024,0.783,0.582,0.576,0.485,0.479,0.782,0.791,0.766,0.545,0.503,0.755,0.745,0.473,0.473,0.455,0.485,0.545,0.766,0.766,0.758,0.788,0.606,0.497,0.788,0.785,0.594,0.055,0.588,0.624,0.545,0.766,0.606,0.491,0.761,0.509,0.600,0.491,0.473,0.788,0.606,0.766,0.783,0.570,0.497
7PNB_Q_3_YZT;0.805,0.807,0.418,0.564,0.813,0.794,0.799,0.570,0.024,0.827,0.807,0.436,0.533,0.552,0.552,0.582,0.558,0.412,0.807,0.802,0.594,0.067,0.794,0.036,0.552,0.594,0.807,0.442,0.807,0.813,0.816,0.802,0.793,0.824,0.813,0.418,0.515,0.802,0.564,0.815,0.539,0.588,0.802,0.552,0.600,0.594,0.624,0.810,0.799,0.797,0.594,0.802,0.564,0.406,0.794,0.582,0.570,0.564,0.558,0.813,0.810,0.558,0.594,0.802,0.788,0.791,0.804,0.539,0.819,0.436,0.805,0.418,0.797,0.802,0.799,0.624,0.012,0.533,0.515,0.594,0.552,0.788,0.564,0.808,0.552,0.576,0.570,0.564,0.796,0.558,0.582,0.000,0.564,0.827,0.564,0.521,0.636,0.576,0.805,0.455,0.816,0.804,0.570,0.810,0.509,0.558,0.582,0.594,0.799,0.552,0.805,0.582,0.582,0.794,0.805,0.594,0.576,0.564,0.819,0.564,0.813,0.570,0.810,0.406,0.442,0.564,0.564,0.442,0.827,0.461,0.570,0.813,0.558,0.442,0.819,0.527,0.418,0.618,0.576,0.624,0.594,0.521,0.588,0.805,0.545,0.564,0.042,0.527,0.539,0.827,0.799,0.624,0.816,0.552,0.813,0.533,0.552,0.788,0.576,0.406,0.558,0.594,0.570,0.810,0.791,0.564,0.805,0.552,0.576,0.802,0.576,0.539,0.810,0.552,0.564,0.808,0.545,0.406,0.455,0.600,0.564,0.558,0.455,0.400,0.802,0.564,0.521,0.515,0.527,0.799,0.594,0.802,0.418,0.827,0.805,0.564,0.055,0.570,0.424,0.509,0.552,0.552,0.418,0.436,0.819,0.813,0.552,0.558,0.802,0.564,0.802,0.448,0.012,0.576,0.539,0.796,0.794,0.827,0.594,0.552,0.786,0.791,0.570,0.576,0.552,0.576,0.558,0.827,0.796,0.805,0.821,0.624,0.515,0.793,0.796,0.412,0.564,0.048,0.564,0.558,0.827,0.630,0.582,0.802,0.539,0.570,0.558,0.564,0.819,0.630,0.813,0.813,0.394,0.558
7PNB_u_6_MAN;0.766,0.777,0.479,0.479,0.780,0.742,0.772,0.436,0.558,0.742,0.771,0.491,0.521,0.200,0.206,0.176,0.212,0.485,0.774,0.734,0.230,0.545,0.747,0.558,0.279,0.170,0.771,0.448,0.741,0.739,0.745,0.723,0.741,0.742,0.739,0.485,0.352,0.709,0.012,0.758,0.048,0.158,0.766,0.285,0.327,0.200,0.630,0.782,0.745,0.739,0.321,0.772,0.018,0.485,0.728,0.479,0.133,0.297,0.485,0.734,0.764,0.206,0.327,0.769,0.747,0.745,0.766,0.515,0.731,0.491,0.769,0.485,0.720,0.709,0.760,0.630,0.564,0.224,0.352,0.152,0.261,0.734,0.291,0.714,0.200,0.194,0.030,0.206,0.755,0.297,0.497,0.564,0.000,0.745,0.297,0.345,0.612,0.497,0.709,0.461,0.742,0.774,0.206,0.736,0.352,0.194,0.188,0.164,0.753,0.285,0.766,0.248,0.139,0.747,0.709,0.321,0.133,0.485,0.728,0.491,0.736,0.261,0.712,0.485,0.448,0.442,0.291,0.461,0.745,0.455,0.473,0.723,0.018,0.448,0.723,0.503,0.479,0.624,0.255,0.630,0.321,0.352,0.315,0.701,0.509,0.224,0.558,0.509,0.212,0.742,0.717,0.618,0.720,0.291,0.766,0.509,0.291,0.736,0.461,0.497,0.273,0.321,0.024,0.774,0.739,0.461,0.769,0.273,0.267,0.723,0.491,0.503,0.774,0.206,0.018,0.775,0.200,0.485,0.461,0.218,0.291,0.212,0.473,0.491,0.709,0.461,0.352,0.352,0.515,0.709,0.321,0.703,0.485,0.742,0.706,0.291,0.582,0.230,0.473,0.352,0.218,0.200,0.473,0.485,0.728,0.739,0.036,0.188,0.745,0.479,0.761,0.448,0.570,0.133,0.200,0.763,0.734,0.745,0.321,0.212,0.745,0.734,0.242,0.242,0.291,0.224,0.285,0.742,0.744,0.712,0.720,0.624,0.352,0.747,0.769,0.485,0.491,0.552,0.461,0.291,0.745,0.612,0.242,0.701,0.503,0.436,0.200,0.242,0.725,0.612,0.745,0.723,0.503,0.194
7PNB_1_2_NAG;0.588,0.632,0.775,0.764,0.632,0.486,0.596,0.794,0.821,0.008,0.632,0.775,0.750,0.750,0.745,0.736,0.745,0.755,0.632,0.481,0.739,0.813,0.514,0.819,0.750,0.739,0.632,0.777,0.481,0.497,0.497,0.308,0.495,0.022,0.514,0.777,0.739,0.354,0.742,0.489,0.736,0.739,0.591,0.753,0.750,0.739,0.830,0.637,0.486,0.500,0.747,0.577,0.739,0.755,0.308,0.794,0.736,0.755,0.764,0.505,0.585,0.745,0.753,0.591,0.514,0.511,0.558,0.747,0.481,0.777,0.585,0.775,0.338,0.338,0.569,0.830,0.827,0.745,0.739,0.739,0.750,0.497,0.753,0.407,0.747,0.742,0.739,0.750,0.555,0.753,0.766,0.827,0.745,0.000,0.747,0.739,0.827,0.764,0.330,0.777,0.508,0.632,0.739,0.503,0.739,0.750,0.745,0.745,0.475,0.753,0.588,0.739,0.739,0.514,0.398,0.753,0.736,0.764,0.497,0.761,0.500,0.739,0.398,0.755,0.775,0.791,0.750,0.775,0.003,0.777,0.797,0.492,0.736,0.775,0.500,0.750,0.755,0.832,0.739,0.830,0.753,0.739,0.753,0.385,0.747,0.742,0.819,0.753,0.747,0.011,0.335,0.830,0.500,0.753,0.582,0.747,0.753,0.484,0.791,0.753,0.747,0.755,0.736,0.632,0.486,0.797,0.571,0.753,0.736,0.324,0.764,0.747,0.632,0.745,0.736,0.593,0.742,0.755,0.775,0.739,0.747,0.745,0.777,0.755,0.407,0.797,0.739,0.739,0.750,0.357,0.747,0.382,0.772,0.022,0.396,0.750,0.827,0.736,0.769,0.739,0.739,0.747,0.775,0.777,0.492,0.505,0.736,0.750,0.519,0.764,0.574,0.772,0.827,0.736,0.753,0.569,0.486,0.014,0.750,0.745,0.527,0.497,0.734,0.736,0.755,0.742,0.750,0.027,0.530,0.409,0.500,0.827,0.739,0.563,0.569,0.755,0.764,0.816,0.799,0.753,0.008,0.832,0.742,0.393,0.745,0.794,0.747,0.734,0.503,0.827,0.503,0.492,0.755,0.745
7PNB_0_4_BGC;0.797,0.813,0.467,0.533,0.815,0.745,0.794,0.412,0.552,0.745,0.810,0.455,0.527,0.321,0.345,0.291,0.345,0.382,0.810,0.734,0.267,0.545,0.753,0.552,0.352,0.285,0.810,0.370,0.755,0.742,0.739,0.723,0.747,0.745,0.753,0.467,0.321,0.714,0.297,0.755,0.333,0.285,0.791,0.358,0.133,0.273,0.648,0.818,0.745,0.758,0.133,0.783,0.297,0.382,0.731,0.442,0.279,0.024,0.527,0.736,0.788,0.339,0.121,0.791,0.755,0.755,0.766,0.521,0.723,0.479,0.791,0.479,0.725,0.720,0.769,0.648,0.564,0.364,0.321,0.273,0.339,0.753,0.018,0.739,0.315,0.267,0.297,0.297,0.763,0.042,0.545,0.564,0.297,0.747,0.000,0.321,0.636,0.539,0.712,0.364,0.742,0.810,0.261,0.742,0.315,0.315,0.267,0.285,0.742,0.358,0.788,0.273,0.279,0.761,0.736,0.127,0.285,0.533,0.720,0.527,0.739,0.297,0.736,0.388,0.358,0.424,0.012,0.358,0.747,0.364,0.436,0.717,0.309,0.358,0.714,0.515,0.376,0.642,0.285,0.648,0.139,0.321,0.121,0.728,0.521,0.285,0.558,0.527,0.364,0.745,0.723,0.642,0.717,0.358,0.791,0.521,0.358,0.739,0.424,0.394,0.345,0.127,0.291,0.813,0.742,0.436,0.777,0.352,0.297,0.723,0.539,0.509,0.810,0.339,0.297,0.799,0.352,0.388,0.358,0.267,0.012,0.345,0.364,0.388,0.734,0.442,0.321,0.321,0.527,0.720,0.133,0.731,0.467,0.745,0.731,0.012,0.582,0.267,0.455,0.315,0.273,0.321,0.467,0.479,0.720,0.745,0.315,0.315,0.736,0.533,0.769,0.358,0.564,0.285,0.321,0.766,0.742,0.747,0.127,0.345,0.755,0.761,0.279,0.279,0.364,0.273,0.018,0.745,0.727,0.736,0.717,0.648,0.321,0.749,0.774,0.388,0.527,0.545,0.436,0.024,0.747,0.636,0.279,0.725,0.515,0.418,0.315,0.279,0.720,0.636,0.750,0.723,0.400,0.321
7PNB_1_4_BGC;0.777,0.769,0.479,0.485,0.774,0.747,0.780,0.473,0.509,0.736,0.769,0.503,0.436,0.352,0.339,0.358,0.345,0.455,0.771,0.747,0.376,0.503,0.747,0.509,0.382,0.370,0.769,0.448,0.758,0.714,0.714,0.717,0.752,0.736,0.739,0.491,0.012,0.717,0.352,0.755,0.327,0.358,0.777,0.388,0.394,0.376,0.606,0.771,0.753,0.755,0.388,0.777,0.339,0.455,0.728,0.503,0.339,0.333,0.479,0.706,0.775,0.333,0.388,0.777,0.747,0.753,0.769,0.430,0.731,0.503,0.772,0.479,0.714,0.712,0.763,0.606,0.521,0.339,0.012,0.364,0.376,0.745,0.327,0.712,0.345,0.364,0.352,0.370,0.766,0.339,0.497,0.521,0.345,0.739,0.321,0.000,0.594,0.491,0.712,0.436,0.714,0.769,0.364,0.706,0.018,0.352,0.370,0.376,0.747,0.388,0.775,0.394,0.352,0.739,0.712,0.388,0.345,0.485,0.728,0.485,0.709,0.382,0.706,0.461,0.448,0.473,0.321,0.442,0.739,0.442,0.503,0.734,0.333,0.448,0.728,0.430,0.455,0.600,0.382,0.606,0.394,0.018,0.382,0.703,0.436,0.388,0.509,0.436,0.333,0.736,0.720,0.600,0.728,0.394,0.780,0.430,0.394,0.742,0.491,0.467,0.376,0.388,0.333,0.771,0.745,0.497,0.775,0.388,0.388,0.712,0.485,0.424,0.774,0.333,0.333,0.775,0.327,0.461,0.442,0.370,0.309,0.345,0.442,0.467,0.709,0.497,0.018,0.012,0.436,0.709,0.388,0.706,0.479,0.731,0.703,0.321,0.533,0.370,0.485,0.018,0.376,0.352,0.479,0.491,0.728,0.714,0.333,0.352,0.703,0.485,0.766,0.442,0.515,0.345,0.352,0.763,0.755,0.739,0.388,0.339,0.745,0.753,0.370,0.376,0.394,0.382,0.315,0.731,0.749,0.709,0.731,0.606,0.012,0.755,0.769,0.461,0.485,0.503,0.503,0.321,0.739,0.606,0.394,0.703,0.424,0.479,0.352,0.376,0.728,0.594,0.712,0.731,0.467,0.364
7PNB_o_3_YZT;0.830,0.813,0.606,0.594,0.815,0.832,0.827,0.679,0.630,0.827,0.807,0.606,0.630,0.612,0.594,0.612,0.594,0.576,0.810,0.835,0.606,0.624,0.821,0.624,0.624,0.612,0.807,0.545,0.837,0.832,0.832,0.830,0.835,0.824,0.824,0.600,0.594,0.832,0.612,0.851,0.600,0.606,0.824,0.630,0.667,0.618,0.030,0.815,0.832,0.819,0.661,0.860,0.606,0.576,0.835,0.679,0.594,0.624,0.600,0.827,0.824,0.594,0.673,0.824,0.824,0.821,0.851,0.630,0.824,0.606,0.824,0.600,0.830,0.832,0.851,0.018,0.630,0.582,0.594,0.612,0.618,0.821,0.630,0.838,0.600,0.612,0.612,0.618,0.854,0.612,0.606,0.636,0.612,0.827,0.636,0.594,0.000,0.594,0.830,0.552,0.832,0.810,0.612,0.830,0.594,0.618,0.612,0.618,0.843,0.630,0.819,0.588,0.600,0.810,0.838,0.673,0.600,0.594,0.824,0.600,0.832,0.576,0.835,0.570,0.564,0.679,0.630,0.545,0.827,0.539,0.685,0.824,0.606,0.558,0.824,0.630,0.582,0.030,0.582,0.030,0.673,0.600,0.667,0.835,0.624,0.618,0.630,0.636,0.582,0.827,0.830,0.018,0.824,0.630,0.827,0.624,0.630,0.816,0.685,0.576,0.618,0.673,0.612,0.813,0.832,0.691,0.863,0.624,0.582,0.830,0.600,0.630,0.810,0.594,0.606,0.832,0.588,0.570,0.545,0.606,0.630,0.594,0.552,0.570,0.835,0.679,0.600,0.594,0.630,0.824,0.667,0.835,0.600,0.824,0.832,0.630,0.642,0.588,0.582,0.594,0.618,0.612,0.606,0.606,0.827,0.832,0.600,0.612,0.827,0.594,0.860,0.552,0.636,0.600,0.612,0.854,0.835,0.827,0.661,0.594,0.819,0.819,0.582,0.576,0.630,0.618,0.624,0.824,0.810,0.835,0.824,0.018,0.594,0.851,0.854,0.582,0.594,0.618,0.691,0.618,0.827,0.030,0.588,0.830,0.624,0.679,0.606,0.582,0.824,0.018,0.832,0.821,0.582,0.606
7PNB_P_4_MAN;0.753,0.741,0.612,0.024,0.747,0.777,0.761,0.588,0.576,0.761,0.741,0.612,0.491,0.485,0.485,0.491,0.497,0.588,0.741,0.791,0.467,0.582,0.739,0.570,0.436,0.497,0.741,0.582,0.791,0.758,0.758,0.766,0.788,0.761,0.775,0.606,0.491,0.777,0.497,0.796,0.485,0.491,0.750,0.436,0.545,0.479,0.600,0.747,0.788,0.745,0.539,0.783,0.491,0.588,0.761,0.594,0.473,0.545,0.024,0.766,0.753,0.491,0.558,0.753,0.742,0.745,0.793,0.497,0.791,0.606,0.753,0.606,0.766,0.775,0.780,0.600,0.576,0.467,0.491,0.497,0.448,0.739,0.545,0.758,0.479,0.479,0.491,0.497,0.788,0.539,0.036,0.576,0.497,0.764,0.539,0.491,0.594,0.000,0.772,0.576,0.772,0.741,0.461,0.764,0.485,0.491,0.473,0.497,0.783,0.436,0.755,0.497,0.485,0.745,0.758,0.558,0.479,0.018,0.786,0.018,0.764,0.473,0.761,0.588,0.582,0.582,0.545,0.564,0.764,0.588,0.606,0.786,0.491,0.582,0.783,0.479,0.594,0.594,0.479,0.600,0.552,0.497,0.552,0.758,0.497,0.467,0.570,0.479,0.479,0.761,0.772,0.588,0.786,0.436,0.758,0.485,0.436,0.747,0.600,0.576,0.442,0.558,0.491,0.741,0.791,0.612,0.786,0.442,0.479,0.764,0.030,0.491,0.744,0.491,0.491,0.753,0.479,0.588,0.564,0.473,0.539,0.497,0.570,0.582,0.758,0.600,0.497,0.491,0.479,0.764,0.545,0.755,0.600,0.764,0.753,0.545,0.576,0.473,0.588,0.485,0.461,0.485,0.612,0.612,0.788,0.772,0.485,0.491,0.761,0.030,0.780,0.582,0.570,0.479,0.473,0.780,0.788,0.764,0.539,0.497,0.745,0.736,0.473,0.473,0.442,0.473,0.539,0.764,0.763,0.753,0.786,0.594,0.491,0.780,0.785,0.594,0.018,0.576,0.612,0.539,0.764,0.594,0.491,0.755,0.491,0.588,0.485,0.473,0.786,0.594,0.761,0.780,0.570,0.491
7PNB_x_2_NAG;0.574,0.643,0.772,0.764,0.646,0.467,0.585,0.764,0.805,0.330,0.640,0.777,0.769,0.723,0.712,0.706,0.714,0.764,0.640,0.473,0.703,0.805,0.508,0.808,0.712,0.717,0.640,0.766,0.484,0.464,0.462,0.088,0.481,0.313,0.503,0.775,0.712,0.082,0.706,0.475,0.712,0.714,0.577,0.714,0.728,0.712,0.835,0.646,0.484,0.497,0.723,0.555,0.703,0.764,0.104,0.775,0.709,0.714,0.764,0.464,0.574,0.712,0.720,0.580,0.514,0.516,0.547,0.769,0.478,0.775,0.577,0.775,0.063,0.063,0.541,0.835,0.808,0.717,0.712,0.712,0.706,0.514,0.712,0.349,0.717,0.703,0.703,0.712,0.530,0.714,0.769,0.805,0.709,0.330,0.712,0.712,0.830,0.772,0.000,0.758,0.470,0.640,0.701,0.467,0.712,0.720,0.703,0.709,0.473,0.714,0.577,0.712,0.709,0.508,0.332,0.720,0.709,0.764,0.484,0.766,0.462,0.712,0.341,0.764,0.764,0.769,0.714,0.758,0.332,0.758,0.772,0.462,0.706,0.764,0.486,0.764,0.761,0.832,0.714,0.835,0.723,0.709,0.717,0.332,0.766,0.703,0.805,0.766,0.712,0.327,0.104,0.832,0.486,0.714,0.569,0.764,0.714,0.495,0.769,0.766,0.709,0.720,0.701,0.646,0.470,0.769,0.544,0.712,0.720,0.071,0.769,0.766,0.637,0.709,0.701,0.593,0.712,0.764,0.758,0.709,0.712,0.714,0.755,0.764,0.332,0.772,0.709,0.712,0.766,0.071,0.731,0.321,0.769,0.327,0.338,0.714,0.813,0.723,0.769,0.712,0.701,0.720,0.775,0.775,0.489,0.462,0.703,0.717,0.484,0.764,0.547,0.761,0.808,0.709,0.720,0.547,0.453,0.321,0.725,0.709,0.527,0.495,0.723,0.725,0.717,0.706,0.714,0.319,0.525,0.335,0.486,0.835,0.712,0.541,0.552,0.766,0.769,0.805,0.772,0.717,0.321,0.830,0.714,0.324,0.764,0.764,0.717,0.717,0.489,0.830,0.473,0.464,0.769,0.717
7PNB_i_3_YZT;0.819,0.832,0.315,0.564,0.837,0.769,0.813,0.533,0.448,0.775,0.835,0.297,0.545,0.448,0.467,0.448,0.467,0.230,0.832,0.758,0.436,0.442,0.775,0.448,0.467,0.467,0.835,0.042,0.777,0.788,0.794,0.755,0.780,0.775,0.783,0.303,0.448,0.755,0.461,0.782,0.473,0.461,0.813,0.473,0.394,0.448,0.570,0.840,0.766,0.777,0.388,0.816,0.455,0.236,0.764,0.552,0.436,0.382,0.564,0.783,0.805,0.467,0.388,0.810,0.777,0.775,0.807,0.539,0.766,0.327,0.810,0.321,0.764,0.758,0.807,0.564,0.461,0.467,0.448,0.455,0.455,0.777,0.376,0.777,0.442,0.442,0.461,0.442,0.799,0.382,0.576,0.455,0.461,0.777,0.364,0.436,0.552,0.576,0.758,0.000,0.788,0.832,0.424,0.786,0.448,0.442,0.436,0.448,0.772,0.473,0.808,0.467,0.442,0.788,0.775,0.388,0.442,0.570,0.766,0.564,0.786,0.461,0.775,0.230,0.055,0.533,0.370,0.036,0.777,0.079,0.558,0.753,0.467,0.055,0.764,0.533,0.224,0.570,0.467,0.570,0.394,0.442,0.376,0.766,0.545,0.418,0.448,0.552,0.461,0.775,0.758,0.570,0.764,0.473,0.810,0.552,0.473,0.769,0.552,0.230,0.461,0.382,0.448,0.835,0.775,0.564,0.813,0.467,0.479,0.764,0.570,0.539,0.835,0.467,0.455,0.819,0.461,0.230,0.030,0.436,0.358,0.467,0.048,0.242,0.772,0.552,0.442,0.448,0.558,0.755,0.388,0.769,0.321,0.772,0.769,0.370,0.473,0.473,0.297,0.448,0.418,0.448,0.309,0.321,0.766,0.791,0.467,0.436,0.788,0.564,0.808,0.036,0.455,0.442,0.448,0.804,0.772,0.777,0.382,0.467,0.775,0.775,0.473,0.479,0.473,0.430,0.364,0.772,0.763,0.775,0.764,0.570,0.448,0.802,0.807,0.242,0.564,0.436,0.564,0.370,0.777,0.564,0.467,0.755,0.545,0.539,0.436,0.473,0.764,0.564,0.788,0.758,0.242,0.436
7PNB_g_2_NAG;0.569,0.596,0.816,0.769,0.596,0.558,0.574,0.772,0.808,0.511,0.593,0.824,0.750,0.758,0.755,0.745,0.755,0.791,0.591,0.560,0.747,0.808,0.478,0.805,0.755,0.750,0.593,0.797,0.566,0.063,0.077,0.489,0.563,0.508,0.530,0.813,0.714,0.470,0.742,0.560,0.734,0.750,0.574,0.755,0.769,0.745,0.832,0.596,0.558,0.475,0.766,0.519,0.736,0.791,0.475,0.772,0.747,0.745,0.772,0.066,0.569,0.753,0.766,0.574,0.495,0.484,0.519,0.750,0.500,0.824,0.569,0.816,0.462,0.467,0.511,0.832,0.813,0.750,0.714,0.750,0.753,0.481,0.747,0.467,0.758,0.747,0.742,0.764,0.519,0.745,0.777,0.816,0.742,0.508,0.742,0.714,0.832,0.772,0.470,0.788,0.000,0.591,0.753,0.058,0.714,0.761,0.747,0.755,0.552,0.755,0.571,0.750,0.747,0.492,0.464,0.766,0.745,0.772,0.508,0.769,0.049,0.742,0.464,0.791,0.797,0.769,0.745,0.788,0.508,0.797,0.772,0.516,0.736,0.797,0.516,0.750,0.794,0.835,0.747,0.832,0.769,0.717,0.764,0.459,0.753,0.755,0.810,0.750,0.747,0.505,0.473,0.832,0.511,0.755,0.569,0.747,0.755,0.478,0.764,0.797,0.755,0.766,0.734,0.596,0.555,0.772,0.519,0.755,0.747,0.464,0.772,0.745,0.591,0.753,0.736,0.577,0.750,0.791,0.788,0.745,0.739,0.755,0.788,0.797,0.459,0.769,0.717,0.714,0.747,0.464,0.769,0.459,0.816,0.508,0.470,0.745,0.821,0.745,0.813,0.714,0.750,0.755,0.819,0.821,0.519,0.033,0.734,0.761,0.096,0.769,0.503,0.794,0.816,0.745,0.753,0.511,0.560,0.514,0.766,0.755,0.484,0.470,0.739,0.745,0.758,0.755,0.742,0.508,0.549,0.467,0.511,0.830,0.714,0.516,0.519,0.791,0.772,0.805,0.772,0.739,0.511,0.835,0.750,0.453,0.747,0.775,0.761,0.739,0.511,0.832,0.041,0.500,0.794,0.761
7PNB_o_2_NAG;0.563,0.006,0.832,0.747,0.011,0.610,0.577,0.793,0.802,0.629,0.006,0.837,0.766,0.782,0.771,0.799,0.769,0.826,0.003,0.621,0.802,0.799,0.602,0.802,0.752,0.802,0.006,0.826,0.612,0.580,0.585,0.643,0.612,0.635,0.629,0.826,0.766,0.629,0.774,0.612,0.763,0.799,0.571,0.749,0.813,0.802,0.810,0.030,0.613,0.618,0.810,0.610,0.769,0.826,0.635,0.793,0.788,0.804,0.741,0.582,0.569,0.771,0.813,0.569,0.604,0.610,0.617,0.766,0.643,0.829,0.569,0.829,0.635,0.632,0.612,0.807,0.804,0.763,0.766,0.802,0.755,0.599,0.807,0.602,0.785,0.793,0.774,0.799,0.603,0.799,0.744,0.804,0.774,0.632,0.810,0.769,0.810,0.741,0.640,0.832,0.591,0.000,0.791,0.582,0.766,0.785,0.793,0.804,0.613,0.752,0.574,0.791,0.796,0.602,0.596,0.813,0.793,0.747,0.643,0.738,0.577,0.782,0.593,0.824,0.829,0.791,0.807,0.832,0.635,0.826,0.796,0.629,0.769,0.829,0.643,0.763,0.829,0.813,0.785,0.810,0.810,0.769,0.810,0.599,0.766,0.796,0.793,0.763,0.766,0.632,0.629,0.807,0.640,0.749,0.566,0.766,0.749,0.615,0.796,0.826,0.755,0.813,0.771,0.011,0.613,0.796,0.602,0.752,0.788,0.637,0.747,0.769,0.011,0.774,0.769,0.571,0.769,0.824,0.832,0.804,0.807,0.769,0.832,0.826,0.596,0.793,0.769,0.766,0.763,0.618,0.810,0.593,0.826,0.640,0.604,0.807,0.793,0.788,0.826,0.766,0.793,0.785,0.829,0.832,0.632,0.585,0.766,0.782,0.577,0.747,0.607,0.829,0.802,0.793,0.780,0.609,0.621,0.637,0.810,0.771,0.607,0.613,0.785,0.785,0.752,0.793,0.804,0.635,0.579,0.596,0.643,0.804,0.766,0.603,0.620,0.829,0.741,0.802,0.796,0.802,0.637,0.813,0.788,0.604,0.766,0.791,0.788,0.782,0.643,0.813,0.580,0.640,0.824,0.782
7PNB_d_6_MAN;0.769,0.791,0.448,0.455,0.796,0.734,0.769,0.406,0.570,0.736,0.788,0.442,0.527,0.194,0.267,0.121,0.279,0.461,0.793,0.723,0.055,0.558,0.747,0.570,0.267,0.133,0.788,0.418,0.738,0.747,0.742,0.709,0.738,0.736,0.747,0.455,0.376,0.703,0.200,0.741,0.224,0.127,0.766,0.273,0.315,0.067,0.624,0.796,0.734,0.742,0.309,0.772,0.188,0.461,0.723,0.436,0.127,0.279,0.448,0.747,0.764,0.261,0.309,0.766,0.750,0.745,0.758,0.521,0.734,0.455,0.766,0.461,0.712,0.703,0.760,0.624,0.576,0.285,0.376,0.121,0.248,0.739,0.273,0.712,0.188,0.042,0.182,0.176,0.758,0.291,0.473,0.570,0.206,0.739,0.261,0.364,0.612,0.461,0.701,0.424,0.753,0.791,0.000,0.745,0.370,0.188,0.042,0.115,0.731,0.273,0.764,0.176,0.121,0.742,0.712,0.303,0.127,0.448,0.731,0.455,0.747,0.182,0.712,0.461,0.412,0.400,0.273,0.418,0.739,0.406,0.436,0.720,0.206,0.412,0.725,0.515,0.455,0.618,0.194,0.624,0.309,0.370,0.291,0.703,0.521,0.030,0.564,0.527,0.273,0.736,0.709,0.618,0.723,0.267,0.766,0.521,0.267,0.739,0.430,0.455,0.261,0.297,0.182,0.788,0.736,0.430,0.769,0.261,0.206,0.709,0.467,0.509,0.793,0.267,0.194,0.775,0.267,0.461,0.418,0.061,0.273,0.279,0.412,0.461,0.709,0.436,0.370,0.376,0.527,0.706,0.309,0.706,0.448,0.731,0.706,0.273,0.588,0.218,0.436,0.370,0.036,0.194,0.442,0.461,0.734,0.750,0.200,0.182,0.745,0.455,0.764,0.412,0.576,0.127,0.194,0.760,0.736,0.739,0.303,0.273,0.742,0.739,0.200,0.212,0.279,0.018,0.279,0.731,0.747,0.709,0.723,0.624,0.376,0.744,0.766,0.467,0.455,0.564,0.430,0.285,0.739,0.612,0.182,0.701,0.515,0.412,0.188,0.194,0.728,0.612,0.753,0.714,0.461,0.188
7PNB_W_2_NAG;0.566,0.585,0.810,0.761,0.585,0.552,0.574,0.769,0.810,0.505,0.585,0.819,0.747,0.750,0.750,0.736,0.750,0.788,0.582,0.558,0.739,0.805,0.475,0.808,0.747,0.742,0.585,0.791,0.558,0.077,0.063,0.486,0.563,0.503,0.533,0.808,0.709,0.467,0.739,0.552,0.731,0.742,0.574,0.747,0.761,0.736,0.830,0.582,0.555,0.473,0.758,0.522,0.731,0.788,0.473,0.772,0.739,0.742,0.764,0.088,0.569,0.747,0.764,0.574,0.492,0.481,0.522,0.747,0.492,0.816,0.566,0.810,0.459,0.464,0.514,0.830,0.810,0.745,0.709,0.742,0.745,0.473,0.745,0.470,0.750,0.739,0.736,0.755,0.533,0.742,0.769,0.810,0.736,0.503,0.742,0.706,0.830,0.764,0.467,0.786,0.058,0.582,0.745,0.000,0.709,0.753,0.739,0.747,0.552,0.747,0.571,0.742,0.739,0.486,0.464,0.764,0.736,0.764,0.505,0.761,0.058,0.734,0.467,0.788,0.791,0.766,0.745,0.786,0.503,0.791,0.772,0.511,0.734,0.791,0.511,0.747,0.791,0.832,0.739,0.830,0.761,0.712,0.761,0.464,0.750,0.750,0.810,0.747,0.742,0.500,0.470,0.830,0.503,0.747,0.569,0.745,0.747,0.475,0.764,0.791,0.747,0.764,0.728,0.585,0.555,0.772,0.525,0.747,0.739,0.462,0.764,0.745,0.582,0.747,0.734,0.574,0.745,0.788,0.786,0.736,0.739,0.750,0.786,0.794,0.459,0.769,0.712,0.709,0.745,0.462,0.761,0.464,0.810,0.503,0.473,0.745,0.816,0.736,0.808,0.709,0.745,0.747,0.813,0.816,0.514,0.036,0.728,0.753,0.099,0.761,0.511,0.788,0.816,0.736,0.745,0.514,0.558,0.508,0.758,0.750,0.481,0.467,0.731,0.736,0.750,0.747,0.742,0.503,0.547,0.467,0.505,0.827,0.709,0.522,0.522,0.788,0.764,0.808,0.772,0.739,0.505,0.832,0.742,0.453,0.745,0.772,0.753,0.731,0.505,0.830,0.038,0.497,0.788,0.753
7PNB_m_4_BGC;0.777,0.769,0.479,0.479,0.774,0.745,0.780,0.473,0.497,0.736,0.766,0.503,0.430,0.345,0.345,0.364,0.352,0.448,0.769,0.753,0.382,0.491,0.747,0.497,0.382,0.376,0.766,0.455,0.758,0.714,0.714,0.717,0.749,0.736,0.739,0.491,0.006,0.714,0.352,0.760,0.327,0.364,0.777,0.388,0.400,0.382,0.606,0.771,0.753,0.755,0.394,0.775,0.339,0.448,0.723,0.503,0.345,0.339,0.473,0.706,0.775,0.339,0.394,0.777,0.747,0.753,0.766,0.424,0.734,0.503,0.772,0.479,0.709,0.709,0.760,0.606,0.509,0.339,0.006,0.370,0.376,0.745,0.333,0.712,0.339,0.370,0.352,0.370,0.763,0.345,0.491,0.509,0.352,0.739,0.315,0.018,0.594,0.485,0.712,0.448,0.714,0.766,0.370,0.709,0.000,0.352,0.376,0.382,0.747,0.388,0.775,0.400,0.358,0.739,0.712,0.394,0.352,0.479,0.731,0.479,0.709,0.382,0.706,0.455,0.455,0.473,0.327,0.448,0.739,0.448,0.503,0.739,0.339,0.455,0.734,0.424,0.455,0.600,0.388,0.606,0.400,0.012,0.388,0.703,0.430,0.394,0.497,0.430,0.339,0.736,0.717,0.600,0.731,0.388,0.780,0.424,0.388,0.742,0.491,0.461,0.376,0.394,0.333,0.771,0.742,0.497,0.772,0.388,0.388,0.706,0.479,0.418,0.771,0.339,0.339,0.775,0.333,0.455,0.448,0.376,0.315,0.352,0.455,0.455,0.709,0.497,0.012,0.006,0.430,0.706,0.394,0.706,0.479,0.736,0.703,0.327,0.521,0.370,0.485,0.000,0.382,0.345,0.479,0.491,0.731,0.714,0.333,0.352,0.703,0.479,0.764,0.455,0.503,0.352,0.345,0.760,0.753,0.739,0.394,0.345,0.745,0.753,0.370,0.376,0.394,0.388,0.321,0.736,0.752,0.709,0.736,0.606,0.006,0.752,0.766,0.455,0.479,0.491,0.503,0.327,0.739,0.606,0.400,0.706,0.418,0.479,0.352,0.376,0.731,0.594,0.714,0.736,0.461,0.364
7PNB_v_5_MAN;0.777,0.785,0.473,0.485,0.788,0.742,0.780,0.424,0.558,0.747,0.782,0.473,0.533,0.006,0.212,0.170,0.218,0.455,0.785,0.731,0.182,0.552,0.755,0.564,0.212,0.158,0.782,0.430,0.747,0.755,0.755,0.725,0.755,0.750,0.739,0.473,0.358,0.712,0.188,0.752,0.194,0.145,0.777,0.218,0.352,0.182,0.630,0.788,0.745,0.747,0.345,0.758,0.182,0.455,0.731,0.467,0.121,0.333,0.485,0.758,0.772,0.206,0.345,0.777,0.755,0.755,0.758,0.527,0.723,0.479,0.777,0.467,0.720,0.709,0.747,0.630,0.564,0.218,0.358,0.139,0.194,0.736,0.327,0.709,0.024,0.188,0.176,0.042,0.747,0.339,0.497,0.558,0.194,0.750,0.315,0.352,0.618,0.491,0.720,0.442,0.761,0.785,0.188,0.753,0.352,0.000,0.176,0.139,0.742,0.224,0.775,0.182,0.127,0.750,0.709,0.339,0.121,0.491,0.717,0.485,0.758,0.170,0.709,0.461,0.436,0.430,0.327,0.448,0.750,0.430,0.467,0.720,0.194,0.436,0.717,0.515,0.448,0.624,0.170,0.630,0.345,0.352,0.327,0.701,0.521,0.194,0.564,0.521,0.200,0.747,0.717,0.624,0.714,0.212,0.775,0.521,0.212,0.742,0.461,0.442,0.206,0.333,0.176,0.782,0.747,0.455,0.758,0.206,0.176,0.723,0.485,0.515,0.785,0.212,0.188,0.786,0.212,0.461,0.448,0.188,0.315,0.218,0.461,0.448,0.706,0.455,0.352,0.358,0.527,0.712,0.345,0.703,0.461,0.745,0.703,0.327,0.582,0.176,0.455,0.352,0.182,0.012,0.467,0.473,0.717,0.761,0.188,0.012,0.758,0.485,0.750,0.436,0.564,0.121,0.024,0.752,0.742,0.750,0.339,0.218,0.750,0.745,0.170,0.182,0.230,0.188,0.321,0.745,0.749,0.706,0.720,0.630,0.358,0.736,0.758,0.461,0.485,0.558,0.455,0.327,0.750,0.618,0.164,0.706,0.515,0.430,0.012,0.176,0.720,0.618,0.761,0.720,0.448,0.018
7PNB_s_6_MAN;0.772,0.793,0.455,0.461,0.796,0.739,0.772,0.418,0.582,0.742,0.791,0.461,0.539,0.182,0.267,0.109,0.273,0.473,0.793,0.728,0.055,0.570,0.755,0.582,0.267,0.109,0.791,0.430,0.744,0.745,0.745,0.720,0.744,0.742,0.747,0.473,0.382,0.703,0.182,0.752,0.206,0.109,0.769,0.273,0.303,0.030,0.624,0.799,0.739,0.747,0.297,0.777,0.176,0.473,0.734,0.448,0.109,0.285,0.461,0.742,0.766,0.255,0.291,0.769,0.758,0.753,0.766,0.533,0.728,0.473,0.769,0.467,0.720,0.703,0.766,0.624,0.588,0.285,0.382,0.103,0.248,0.745,0.279,0.717,0.182,0.012,0.164,0.164,0.763,0.297,0.479,0.582,0.188,0.745,0.267,0.370,0.612,0.473,0.703,0.436,0.747,0.793,0.042,0.739,0.376,0.176,0.000,0.091,0.742,0.279,0.766,0.158,0.103,0.753,0.717,0.285,0.109,0.467,0.725,0.467,0.742,0.164,0.717,0.473,0.424,0.418,0.279,0.430,0.745,0.418,0.448,0.717,0.188,0.424,0.720,0.527,0.467,0.618,0.176,0.624,0.291,0.376,0.273,0.709,0.533,0.067,0.576,0.539,0.273,0.742,0.712,0.618,0.717,0.267,0.769,0.533,0.267,0.747,0.442,0.473,0.261,0.279,0.170,0.791,0.742,0.436,0.775,0.261,0.194,0.717,0.473,0.521,0.793,0.267,0.182,0.777,0.261,0.473,0.430,0.048,0.279,0.273,0.436,0.479,0.714,0.448,0.376,0.382,0.539,0.706,0.303,0.712,0.461,0.736,0.712,0.279,0.600,0.206,0.455,0.376,0.067,0.188,0.448,0.467,0.728,0.745,0.182,0.170,0.747,0.461,0.769,0.424,0.588,0.109,0.188,0.769,0.739,0.745,0.291,0.273,0.750,0.745,0.188,0.200,0.285,0.048,0.285,0.736,0.744,0.714,0.717,0.624,0.382,0.758,0.774,0.479,0.467,0.576,0.436,0.291,0.745,0.612,0.164,0.703,0.527,0.424,0.182,0.182,0.723,0.612,0.747,0.709,0.479,0.182
7PNB_T_5_MAN;0.786,0.804,0.479,0.491,0.807,0.747,0.788,0.424,0.594,0.742,0.802,0.485,0.533,0.145,0.248,0.042,0.255,0.491,0.804,0.736,0.097,0.582,0.758,0.594,0.279,0.018,0.802,0.436,0.755,0.753,0.753,0.717,0.758,0.742,0.742,0.491,0.388,0.709,0.158,0.766,0.182,0.018,0.783,0.285,0.309,0.097,0.630,0.810,0.750,0.750,0.315,0.775,0.152,0.491,0.731,0.448,0.042,0.303,0.491,0.747,0.783,0.242,0.309,0.786,0.761,0.755,0.771,0.527,0.728,0.491,0.786,0.491,0.717,0.706,0.763,0.630,0.600,0.273,0.388,0.024,0.261,0.747,0.297,0.714,0.139,0.097,0.139,0.127,0.760,0.315,0.503,0.594,0.164,0.745,0.285,0.376,0.618,0.497,0.709,0.448,0.755,0.804,0.115,0.747,0.382,0.139,0.091,0.000,0.755,0.285,0.783,0.182,0.024,0.758,0.714,0.303,0.042,0.497,0.725,0.491,0.750,0.194,0.714,0.491,0.430,0.424,0.297,0.448,0.745,0.442,0.448,0.720,0.164,0.430,0.720,0.515,0.485,0.624,0.200,0.630,0.309,0.382,0.309,0.706,0.521,0.127,0.588,0.521,0.255,0.742,0.714,0.624,0.723,0.279,0.786,0.521,0.279,0.753,0.442,0.491,0.273,0.303,0.145,0.802,0.755,0.436,0.772,0.273,0.200,0.717,0.491,0.515,0.804,0.248,0.158,0.791,0.248,0.491,0.448,0.091,0.297,0.255,0.467,0.497,0.712,0.448,0.382,0.388,0.527,0.712,0.303,0.709,0.485,0.742,0.709,0.297,0.612,0.212,0.479,0.382,0.121,0.145,0.467,0.485,0.725,0.753,0.158,0.133,0.761,0.491,0.769,0.430,0.600,0.042,0.145,0.766,0.745,0.745,0.315,0.255,0.753,0.747,0.194,0.206,0.291,0.115,0.303,0.742,0.747,0.712,0.717,0.630,0.388,0.752,0.771,0.497,0.491,0.588,0.436,0.309,0.745,0.618,0.188,0.701,0.515,0.424,0.139,0.200,0.723,0.618,0.755,0.714,0.497,0.133
7PNB_u_1_NAG;0.585,0.613,0.766,0.780,0.618,0.102,0.596,0.769,0.799,0.475,0.615,0.766,0.755,0.742,0.747,0.745,0.747,0.753,0.615,0.110,0.747,0.788,0.495,0.794,0.734,0.755,0.615,0.769,0.077,0.547,0.560,0.484,0.118,0.470,0.484,0.769,0.747,0.492,0.750,0.071,0.747,0.753,0.588,0.736,0.745,0.750,0.849,0.613,0.088,0.478,0.742,0.544,0.750,0.753,0.478,0.772,0.750,0.750,0.777,0.549,0.588,0.753,0.742,0.591,0.497,0.495,0.549,0.755,0.401,0.772,0.588,0.766,0.484,0.492,0.544,0.849,0.802,0.750,0.747,0.753,0.728,0.475,0.747,0.459,0.742,0.742,0.753,0.745,0.530,0.750,0.788,0.799,0.753,0.475,0.742,0.747,0.843,0.783,0.473,0.772,0.552,0.613,0.731,0.552,0.747,0.742,0.742,0.755,0.000,0.739,0.588,0.734,0.753,0.522,0.445,0.745,0.750,0.780,0.423,0.777,0.544,0.734,0.459,0.753,0.769,0.761,0.745,0.769,0.473,0.766,0.769,0.401,0.747,0.769,0.429,0.758,0.753,0.849,0.736,0.849,0.742,0.745,0.739,0.456,0.758,0.739,0.797,0.761,0.747,0.478,0.486,0.846,0.426,0.736,0.580,0.758,0.736,0.489,0.769,0.747,0.731,0.742,0.747,0.618,0.091,0.775,0.536,0.734,0.742,0.489,0.786,0.758,0.615,0.750,0.747,0.599,0.750,0.753,0.769,0.750,0.742,0.747,0.769,0.750,0.453,0.769,0.745,0.747,0.761,0.484,0.742,0.442,0.761,0.475,0.453,0.745,0.794,0.739,0.769,0.747,0.736,0.745,0.769,0.769,0.420,0.558,0.750,0.742,0.547,0.780,0.544,0.769,0.799,0.750,0.747,0.560,0.137,0.475,0.739,0.747,0.511,0.486,0.742,0.742,0.739,0.734,0.745,0.470,0.505,0.464,0.440,0.846,0.747,0.552,0.560,0.755,0.777,0.791,0.772,0.747,0.481,0.849,0.736,0.459,0.758,0.775,0.742,0.739,0.429,0.843,0.549,0.398,0.750,0.742
7PNB_N_5_MAN;0.769,0.752,0.491,0.442,0.755,0.739,0.775,0.503,0.552,0.750,0.752,0.491,0.539,0.218,0.297,0.291,0.297,0.461,0.752,0.739,0.291,0.527,0.750,0.545,0.012,0.297,0.752,0.467,0.749,0.745,0.747,0.725,0.749,0.750,0.750,0.479,0.388,0.714,0.291,0.747,0.273,0.297,0.772,0.006,0.345,0.297,0.636,0.752,0.745,0.745,0.339,0.734,0.285,0.461,0.723,0.515,0.273,0.370,0.430,0.753,0.766,0.291,0.358,0.772,0.747,0.750,0.736,0.533,0.725,0.485,0.775,0.491,0.714,0.712,0.730,0.636,0.558,0.279,0.388,0.291,0.030,0.734,0.364,0.725,0.206,0.291,0.291,0.218,0.733,0.370,0.448,0.552,0.285,0.753,0.358,0.388,0.630,0.436,0.714,0.473,0.755,0.752,0.273,0.747,0.388,0.224,0.279,0.285,0.739,0.000,0.772,0.273,0.279,0.742,0.720,0.352,0.273,0.436,0.720,0.430,0.750,0.230,0.720,0.467,0.473,0.503,0.364,0.473,0.753,0.461,0.527,0.725,0.285,0.473,0.725,0.521,0.467,0.630,0.242,0.636,0.352,0.388,0.339,0.714,0.527,0.285,0.545,0.521,0.285,0.750,0.720,0.624,0.717,0.012,0.766,0.533,0.012,0.742,0.521,0.448,0.018,0.345,0.279,0.749,0.747,0.515,0.736,0.018,0.248,0.723,0.442,0.527,0.752,0.297,0.279,0.777,0.297,0.467,0.473,0.297,0.352,0.297,0.473,0.455,0.717,0.515,0.388,0.388,0.533,0.712,0.339,0.717,0.491,0.750,0.714,0.364,0.552,0.248,0.467,0.388,0.279,0.218,0.491,0.497,0.723,0.753,0.285,0.224,0.745,0.442,0.739,0.473,0.558,0.273,0.206,0.727,0.750,0.753,0.333,0.303,0.750,0.745,0.236,0.248,0.006,0.285,0.358,0.750,0.766,0.723,0.723,0.630,0.388,0.719,0.730,0.467,0.430,0.539,0.515,0.364,0.753,0.618,0.255,0.706,0.527,0.509,0.218,0.236,0.717,0.630,0.755,0.731,0.442,0.230
7PNB_Z_1_NAG;0.058,0.577,0.816,0.753,0.577,0.591,0.030,0.802,0.808,0.588,0.574,0.816,0.755,0.772,0.780,0.772,0.783,0.791,0.574,0.604,0.766,0.805,0.596,0.808,0.772,0.783,0.574,0.808,0.596,0.571,0.574,0.585,0.599,0.582,0.585,0.810,0.775,0.585,0.766,0.582,0.764,0.777,0.022,0.772,0.799,0.775,0.819,0.577,0.613,0.560,0.797,0.610,0.764,0.791,0.580,0.805,0.772,0.788,0.753,0.566,0.052,0.780,0.799,0.025,0.599,0.591,0.591,0.758,0.563,0.813,0.016,0.813,0.585,0.580,0.599,0.819,0.808,0.777,0.775,0.780,0.772,0.582,0.788,0.560,0.766,0.772,0.764,0.777,0.588,0.786,0.758,0.805,0.766,0.588,0.788,0.775,0.819,0.755,0.577,0.808,0.571,0.574,0.764,0.571,0.775,0.775,0.766,0.783,0.588,0.772,0.000,0.780,0.775,0.596,0.560,0.802,0.775,0.755,0.558,0.753,0.571,0.772,0.563,0.788,0.808,0.799,0.791,0.805,0.588,0.808,0.808,0.563,0.764,0.808,0.555,0.758,0.794,0.821,0.775,0.819,0.799,0.777,0.797,0.569,0.761,0.769,0.805,0.761,0.777,0.582,0.574,0.819,0.563,0.772,0.052,0.755,0.772,0.569,0.808,0.794,0.772,0.799,0.761,0.577,0.596,0.808,0.613,0.772,0.775,0.591,0.758,0.758,0.574,0.780,0.764,0.049,0.775,0.788,0.805,0.769,0.786,0.783,0.808,0.794,0.558,0.805,0.777,0.775,0.758,0.571,0.799,0.558,0.813,0.593,0.566,0.791,0.808,0.775,0.813,0.775,0.764,0.769,0.816,0.819,0.569,0.574,0.755,0.772,0.574,0.753,0.585,0.808,0.808,0.775,0.766,0.604,0.602,0.588,0.794,0.780,0.599,0.566,0.777,0.777,0.772,0.769,0.788,0.591,0.591,0.552,0.566,0.816,0.775,0.604,0.615,0.794,0.753,0.805,0.808,0.788,0.585,0.821,0.777,0.560,0.758,0.805,0.769,0.772,0.569,0.819,0.574,0.560,0.791,0.769
7PNB_0_6_MAN;0.783,0.791,0.467,0.479,0.796,0.739,0.786,0.436,0.582,0.736,0.788,0.473,0.527,0.188,0.236,0.188,0.230,0.461,0.793,0.725,0.164,0.570,0.766,0.582,0.261,0.194,0.788,0.448,0.738,0.747,0.747,0.725,0.747,0.736,0.734,0.479,0.406,0.709,0.242,0.744,0.279,0.194,0.780,0.267,0.267,0.158,0.600,0.793,0.736,0.758,0.261,0.764,0.242,0.461,0.734,0.455,0.170,0.291,0.485,0.745,0.777,0.224,0.255,0.783,0.766,0.769,0.760,0.521,0.714,0.485,0.783,0.473,0.725,0.712,0.752,0.600,0.588,0.255,0.406,0.182,0.255,0.758,0.285,0.745,0.200,0.145,0.230,0.176,0.752,0.279,0.497,0.582,0.248,0.739,0.273,0.394,0.588,0.497,0.712,0.467,0.750,0.791,0.176,0.742,0.400,0.182,0.158,0.182,0.734,0.273,0.780,0.000,0.176,0.753,0.742,0.248,0.176,0.485,0.714,0.491,0.747,0.042,0.742,0.461,0.442,0.430,0.285,0.448,0.739,0.442,0.455,0.712,0.255,0.442,0.712,0.515,0.455,0.594,0.030,0.600,0.255,0.400,0.248,0.734,0.521,0.176,0.582,0.527,0.261,0.736,0.714,0.594,0.712,0.261,0.780,0.521,0.261,0.750,0.455,0.455,0.255,0.255,0.236,0.788,0.742,0.442,0.764,0.267,0.048,0.725,0.491,0.515,0.793,0.230,0.248,0.788,0.248,0.461,0.448,0.170,0.273,0.230,0.467,0.461,0.739,0.448,0.400,0.406,0.527,0.714,0.273,0.736,0.461,0.734,0.736,0.285,0.600,0.085,0.461,0.400,0.176,0.194,0.473,0.479,0.714,0.750,0.248,0.188,0.750,0.479,0.761,0.448,0.588,0.176,0.194,0.760,0.742,0.739,0.267,0.236,0.766,0.761,0.067,0.067,0.279,0.170,0.279,0.734,0.741,0.742,0.712,0.600,0.406,0.747,0.769,0.467,0.491,0.576,0.442,0.285,0.739,0.588,0.030,0.728,0.515,0.436,0.188,0.061,0.714,0.588,0.750,0.706,0.461,0.182
7PNB_n_5_MAN;0.777,0.796,0.473,0.479,0.799,0.745,0.780,0.406,0.576,0.736,0.793,0.479,0.509,0.133,0.224,0.061,0.230,0.485,0.796,0.734,0.121,0.564,0.750,0.576,0.273,0.030,0.793,0.430,0.752,0.745,0.745,0.717,0.755,0.736,0.739,0.479,0.364,0.706,0.133,0.763,0.158,0.018,0.775,0.279,0.327,0.109,0.612,0.802,0.747,0.742,0.321,0.769,0.127,0.485,0.728,0.436,0.018,0.297,0.479,0.739,0.775,0.218,0.327,0.777,0.753,0.747,0.766,0.503,0.728,0.485,0.777,0.479,0.714,0.703,0.758,0.612,0.582,0.248,0.364,0.012,0.255,0.739,0.291,0.706,0.127,0.109,0.115,0.127,0.755,0.297,0.491,0.582,0.139,0.739,0.279,0.352,0.600,0.485,0.709,0.442,0.747,0.796,0.121,0.739,0.358,0.127,0.103,0.024,0.753,0.279,0.775,0.176,0.000,0.750,0.706,0.321,0.018,0.485,0.725,0.479,0.742,0.188,0.706,0.485,0.424,0.406,0.291,0.442,0.739,0.436,0.436,0.723,0.139,0.424,0.720,0.491,0.479,0.606,0.194,0.612,0.327,0.364,0.315,0.698,0.497,0.139,0.576,0.497,0.230,0.736,0.712,0.606,0.723,0.273,0.777,0.497,0.273,0.745,0.430,0.485,0.267,0.321,0.121,0.793,0.753,0.424,0.766,0.267,0.194,0.717,0.479,0.491,0.796,0.224,0.133,0.783,0.224,0.485,0.442,0.115,0.279,0.230,0.461,0.491,0.703,0.430,0.364,0.364,0.503,0.709,0.321,0.701,0.479,0.736,0.701,0.291,0.600,0.194,0.467,0.358,0.133,0.133,0.461,0.479,0.725,0.745,0.133,0.121,0.753,0.479,0.764,0.424,0.588,0.018,0.133,0.760,0.742,0.739,0.321,0.230,0.745,0.739,0.176,0.188,0.285,0.139,0.285,0.736,0.741,0.703,0.717,0.612,0.364,0.744,0.766,0.491,0.479,0.570,0.424,0.291,0.739,0.600,0.182,0.695,0.491,0.406,0.127,0.182,0.723,0.600,0.747,0.717,0.491,0.121
7PNB_r_1_NAG;0.580,0.602,0.794,0.753,0.607,0.536,0.599,0.780,0.791,0.519,0.604,0.788,0.758,0.750,0.742,0.753,0.736,0.780,0.602,0.530,0.747,0.783,0.151,0.786,0.739,0.758,0.604,0.788,0.536,0.492,0.505,0.508,0.549,0.514,0.442,0.786,0.739,0.516,0.750,0.536,0.745,0.753,0.591,0.739,0.766,0.753,0.810,0.607,0.541,0.228,0.764,0.541,0.742,0.780,0.497,0.777,0.742,0.766,0.745,0.484,0.596,0.739,0.766,0.599,0.126,0.148,0.536,0.755,0.368,0.788,0.593,0.788,0.500,0.514,0.536,0.810,0.797,0.739,0.739,0.755,0.742,0.242,0.764,0.486,0.750,0.750,0.747,0.758,0.527,0.764,0.758,0.794,0.747,0.514,0.761,0.739,0.810,0.745,0.508,0.788,0.492,0.602,0.742,0.486,0.739,0.750,0.753,0.758,0.522,0.742,0.596,0.753,0.750,0.000,0.492,0.764,0.747,0.750,0.393,0.736,0.486,0.750,0.489,0.780,0.788,0.777,0.761,0.783,0.516,0.791,0.783,0.382,0.745,0.788,0.401,0.755,0.780,0.813,0.750,0.810,0.766,0.742,0.764,0.492,0.755,0.745,0.788,0.758,0.739,0.516,0.505,0.810,0.418,0.739,0.585,0.761,0.739,0.173,0.783,0.775,0.739,0.766,0.742,0.604,0.530,0.777,0.533,0.739,0.753,0.503,0.755,0.755,0.602,0.739,0.745,0.602,0.736,0.780,0.783,0.745,0.758,0.736,0.786,0.777,0.484,0.777,0.742,0.739,0.761,0.503,0.764,0.489,0.788,0.522,0.492,0.761,0.791,0.753,0.788,0.739,0.742,0.753,0.794,0.788,0.401,0.497,0.742,0.750,0.503,0.753,0.516,0.788,0.794,0.747,0.750,0.547,0.525,0.519,0.766,0.736,0.115,0.217,0.750,0.753,0.745,0.745,0.758,0.514,0.591,0.497,0.423,0.808,0.739,0.525,0.547,0.783,0.739,0.788,0.783,0.761,0.516,0.813,0.750,0.497,0.758,0.777,0.750,0.753,0.407,0.810,0.486,0.360,0.775,0.753
7PNB_Q_2_NAG;0.558,0.599,0.788,0.755,0.604,0.437,0.569,0.758,0.805,0.398,0.599,0.788,0.766,0.709,0.723,0.706,0.725,0.775,0.596,0.459,0.723,0.808,0.484,0.805,0.717,0.714,0.599,0.780,0.453,0.456,0.456,0.319,0.462,0.398,0.497,0.786,0.709,0.330,0.709,0.459,0.698,0.709,0.566,0.720,0.761,0.723,0.846,0.604,0.456,0.473,0.758,0.560,0.706,0.775,0.321,0.769,0.709,0.742,0.750,0.448,0.555,0.723,0.758,0.566,0.473,0.475,0.563,0.769,0.470,0.783,0.560,0.786,0.319,0.330,0.547,0.846,0.808,0.723,0.709,0.712,0.709,0.484,0.739,0.044,0.706,0.717,0.706,0.717,0.547,0.742,0.764,0.805,0.709,0.398,0.736,0.712,0.838,0.758,0.332,0.775,0.464,0.596,0.712,0.464,0.712,0.709,0.717,0.714,0.445,0.720,0.560,0.742,0.706,0.492,0.000,0.758,0.709,0.755,0.481,0.750,0.451,0.739,0.058,0.775,0.777,0.761,0.736,0.780,0.401,0.780,0.769,0.475,0.701,0.777,0.486,0.758,0.775,0.843,0.742,0.846,0.761,0.709,0.755,0.052,0.769,0.714,0.805,0.764,0.717,0.396,0.324,0.841,0.489,0.723,0.555,0.764,0.723,0.464,0.764,0.780,0.714,0.758,0.703,0.602,0.440,0.766,0.569,0.714,0.739,0.327,0.758,0.764,0.596,0.723,0.701,0.571,0.720,0.775,0.780,0.723,0.731,0.725,0.777,0.777,0.038,0.766,0.709,0.709,0.766,0.330,0.758,0.041,0.786,0.393,0.063,0.736,0.810,0.742,0.783,0.712,0.709,0.706,0.788,0.786,0.478,0.462,0.701,0.706,0.453,0.755,0.552,0.775,0.805,0.709,0.706,0.558,0.442,0.407,0.758,0.725,0.489,0.475,0.736,0.742,0.723,0.720,0.734,0.393,0.516,0.047,0.484,0.843,0.709,0.547,0.558,0.772,0.755,0.802,0.769,0.736,0.404,0.843,0.739,0.069,0.766,0.761,0.709,0.734,0.484,0.838,0.462,0.464,0.783,0.709
7PNB_d_4_BGC;0.805,0.813,0.479,0.539,0.815,0.747,0.805,0.412,0.588,0.750,0.813,0.467,0.545,0.345,0.370,0.321,0.364,0.382,0.813,0.739,0.291,0.570,0.758,0.582,0.339,0.315,0.813,0.388,0.755,0.769,0.769,0.745,0.755,0.750,0.764,0.479,0.400,0.725,0.321,0.758,0.364,0.315,0.802,0.345,0.030,0.297,0.685,0.818,0.742,0.758,0.030,0.772,0.327,0.382,0.753,0.442,0.321,0.152,0.545,0.758,0.799,0.358,0.006,0.805,0.758,0.758,0.763,0.539,0.717,0.491,0.805,0.491,0.742,0.731,0.763,0.685,0.600,0.388,0.400,0.315,0.327,0.753,0.145,0.761,0.339,0.279,0.327,0.321,0.755,0.152,0.558,0.594,0.321,0.753,0.127,0.388,0.673,0.558,0.720,0.388,0.766,0.813,0.303,0.764,0.394,0.339,0.285,0.303,0.745,0.352,0.802,0.248,0.321,0.764,0.758,0.000,0.327,0.545,0.714,0.552,0.761,0.279,0.758,0.388,0.376,0.424,0.139,0.376,0.753,0.388,0.436,0.712,0.333,0.376,0.712,0.533,0.376,0.679,0.261,0.685,0.012,0.394,0.012,0.750,0.539,0.315,0.588,0.545,0.388,0.750,0.736,0.679,0.714,0.345,0.802,0.539,0.345,0.742,0.430,0.388,0.333,0.006,0.321,0.813,0.750,0.424,0.764,0.339,0.285,0.739,0.552,0.527,0.813,0.364,0.327,0.810,0.376,0.388,0.376,0.291,0.139,0.364,0.388,0.388,0.755,0.436,0.394,0.400,0.545,0.731,0.036,0.753,0.479,0.750,0.753,0.139,0.600,0.279,0.461,0.394,0.309,0.352,0.485,0.491,0.717,0.766,0.345,0.339,0.769,0.539,0.766,0.376,0.594,0.327,0.352,0.766,0.747,0.753,0.042,0.370,0.761,0.761,0.291,0.279,0.358,0.297,0.145,0.750,0.744,0.758,0.712,0.685,0.400,0.755,0.777,0.388,0.552,0.576,0.424,0.152,0.753,0.673,0.255,0.739,0.533,0.412,0.339,0.285,0.714,0.673,0.769,0.714,0.394,0.345
7PNB_O_5_MAN;0.777,0.793,0.473,0.473,0.796,0.750,0.780,0.424,0.570,0.734,0.791,0.479,0.497,0.127,0.230,0.079,0.236,0.473,0.793,0.731,0.127,0.558,0.753,0.570,0.267,0.036,0.791,0.430,0.749,0.739,0.739,0.717,0.752,0.734,0.742,0.479,0.358,0.703,0.127,0.760,0.152,0.036,0.775,0.273,0.333,0.103,0.612,0.799,0.750,0.747,0.327,0.764,0.121,0.473,0.723,0.455,0.012,0.303,0.473,0.736,0.775,0.224,0.333,0.777,0.755,0.750,0.760,0.491,0.734,0.485,0.777,0.479,0.712,0.703,0.752,0.612,0.576,0.242,0.358,0.018,0.248,0.742,0.297,0.709,0.121,0.115,0.109,0.133,0.749,0.303,0.485,0.576,0.133,0.736,0.285,0.345,0.600,0.479,0.709,0.442,0.745,0.793,0.127,0.736,0.352,0.121,0.109,0.042,0.750,0.273,0.775,0.176,0.018,0.747,0.709,0.327,0.000,0.479,0.731,0.473,0.739,0.176,0.709,0.473,0.430,0.424,0.297,0.442,0.736,0.436,0.455,0.728,0.133,0.430,0.725,0.479,0.467,0.606,0.182,0.612,0.333,0.358,0.321,0.701,0.485,0.145,0.570,0.485,0.224,0.734,0.712,0.606,0.723,0.267,0.777,0.485,0.267,0.747,0.448,0.473,0.261,0.327,0.115,0.791,0.750,0.442,0.761,0.261,0.182,0.717,0.473,0.479,0.793,0.230,0.127,0.783,0.218,0.473,0.442,0.121,0.285,0.236,0.461,0.479,0.706,0.442,0.358,0.358,0.491,0.706,0.327,0.703,0.479,0.734,0.703,0.297,0.594,0.182,0.467,0.352,0.139,0.127,0.461,0.479,0.731,0.742,0.127,0.115,0.747,0.473,0.758,0.430,0.582,0.000,0.127,0.755,0.742,0.736,0.327,0.236,0.747,0.742,0.164,0.176,0.279,0.145,0.291,0.734,0.741,0.706,0.723,0.612,0.358,0.738,0.760,0.479,0.473,0.564,0.442,0.297,0.736,0.600,0.170,0.701,0.479,0.424,0.121,0.170,0.728,0.600,0.745,0.723,0.479,0.115
7PNB_o_4_MAN;0.753,0.747,0.606,0.006,0.752,0.775,0.758,0.582,0.564,0.761,0.747,0.606,0.497,0.485,0.485,0.491,0.497,0.582,0.747,0.788,0.467,0.576,0.745,0.564,0.436,0.497,0.747,0.576,0.788,0.761,0.761,0.758,0.785,0.761,0.780,0.600,0.485,0.769,0.485,0.793,0.479,0.491,0.750,0.436,0.545,0.479,0.600,0.752,0.786,0.750,0.539,0.780,0.479,0.582,0.753,0.588,0.473,0.539,0.018,0.766,0.753,0.491,0.545,0.753,0.747,0.750,0.791,0.503,0.791,0.600,0.753,0.600,0.758,0.766,0.777,0.600,0.564,0.467,0.485,0.497,0.448,0.745,0.539,0.755,0.479,0.467,0.479,0.497,0.785,0.533,0.024,0.564,0.485,0.764,0.533,0.485,0.594,0.018,0.764,0.570,0.772,0.747,0.448,0.764,0.479,0.491,0.467,0.497,0.780,0.436,0.755,0.485,0.485,0.750,0.755,0.545,0.479,0.000,0.786,0.036,0.764,0.461,0.758,0.582,0.576,0.576,0.539,0.558,0.764,0.582,0.600,0.786,0.479,0.576,0.783,0.485,0.588,0.594,0.467,0.600,0.539,0.491,0.539,0.755,0.503,0.455,0.564,0.485,0.479,0.761,0.764,0.588,0.786,0.436,0.758,0.491,0.436,0.747,0.594,0.570,0.442,0.545,0.479,0.747,0.788,0.606,0.783,0.442,0.473,0.755,0.018,0.497,0.749,0.491,0.479,0.750,0.479,0.582,0.558,0.473,0.533,0.497,0.558,0.576,0.755,0.594,0.491,0.485,0.485,0.758,0.545,0.753,0.594,0.764,0.750,0.539,0.570,0.461,0.582,0.479,0.448,0.485,0.606,0.606,0.788,0.772,0.473,0.491,0.761,0.012,0.777,0.576,0.558,0.479,0.473,0.777,0.786,0.764,0.539,0.497,0.750,0.742,0.467,0.467,0.442,0.461,0.533,0.764,0.763,0.750,0.786,0.594,0.485,0.777,0.782,0.588,0.036,0.570,0.606,0.533,0.764,0.594,0.479,0.753,0.497,0.582,0.485,0.461,0.786,0.594,0.761,0.780,0.564,0.491
7PNB_O_1_NAG;0.563,0.646,0.753,0.783,0.648,0.451,0.569,0.755,0.816,0.492,0.646,0.761,0.769,0.720,0.720,0.728,0.720,0.764,0.643,0.442,0.731,0.802,0.390,0.810,0.714,0.731,0.646,0.764,0.448,0.511,0.522,0.511,0.467,0.497,0.379,0.750,0.731,0.505,0.728,0.423,0.728,0.728,0.558,0.717,0.714,0.728,0.832,0.648,0.445,0.368,0.714,0.511,0.725,0.764,0.511,0.761,0.725,0.728,0.780,0.497,0.566,0.717,0.717,0.563,0.390,0.382,0.525,0.766,0.091,0.753,0.560,0.753,0.503,0.497,0.500,0.832,0.821,0.723,0.731,0.728,0.717,0.374,0.725,0.486,0.720,0.725,0.731,0.717,0.503,0.731,0.788,0.819,0.728,0.497,0.720,0.728,0.824,0.786,0.484,0.766,0.508,0.643,0.731,0.505,0.731,0.717,0.725,0.725,0.423,0.720,0.558,0.714,0.725,0.393,0.481,0.714,0.731,0.786,0.000,0.777,0.508,0.714,0.484,0.764,0.764,0.761,0.723,0.764,0.495,0.758,0.766,0.165,0.728,0.764,0.030,0.764,0.761,0.830,0.714,0.832,0.714,0.734,0.714,0.470,0.766,0.734,0.813,0.766,0.723,0.489,0.503,0.827,0.063,0.717,0.560,0.766,0.717,0.376,0.766,0.761,0.712,0.714,0.723,0.646,0.448,0.755,0.516,0.717,0.720,0.497,0.786,0.764,0.643,0.717,0.725,0.574,0.717,0.764,0.764,0.725,0.720,0.720,0.769,0.764,0.489,0.764,0.734,0.731,0.769,0.500,0.712,0.464,0.753,0.492,0.481,0.723,0.816,0.720,0.755,0.731,0.728,0.723,0.758,0.750,0.063,0.519,0.731,0.717,0.505,0.783,0.503,0.764,0.819,0.731,0.728,0.530,0.462,0.500,0.714,0.720,0.396,0.371,0.717,0.720,0.720,0.728,0.723,0.489,0.503,0.495,0.063,0.830,0.731,0.519,0.533,0.764,0.783,0.808,0.761,0.725,0.500,0.824,0.717,0.470,0.764,0.755,0.717,0.720,0.022,0.824,0.508,0.107,0.764,0.720
7PNB_t_4_MAN;0.750,0.738,0.600,0.042,0.744,0.772,0.758,0.576,0.564,0.758,0.738,0.600,0.491,0.479,0.479,0.485,0.491,0.576,0.738,0.786,0.461,0.570,0.731,0.558,0.430,0.491,0.738,0.570,0.785,0.755,0.755,0.761,0.782,0.758,0.772,0.588,0.485,0.772,0.491,0.791,0.479,0.485,0.747,0.430,0.539,0.473,0.606,0.744,0.783,0.736,0.533,0.780,0.485,0.576,0.755,0.582,0.467,0.533,0.018,0.764,0.750,0.485,0.552,0.750,0.734,0.736,0.791,0.497,0.786,0.588,0.750,0.594,0.761,0.769,0.777,0.606,0.564,0.461,0.485,0.491,0.442,0.731,0.533,0.750,0.473,0.473,0.485,0.491,0.785,0.527,0.055,0.564,0.491,0.761,0.527,0.485,0.600,0.018,0.766,0.564,0.769,0.738,0.455,0.761,0.479,0.485,0.467,0.491,0.777,0.430,0.753,0.491,0.479,0.736,0.750,0.552,0.473,0.036,0.777,0.000,0.761,0.467,0.753,0.576,0.570,0.570,0.533,0.552,0.761,0.576,0.594,0.780,0.485,0.570,0.775,0.473,0.582,0.600,0.473,0.606,0.545,0.491,0.545,0.750,0.497,0.461,0.558,0.473,0.473,0.758,0.766,0.594,0.777,0.430,0.755,0.485,0.430,0.742,0.588,0.564,0.436,0.552,0.485,0.738,0.786,0.600,0.783,0.436,0.473,0.758,0.048,0.491,0.741,0.485,0.485,0.750,0.473,0.576,0.552,0.467,0.527,0.491,0.558,0.570,0.750,0.588,0.491,0.485,0.479,0.758,0.539,0.747,0.588,0.761,0.745,0.533,0.564,0.467,0.582,0.479,0.455,0.479,0.600,0.594,0.780,0.769,0.479,0.485,0.755,0.048,0.775,0.570,0.558,0.473,0.467,0.777,0.783,0.761,0.533,0.491,0.736,0.728,0.467,0.467,0.436,0.467,0.527,0.761,0.760,0.745,0.777,0.600,0.485,0.777,0.782,0.582,0.012,0.564,0.600,0.527,0.761,0.600,0.485,0.747,0.491,0.576,0.479,0.467,0.777,0.600,0.758,0.775,0.558,0.485
7PNB_q_2_NAG;0.566,0.582,0.813,0.761,0.582,0.552,0.574,0.766,0.808,0.503,0.580,0.821,0.750,0.755,0.745,0.739,0.747,0.788,0.577,0.547,0.745,0.808,0.459,0.805,0.750,0.745,0.580,0.794,0.558,0.063,0.066,0.478,0.555,0.500,0.533,0.810,0.709,0.462,0.736,0.547,0.728,0.745,0.574,0.750,0.766,0.742,0.832,0.582,0.549,0.462,0.761,0.522,0.731,0.788,0.467,0.766,0.742,0.742,0.764,0.049,0.569,0.745,0.761,0.574,0.481,0.467,0.514,0.750,0.500,0.821,0.566,0.813,0.453,0.459,0.514,0.832,0.813,0.739,0.709,0.745,0.747,0.467,0.745,0.456,0.753,0.742,0.736,0.761,0.527,0.742,0.769,0.813,0.736,0.500,0.739,0.709,0.832,0.764,0.462,0.786,0.049,0.577,0.747,0.058,0.709,0.758,0.742,0.750,0.544,0.750,0.571,0.747,0.742,0.486,0.451,0.761,0.739,0.764,0.508,0.761,0.000,0.739,0.453,0.788,0.794,0.766,0.742,0.786,0.500,0.794,0.769,0.508,0.731,0.794,0.508,0.750,0.791,0.835,0.745,0.832,0.764,0.712,0.758,0.451,0.753,0.753,0.808,0.750,0.736,0.497,0.464,0.832,0.500,0.750,0.569,0.747,0.750,0.464,0.761,0.794,0.750,0.761,0.728,0.582,0.547,0.769,0.519,0.750,0.745,0.459,0.764,0.745,0.577,0.745,0.731,0.574,0.739,0.788,0.786,0.742,0.736,0.747,0.786,0.794,0.448,0.766,0.712,0.709,0.747,0.456,0.766,0.448,0.813,0.500,0.456,0.742,0.819,0.742,0.810,0.709,0.747,0.753,0.816,0.819,0.516,0.033,0.728,0.755,0.099,0.761,0.511,0.791,0.813,0.739,0.750,0.508,0.549,0.505,0.764,0.747,0.470,0.453,0.736,0.742,0.753,0.753,0.739,0.500,0.541,0.453,0.503,0.830,0.709,0.519,0.519,0.788,0.764,0.805,0.769,0.736,0.503,0.835,0.747,0.440,0.747,0.769,0.758,0.736,0.508,0.832,0.030,0.492,0.791,0.758
7PNB_v_6_MAN;0.775,0.782,0.473,0.455,0.788,0.739,0.775,0.448,0.570,0.736,0.780,0.479,0.509,0.164,0.261,0.194,0.261,0.455,0.785,0.723,0.182,0.558,0.761,0.570,0.218,0.206,0.780,0.455,0.738,0.736,0.739,0.731,0.747,0.736,0.742,0.479,0.388,0.706,0.255,0.741,0.261,0.206,0.772,0.224,0.297,0.176,0.582,0.785,0.736,0.758,0.291,0.755,0.248,0.455,0.734,0.461,0.170,0.315,0.461,0.736,0.766,0.255,0.285,0.772,0.764,0.764,0.755,0.503,0.714,0.491,0.775,0.473,0.725,0.709,0.747,0.582,0.576,0.242,0.388,0.194,0.230,0.753,0.309,0.742,0.176,0.164,0.236,0.182,0.749,0.309,0.473,0.570,0.261,0.739,0.297,0.382,0.576,0.473,0.712,0.461,0.742,0.782,0.182,0.734,0.382,0.170,0.164,0.194,0.734,0.230,0.772,0.042,0.188,0.750,0.739,0.279,0.176,0.461,0.714,0.467,0.739,0.000,0.739,0.455,0.461,0.442,0.309,0.455,0.739,0.442,0.473,0.717,0.261,0.461,0.717,0.497,0.461,0.576,0.024,0.582,0.285,0.382,0.267,0.731,0.503,0.182,0.570,0.503,0.248,0.736,0.714,0.576,0.714,0.218,0.769,0.509,0.218,0.753,0.467,0.455,0.218,0.273,0.242,0.780,0.742,0.461,0.755,0.224,0.042,0.725,0.467,0.497,0.785,0.261,0.255,0.780,0.261,0.455,0.455,0.188,0.297,0.261,0.461,0.461,0.736,0.461,0.382,0.388,0.509,0.709,0.303,0.734,0.473,0.736,0.734,0.309,0.588,0.067,0.467,0.382,0.182,0.170,0.479,0.485,0.720,0.742,0.242,0.176,0.742,0.455,0.753,0.461,0.576,0.176,0.164,0.755,0.742,0.739,0.285,0.267,0.761,0.758,0.048,0.048,0.236,0.176,0.303,0.736,0.747,0.739,0.717,0.582,0.388,0.744,0.760,0.461,0.467,0.564,0.461,0.309,0.739,0.570,0.036,0.725,0.503,0.455,0.176,0.042,0.712,0.576,0.742,0.712,0.455,0.176
7PNB_p_2_NAG;0.569,0.596,0.791,0.758,0.602,0.445,0.571,0.758,0.808,0.398,0.596,0.791,0.772,0.709,0.725,0.706,0.725,0.775,0.593,0.467,0.723,0.808,0.478,0.808,0.717,0.714,0.596,0.780,0.467,0.459,0.456,0.332,0.473,0.401,0.503,0.788,0.703,0.352,0.712,0.481,0.701,0.709,0.569,0.720,0.761,0.723,0.843,0.602,0.462,0.470,0.758,0.577,0.709,0.775,0.341,0.769,0.709,0.742,0.753,0.448,0.560,0.723,0.758,0.569,0.473,0.467,0.574,0.772,0.475,0.786,0.563,0.788,0.330,0.349,0.560,0.843,0.813,0.725,0.703,0.712,0.709,0.475,0.739,0.036,0.703,0.717,0.709,0.714,0.560,0.742,0.766,0.810,0.712,0.398,0.736,0.706,0.835,0.761,0.341,0.775,0.464,0.593,0.712,0.467,0.706,0.709,0.717,0.714,0.459,0.720,0.563,0.742,0.706,0.489,0.058,0.758,0.709,0.758,0.484,0.753,0.453,0.739,0.000,0.775,0.777,0.761,0.736,0.780,0.401,0.780,0.769,0.481,0.703,0.777,0.492,0.764,0.775,0.841,0.742,0.843,0.761,0.703,0.755,0.038,0.772,0.714,0.808,0.769,0.720,0.396,0.343,0.838,0.495,0.723,0.563,0.769,0.723,0.451,0.766,0.780,0.714,0.758,0.706,0.599,0.448,0.766,0.585,0.714,0.739,0.335,0.761,0.766,0.593,0.723,0.703,0.577,0.723,0.775,0.780,0.723,0.731,0.725,0.777,0.777,0.047,0.766,0.703,0.703,0.772,0.349,0.758,0.055,0.788,0.396,0.033,0.736,0.816,0.742,0.786,0.706,0.709,0.706,0.791,0.788,0.481,0.462,0.703,0.706,0.456,0.758,0.560,0.775,0.810,0.709,0.706,0.574,0.453,0.407,0.758,0.725,0.489,0.478,0.736,0.742,0.720,0.720,0.734,0.396,0.522,0.060,0.492,0.841,0.703,0.555,0.574,0.777,0.758,0.805,0.769,0.736,0.404,0.841,0.739,0.082,0.769,0.761,0.706,0.734,0.489,0.835,0.462,0.473,0.783,0.709
7PNB_r_3_YZT;0.797,0.826,0.285,0.576,0.832,0.758,0.794,0.558,0.400,0.753,0.826,0.261,0.527,0.455,0.491,0.485,0.491,0.012,0.824,0.750,0.467,0.388,0.777,0.394,0.461,0.491,0.826,0.206,0.760,0.788,0.794,0.761,0.763,0.753,0.772,0.273,0.461,0.769,0.485,0.769,0.473,0.491,0.791,0.467,0.394,0.473,0.588,0.835,0.753,0.775,0.388,0.794,0.479,0.006,0.761,0.570,0.473,0.412,0.576,0.783,0.788,0.491,0.388,0.791,0.777,0.777,0.782,0.521,0.764,0.279,0.791,0.267,0.764,0.769,0.788,0.582,0.406,0.479,0.461,0.491,0.448,0.777,0.406,0.777,0.448,0.473,0.485,0.473,0.785,0.406,0.588,0.406,0.485,0.755,0.388,0.461,0.570,0.588,0.764,0.230,0.791,0.824,0.461,0.788,0.455,0.461,0.473,0.491,0.753,0.467,0.788,0.461,0.485,0.780,0.775,0.388,0.473,0.582,0.764,0.576,0.788,0.455,0.775,0.000,0.200,0.558,0.400,0.200,0.755,0.206,0.570,0.755,0.479,0.206,0.761,0.521,0.018,0.576,0.461,0.588,0.394,0.455,0.382,0.766,0.527,0.479,0.400,0.539,0.479,0.753,0.764,0.576,0.764,0.467,0.788,0.533,0.467,0.766,0.558,0.030,0.455,0.388,0.473,0.829,0.758,0.576,0.791,0.461,0.461,0.761,0.582,0.521,0.826,0.491,0.479,0.797,0.485,0.000,0.218,0.467,0.388,0.491,0.224,0.030,0.772,0.564,0.455,0.461,0.539,0.766,0.388,0.769,0.273,0.753,0.769,0.400,0.400,0.461,0.267,0.455,0.467,0.455,0.291,0.291,0.764,0.794,0.473,0.455,0.786,0.576,0.794,0.212,0.406,0.473,0.461,0.785,0.755,0.755,0.388,0.491,0.780,0.780,0.461,0.467,0.467,0.467,0.394,0.753,0.771,0.775,0.766,0.576,0.461,0.782,0.793,0.012,0.576,0.388,0.576,0.400,0.755,0.582,0.467,0.764,0.527,0.558,0.455,0.461,0.766,0.570,0.794,0.761,0.024,0.448
7PNB_J_3_YZT;0.816,0.829,0.297,0.570,0.835,0.766,0.813,0.521,0.436,0.772,0.832,0.273,0.539,0.442,0.448,0.436,0.448,0.200,0.829,0.755,0.418,0.430,0.777,0.436,0.467,0.448,0.832,0.030,0.774,0.797,0.802,0.758,0.777,0.772,0.777,0.291,0.461,0.761,0.448,0.780,0.467,0.442,0.810,0.473,0.382,0.430,0.582,0.837,0.764,0.777,0.376,0.810,0.442,0.206,0.769,0.533,0.424,0.382,0.570,0.788,0.805,0.448,0.376,0.810,0.780,0.777,0.802,0.533,0.764,0.303,0.810,0.303,0.766,0.764,0.802,0.576,0.448,0.461,0.461,0.436,0.455,0.780,0.376,0.780,0.436,0.424,0.448,0.430,0.793,0.376,0.582,0.442,0.448,0.775,0.358,0.448,0.564,0.582,0.764,0.055,0.797,0.829,0.412,0.791,0.455,0.436,0.424,0.430,0.769,0.473,0.808,0.442,0.424,0.788,0.777,0.376,0.430,0.576,0.764,0.570,0.794,0.461,0.777,0.200,0.000,0.521,0.370,0.048,0.775,0.067,0.539,0.747,0.455,0.006,0.758,0.527,0.194,0.570,0.461,0.582,0.382,0.455,0.370,0.769,0.539,0.418,0.436,0.545,0.455,0.772,0.764,0.570,0.764,0.473,0.810,0.545,0.473,0.772,0.533,0.212,0.461,0.376,0.436,0.832,0.772,0.545,0.808,0.467,0.467,0.766,0.576,0.533,0.832,0.448,0.442,0.816,0.448,0.200,0.061,0.418,0.358,0.448,0.073,0.224,0.775,0.533,0.455,0.461,0.552,0.764,0.376,0.772,0.297,0.769,0.772,0.370,0.461,0.467,0.285,0.455,0.418,0.442,0.291,0.303,0.764,0.799,0.461,0.430,0.794,0.570,0.805,0.024,0.442,0.430,0.442,0.802,0.769,0.775,0.376,0.448,0.777,0.777,0.467,0.473,0.473,0.418,0.364,0.769,0.755,0.777,0.761,0.570,0.461,0.793,0.804,0.212,0.570,0.424,0.545,0.370,0.775,0.564,0.455,0.761,0.539,0.521,0.430,0.467,0.764,0.564,0.797,0.753,0.212,0.424
7PNB_p_5_MAN;0.805,0.791,0.552,0.576,0.791,0.750,0.802,0.024,0.564,0.783,0.788,0.545,0.558,0.436,0.461,0.430,0.461,0.564,0.793,0.747,0.436,0.564,0.753,0.570,0.497,0.424,0.788,0.527,0.760,0.777,0.775,0.772,0.760,0.786,0.769,0.552,0.479,0.772,0.430,0.774,0.448,0.412,0.805,0.503,0.442,0.436,0.679,0.791,0.747,0.753,0.436,0.758,0.424,0.564,0.780,0.067,0.418,0.430,0.570,0.766,0.805,0.467,0.424,0.802,0.753,0.758,0.758,0.558,0.761,0.558,0.799,0.570,0.769,0.772,0.749,0.679,0.558,0.479,0.479,0.412,0.479,0.753,0.430,0.761,0.430,0.418,0.424,0.412,0.741,0.424,0.594,0.564,0.442,0.791,0.424,0.473,0.679,0.582,0.769,0.533,0.769,0.791,0.400,0.766,0.473,0.430,0.418,0.424,0.761,0.503,0.799,0.430,0.406,0.777,0.761,0.424,0.424,0.576,0.761,0.570,0.766,0.442,0.761,0.558,0.521,0.000,0.430,0.539,0.788,0.539,0.055,0.750,0.430,0.521,0.755,0.564,0.558,0.679,0.455,0.679,0.436,0.479,0.412,0.758,0.552,0.400,0.582,0.564,0.461,0.786,0.777,0.685,0.755,0.497,0.805,0.558,0.497,0.755,0.085,0.558,0.491,0.418,0.424,0.788,0.755,0.055,0.761,0.491,0.461,0.769,0.588,0.558,0.791,0.461,0.424,0.808,0.461,0.558,0.539,0.430,0.430,0.461,0.533,0.564,0.758,0.055,0.479,0.479,0.564,0.777,0.436,0.755,0.558,0.786,0.755,0.430,0.582,0.461,0.564,0.473,0.400,0.436,0.545,0.558,0.755,0.769,0.436,0.424,0.766,0.576,0.753,0.527,0.570,0.424,0.436,0.752,0.747,0.788,0.430,0.455,0.750,0.755,0.461,0.455,0.503,0.412,0.430,0.786,0.755,0.758,0.755,0.685,0.479,0.727,0.760,0.570,0.570,0.564,0.055,0.430,0.791,0.685,0.442,0.753,0.558,0.036,0.424,0.455,0.758,0.679,0.766,0.753,0.564,0.424
7PNB_q_4_BGC;0.799,0.810,0.479,0.539,0.813,0.747,0.797,0.418,0.552,0.747,0.807,0.467,0.533,0.333,0.339,0.303,0.339,0.394,0.807,0.736,0.279,0.545,0.753,0.552,0.358,0.297,0.807,0.382,0.752,0.745,0.742,0.725,0.744,0.747,0.753,0.479,0.321,0.717,0.297,0.758,0.327,0.297,0.794,0.364,0.145,0.285,0.642,0.815,0.742,0.758,0.145,0.786,0.297,0.394,0.734,0.448,0.291,0.012,0.533,0.739,0.791,0.333,0.133,0.794,0.755,0.755,0.769,0.527,0.725,0.491,0.794,0.491,0.728,0.723,0.771,0.642,0.564,0.358,0.321,0.285,0.345,0.753,0.006,0.739,0.327,0.279,0.297,0.309,0.766,0.030,0.552,0.564,0.291,0.750,0.012,0.321,0.630,0.545,0.714,0.370,0.745,0.807,0.273,0.745,0.327,0.327,0.279,0.297,0.745,0.364,0.791,0.285,0.291,0.761,0.736,0.139,0.297,0.539,0.723,0.533,0.742,0.309,0.736,0.400,0.370,0.430,0.000,0.370,0.750,0.376,0.442,0.720,0.303,0.370,0.717,0.521,0.388,0.636,0.297,0.642,0.152,0.321,0.133,0.728,0.527,0.297,0.558,0.533,0.358,0.747,0.725,0.636,0.720,0.370,0.794,0.527,0.370,0.739,0.430,0.406,0.352,0.139,0.303,0.810,0.739,0.442,0.780,0.358,0.309,0.725,0.545,0.515,0.807,0.333,0.291,0.802,0.345,0.400,0.370,0.279,0.012,0.339,0.370,0.400,0.734,0.448,0.321,0.321,0.533,0.723,0.145,0.731,0.479,0.747,0.731,0.000,0.582,0.279,0.467,0.327,0.285,0.333,0.479,0.491,0.723,0.747,0.315,0.327,0.739,0.539,0.772,0.364,0.564,0.297,0.333,0.769,0.739,0.750,0.139,0.339,0.755,0.761,0.291,0.291,0.370,0.285,0.006,0.747,0.725,0.736,0.720,0.642,0.321,0.752,0.777,0.400,0.533,0.545,0.442,0.012,0.750,0.630,0.291,0.725,0.521,0.424,0.327,0.291,0.723,0.630,0.753,0.725,0.412,0.333
7PNB_Y_3_YZT;0.813,0.832,0.303,0.552,0.837,0.769,0.810,0.539,0.436,0.772,0.835,0.279,0.545,0.455,0.467,0.455,0.467,0.200,0.832,0.758,0.424,0.436,0.772,0.436,0.467,0.467,0.835,0.042,0.774,0.788,0.794,0.755,0.777,0.772,0.777,0.291,0.455,0.758,0.461,0.780,0.473,0.461,0.808,0.473,0.382,0.436,0.564,0.840,0.764,0.775,0.376,0.810,0.455,0.206,0.764,0.552,0.436,0.382,0.552,0.783,0.802,0.467,0.376,0.808,0.775,0.772,0.799,0.539,0.764,0.309,0.808,0.303,0.764,0.761,0.802,0.558,0.448,0.467,0.455,0.455,0.455,0.775,0.376,0.783,0.448,0.430,0.461,0.448,0.796,0.376,0.564,0.442,0.461,0.775,0.358,0.442,0.545,0.564,0.758,0.036,0.788,0.832,0.418,0.786,0.448,0.448,0.430,0.448,0.769,0.473,0.805,0.448,0.442,0.783,0.780,0.376,0.442,0.558,0.764,0.552,0.786,0.455,0.780,0.200,0.048,0.539,0.370,0.000,0.775,0.055,0.558,0.750,0.467,0.042,0.761,0.533,0.194,0.564,0.455,0.564,0.382,0.448,0.370,0.772,0.545,0.424,0.436,0.552,0.461,0.772,0.761,0.564,0.761,0.473,0.808,0.552,0.473,0.766,0.552,0.200,0.461,0.376,0.448,0.835,0.775,0.564,0.808,0.467,0.461,0.761,0.558,0.539,0.835,0.467,0.455,0.813,0.461,0.200,0.030,0.424,0.358,0.467,0.042,0.212,0.777,0.552,0.448,0.455,0.558,0.758,0.376,0.775,0.303,0.769,0.775,0.370,0.461,0.461,0.285,0.448,0.424,0.455,0.303,0.309,0.764,0.791,0.467,0.442,0.788,0.552,0.805,0.048,0.442,0.442,0.455,0.799,0.772,0.775,0.376,0.467,0.772,0.772,0.461,0.467,0.473,0.424,0.364,0.769,0.763,0.780,0.761,0.564,0.455,0.799,0.802,0.212,0.552,0.430,0.564,0.370,0.775,0.558,0.455,0.761,0.545,0.539,0.442,0.461,0.761,0.558,0.788,0.755,0.212,0.436
7PNB_c_2_NAG;0.588,0.635,0.775,0.764,0.635,0.484,0.596,0.791,0.821,0.005,0.635,0.775,0.750,0.750,0.745,0.736,0.745,0.755,0.635,0.478,0.739,0.813,0.511,0.819,0.750,0.739,0.635,0.777,0.478,0.497,0.497,0.310,0.492,0.019,0.516,0.777,0.739,0.357,0.742,0.486,0.736,0.739,0.591,0.753,0.750,0.739,0.830,0.640,0.484,0.497,0.747,0.574,0.739,0.755,0.310,0.791,0.736,0.755,0.764,0.505,0.585,0.745,0.753,0.591,0.511,0.508,0.555,0.747,0.478,0.777,0.585,0.775,0.341,0.341,0.566,0.830,0.827,0.745,0.739,0.739,0.750,0.495,0.753,0.409,0.747,0.742,0.739,0.750,0.552,0.753,0.766,0.827,0.745,0.003,0.747,0.739,0.827,0.764,0.332,0.777,0.508,0.635,0.739,0.503,0.739,0.750,0.745,0.745,0.473,0.753,0.588,0.739,0.739,0.516,0.401,0.753,0.736,0.764,0.495,0.761,0.500,0.739,0.401,0.755,0.775,0.788,0.750,0.775,0.000,0.777,0.794,0.489,0.736,0.775,0.497,0.750,0.755,0.832,0.739,0.830,0.753,0.739,0.753,0.387,0.747,0.742,0.819,0.753,0.747,0.008,0.338,0.830,0.497,0.753,0.582,0.747,0.753,0.481,0.788,0.753,0.747,0.755,0.736,0.635,0.484,0.794,0.569,0.753,0.736,0.327,0.764,0.747,0.635,0.745,0.736,0.593,0.742,0.755,0.775,0.739,0.747,0.745,0.777,0.755,0.409,0.794,0.739,0.739,0.750,0.360,0.747,0.385,0.772,0.019,0.393,0.750,0.827,0.736,0.769,0.739,0.739,0.747,0.775,0.777,0.489,0.505,0.736,0.750,0.519,0.764,0.571,0.772,0.827,0.736,0.753,0.566,0.484,0.011,0.750,0.745,0.525,0.495,0.734,0.736,0.755,0.742,0.750,0.025,0.527,0.412,0.497,0.827,0.739,0.560,0.566,0.755,0.764,0.816,0.797,0.753,0.011,0.832,0.742,0.396,0.745,0.791,0.747,0.734,0.500,0.827,0.503,0.489,0.755,0.745
7PNB_x_3_YZT;0.819,0.826,0.273,0.576,0.832,0.769,0.813,0.521,0.455,0.775,0.829,0.267,0.564,0.436,0.461,0.442,0.461,0.206,0.826,0.755,0.418,0.455,0.777,0.455,0.455,0.461,0.829,0.061,0.771,0.797,0.802,0.764,0.777,0.775,0.780,0.273,0.455,0.758,0.455,0.777,0.467,0.455,0.813,0.461,0.394,0.430,0.558,0.835,0.761,0.780,0.388,0.816,0.448,0.212,0.772,0.558,0.430,0.388,0.576,0.788,0.805,0.461,0.388,0.810,0.780,0.777,0.804,0.558,0.758,0.279,0.810,0.279,0.769,0.761,0.807,0.552,0.467,0.461,0.455,0.448,0.442,0.783,0.382,0.783,0.430,0.424,0.455,0.436,0.802,0.388,0.588,0.461,0.455,0.777,0.364,0.442,0.539,0.588,0.758,0.079,0.797,0.826,0.406,0.791,0.448,0.430,0.418,0.442,0.766,0.461,0.808,0.442,0.436,0.791,0.780,0.388,0.436,0.582,0.758,0.576,0.794,0.442,0.780,0.206,0.067,0.539,0.376,0.055,0.777,0.000,0.558,0.745,0.461,0.061,0.755,0.552,0.200,0.558,0.448,0.558,0.394,0.448,0.376,0.772,0.564,0.424,0.455,0.570,0.455,0.775,0.761,0.558,0.758,0.461,0.810,0.570,0.461,0.769,0.564,0.206,0.448,0.382,0.442,0.829,0.775,0.552,0.813,0.455,0.455,0.769,0.582,0.558,0.829,0.461,0.448,0.819,0.455,0.206,0.079,0.418,0.364,0.461,0.055,0.218,0.777,0.552,0.448,0.455,0.576,0.758,0.388,0.775,0.279,0.772,0.775,0.376,0.479,0.455,0.255,0.448,0.424,0.436,0.273,0.279,0.758,0.799,0.461,0.424,0.794,0.576,0.808,0.079,0.461,0.436,0.436,0.807,0.772,0.777,0.382,0.461,0.777,0.777,0.455,0.461,0.461,0.412,0.370,0.772,0.763,0.780,0.758,0.558,0.455,0.802,0.807,0.218,0.576,0.448,0.558,0.376,0.777,0.552,0.448,0.764,0.564,0.527,0.424,0.455,0.758,0.552,0.797,0.750,0.218,0.424
7PNB_k_5_MAN;0.810,0.796,0.570,0.600,0.796,0.755,0.810,0.073,0.564,0.791,0.793,0.570,0.564,0.473,0.485,0.461,0.485,0.576,0.799,0.761,0.461,0.570,0.764,0.570,0.521,0.448,0.793,0.545,0.771,0.780,0.780,0.775,0.766,0.791,0.772,0.570,0.509,0.775,0.461,0.788,0.479,0.442,0.810,0.527,0.455,0.461,0.685,0.796,0.755,0.766,0.448,0.750,0.455,0.576,0.783,0.030,0.448,0.448,0.594,0.772,0.813,0.491,0.430,0.810,0.761,0.769,0.749,0.564,0.766,0.576,0.808,0.588,0.769,0.775,0.741,0.685,0.564,0.503,0.509,0.442,0.503,0.769,0.448,0.769,0.467,0.442,0.455,0.442,0.733,0.442,0.618,0.570,0.473,0.797,0.436,0.503,0.685,0.606,0.772,0.558,0.772,0.796,0.436,0.772,0.503,0.467,0.448,0.448,0.769,0.527,0.808,0.455,0.436,0.783,0.769,0.436,0.455,0.600,0.766,0.594,0.769,0.473,0.769,0.570,0.539,0.055,0.442,0.558,0.794,0.558,0.000,0.753,0.461,0.539,0.761,0.570,0.570,0.685,0.479,0.685,0.448,0.509,0.430,0.769,0.558,0.430,0.582,0.570,0.485,0.794,0.780,0.691,0.761,0.521,0.813,0.564,0.521,0.761,0.036,0.576,0.515,0.436,0.455,0.793,0.761,0.024,0.753,0.515,0.485,0.772,0.612,0.564,0.796,0.485,0.455,0.813,0.485,0.570,0.558,0.455,0.442,0.485,0.558,0.576,0.769,0.012,0.509,0.509,0.570,0.780,0.448,0.766,0.576,0.791,0.766,0.442,0.594,0.485,0.582,0.503,0.430,0.473,0.564,0.576,0.761,0.775,0.467,0.461,0.769,0.600,0.747,0.545,0.570,0.455,0.473,0.741,0.758,0.794,0.448,0.479,0.758,0.769,0.485,0.479,0.527,0.442,0.442,0.791,0.760,0.772,0.761,0.691,0.509,0.727,0.749,0.582,0.594,0.564,0.018,0.442,0.797,0.691,0.467,0.766,0.564,0.079,0.461,0.479,0.764,0.685,0.772,0.758,0.582,0.461
7PNB_x_1_NAG;0.566,0.632,0.745,0.786,0.632,0.429,0.574,0.745,0.810,0.486,0.629,0.753,0.775,0.723,0.717,0.717,0.717,0.758,0.629,0.418,0.725,0.799,0.363,0.805,0.720,0.728,0.629,0.750,0.429,0.508,0.522,0.492,0.442,0.484,0.390,0.747,0.739,0.473,0.723,0.404,0.725,0.725,0.563,0.723,0.714,0.723,0.832,0.632,0.426,0.365,0.712,0.530,0.720,0.758,0.495,0.753,0.725,0.725,0.783,0.503,0.566,0.720,0.712,0.566,0.363,0.368,0.547,0.772,0.113,0.747,0.563,0.747,0.486,0.475,0.519,0.832,0.816,0.723,0.739,0.725,0.717,0.371,0.723,0.486,0.723,0.720,0.725,0.717,0.511,0.728,0.791,0.813,0.723,0.492,0.717,0.734,0.824,0.786,0.462,0.753,0.516,0.629,0.720,0.511,0.739,0.720,0.717,0.720,0.401,0.725,0.563,0.712,0.723,0.382,0.475,0.712,0.728,0.786,0.165,0.780,0.508,0.717,0.481,0.755,0.747,0.750,0.720,0.750,0.489,0.745,0.753,0.000,0.723,0.747,0.159,0.775,0.755,0.830,0.720,0.832,0.712,0.739,0.709,0.464,0.769,0.723,0.808,0.775,0.723,0.486,0.481,0.827,0.140,0.723,0.558,0.772,0.723,0.357,0.753,0.758,0.717,0.709,0.717,0.629,0.423,0.742,0.525,0.723,0.725,0.486,0.788,0.775,0.626,0.720,0.720,0.577,0.714,0.755,0.750,0.720,0.717,0.717,0.753,0.761,0.484,0.750,0.739,0.739,0.775,0.473,0.712,0.462,0.742,0.484,0.478,0.720,0.813,0.731,0.747,0.739,0.720,0.725,0.750,0.745,0.187,0.516,0.728,0.717,0.511,0.786,0.516,0.747,0.813,0.728,0.728,0.547,0.423,0.492,0.712,0.717,0.368,0.374,0.725,0.728,0.723,0.717,0.720,0.481,0.478,0.486,0.165,0.830,0.739,0.530,0.549,0.758,0.780,0.802,0.747,0.723,0.497,0.824,0.720,0.464,0.769,0.745,0.720,0.728,0.162,0.824,0.514,0.091,0.761,0.720
7PNB_k_6_MAN;0.764,0.771,0.485,0.473,0.774,0.736,0.769,0.424,0.552,0.734,0.766,0.497,0.515,0.200,0.212,0.164,0.218,0.479,0.769,0.728,0.230,0.539,0.742,0.552,0.279,0.158,0.766,0.455,0.736,0.734,0.742,0.714,0.736,0.734,0.736,0.491,0.339,0.706,0.018,0.752,0.030,0.145,0.764,0.285,0.339,0.206,0.624,0.777,0.739,0.736,0.333,0.766,0.024,0.479,0.720,0.467,0.133,0.309,0.479,0.728,0.761,0.212,0.339,0.766,0.747,0.742,0.760,0.509,0.731,0.497,0.766,0.491,0.712,0.706,0.755,0.624,0.558,0.230,0.339,0.152,0.261,0.728,0.303,0.706,0.200,0.194,0.030,0.206,0.749,0.309,0.491,0.558,0.018,0.736,0.309,0.333,0.606,0.491,0.706,0.467,0.736,0.769,0.206,0.734,0.339,0.194,0.188,0.164,0.747,0.285,0.764,0.255,0.139,0.745,0.701,0.333,0.133,0.479,0.728,0.485,0.731,0.261,0.703,0.479,0.455,0.430,0.303,0.467,0.736,0.461,0.461,0.723,0.000,0.455,0.723,0.497,0.473,0.618,0.261,0.624,0.333,0.339,0.327,0.692,0.503,0.224,0.552,0.503,0.212,0.734,0.709,0.612,0.720,0.291,0.764,0.503,0.291,0.734,0.448,0.491,0.273,0.333,0.030,0.769,0.734,0.448,0.764,0.273,0.273,0.714,0.485,0.497,0.769,0.212,0.012,0.772,0.206,0.479,0.467,0.224,0.303,0.218,0.479,0.485,0.701,0.448,0.339,0.339,0.509,0.701,0.333,0.695,0.491,0.734,0.698,0.303,0.576,0.242,0.479,0.339,0.218,0.200,0.479,0.491,0.728,0.734,0.024,0.188,0.742,0.473,0.755,0.455,0.564,0.133,0.200,0.758,0.728,0.736,0.333,0.218,0.742,0.731,0.255,0.261,0.291,0.224,0.297,0.734,0.741,0.703,0.720,0.618,0.339,0.741,0.763,0.479,0.485,0.545,0.448,0.303,0.736,0.618,0.248,0.692,0.497,0.424,0.200,0.248,0.725,0.606,0.739,0.723,0.497,0.194
7PNB_O_3_YZT;0.816,0.829,0.297,0.570,0.835,0.766,0.813,0.521,0.436,0.772,0.832,0.273,0.539,0.442,0.448,0.436,0.448,0.206,0.829,0.755,0.418,0.430,0.777,0.436,0.467,0.448,0.832,0.024,0.774,0.797,0.802,0.758,0.777,0.772,0.777,0.291,0.461,0.761,0.448,0.780,0.467,0.442,0.810,0.473,0.382,0.430,0.576,0.837,0.764,0.777,0.376,0.810,0.442,0.212,0.769,0.533,0.424,0.382,0.570,0.788,0.805,0.448,0.376,0.810,0.780,0.777,0.802,0.533,0.764,0.303,0.810,0.303,0.766,0.764,0.802,0.570,0.448,0.461,0.461,0.436,0.455,0.780,0.376,0.780,0.436,0.424,0.448,0.430,0.793,0.376,0.582,0.442,0.448,0.775,0.358,0.448,0.558,0.582,0.764,0.055,0.797,0.829,0.412,0.791,0.455,0.436,0.424,0.430,0.769,0.473,0.808,0.442,0.424,0.788,0.777,0.376,0.430,0.576,0.764,0.570,0.794,0.461,0.777,0.206,0.006,0.521,0.370,0.042,0.775,0.061,0.539,0.747,0.455,0.000,0.758,0.527,0.200,0.564,0.461,0.576,0.382,0.455,0.370,0.769,0.539,0.418,0.436,0.545,0.455,0.772,0.764,0.564,0.764,0.473,0.810,0.545,0.473,0.772,0.533,0.218,0.461,0.376,0.436,0.832,0.772,0.545,0.808,0.467,0.467,0.766,0.576,0.533,0.832,0.448,0.442,0.816,0.448,0.206,0.061,0.418,0.358,0.448,0.067,0.230,0.775,0.533,0.455,0.461,0.552,0.764,0.376,0.772,0.297,0.769,0.772,0.370,0.461,0.467,0.285,0.455,0.418,0.442,0.291,0.303,0.764,0.799,0.461,0.430,0.794,0.570,0.805,0.018,0.442,0.430,0.442,0.802,0.769,0.775,0.376,0.448,0.777,0.777,0.467,0.473,0.473,0.418,0.364,0.769,0.755,0.777,0.761,0.564,0.461,0.793,0.804,0.218,0.570,0.424,0.545,0.370,0.775,0.558,0.455,0.761,0.539,0.521,0.430,0.467,0.764,0.558,0.797,0.753,0.218,0.424
7PNB_J_1_NAG;0.563,0.646,0.755,0.780,0.648,0.459,0.566,0.750,0.816,0.495,0.646,0.764,0.769,0.720,0.712,0.723,0.717,0.761,0.643,0.445,0.728,0.802,0.387,0.810,0.720,0.725,0.646,0.761,0.456,0.514,0.527,0.514,0.470,0.500,0.376,0.755,0.734,0.505,0.723,0.431,0.725,0.723,0.555,0.723,0.712,0.725,0.832,0.648,0.448,0.368,0.712,0.511,0.720,0.761,0.516,0.761,0.720,0.723,0.777,0.505,0.563,0.714,0.712,0.560,0.390,0.379,0.522,0.766,0.118,0.755,0.558,0.758,0.508,0.497,0.503,0.832,0.821,0.717,0.734,0.723,0.717,0.371,0.720,0.495,0.720,0.723,0.725,0.714,0.503,0.725,0.786,0.819,0.723,0.500,0.714,0.728,0.824,0.783,0.486,0.764,0.516,0.643,0.725,0.511,0.734,0.717,0.720,0.720,0.429,0.725,0.555,0.712,0.720,0.401,0.486,0.712,0.725,0.783,0.030,0.775,0.508,0.717,0.492,0.761,0.758,0.755,0.717,0.761,0.497,0.755,0.761,0.159,0.723,0.758,0.000,0.764,0.758,0.830,0.720,0.832,0.712,0.736,0.709,0.475,0.766,0.728,0.813,0.766,0.717,0.492,0.503,0.827,0.055,0.723,0.558,0.764,0.723,0.376,0.761,0.761,0.717,0.709,0.717,0.646,0.456,0.750,0.516,0.723,0.725,0.500,0.783,0.764,0.643,0.714,0.720,0.571,0.709,0.761,0.761,0.723,0.714,0.717,0.766,0.764,0.497,0.758,0.736,0.734,0.766,0.500,0.709,0.470,0.753,0.492,0.486,0.717,0.816,0.725,0.758,0.734,0.723,0.723,0.761,0.753,0.063,0.522,0.728,0.717,0.514,0.780,0.505,0.758,0.819,0.725,0.728,0.527,0.464,0.503,0.709,0.717,0.393,0.371,0.723,0.725,0.725,0.723,0.717,0.489,0.495,0.500,0.036,0.830,0.734,0.519,0.536,0.761,0.780,0.808,0.755,0.720,0.503,0.824,0.720,0.475,0.761,0.750,0.717,0.725,0.041,0.824,0.511,0.104,0.764,0.720
7PNB_a_4_BGC;0.764,0.763,0.570,0.485,0.766,0.755,0.761,0.576,0.509,0.747,0.766,0.570,0.018,0.509,0.461,0.509,0.485,0.521,0.763,0.758,0.521,0.515,0.758,0.503,0.521,0.503,0.766,0.527,0.760,0.750,0.755,0.739,0.755,0.750,0.769,0.564,0.430,0.755,0.503,0.766,0.479,0.497,0.758,0.521,0.527,0.527,0.624,0.769,0.761,0.761,0.521,0.750,0.497,0.521,0.731,0.576,0.479,0.521,0.473,0.753,0.766,0.473,0.533,0.761,0.755,0.755,0.758,0.024,0.769,0.570,0.761,0.558,0.745,0.761,0.749,0.624,0.521,0.455,0.430,0.497,0.521,0.755,0.527,0.766,0.509,0.533,0.509,0.533,0.755,0.509,0.497,0.527,0.503,0.750,0.515,0.430,0.630,0.479,0.764,0.533,0.750,0.763,0.515,0.747,0.424,0.515,0.527,0.515,0.758,0.521,0.758,0.515,0.491,0.755,0.758,0.533,0.479,0.485,0.764,0.473,0.750,0.497,0.764,0.521,0.527,0.564,0.521,0.533,0.750,0.552,0.570,0.775,0.497,0.527,0.764,0.000,0.527,0.624,0.503,0.624,0.533,0.436,0.527,0.764,0.030,0.509,0.509,0.018,0.455,0.745,0.747,0.630,0.766,0.521,0.769,0.024,0.521,0.758,0.558,0.527,0.521,0.533,0.497,0.766,0.753,0.576,0.750,0.521,0.515,0.753,0.491,0.024,0.766,0.467,0.497,0.764,0.455,0.521,0.533,0.521,0.515,0.485,0.545,0.527,0.758,0.564,0.436,0.430,0.030,0.750,0.521,0.761,0.570,0.750,0.764,0.521,0.527,0.509,0.570,0.424,0.509,0.509,0.564,0.576,0.766,0.755,0.491,0.515,0.747,0.485,0.753,0.527,0.521,0.479,0.509,0.755,0.758,0.750,0.521,0.473,0.755,0.758,0.509,0.503,0.527,0.527,0.515,0.750,0.752,0.764,0.766,0.630,0.430,0.736,0.758,0.527,0.473,0.503,0.576,0.509,0.750,0.636,0.509,0.764,0.030,0.576,0.515,0.509,0.764,0.630,0.747,0.766,0.521,0.515
7PNB_m_3_YZT;0.799,0.832,0.285,0.582,0.837,0.758,0.799,0.558,0.412,0.753,0.832,0.255,0.533,0.455,0.485,0.485,0.485,0.006,0.829,0.750,0.461,0.400,0.777,0.406,0.461,0.485,0.832,0.200,0.763,0.791,0.797,0.758,0.766,0.753,0.772,0.273,0.461,0.769,0.479,0.769,0.479,0.485,0.794,0.467,0.382,0.467,0.600,0.840,0.753,0.777,0.376,0.799,0.473,0.012,0.761,0.570,0.467,0.400,0.582,0.786,0.794,0.485,0.376,0.797,0.777,0.777,0.785,0.527,0.761,0.279,0.797,0.267,0.764,0.769,0.793,0.594,0.418,0.485,0.461,0.485,0.448,0.777,0.394,0.777,0.448,0.467,0.479,0.461,0.788,0.394,0.594,0.418,0.479,0.755,0.376,0.455,0.582,0.594,0.761,0.224,0.794,0.829,0.455,0.791,0.455,0.448,0.467,0.485,0.753,0.467,0.794,0.455,0.479,0.780,0.775,0.376,0.467,0.588,0.761,0.582,0.791,0.461,0.775,0.018,0.194,0.558,0.388,0.194,0.755,0.200,0.570,0.755,0.473,0.200,0.758,0.527,0.000,0.588,0.455,0.600,0.382,0.455,0.370,0.766,0.533,0.473,0.412,0.545,0.479,0.753,0.764,0.588,0.761,0.467,0.794,0.539,0.467,0.766,0.558,0.030,0.455,0.376,0.467,0.835,0.758,0.576,0.797,0.461,0.461,0.761,0.588,0.527,0.832,0.485,0.473,0.799,0.479,0.018,0.212,0.461,0.376,0.485,0.218,0.030,0.772,0.564,0.455,0.461,0.545,0.766,0.376,0.769,0.267,0.750,0.769,0.388,0.412,0.461,0.261,0.455,0.461,0.455,0.291,0.291,0.761,0.797,0.473,0.455,0.788,0.582,0.799,0.206,0.418,0.467,0.461,0.791,0.755,0.755,0.376,0.485,0.780,0.780,0.461,0.467,0.473,0.461,0.382,0.750,0.771,0.775,0.764,0.588,0.461,0.782,0.799,0.018,0.582,0.400,0.576,0.388,0.755,0.594,0.455,0.764,0.533,0.558,0.442,0.461,0.764,0.582,0.797,0.758,0.030,0.448
7PNB_K_3_YZT;0.830,0.815,0.618,0.594,0.818,0.838,0.827,0.679,0.612,0.832,0.810,0.618,0.624,0.618,0.594,0.624,0.600,0.582,0.813,0.841,0.612,0.606,0.824,0.606,0.624,0.618,0.810,0.552,0.843,0.832,0.835,0.830,0.840,0.830,0.827,0.612,0.600,0.832,0.624,0.857,0.606,0.612,0.824,0.630,0.679,0.624,0.012,0.818,0.838,0.821,0.673,0.857,0.618,0.582,0.832,0.679,0.600,0.630,0.600,0.830,0.824,0.600,0.679,0.824,0.827,0.824,0.848,0.624,0.830,0.618,0.827,0.612,0.827,0.832,0.848,0.024,0.612,0.576,0.600,0.618,0.630,0.824,0.636,0.841,0.606,0.618,0.624,0.624,0.851,0.618,0.606,0.618,0.624,0.832,0.642,0.600,0.030,0.594,0.832,0.570,0.835,0.813,0.618,0.832,0.600,0.624,0.618,0.624,0.849,0.630,0.821,0.594,0.606,0.813,0.843,0.679,0.606,0.594,0.830,0.600,0.835,0.576,0.841,0.576,0.570,0.679,0.636,0.564,0.832,0.558,0.685,0.830,0.618,0.564,0.830,0.624,0.588,0.000,0.588,0.012,0.685,0.606,0.673,0.841,0.618,0.624,0.612,0.624,0.582,0.832,0.830,0.012,0.830,0.630,0.827,0.618,0.630,0.819,0.685,0.594,0.630,0.679,0.624,0.815,0.838,0.691,0.860,0.624,0.582,0.830,0.600,0.624,0.813,0.594,0.618,0.832,0.588,0.576,0.564,0.612,0.636,0.600,0.570,0.588,0.841,0.679,0.606,0.600,0.618,0.821,0.679,0.841,0.612,0.830,0.838,0.636,0.624,0.588,0.594,0.600,0.624,0.618,0.618,0.618,0.832,0.835,0.612,0.618,0.830,0.594,0.857,0.558,0.618,0.606,0.606,0.851,0.841,0.832,0.673,0.594,0.819,0.821,0.582,0.576,0.630,0.624,0.630,0.830,0.815,0.838,0.830,0.024,0.600,0.848,0.851,0.588,0.594,0.600,0.691,0.624,0.832,0.012,0.594,0.835,0.618,0.679,0.612,0.582,0.830,0.012,0.835,0.827,0.582,0.612
7PNB_R_6_MAN;0.777,0.785,0.473,0.461,0.791,0.742,0.780,0.461,0.576,0.736,0.782,0.479,0.515,0.170,0.255,0.206,0.248,0.455,0.788,0.725,0.182,0.564,0.766,0.576,0.230,0.212,0.782,0.455,0.741,0.745,0.745,0.725,0.749,0.736,0.739,0.479,0.394,0.709,0.248,0.741,0.273,0.212,0.775,0.236,0.279,0.176,0.594,0.788,0.739,0.758,0.273,0.755,0.248,0.455,0.731,0.467,0.176,0.303,0.467,0.742,0.772,0.242,0.267,0.777,0.766,0.769,0.755,0.509,0.714,0.491,0.777,0.473,0.725,0.712,0.747,0.594,0.582,0.248,0.394,0.200,0.236,0.755,0.297,0.745,0.182,0.164,0.236,0.182,0.749,0.291,0.479,0.576,0.255,0.739,0.285,0.382,0.582,0.479,0.714,0.467,0.747,0.785,0.194,0.739,0.388,0.170,0.176,0.200,0.736,0.242,0.775,0.030,0.194,0.750,0.742,0.261,0.182,0.467,0.714,0.473,0.745,0.024,0.742,0.461,0.461,0.455,0.297,0.455,0.739,0.448,0.479,0.720,0.261,0.461,0.720,0.503,0.455,0.588,0.000,0.594,0.267,0.388,0.261,0.734,0.509,0.194,0.576,0.515,0.255,0.736,0.714,0.588,0.717,0.230,0.775,0.515,0.230,0.750,0.473,0.455,0.224,0.267,0.242,0.782,0.745,0.467,0.755,0.236,0.030,0.725,0.473,0.503,0.788,0.248,0.255,0.783,0.255,0.461,0.455,0.188,0.285,0.248,0.467,0.461,0.739,0.467,0.388,0.394,0.521,0.712,0.285,0.736,0.473,0.734,0.736,0.297,0.594,0.055,0.461,0.388,0.194,0.176,0.479,0.485,0.720,0.747,0.242,0.182,0.745,0.461,0.755,0.461,0.582,0.182,0.176,0.755,0.745,0.739,0.279,0.255,0.766,0.758,0.036,0.036,0.248,0.188,0.291,0.734,0.749,0.742,0.720,0.594,0.394,0.744,0.760,0.461,0.473,0.570,0.467,0.297,0.739,0.582,0.012,0.728,0.509,0.461,0.176,0.030,0.714,0.582,0.747,0.714,0.455,0.176
7PNB_t_3_YZT;0.827,0.813,0.624,0.600,0.815,0.838,0.824,0.685,0.618,0.830,0.807,0.624,0.624,0.624,0.600,0.630,0.606,0.594,0.810,0.841,0.618,0.612,0.824,0.612,0.630,0.624,0.807,0.564,0.843,0.830,0.832,0.832,0.840,0.827,0.824,0.618,0.606,0.835,0.630,0.857,0.612,0.618,0.821,0.636,0.685,0.630,0.000,0.815,0.838,0.821,0.679,0.857,0.624,0.594,0.835,0.685,0.606,0.636,0.606,0.830,0.827,0.606,0.685,0.821,0.827,0.824,0.848,0.624,0.832,0.624,0.824,0.618,0.830,0.835,0.848,0.012,0.618,0.582,0.606,0.624,0.636,0.824,0.642,0.843,0.612,0.624,0.630,0.630,0.851,0.624,0.612,0.624,0.630,0.830,0.648,0.606,0.030,0.600,0.835,0.570,0.832,0.810,0.624,0.830,0.606,0.630,0.624,0.630,0.849,0.636,0.819,0.600,0.612,0.810,0.846,0.685,0.612,0.600,0.832,0.606,0.832,0.582,0.843,0.588,0.582,0.679,0.642,0.564,0.830,0.558,0.685,0.832,0.624,0.576,0.832,0.624,0.600,0.012,0.594,0.000,0.691,0.612,0.679,0.843,0.618,0.630,0.618,0.624,0.588,0.830,0.832,0.024,0.832,0.636,0.824,0.618,0.636,0.819,0.685,0.594,0.636,0.685,0.630,0.813,0.838,0.691,0.860,0.630,0.588,0.832,0.606,0.624,0.810,0.600,0.624,0.830,0.594,0.588,0.564,0.618,0.642,0.606,0.570,0.588,0.843,0.679,0.612,0.606,0.618,0.824,0.685,0.843,0.618,0.832,0.841,0.642,0.630,0.594,0.600,0.606,0.630,0.624,0.624,0.624,0.835,0.832,0.618,0.624,0.827,0.600,0.857,0.570,0.624,0.612,0.612,0.851,0.841,0.830,0.679,0.600,0.819,0.821,0.588,0.582,0.636,0.630,0.636,0.832,0.818,0.841,0.832,0.024,0.606,0.848,0.851,0.600,0.600,0.606,0.691,0.630,0.830,0.024,0.600,0.838,0.618,0.685,0.618,0.588,0.832,0.024,0.832,0.830,0.594,0.618
7PNB_Y_4_BGC;0.802,0.810,0.485,0.533,0.813,0.745,0.802,0.424,0.588,0.750,0.810,0.473,0.545,0.352,0.376,0.321,0.370,0.388,0.810,0.739,0.297,0.570,0.761,0.582,0.339,0.321,0.810,0.394,0.752,0.766,0.772,0.750,0.752,0.750,0.766,0.485,0.406,0.731,0.321,0.755,0.364,0.321,0.799,0.345,0.018,0.303,0.691,0.815,0.742,0.761,0.018,0.772,0.327,0.388,0.758,0.455,0.327,0.164,0.539,0.761,0.797,0.364,0.018,0.802,0.761,0.761,0.766,0.539,0.717,0.491,0.802,0.497,0.747,0.736,0.766,0.691,0.600,0.394,0.406,0.321,0.327,0.755,0.158,0.766,0.345,0.285,0.327,0.327,0.758,0.164,0.552,0.594,0.321,0.753,0.139,0.394,0.673,0.552,0.723,0.394,0.769,0.810,0.309,0.761,0.400,0.345,0.291,0.309,0.742,0.352,0.799,0.255,0.327,0.766,0.761,0.012,0.333,0.539,0.714,0.545,0.764,0.285,0.761,0.394,0.382,0.436,0.152,0.382,0.753,0.394,0.448,0.712,0.333,0.382,0.712,0.533,0.382,0.685,0.267,0.691,0.000,0.400,0.024,0.753,0.539,0.321,0.588,0.545,0.394,0.750,0.742,0.679,0.714,0.345,0.799,0.539,0.345,0.745,0.442,0.394,0.333,0.018,0.321,0.810,0.753,0.436,0.766,0.339,0.291,0.745,0.545,0.533,0.810,0.370,0.327,0.808,0.382,0.394,0.382,0.297,0.152,0.370,0.394,0.394,0.758,0.448,0.400,0.406,0.545,0.736,0.024,0.755,0.485,0.750,0.755,0.152,0.600,0.285,0.467,0.400,0.315,0.358,0.491,0.497,0.717,0.769,0.345,0.345,0.766,0.533,0.766,0.382,0.594,0.333,0.358,0.766,0.745,0.753,0.030,0.376,0.766,0.764,0.297,0.285,0.358,0.303,0.158,0.750,0.741,0.764,0.712,0.685,0.406,0.755,0.777,0.394,0.545,0.576,0.436,0.164,0.753,0.673,0.261,0.742,0.533,0.424,0.345,0.291,0.714,0.673,0.766,0.714,0.400,0.352
7PNB_r_4_BGC;0.780,0.771,0.479,0.491,0.777,0.742,0.783,0.479,0.509,0.736,0.769,0.503,0.442,0.345,0.345,0.364,0.352,0.448,0.771,0.750,0.382,0.503,0.750,0.509,0.382,0.382,0.769,0.455,0.755,0.717,0.717,0.714,0.747,0.736,0.736,0.491,0.006,0.712,0.358,0.758,0.327,0.370,0.780,0.388,0.400,0.382,0.612,0.774,0.750,0.758,0.394,0.780,0.345,0.448,0.720,0.509,0.352,0.333,0.485,0.709,0.775,0.339,0.394,0.780,0.750,0.755,0.771,0.436,0.736,0.503,0.775,0.479,0.706,0.706,0.766,0.612,0.521,0.339,0.006,0.376,0.376,0.747,0.327,0.709,0.339,0.370,0.358,0.370,0.769,0.339,0.503,0.521,0.352,0.739,0.321,0.018,0.600,0.497,0.709,0.442,0.717,0.769,0.370,0.712,0.012,0.352,0.376,0.382,0.745,0.388,0.777,0.400,0.364,0.742,0.709,0.394,0.358,0.491,0.734,0.491,0.712,0.382,0.703,0.455,0.455,0.479,0.321,0.448,0.739,0.448,0.509,0.739,0.339,0.455,0.736,0.436,0.455,0.606,0.388,0.612,0.400,0.000,0.388,0.701,0.442,0.394,0.509,0.442,0.339,0.736,0.714,0.606,0.734,0.394,0.780,0.436,0.394,0.745,0.497,0.461,0.376,0.394,0.339,0.774,0.739,0.503,0.777,0.388,0.388,0.703,0.491,0.430,0.774,0.339,0.339,0.777,0.333,0.455,0.448,0.376,0.309,0.352,0.448,0.455,0.706,0.503,0.000,0.006,0.442,0.703,0.394,0.703,0.479,0.736,0.701,0.321,0.533,0.376,0.485,0.012,0.382,0.345,0.479,0.491,0.734,0.717,0.339,0.352,0.706,0.491,0.769,0.448,0.515,0.358,0.345,0.766,0.750,0.739,0.394,0.345,0.747,0.755,0.376,0.382,0.394,0.388,0.315,0.736,0.755,0.706,0.739,0.612,0.006,0.758,0.771,0.455,0.491,0.503,0.509,0.321,0.739,0.612,0.400,0.703,0.430,0.485,0.352,0.382,0.734,0.600,0.717,0.736,0.461,0.364
7PNB_i_4_BGC;0.802,0.810,0.473,0.533,0.813,0.742,0.799,0.400,0.582,0.750,0.810,0.461,0.539,0.333,0.364,0.321,0.364,0.376,0.810,0.734,0.303,0.564,0.753,0.576,0.327,0.321,0.810,0.382,0.749,0.766,0.766,0.745,0.749,0.750,0.764,0.473,0.394,0.723,0.315,0.752,0.358,0.321,0.799,0.333,0.042,0.297,0.679,0.815,0.736,0.753,0.030,0.769,0.321,0.376,0.753,0.436,0.315,0.145,0.539,0.755,0.794,0.358,0.018,0.799,0.753,0.753,0.760,0.533,0.717,0.485,0.799,0.485,0.742,0.728,0.760,0.679,0.594,0.382,0.394,0.309,0.315,0.747,0.139,0.758,0.327,0.279,0.321,0.309,0.752,0.152,0.552,0.588,0.315,0.753,0.121,0.382,0.667,0.552,0.717,0.376,0.764,0.810,0.291,0.761,0.388,0.327,0.273,0.309,0.739,0.339,0.797,0.248,0.315,0.764,0.755,0.012,0.321,0.539,0.714,0.545,0.758,0.267,0.755,0.382,0.370,0.412,0.133,0.370,0.753,0.376,0.430,0.709,0.327,0.370,0.709,0.527,0.370,0.673,0.261,0.679,0.024,0.388,0.000,0.747,0.533,0.303,0.582,0.539,0.382,0.750,0.734,0.673,0.712,0.333,0.797,0.533,0.333,0.739,0.424,0.382,0.321,0.006,0.315,0.810,0.745,0.418,0.761,0.327,0.285,0.739,0.545,0.521,0.810,0.364,0.321,0.808,0.370,0.382,0.370,0.303,0.133,0.364,0.376,0.382,0.753,0.430,0.388,0.394,0.539,0.728,0.048,0.750,0.473,0.750,0.750,0.133,0.594,0.279,0.455,0.388,0.297,0.339,0.479,0.485,0.717,0.764,0.339,0.327,0.766,0.533,0.761,0.370,0.588,0.321,0.339,0.763,0.742,0.753,0.030,0.370,0.755,0.755,0.291,0.279,0.345,0.297,0.139,0.750,0.744,0.755,0.709,0.679,0.394,0.752,0.774,0.382,0.545,0.570,0.418,0.145,0.753,0.667,0.255,0.736,0.527,0.406,0.327,0.285,0.712,0.667,0.766,0.712,0.388,0.339
7PNB_u_2_NAG;0.571,0.602,0.780,0.755,0.607,0.445,0.577,0.755,0.802,0.385,0.602,0.780,0.772,0.701,0.714,0.698,0.717,0.766,0.599,0.464,0.714,0.802,0.475,0.802,0.712,0.706,0.602,0.772,0.456,0.453,0.456,0.330,0.467,0.387,0.500,0.777,0.701,0.346,0.701,0.464,0.690,0.701,0.574,0.714,0.753,0.714,0.843,0.607,0.456,0.464,0.750,0.566,0.698,0.766,0.327,0.769,0.701,0.734,0.750,0.445,0.566,0.714,0.750,0.574,0.470,0.464,0.569,0.772,0.464,0.777,0.569,0.777,0.324,0.343,0.552,0.843,0.808,0.714,0.701,0.703,0.703,0.478,0.731,0.058,0.698,0.709,0.698,0.709,0.552,0.734,0.764,0.805,0.701,0.385,0.728,0.703,0.835,0.758,0.332,0.766,0.459,0.599,0.703,0.464,0.703,0.701,0.709,0.706,0.456,0.714,0.569,0.734,0.698,0.492,0.052,0.750,0.701,0.755,0.470,0.750,0.451,0.731,0.038,0.766,0.769,0.758,0.728,0.772,0.387,0.772,0.769,0.464,0.692,0.769,0.475,0.764,0.766,0.841,0.734,0.843,0.753,0.701,0.747,0.000,0.772,0.706,0.802,0.769,0.709,0.382,0.343,0.838,0.481,0.717,0.566,0.769,0.717,0.456,0.764,0.772,0.709,0.750,0.695,0.604,0.448,0.766,0.574,0.709,0.731,0.330,0.758,0.766,0.599,0.714,0.692,0.580,0.712,0.766,0.772,0.714,0.723,0.717,0.769,0.769,0.058,0.766,0.701,0.701,0.772,0.346,0.750,0.027,0.777,0.379,0.044,0.728,0.810,0.734,0.775,0.703,0.701,0.698,0.780,0.777,0.464,0.459,0.692,0.698,0.453,0.755,0.558,0.766,0.805,0.701,0.698,0.563,0.453,0.393,0.750,0.717,0.486,0.473,0.728,0.734,0.714,0.712,0.725,0.382,0.522,0.060,0.473,0.841,0.701,0.549,0.563,0.764,0.755,0.799,0.769,0.728,0.390,0.841,0.731,0.066,0.769,0.758,0.701,0.725,0.473,0.835,0.462,0.459,0.775,0.701
7PNB_u_4_BGC;0.766,0.766,0.570,0.503,0.763,0.764,0.764,0.564,0.527,0.745,0.766,0.570,0.012,0.515,0.479,0.527,0.491,0.527,0.766,0.761,0.527,0.521,0.753,0.521,0.527,0.509,0.766,0.539,0.763,0.753,0.758,0.745,0.758,0.747,0.764,0.558,0.436,0.758,0.509,0.763,0.485,0.503,0.761,0.527,0.533,0.533,0.618,0.763,0.766,0.755,0.527,0.750,0.503,0.527,0.736,0.564,0.485,0.527,0.497,0.755,0.769,0.491,0.539,0.764,0.750,0.750,0.758,0.006,0.769,0.564,0.764,0.558,0.747,0.764,0.749,0.618,0.539,0.473,0.436,0.503,0.527,0.750,0.533,0.777,0.515,0.539,0.515,0.539,0.755,0.515,0.515,0.545,0.509,0.747,0.521,0.436,0.624,0.497,0.766,0.545,0.753,0.766,0.521,0.750,0.430,0.521,0.533,0.521,0.758,0.527,0.761,0.521,0.497,0.755,0.769,0.539,0.485,0.503,0.766,0.497,0.753,0.503,0.772,0.527,0.539,0.552,0.527,0.545,0.747,0.564,0.558,0.769,0.503,0.539,0.766,0.030,0.533,0.618,0.509,0.618,0.539,0.442,0.533,0.772,0.000,0.515,0.527,0.024,0.473,0.742,0.750,0.624,0.766,0.527,0.772,0.018,0.527,0.755,0.545,0.533,0.527,0.539,0.503,0.766,0.758,0.564,0.753,0.527,0.521,0.758,0.509,0.018,0.766,0.485,0.503,0.766,0.473,0.527,0.545,0.527,0.521,0.491,0.558,0.533,0.769,0.552,0.442,0.436,0.024,0.753,0.527,0.772,0.570,0.747,0.772,0.527,0.545,0.515,0.582,0.430,0.515,0.515,0.564,0.570,0.764,0.758,0.497,0.521,0.750,0.503,0.753,0.539,0.539,0.485,0.515,0.755,0.764,0.747,0.527,0.479,0.750,0.753,0.515,0.509,0.533,0.533,0.521,0.747,0.758,0.775,0.766,0.624,0.436,0.733,0.758,0.533,0.491,0.521,0.564,0.515,0.747,0.630,0.515,0.772,0.012,0.564,0.521,0.515,0.766,0.624,0.750,0.766,0.527,0.521
7PNB_i_6_MAN;0.775,0.796,0.473,0.461,0.802,0.739,0.775,0.406,0.564,0.739,0.793,0.467,0.521,0.200,0.285,0.133,0.297,0.479,0.799,0.728,0.067,0.552,0.750,0.564,0.285,0.145,0.793,0.424,0.747,0.753,0.747,0.709,0.747,0.739,0.753,0.479,0.400,0.703,0.218,0.749,0.242,0.145,0.772,0.291,0.321,0.079,0.630,0.802,0.742,0.745,0.315,0.769,0.206,0.479,0.723,0.430,0.145,0.303,0.455,0.755,0.769,0.279,0.321,0.772,0.753,0.747,0.758,0.515,0.736,0.479,0.772,0.485,0.712,0.703,0.758,0.630,0.570,0.303,0.400,0.139,0.267,0.742,0.297,0.714,0.206,0.067,0.200,0.170,0.752,0.309,0.479,0.564,0.224,0.742,0.285,0.388,0.618,0.467,0.703,0.418,0.755,0.796,0.030,0.750,0.394,0.194,0.067,0.127,0.739,0.285,0.769,0.176,0.139,0.745,0.714,0.315,0.145,0.455,0.734,0.461,0.753,0.182,0.714,0.479,0.418,0.400,0.297,0.424,0.742,0.424,0.430,0.723,0.224,0.418,0.728,0.509,0.473,0.624,0.194,0.630,0.321,0.394,0.303,0.706,0.515,0.000,0.558,0.521,0.291,0.739,0.709,0.624,0.725,0.285,0.772,0.515,0.285,0.742,0.424,0.473,0.279,0.309,0.200,0.793,0.742,0.424,0.766,0.279,0.206,0.712,0.473,0.503,0.799,0.285,0.212,0.780,0.285,0.479,0.424,0.073,0.297,0.297,0.418,0.479,0.712,0.430,0.394,0.400,0.521,0.706,0.315,0.709,0.473,0.734,0.709,0.297,0.582,0.230,0.461,0.394,0.024,0.200,0.461,0.485,0.736,0.755,0.218,0.200,0.753,0.461,0.761,0.418,0.570,0.145,0.200,0.760,0.742,0.742,0.309,0.291,0.745,0.742,0.212,0.212,0.291,0.030,0.303,0.734,0.749,0.712,0.725,0.630,0.400,0.744,0.766,0.485,0.461,0.558,0.424,0.309,0.742,0.618,0.182,0.701,0.509,0.412,0.194,0.206,0.731,0.618,0.755,0.717,0.479,0.194
7PNB_z_3_YZT;0.802,0.796,0.412,0.564,0.802,0.797,0.802,0.588,0.030,0.819,0.796,0.430,0.515,0.558,0.552,0.576,0.558,0.406,0.796,0.799,0.588,0.061,0.788,0.024,0.552,0.588,0.796,0.436,0.807,0.808,0.816,0.799,0.793,0.816,0.805,0.412,0.503,0.802,0.558,0.813,0.533,0.582,0.802,0.545,0.588,0.588,0.618,0.799,0.797,0.797,0.582,0.799,0.558,0.400,0.794,0.594,0.564,0.564,0.558,0.810,0.810,0.558,0.588,0.802,0.783,0.786,0.799,0.521,0.813,0.430,0.805,0.412,0.794,0.799,0.793,0.618,0.055,0.533,0.503,0.588,0.552,0.788,0.564,0.808,0.558,0.570,0.564,0.570,0.791,0.558,0.576,0.042,0.558,0.819,0.558,0.509,0.630,0.570,0.805,0.448,0.810,0.793,0.564,0.810,0.497,0.564,0.576,0.588,0.797,0.545,0.805,0.582,0.576,0.788,0.805,0.588,0.570,0.564,0.813,0.558,0.808,0.570,0.808,0.400,0.436,0.582,0.558,0.436,0.819,0.455,0.582,0.808,0.552,0.436,0.813,0.509,0.412,0.612,0.576,0.618,0.588,0.509,0.582,0.802,0.527,0.558,0.000,0.509,0.539,0.819,0.797,0.618,0.810,0.545,0.810,0.515,0.545,0.783,0.588,0.400,0.558,0.588,0.564,0.799,0.791,0.576,0.802,0.552,0.576,0.799,0.570,0.521,0.799,0.552,0.558,0.808,0.545,0.400,0.448,0.594,0.558,0.558,0.448,0.394,0.805,0.576,0.509,0.503,0.509,0.794,0.582,0.802,0.412,0.819,0.802,0.558,0.061,0.570,0.418,0.497,0.545,0.558,0.406,0.430,0.813,0.813,0.545,0.564,0.799,0.564,0.802,0.442,0.030,0.570,0.545,0.791,0.794,0.819,0.582,0.552,0.780,0.791,0.570,0.576,0.545,0.570,0.552,0.819,0.796,0.808,0.816,0.618,0.503,0.788,0.793,0.406,0.558,0.030,0.576,0.552,0.819,0.624,0.582,0.802,0.521,0.588,0.564,0.564,0.813,0.624,0.813,0.808,0.388,0.564
7PNB_k_4_BGC;0.761,0.763,0.576,0.485,0.760,0.764,0.758,0.576,0.509,0.750,0.763,0.576,0.024,0.515,0.479,0.527,0.503,0.539,0.763,0.764,0.533,0.521,0.755,0.503,0.521,0.509,0.763,0.545,0.766,0.747,0.755,0.742,0.760,0.753,0.772,0.564,0.436,0.758,0.509,0.769,0.479,0.503,0.755,0.521,0.539,0.539,0.624,0.760,0.769,0.761,0.533,0.747,0.503,0.539,0.731,0.576,0.485,0.533,0.473,0.753,0.764,0.491,0.545,0.758,0.753,0.753,0.758,0.030,0.775,0.570,0.764,0.564,0.747,0.764,0.747,0.624,0.521,0.467,0.436,0.503,0.527,0.753,0.539,0.772,0.515,0.545,0.515,0.539,0.758,0.521,0.497,0.527,0.509,0.753,0.527,0.436,0.636,0.479,0.766,0.552,0.750,0.763,0.527,0.747,0.430,0.521,0.539,0.521,0.761,0.521,0.761,0.527,0.497,0.758,0.764,0.545,0.485,0.485,0.766,0.473,0.750,0.503,0.769,0.539,0.545,0.564,0.533,0.552,0.753,0.570,0.570,0.775,0.503,0.545,0.766,0.018,0.545,0.624,0.515,0.624,0.545,0.442,0.539,0.769,0.024,0.521,0.509,0.000,0.473,0.747,0.750,0.630,0.766,0.521,0.766,0.018,0.521,0.758,0.558,0.545,0.527,0.545,0.503,0.763,0.758,0.576,0.747,0.521,0.521,0.755,0.491,0.030,0.763,0.485,0.503,0.761,0.473,0.539,0.552,0.533,0.527,0.503,0.564,0.545,0.764,0.564,0.442,0.436,0.012,0.753,0.533,0.766,0.576,0.753,0.769,0.533,0.527,0.515,0.588,0.430,0.521,0.515,0.570,0.576,0.769,0.755,0.497,0.521,0.747,0.485,0.750,0.545,0.521,0.485,0.509,0.752,0.764,0.753,0.533,0.491,0.753,0.755,0.515,0.509,0.527,0.539,0.527,0.753,0.760,0.769,0.766,0.630,0.436,0.736,0.755,0.545,0.473,0.509,0.576,0.521,0.753,0.636,0.521,0.769,0.024,0.576,0.521,0.515,0.766,0.636,0.747,0.772,0.539,0.521
7PNB_S_6_MAN;0.777,0.769,0.491,0.473,0.774,0.745,0.777,0.455,0.533,0.745,0.766,0.509,0.473,0.200,0.030,0.261,0.042,0.479,0.766,0.736,0.279,0.527,0.742,0.533,0.273,0.261,0.766,0.448,0.749,0.739,0.747,0.723,0.747,0.745,0.731,0.497,0.339,0.709,0.218,0.755,0.200,0.248,0.777,0.279,0.400,0.291,0.588,0.774,0.747,0.742,0.394,0.755,0.206,0.479,0.731,0.485,0.224,0.364,0.473,0.736,0.772,0.048,0.388,0.780,0.742,0.742,0.755,0.467,0.725,0.509,0.780,0.485,0.717,0.709,0.749,0.588,0.539,0.024,0.339,0.242,0.255,0.728,0.358,0.720,0.206,0.279,0.218,0.224,0.749,0.364,0.485,0.539,0.212,0.747,0.364,0.333,0.582,0.479,0.712,0.461,0.747,0.766,0.273,0.742,0.339,0.200,0.273,0.255,0.747,0.285,0.777,0.261,0.230,0.739,0.717,0.388,0.224,0.479,0.723,0.473,0.736,0.248,0.720,0.479,0.455,0.461,0.358,0.461,0.747,0.455,0.485,0.723,0.212,0.455,0.717,0.455,0.479,0.582,0.255,0.588,0.394,0.339,0.382,0.709,0.473,0.291,0.539,0.473,0.000,0.745,0.720,0.588,0.714,0.285,0.777,0.467,0.285,0.734,0.467,0.485,0.267,0.388,0.212,0.769,0.747,0.485,0.755,0.267,0.267,0.720,0.479,0.455,0.769,0.036,0.200,0.786,0.036,0.479,0.461,0.285,0.358,0.042,0.479,0.485,0.717,0.479,0.339,0.339,0.473,0.709,0.394,0.712,0.479,0.739,0.712,0.358,0.558,0.255,0.479,0.339,0.279,0.206,0.491,0.503,0.723,0.745,0.212,0.194,0.736,0.473,0.755,0.455,0.545,0.224,0.206,0.752,0.745,0.747,0.394,0.042,0.736,0.734,0.248,0.261,0.291,0.285,0.352,0.739,0.716,0.714,0.717,0.594,0.339,0.744,0.755,0.485,0.473,0.527,0.485,0.358,0.747,0.582,0.255,0.709,0.461,0.455,0.212,0.248,0.717,0.582,0.745,0.717,0.485,0.206
7PNB_S_2_NAG;0.582,0.632,0.772,0.761,0.632,0.486,0.591,0.788,0.821,0.008,0.632,0.772,0.745,0.747,0.742,0.734,0.742,0.753,0.632,0.484,0.736,0.813,0.511,0.819,0.747,0.736,0.632,0.775,0.481,0.495,0.495,0.308,0.495,0.022,0.514,0.775,0.736,0.352,0.739,0.489,0.734,0.736,0.585,0.750,0.747,0.736,0.830,0.637,0.486,0.495,0.745,0.569,0.736,0.753,0.310,0.791,0.734,0.753,0.761,0.500,0.580,0.742,0.750,0.585,0.511,0.505,0.549,0.742,0.473,0.775,0.580,0.772,0.335,0.335,0.560,0.830,0.827,0.742,0.736,0.736,0.747,0.492,0.750,0.404,0.745,0.739,0.736,0.747,0.549,0.750,0.764,0.827,0.742,0.011,0.745,0.736,0.827,0.761,0.327,0.775,0.505,0.632,0.736,0.500,0.736,0.747,0.742,0.742,0.478,0.750,0.582,0.736,0.736,0.516,0.396,0.750,0.734,0.761,0.489,0.758,0.497,0.736,0.396,0.753,0.772,0.786,0.747,0.772,0.008,0.775,0.794,0.486,0.734,0.772,0.492,0.745,0.753,0.832,0.736,0.830,0.750,0.736,0.750,0.382,0.742,0.739,0.819,0.747,0.745,0.000,0.332,0.830,0.492,0.750,0.577,0.742,0.750,0.478,0.788,0.750,0.745,0.753,0.734,0.632,0.486,0.794,0.566,0.750,0.734,0.321,0.761,0.742,0.632,0.742,0.734,0.588,0.739,0.753,0.772,0.736,0.745,0.742,0.775,0.753,0.404,0.794,0.736,0.736,0.745,0.354,0.745,0.379,0.769,0.027,0.390,0.747,0.827,0.734,0.766,0.736,0.736,0.745,0.772,0.775,0.484,0.503,0.734,0.747,0.514,0.761,0.566,0.769,0.827,0.734,0.750,0.560,0.489,0.014,0.747,0.742,0.525,0.492,0.731,0.734,0.753,0.739,0.747,0.033,0.530,0.407,0.492,0.827,0.736,0.555,0.560,0.753,0.761,0.816,0.797,0.750,0.014,0.832,0.739,0.393,0.739,0.788,0.745,0.731,0.495,0.827,0.500,0.484,0.753,0.742
7PNB_n_2_NAG;0.563,0.632,0.780,0.764,0.635,0.475,0.580,0.772,0.799,0.332,0.629,0.783,0.753,0.717,0.717,0.709,0.720,0.764,0.629,0.489,0.709,0.797,0.514,0.799,0.717,0.717,0.629,0.766,0.495,0.467,0.462,0.077,0.495,0.330,0.495,0.777,0.717,0.055,0.714,0.492,0.706,0.714,0.574,0.720,0.747,0.717,0.832,0.635,0.497,0.500,0.742,0.538,0.714,0.764,0.091,0.783,0.709,0.725,0.764,0.470,0.566,0.717,0.736,0.577,0.514,0.519,0.527,0.753,0.495,0.780,0.574,0.780,0.077,0.047,0.522,0.832,0.802,0.720,0.717,0.717,0.712,0.505,0.723,0.338,0.712,0.712,0.712,0.714,0.516,0.723,0.769,0.799,0.717,0.335,0.723,0.720,0.830,0.772,0.104,0.758,0.473,0.629,0.709,0.470,0.717,0.717,0.712,0.714,0.486,0.720,0.574,0.714,0.712,0.505,0.324,0.736,0.712,0.764,0.503,0.766,0.464,0.714,0.343,0.764,0.764,0.777,0.725,0.761,0.338,0.761,0.780,0.481,0.709,0.764,0.503,0.747,0.764,0.830,0.714,0.832,0.742,0.714,0.734,0.343,0.750,0.709,0.797,0.750,0.720,0.332,0.000,0.832,0.497,0.720,0.560,0.747,0.720,0.489,0.777,0.766,0.714,0.736,0.712,0.635,0.478,0.775,0.536,0.717,0.714,0.077,0.766,0.750,0.626,0.714,0.712,0.585,0.717,0.764,0.761,0.714,0.720,0.720,0.758,0.764,0.327,0.777,0.714,0.717,0.750,0.047,0.750,0.330,0.777,0.327,0.341,0.725,0.805,0.717,0.772,0.717,0.706,0.714,0.777,0.783,0.508,0.464,0.706,0.714,0.478,0.764,0.533,0.761,0.802,0.712,0.714,0.519,0.464,0.338,0.745,0.714,0.527,0.497,0.717,0.720,0.723,0.714,0.723,0.319,0.541,0.332,0.503,0.835,0.717,0.522,0.525,0.766,0.769,0.797,0.777,0.725,0.332,0.835,0.714,0.327,0.747,0.772,0.714,0.714,0.505,0.830,0.475,0.486,0.769,0.714
7PNB_U_3_YZT;0.827,0.810,0.618,0.588,0.813,0.835,0.824,0.685,0.618,0.830,0.804,0.618,0.630,0.618,0.600,0.618,0.600,0.582,0.807,0.838,0.612,0.612,0.821,0.612,0.618,0.618,0.804,0.552,0.840,0.830,0.832,0.832,0.837,0.827,0.827,0.612,0.600,0.835,0.618,0.854,0.600,0.612,0.821,0.624,0.673,0.624,0.024,0.813,0.835,0.819,0.667,0.860,0.612,0.582,0.835,0.685,0.600,0.630,0.594,0.827,0.821,0.600,0.679,0.821,0.824,0.821,0.851,0.630,0.827,0.618,0.824,0.612,0.830,0.835,0.851,0.024,0.618,0.582,0.600,0.618,0.624,0.821,0.636,0.841,0.606,0.618,0.618,0.624,0.854,0.618,0.600,0.624,0.618,0.830,0.642,0.600,0.018,0.588,0.832,0.570,0.832,0.807,0.618,0.830,0.600,0.624,0.618,0.624,0.846,0.624,0.819,0.594,0.606,0.810,0.841,0.679,0.606,0.588,0.827,0.594,0.832,0.576,0.838,0.576,0.570,0.685,0.636,0.564,0.830,0.558,0.691,0.827,0.612,0.564,0.827,0.630,0.588,0.012,0.588,0.024,0.679,0.606,0.673,0.838,0.624,0.624,0.618,0.630,0.588,0.830,0.832,0.000,0.827,0.624,0.824,0.624,0.624,0.816,0.691,0.594,0.624,0.679,0.618,0.810,0.835,0.697,0.863,0.618,0.582,0.832,0.594,0.630,0.807,0.600,0.612,0.830,0.594,0.576,0.564,0.612,0.636,0.600,0.570,0.588,0.838,0.685,0.606,0.600,0.624,0.824,0.673,0.838,0.612,0.827,0.835,0.636,0.630,0.588,0.594,0.600,0.624,0.618,0.618,0.618,0.830,0.832,0.606,0.618,0.827,0.588,0.860,0.558,0.624,0.606,0.606,0.854,0.838,0.830,0.667,0.600,0.819,0.819,0.582,0.576,0.624,0.624,0.630,0.827,0.813,0.838,0.827,0.012,0.600,0.851,0.854,0.588,0.588,0.606,0.697,0.624,0.830,0.012,0.594,0.832,0.624,0.685,0.612,0.582,0.827,0.012,0.832,0.824,0.582,0.612
7PNB_n_1_NAG;0.563,0.643,0.755,0.783,0.640,0.464,0.574,0.750,0.813,0.495,0.637,0.766,0.772,0.717,0.712,0.728,0.717,0.764,0.640,0.445,0.725,0.799,0.401,0.808,0.712,0.728,0.637,0.764,0.456,0.503,0.514,0.511,0.478,0.500,0.396,0.753,0.731,0.500,0.720,0.431,0.720,0.725,0.560,0.714,0.714,0.723,0.832,0.640,0.453,0.382,0.714,0.508,0.717,0.764,0.511,0.761,0.720,0.725,0.780,0.497,0.566,0.714,0.714,0.566,0.407,0.396,0.519,0.769,0.115,0.758,0.563,0.758,0.503,0.492,0.500,0.832,0.819,0.714,0.731,0.725,0.709,0.379,0.723,0.497,0.717,0.720,0.723,0.709,0.497,0.728,0.788,0.816,0.720,0.500,0.717,0.728,0.824,0.786,0.486,0.764,0.511,0.640,0.723,0.503,0.731,0.714,0.717,0.723,0.426,0.717,0.563,0.712,0.723,0.418,0.489,0.714,0.723,0.786,0.063,0.777,0.500,0.714,0.495,0.764,0.764,0.755,0.720,0.761,0.497,0.758,0.761,0.140,0.720,0.764,0.055,0.766,0.761,0.830,0.717,0.832,0.714,0.734,0.712,0.481,0.766,0.725,0.810,0.766,0.714,0.492,0.497,0.827,0.000,0.714,0.560,0.764,0.714,0.393,0.761,0.761,0.709,0.712,0.714,0.637,0.453,0.750,0.514,0.714,0.723,0.495,0.786,0.766,0.635,0.714,0.717,0.574,0.709,0.764,0.761,0.720,0.717,0.717,0.766,0.764,0.500,0.758,0.734,0.731,0.766,0.495,0.712,0.475,0.755,0.495,0.495,0.720,0.813,0.723,0.755,0.731,0.720,0.720,0.761,0.755,0.102,0.511,0.723,0.714,0.503,0.783,0.497,0.764,0.816,0.723,0.725,0.525,0.462,0.503,0.712,0.717,0.418,0.385,0.720,0.723,0.717,0.720,0.720,0.492,0.503,0.503,0.052,0.830,0.731,0.516,0.527,0.764,0.783,0.805,0.755,0.723,0.503,0.824,0.720,0.481,0.761,0.750,0.714,0.723,0.058,0.824,0.503,0.121,0.764,0.717
7PNB_S_5_MAN;0.769,0.749,0.491,0.442,0.752,0.736,0.775,0.497,0.552,0.750,0.749,0.491,0.539,0.206,0.297,0.285,0.297,0.461,0.749,0.736,0.285,0.527,0.747,0.545,0.012,0.291,0.749,0.467,0.747,0.745,0.747,0.725,0.747,0.750,0.750,0.479,0.394,0.714,0.285,0.744,0.279,0.291,0.772,0.006,0.352,0.291,0.636,0.749,0.742,0.742,0.345,0.736,0.279,0.461,0.723,0.509,0.267,0.376,0.430,0.753,0.766,0.291,0.352,0.772,0.745,0.747,0.738,0.533,0.723,0.485,0.775,0.491,0.714,0.712,0.733,0.636,0.558,0.279,0.394,0.285,0.030,0.731,0.370,0.728,0.200,0.279,0.285,0.218,0.736,0.376,0.448,0.552,0.291,0.753,0.358,0.394,0.630,0.436,0.714,0.473,0.755,0.749,0.267,0.747,0.388,0.212,0.267,0.279,0.736,0.012,0.772,0.261,0.273,0.739,0.723,0.345,0.267,0.436,0.717,0.430,0.750,0.218,0.723,0.467,0.473,0.497,0.370,0.473,0.753,0.461,0.521,0.723,0.291,0.473,0.723,0.521,0.467,0.630,0.230,0.636,0.345,0.394,0.333,0.717,0.527,0.285,0.545,0.521,0.285,0.750,0.720,0.624,0.714,0.000,0.766,0.533,0.000,0.739,0.521,0.448,0.018,0.339,0.273,0.747,0.745,0.509,0.739,0.018,0.242,0.723,0.442,0.527,0.749,0.297,0.285,0.777,0.297,0.467,0.473,0.291,0.358,0.297,0.473,0.455,0.720,0.509,0.394,0.394,0.533,0.712,0.345,0.720,0.491,0.750,0.717,0.370,0.552,0.242,0.467,0.388,0.267,0.212,0.491,0.497,0.720,0.753,0.279,0.212,0.745,0.442,0.742,0.473,0.558,0.267,0.200,0.730,0.747,0.753,0.339,0.303,0.747,0.742,0.230,0.242,0.018,0.273,0.364,0.750,0.763,0.725,0.720,0.630,0.394,0.722,0.733,0.467,0.430,0.539,0.509,0.370,0.753,0.618,0.242,0.709,0.527,0.503,0.212,0.230,0.714,0.630,0.755,0.728,0.442,0.224
7PNB_t_1_NAG;0.022,0.569,0.816,0.755,0.569,0.582,0.066,0.808,0.816,0.582,0.566,0.816,0.766,0.772,0.780,0.775,0.783,0.791,0.566,0.593,0.769,0.816,0.588,0.816,0.769,0.786,0.566,0.810,0.588,0.563,0.577,0.577,0.588,0.577,0.591,0.810,0.780,0.574,0.766,0.574,0.761,0.780,0.041,0.766,0.799,0.777,0.824,0.569,0.604,0.558,0.797,0.610,0.764,0.791,0.569,0.810,0.775,0.794,0.755,0.563,0.033,0.780,0.799,0.049,0.588,0.582,0.596,0.769,0.560,0.813,0.047,0.813,0.580,0.569,0.593,0.824,0.816,0.775,0.780,0.783,0.772,0.580,0.791,0.558,0.766,0.775,0.764,0.777,0.593,0.791,0.755,0.813,0.766,0.582,0.791,0.780,0.827,0.758,0.569,0.810,0.569,0.566,0.766,0.569,0.780,0.775,0.769,0.786,0.580,0.766,0.052,0.780,0.777,0.585,0.555,0.802,0.777,0.758,0.560,0.755,0.569,0.769,0.563,0.788,0.810,0.805,0.794,0.808,0.582,0.810,0.813,0.558,0.764,0.810,0.558,0.769,0.794,0.827,0.775,0.824,0.799,0.780,0.797,0.566,0.772,0.772,0.810,0.766,0.777,0.577,0.560,0.824,0.560,0.766,0.000,0.766,0.766,0.563,0.813,0.794,0.772,0.799,0.761,0.569,0.588,0.813,0.613,0.769,0.772,0.580,0.755,0.769,0.566,0.780,0.764,0.063,0.775,0.788,0.808,0.772,0.788,0.783,0.810,0.794,0.552,0.810,0.780,0.780,0.764,0.560,0.799,0.552,0.813,0.588,0.560,0.794,0.810,0.772,0.813,0.780,0.766,0.769,0.819,0.819,0.571,0.571,0.755,0.772,0.577,0.755,0.585,0.810,0.816,0.777,0.764,0.602,0.591,0.582,0.794,0.780,0.591,0.563,0.775,0.775,0.766,0.772,0.791,0.582,0.602,0.555,0.566,0.821,0.780,0.604,0.610,0.794,0.755,0.816,0.813,0.794,0.580,0.827,0.777,0.558,0.769,0.810,0.769,0.769,0.566,0.827,0.571,0.563,0.791,0.769
7PNB_f_4_BGC;0.761,0.766,0.576,0.491,0.763,0.761,0.758,0.570,0.515,0.745,0.766,0.582,0.018,0.515,0.473,0.527,0.497,0.533,0.766,0.764,0.527,0.521,0.755,0.509,0.533,0.509,0.766,0.545,0.763,0.747,0.753,0.739,0.758,0.747,0.766,0.564,0.430,0.755,0.509,0.769,0.485,0.503,0.755,0.533,0.533,0.533,0.618,0.763,0.766,0.758,0.527,0.750,0.503,0.533,0.731,0.576,0.485,0.527,0.485,0.750,0.764,0.485,0.539,0.758,0.753,0.753,0.755,0.024,0.775,0.570,0.758,0.564,0.745,0.761,0.747,0.618,0.527,0.467,0.430,0.503,0.527,0.753,0.533,0.772,0.515,0.539,0.515,0.539,0.755,0.515,0.503,0.533,0.509,0.747,0.521,0.430,0.624,0.485,0.764,0.552,0.747,0.766,0.521,0.745,0.424,0.521,0.533,0.521,0.758,0.533,0.755,0.521,0.497,0.761,0.764,0.539,0.485,0.491,0.766,0.485,0.747,0.509,0.769,0.533,0.545,0.558,0.527,0.552,0.747,0.570,0.564,0.772,0.503,0.545,0.764,0.024,0.539,0.618,0.515,0.618,0.539,0.436,0.533,0.769,0.018,0.515,0.515,0.018,0.467,0.742,0.747,0.624,0.764,0.533,0.766,0.000,0.533,0.758,0.552,0.539,0.533,0.539,0.503,0.766,0.755,0.570,0.750,0.533,0.527,0.753,0.497,0.024,0.766,0.479,0.503,0.761,0.467,0.533,0.552,0.527,0.521,0.497,0.564,0.539,0.764,0.558,0.436,0.430,0.006,0.750,0.527,0.766,0.570,0.747,0.769,0.527,0.533,0.521,0.582,0.424,0.515,0.515,0.570,0.576,0.766,0.753,0.497,0.521,0.745,0.491,0.750,0.545,0.527,0.485,0.515,0.752,0.761,0.747,0.527,0.485,0.753,0.755,0.521,0.515,0.539,0.533,0.521,0.747,0.752,0.769,0.764,0.624,0.430,0.733,0.758,0.539,0.479,0.509,0.570,0.515,0.747,0.630,0.521,0.769,0.006,0.570,0.521,0.521,0.766,0.624,0.745,0.769,0.533,0.521
7PNB_X_5_MAN;0.769,0.749,0.491,0.442,0.752,0.736,0.775,0.497,0.552,0.750,0.749,0.491,0.539,0.206,0.297,0.285,0.297,0.461,0.749,0.736,0.285,0.527,0.747,0.545,0.012,0.291,0.749,0.467,0.747,0.745,0.747,0.725,0.747,0.750,0.750,0.479,0.394,0.714,0.285,0.744,0.279,0.291,0.772,0.006,0.352,0.291,0.636,0.749,0.742,0.742,0.345,0.736,0.279,0.461,0.723,0.509,0.267,0.376,0.430,0.753,0.766,0.291,0.352,0.772,0.745,0.747,0.738,0.533,0.723,0.485,0.775,0.491,0.714,0.712,0.733,0.636,0.558,0.279,0.394,0.285,0.030,0.731,0.370,0.728,0.200,0.279,0.285,0.218,0.736,0.376,0.448,0.552,0.291,0.753,0.358,0.394,0.630,0.436,0.714,0.473,0.755,0.749,0.267,0.747,0.388,0.212,0.267,0.279,0.736,0.012,0.772,0.261,0.273,0.739,0.723,0.345,0.267,0.436,0.717,0.430,0.750,0.218,0.723,0.467,0.473,0.497,0.370,0.473,0.753,0.461,0.521,0.723,0.291,0.473,0.723,0.521,0.467,0.630,0.230,0.636,0.345,0.394,0.333,0.717,0.527,0.285,0.545,0.521,0.285,0.750,0.720,0.624,0.714,0.000,0.766,0.533,0.000,0.739,0.521,0.448,0.018,0.339,0.273,0.747,0.745,0.509,0.739,0.018,0.242,0.723,0.442,0.527,0.749,0.297,0.285,0.777,0.297,0.467,0.473,0.291,0.358,0.297,0.473,0.455,0.720,0.509,0.394,0.394,0.533,0.712,0.345,0.720,0.491,0.750,0.717,0.370,0.552,0.242,0.467,0.388,0.267,0.212,0.491,0.497,0.720,0.753,0.279,0.212,0.745,0.442,0.742,0.473,0.558,0.267,0.200,0.730,0.747,0.753,0.339,0.303,0.747,0.742,0.230,0.242,0.018,0.273,0.364,0.750,0.763,0.725,0.720,0.630,0.394,0.722,0.733,0.467,0.430,0.539,0.509,0.370,0.753,0.618,0.242,0.709,0.527,0.503,0.212,0.230,0.714,0.630,0.755,0.728,0.442,0.224
7PNB_1_1_NAG;0.558,0.615,0.783,0.750,0.618,0.489,0.571,0.755,0.786,0.484,0.618,0.780,0.755,0.742,0.734,0.742,0.728,0.766,0.615,0.492,0.750,0.783,0.077,0.780,0.739,0.753,0.618,0.772,0.489,0.481,0.492,0.492,0.503,0.481,0.429,0.780,0.742,0.495,0.736,0.511,0.734,0.747,0.566,0.739,0.745,0.750,0.819,0.615,0.478,0.118,0.742,0.536,0.734,0.766,0.484,0.764,0.742,0.742,0.745,0.470,0.569,0.731,0.745,0.571,0.080,0.063,0.530,0.753,0.338,0.783,0.566,0.777,0.489,0.492,0.522,0.819,0.791,0.731,0.742,0.750,0.736,0.159,0.742,0.459,0.742,0.747,0.742,0.750,0.527,0.742,0.753,0.788,0.736,0.484,0.739,0.742,0.816,0.747,0.495,0.769,0.478,0.615,0.739,0.475,0.742,0.742,0.747,0.753,0.489,0.742,0.569,0.750,0.745,0.173,0.464,0.742,0.747,0.747,0.376,0.742,0.464,0.753,0.451,0.766,0.772,0.755,0.739,0.766,0.481,0.769,0.761,0.357,0.734,0.772,0.376,0.758,0.766,0.819,0.750,0.819,0.745,0.745,0.739,0.456,0.755,0.742,0.783,0.758,0.734,0.478,0.489,0.816,0.393,0.739,0.563,0.758,0.739,0.000,0.764,0.764,0.739,0.742,0.734,0.618,0.489,0.755,0.536,0.739,0.753,0.489,0.753,0.753,0.615,0.731,0.734,0.580,0.728,0.766,0.766,0.745,0.736,0.728,0.766,0.766,0.462,0.755,0.745,0.742,0.758,0.481,0.742,0.459,0.777,0.486,0.453,0.739,0.791,0.753,0.780,0.742,0.739,0.745,0.783,0.783,0.363,0.481,0.736,0.742,0.492,0.750,0.500,0.772,0.788,0.747,0.742,0.522,0.489,0.484,0.742,0.728,0.113,0.113,0.750,0.753,0.745,0.742,0.736,0.481,0.560,0.467,0.390,0.816,0.742,0.505,0.530,0.769,0.742,0.783,0.761,0.736,0.486,0.819,0.750,0.467,0.755,0.755,0.742,0.753,0.387,0.816,0.470,0.338,0.764,0.747
7PNB_V_5_MAN;0.810,0.796,0.576,0.594,0.796,0.755,0.810,0.109,0.570,0.786,0.793,0.564,0.552,0.467,0.467,0.455,0.467,0.564,0.799,0.761,0.455,0.576,0.764,0.576,0.515,0.442,0.793,0.539,0.769,0.772,0.772,0.769,0.763,0.786,0.766,0.576,0.497,0.772,0.455,0.785,0.467,0.436,0.810,0.521,0.448,0.455,0.685,0.796,0.753,0.766,0.442,0.747,0.448,0.564,0.777,0.048,0.442,0.436,0.588,0.764,0.813,0.473,0.424,0.810,0.761,0.769,0.744,0.552,0.766,0.582,0.808,0.582,0.766,0.772,0.741,0.685,0.570,0.485,0.497,0.436,0.497,0.769,0.436,0.766,0.473,0.436,0.448,0.448,0.733,0.430,0.612,0.576,0.461,0.791,0.424,0.491,0.685,0.600,0.769,0.552,0.764,0.796,0.430,0.764,0.491,0.461,0.442,0.442,0.769,0.521,0.808,0.455,0.430,0.783,0.764,0.430,0.448,0.594,0.766,0.588,0.761,0.467,0.766,0.558,0.533,0.085,0.430,0.552,0.788,0.564,0.036,0.753,0.448,0.533,0.761,0.558,0.558,0.685,0.473,0.685,0.442,0.497,0.424,0.764,0.545,0.424,0.588,0.558,0.467,0.788,0.777,0.691,0.761,0.521,0.813,0.552,0.521,0.764,0.000,0.564,0.509,0.430,0.448,0.793,0.758,0.061,0.747,0.509,0.485,0.766,0.606,0.552,0.796,0.467,0.442,0.813,0.467,0.558,0.552,0.448,0.430,0.467,0.552,0.564,0.764,0.048,0.497,0.497,0.558,0.777,0.442,0.761,0.570,0.786,0.764,0.430,0.594,0.479,0.588,0.491,0.424,0.467,0.570,0.582,0.761,0.766,0.461,0.455,0.761,0.594,0.745,0.533,0.576,0.448,0.467,0.738,0.755,0.788,0.442,0.461,0.758,0.769,0.479,0.473,0.521,0.436,0.430,0.786,0.752,0.769,0.761,0.691,0.497,0.725,0.749,0.570,0.588,0.570,0.055,0.430,0.791,0.691,0.461,0.761,0.552,0.115,0.467,0.473,0.764,0.685,0.764,0.758,0.570,0.455
7PNB_1_3_YZT;0.799,0.826,0.279,0.564,0.832,0.761,0.799,0.558,0.400,0.750,0.829,0.255,0.533,0.442,0.491,0.491,0.491,0.030,0.826,0.750,0.461,0.388,0.775,0.394,0.442,0.491,0.829,0.218,0.760,0.794,0.799,0.764,0.769,0.750,0.775,0.267,0.467,0.772,0.497,0.769,0.491,0.491,0.794,0.448,0.394,0.473,0.594,0.832,0.750,0.775,0.388,0.791,0.491,0.024,0.761,0.570,0.473,0.418,0.564,0.788,0.794,0.491,0.388,0.797,0.775,0.775,0.780,0.527,0.761,0.273,0.797,0.261,0.764,0.772,0.785,0.588,0.406,0.485,0.467,0.491,0.430,0.775,0.412,0.783,0.436,0.473,0.497,0.455,0.782,0.412,0.576,0.406,0.497,0.753,0.394,0.467,0.576,0.576,0.766,0.230,0.797,0.826,0.455,0.791,0.461,0.442,0.473,0.491,0.747,0.448,0.794,0.455,0.485,0.775,0.780,0.388,0.473,0.570,0.761,0.564,0.794,0.455,0.780,0.030,0.212,0.558,0.406,0.200,0.753,0.206,0.576,0.758,0.491,0.218,0.761,0.527,0.030,0.594,0.455,0.594,0.394,0.461,0.382,0.772,0.533,0.473,0.400,0.545,0.485,0.750,0.766,0.594,0.761,0.448,0.794,0.539,0.448,0.764,0.564,0.000,0.436,0.388,0.485,0.829,0.761,0.582,0.788,0.442,0.455,0.761,0.570,0.527,0.829,0.491,0.491,0.799,0.485,0.030,0.218,0.467,0.394,0.491,0.224,0.012,0.777,0.570,0.461,0.467,0.545,0.769,0.388,0.775,0.261,0.753,0.775,0.406,0.400,0.455,0.255,0.461,0.461,0.442,0.285,0.285,0.761,0.799,0.491,0.448,0.791,0.564,0.794,0.224,0.406,0.473,0.448,0.782,0.758,0.753,0.388,0.491,0.777,0.777,0.455,0.461,0.455,0.461,0.400,0.753,0.777,0.780,0.766,0.594,0.467,0.774,0.791,0.030,0.564,0.388,0.582,0.406,0.753,0.600,0.455,0.769,0.533,0.558,0.436,0.455,0.764,0.588,0.797,0.761,0.012,0.442
7PNB_h_5_MAN;0.775,0.755,0.479,0.448,0.758,0.731,0.777,0.491,0.558,0.745,0.755,0.479,0.539,0.200,0.279,0.279,0.279,0.448,0.755,0.731,0.279,0.533,0.747,0.552,0.006,0.285,0.755,0.455,0.741,0.747,0.747,0.720,0.741,0.745,0.745,0.467,0.376,0.709,0.279,0.738,0.267,0.285,0.775,0.012,0.339,0.285,0.636,0.755,0.736,0.742,0.333,0.736,0.273,0.448,0.723,0.503,0.261,0.358,0.436,0.753,0.769,0.273,0.339,0.775,0.745,0.747,0.738,0.533,0.717,0.473,0.775,0.479,0.712,0.706,0.733,0.636,0.564,0.267,0.376,0.279,0.012,0.731,0.352,0.720,0.194,0.273,0.279,0.212,0.736,0.358,0.461,0.558,0.273,0.747,0.345,0.376,0.618,0.442,0.709,0.461,0.755,0.755,0.261,0.747,0.376,0.206,0.261,0.273,0.731,0.018,0.772,0.255,0.267,0.739,0.714,0.333,0.261,0.442,0.712,0.436,0.750,0.218,0.714,0.455,0.461,0.491,0.352,0.461,0.747,0.448,0.515,0.717,0.273,0.461,0.717,0.521,0.455,0.630,0.224,0.636,0.333,0.376,0.321,0.709,0.527,0.279,0.558,0.527,0.267,0.745,0.714,0.624,0.709,0.018,0.772,0.533,0.018,0.739,0.509,0.436,0.000,0.327,0.267,0.752,0.739,0.503,0.739,0.012,0.242,0.717,0.455,0.527,0.755,0.279,0.267,0.783,0.279,0.455,0.461,0.285,0.339,0.279,0.461,0.442,0.712,0.503,0.376,0.376,0.539,0.709,0.333,0.712,0.479,0.745,0.709,0.352,0.564,0.242,0.455,0.376,0.261,0.206,0.479,0.485,0.714,0.753,0.273,0.206,0.745,0.448,0.742,0.461,0.564,0.261,0.206,0.730,0.742,0.747,0.327,0.285,0.747,0.742,0.230,0.242,0.024,0.267,0.345,0.745,0.758,0.717,0.714,0.630,0.376,0.722,0.733,0.455,0.436,0.545,0.503,0.352,0.747,0.618,0.236,0.701,0.527,0.497,0.206,0.230,0.709,0.618,0.755,0.723,0.436,0.218
7PNB_T_4_BGC;0.805,0.813,0.479,0.539,0.815,0.745,0.802,0.406,0.588,0.753,0.813,0.467,0.545,0.339,0.370,0.315,0.370,0.382,0.813,0.736,0.297,0.570,0.755,0.582,0.333,0.315,0.813,0.388,0.752,0.769,0.769,0.747,0.752,0.753,0.766,0.479,0.400,0.725,0.321,0.755,0.364,0.315,0.802,0.339,0.036,0.303,0.685,0.818,0.739,0.755,0.036,0.772,0.327,0.382,0.755,0.442,0.321,0.152,0.545,0.758,0.797,0.364,0.012,0.802,0.755,0.755,0.763,0.539,0.717,0.491,0.802,0.491,0.745,0.731,0.763,0.685,0.600,0.388,0.400,0.315,0.321,0.750,0.145,0.761,0.333,0.285,0.327,0.315,0.755,0.158,0.558,0.594,0.321,0.755,0.127,0.388,0.673,0.558,0.720,0.382,0.766,0.813,0.297,0.764,0.394,0.333,0.279,0.303,0.742,0.345,0.799,0.255,0.321,0.766,0.758,0.006,0.327,0.545,0.714,0.552,0.761,0.273,0.758,0.388,0.376,0.418,0.139,0.376,0.755,0.382,0.436,0.709,0.333,0.376,0.709,0.533,0.376,0.679,0.267,0.685,0.018,0.394,0.006,0.750,0.539,0.309,0.588,0.545,0.388,0.753,0.736,0.679,0.712,0.339,0.799,0.539,0.339,0.742,0.430,0.388,0.327,0.000,0.321,0.813,0.747,0.424,0.764,0.333,0.291,0.742,0.552,0.527,0.813,0.370,0.327,0.810,0.376,0.388,0.376,0.297,0.139,0.370,0.382,0.388,0.755,0.436,0.394,0.400,0.545,0.731,0.042,0.753,0.479,0.753,0.753,0.139,0.600,0.285,0.461,0.394,0.303,0.345,0.485,0.491,0.717,0.766,0.345,0.333,0.769,0.539,0.764,0.376,0.594,0.327,0.345,0.766,0.745,0.755,0.036,0.376,0.758,0.758,0.297,0.285,0.352,0.291,0.145,0.753,0.744,0.758,0.709,0.685,0.400,0.755,0.777,0.388,0.552,0.576,0.424,0.152,0.755,0.673,0.261,0.739,0.533,0.412,0.333,0.291,0.712,0.673,0.769,0.712,0.394,0.345
7PNB_f_6_MAN;0.761,0.774,0.473,0.473,0.777,0.736,0.766,0.418,0.564,0.734,0.769,0.485,0.515,0.182,0.212,0.158,0.218,0.473,0.771,0.728,0.206,0.552,0.742,0.564,0.273,0.152,0.769,0.436,0.741,0.731,0.736,0.714,0.741,0.734,0.739,0.479,0.339,0.703,0.024,0.752,0.061,0.139,0.761,0.279,0.327,0.182,0.630,0.780,0.745,0.736,0.321,0.769,0.006,0.473,0.720,0.461,0.115,0.309,0.479,0.725,0.758,0.212,0.327,0.764,0.745,0.739,0.763,0.509,0.725,0.485,0.764,0.479,0.712,0.703,0.758,0.630,0.570,0.230,0.339,0.133,0.255,0.728,0.303,0.709,0.182,0.176,0.030,0.188,0.752,0.309,0.491,0.570,0.024,0.736,0.291,0.333,0.612,0.491,0.701,0.448,0.734,0.771,0.182,0.728,0.333,0.176,0.170,0.145,0.747,0.279,0.761,0.236,0.121,0.742,0.703,0.321,0.115,0.479,0.723,0.485,0.728,0.242,0.706,0.473,0.436,0.424,0.303,0.448,0.736,0.442,0.455,0.717,0.030,0.436,0.717,0.497,0.467,0.624,0.242,0.630,0.321,0.339,0.315,0.695,0.503,0.200,0.564,0.503,0.212,0.734,0.712,0.618,0.714,0.273,0.761,0.503,0.273,0.734,0.448,0.485,0.267,0.321,0.000,0.771,0.739,0.448,0.766,0.267,0.255,0.714,0.485,0.497,0.771,0.212,0.018,0.769,0.206,0.473,0.448,0.194,0.291,0.218,0.461,0.479,0.703,0.442,0.339,0.339,0.509,0.703,0.321,0.698,0.479,0.734,0.701,0.303,0.588,0.224,0.467,0.333,0.194,0.182,0.467,0.479,0.723,0.731,0.036,0.170,0.736,0.473,0.758,0.436,0.576,0.115,0.182,0.760,0.734,0.736,0.321,0.218,0.739,0.731,0.230,0.236,0.285,0.200,0.297,0.734,0.741,0.706,0.714,0.624,0.339,0.744,0.766,0.473,0.485,0.558,0.448,0.303,0.736,0.612,0.230,0.695,0.497,0.418,0.182,0.230,0.720,0.612,0.736,0.717,0.491,0.176
7PNB_K_2_NAG;0.566,0.011,0.832,0.747,0.011,0.618,0.580,0.791,0.807,0.629,0.011,0.837,0.769,0.780,0.774,0.799,0.771,0.832,0.014,0.626,0.799,0.804,0.604,0.807,0.749,0.799,0.011,0.829,0.617,0.585,0.591,0.648,0.620,0.635,0.635,0.826,0.771,0.635,0.774,0.617,0.763,0.796,0.574,0.747,0.813,0.799,0.813,0.025,0.618,0.621,0.810,0.604,0.769,0.832,0.640,0.791,0.785,0.807,0.741,0.588,0.571,0.774,0.813,0.571,0.607,0.613,0.614,0.769,0.646,0.829,0.571,0.829,0.640,0.637,0.606,0.810,0.810,0.766,0.771,0.799,0.752,0.602,0.810,0.607,0.782,0.791,0.774,0.796,0.598,0.802,0.744,0.810,0.774,0.632,0.813,0.771,0.813,0.741,0.646,0.835,0.596,0.011,0.788,0.585,0.771,0.782,0.791,0.802,0.618,0.749,0.577,0.788,0.793,0.604,0.602,0.813,0.791,0.747,0.646,0.738,0.582,0.780,0.599,0.829,0.832,0.788,0.810,0.835,0.635,0.829,0.793,0.629,0.769,0.832,0.646,0.766,0.835,0.815,0.782,0.813,0.810,0.774,0.810,0.604,0.766,0.793,0.799,0.763,0.769,0.632,0.635,0.810,0.637,0.747,0.569,0.766,0.747,0.618,0.793,0.829,0.752,0.813,0.771,0.000,0.621,0.793,0.596,0.749,0.785,0.643,0.747,0.771,0.017,0.777,0.769,0.574,0.771,0.829,0.835,0.802,0.810,0.771,0.835,0.832,0.602,0.791,0.774,0.771,0.763,0.624,0.810,0.599,0.829,0.640,0.610,0.810,0.799,0.785,0.829,0.771,0.791,0.782,0.829,0.832,0.635,0.591,0.766,0.780,0.582,0.747,0.602,0.832,0.807,0.791,0.777,0.603,0.629,0.637,0.810,0.774,0.610,0.615,0.782,0.782,0.749,0.791,0.807,0.635,0.579,0.602,0.640,0.807,0.771,0.598,0.614,0.835,0.741,0.807,0.793,0.804,0.637,0.815,0.785,0.610,0.766,0.788,0.785,0.780,0.646,0.815,0.582,0.643,0.826,0.780
7PNB_k_1_NAG;0.593,0.615,0.777,0.788,0.624,0.047,0.604,0.764,0.794,0.486,0.615,0.777,0.753,0.747,0.747,0.745,0.745,0.758,0.615,0.148,0.753,0.791,0.508,0.788,0.742,0.755,0.615,0.775,0.069,0.552,0.563,0.478,0.082,0.481,0.492,0.780,0.742,0.484,0.736,0.104,0.734,0.753,0.596,0.745,0.755,0.750,0.838,0.618,0.080,0.478,0.753,0.560,0.736,0.758,0.473,0.766,0.750,0.745,0.786,0.555,0.593,0.750,0.747,0.599,0.516,0.505,0.566,0.755,0.423,0.780,0.596,0.777,0.478,0.484,0.555,0.838,0.794,0.750,0.742,0.753,0.736,0.484,0.742,0.440,0.747,0.742,0.742,0.753,0.549,0.745,0.797,0.791,0.739,0.486,0.742,0.745,0.832,0.791,0.470,0.775,0.555,0.613,0.736,0.555,0.742,0.747,0.742,0.755,0.091,0.747,0.596,0.742,0.753,0.530,0.440,0.750,0.750,0.788,0.448,0.786,0.547,0.742,0.448,0.758,0.772,0.755,0.739,0.775,0.484,0.775,0.761,0.423,0.734,0.772,0.456,0.753,0.758,0.838,0.745,0.838,0.753,0.739,0.745,0.448,0.758,0.742,0.791,0.758,0.747,0.486,0.478,0.835,0.453,0.745,0.588,0.755,0.745,0.489,0.758,0.761,0.739,0.747,0.739,0.621,0.000,0.766,0.555,0.742,0.750,0.486,0.794,0.755,0.615,0.747,0.734,0.607,0.747,0.758,0.775,0.750,0.742,0.745,0.775,0.758,0.434,0.761,0.739,0.742,0.758,0.475,0.753,0.434,0.777,0.486,0.448,0.739,0.791,0.747,0.777,0.742,0.739,0.750,0.780,0.780,0.448,0.555,0.736,0.747,0.549,0.788,0.555,0.772,0.791,0.750,0.753,0.577,0.135,0.484,0.750,0.745,0.525,0.486,0.750,0.750,0.747,0.739,0.739,0.484,0.492,0.456,0.464,0.835,0.742,0.566,0.574,0.761,0.786,0.786,0.764,0.742,0.489,0.838,0.745,0.453,0.758,0.766,0.747,0.747,0.456,0.832,0.555,0.415,0.764,0.747
7PNB_f_5_MAN;0.810,0.796,0.558,0.606,0.796,0.761,0.810,0.061,0.558,0.791,0.793,0.564,0.570,0.461,0.485,0.448,0.485,0.582,0.799,0.761,0.455,0.564,0.758,0.564,0.509,0.436,0.793,0.552,0.777,0.780,0.780,0.775,0.771,0.791,0.766,0.564,0.503,0.769,0.448,0.791,0.467,0.430,0.810,0.515,0.442,0.448,0.691,0.796,0.761,0.761,0.436,0.753,0.448,0.582,0.783,0.048,0.436,0.448,0.600,0.772,0.813,0.491,0.424,0.810,0.755,0.764,0.758,0.570,0.755,0.564,0.808,0.576,0.769,0.769,0.744,0.691,0.558,0.503,0.503,0.430,0.491,0.769,0.448,0.766,0.455,0.430,0.442,0.430,0.736,0.442,0.624,0.564,0.461,0.797,0.436,0.497,0.691,0.612,0.769,0.564,0.772,0.796,0.430,0.772,0.497,0.455,0.436,0.436,0.775,0.515,0.808,0.442,0.424,0.777,0.766,0.424,0.442,0.606,0.755,0.600,0.769,0.461,0.766,0.576,0.545,0.055,0.442,0.564,0.794,0.552,0.024,0.742,0.448,0.545,0.750,0.576,0.576,0.691,0.467,0.691,0.436,0.503,0.418,0.766,0.564,0.424,0.576,0.576,0.485,0.794,0.775,0.697,0.750,0.509,0.813,0.570,0.509,0.755,0.061,0.582,0.503,0.424,0.448,0.793,0.766,0.000,0.755,0.503,0.473,0.772,0.618,0.570,0.796,0.485,0.448,0.813,0.485,0.576,0.564,0.448,0.442,0.485,0.564,0.582,0.766,0.024,0.503,0.503,0.576,0.775,0.436,0.764,0.564,0.791,0.764,0.442,0.588,0.473,0.570,0.497,0.424,0.461,0.552,0.564,0.750,0.775,0.455,0.448,0.769,0.606,0.750,0.552,0.564,0.442,0.461,0.749,0.758,0.794,0.436,0.479,0.753,0.764,0.473,0.467,0.515,0.436,0.442,0.791,0.758,0.769,0.750,0.697,0.503,0.730,0.758,0.588,0.600,0.558,0.012,0.442,0.797,0.697,0.455,0.764,0.570,0.061,0.448,0.467,0.753,0.691,0.772,0.747,0.588,0.448
7PNB_l_1_NAG;0.602,0.604,0.824,0.783,0.599,0.555,0.613,0.766,0.799,0.569,0.599,0.821,0.755,0.755,0.758,0.772,0.766,0.794,0.602,0.544,0.772,0.802,0.527,0.797,0.739,0.769,0.599,0.808,0.549,0.516,0.525,0.544,0.560,0.569,0.574,0.819,0.775,0.527,0.766,0.547,0.758,0.769,0.607,0.739,0.766,0.777,0.860,0.593,0.558,0.530,0.764,0.069,0.766,0.794,0.527,0.747,0.764,0.780,0.780,0.522,0.618,0.764,0.764,0.610,0.541,0.538,0.110,0.755,0.530,0.824,0.607,0.819,0.522,0.536,0.104,0.860,0.805,0.753,0.775,0.769,0.745,0.536,0.780,0.577,0.753,0.777,0.772,0.758,0.085,0.777,0.786,0.805,0.769,0.571,0.777,0.775,0.863,0.786,0.544,0.813,0.519,0.602,0.769,0.525,0.772,0.758,0.775,0.772,0.536,0.736,0.613,0.764,0.766,0.533,0.569,0.764,0.761,0.783,0.516,0.783,0.519,0.755,0.585,0.791,0.808,0.761,0.780,0.808,0.569,0.813,0.753,0.525,0.764,0.808,0.516,0.750,0.797,0.860,0.755,0.860,0.766,0.777,0.761,0.574,0.753,0.766,0.802,0.747,0.755,0.566,0.536,0.863,0.514,0.739,0.613,0.750,0.739,0.536,0.747,0.788,0.739,0.764,0.766,0.596,0.555,0.755,0.000,0.742,0.758,0.530,0.786,0.750,0.596,0.761,0.764,0.610,0.755,0.791,0.808,0.775,0.777,0.766,0.813,0.791,0.566,0.750,0.777,0.775,0.750,0.527,0.764,0.566,0.819,0.571,0.577,0.780,0.805,0.761,0.821,0.772,0.766,0.755,0.821,0.824,0.530,0.519,0.764,0.755,0.525,0.783,0.126,0.810,0.805,0.761,0.758,0.118,0.541,0.571,0.764,0.764,0.536,0.519,0.758,0.761,0.736,0.772,0.777,0.569,0.596,0.574,0.519,0.863,0.775,0.173,0.118,0.797,0.783,0.799,0.753,0.777,0.577,0.865,0.761,0.569,0.750,0.766,0.755,0.755,0.511,0.863,0.522,0.527,0.786,0.753
7PNB_w_5_MAN;0.772,0.752,0.485,0.448,0.755,0.734,0.775,0.491,0.552,0.750,0.752,0.485,0.539,0.200,0.291,0.279,0.291,0.455,0.752,0.734,0.279,0.527,0.747,0.545,0.006,0.285,0.752,0.461,0.744,0.745,0.747,0.723,0.744,0.750,0.750,0.473,0.388,0.712,0.279,0.741,0.261,0.285,0.772,0.012,0.345,0.285,0.630,0.752,0.739,0.742,0.339,0.739,0.273,0.455,0.723,0.503,0.261,0.364,0.436,0.753,0.766,0.285,0.345,0.772,0.745,0.745,0.741,0.533,0.723,0.479,0.775,0.485,0.712,0.709,0.736,0.630,0.558,0.273,0.388,0.279,0.012,0.731,0.358,0.720,0.194,0.273,0.279,0.212,0.738,0.364,0.461,0.552,0.273,0.753,0.352,0.388,0.624,0.442,0.712,0.467,0.755,0.752,0.261,0.747,0.388,0.206,0.261,0.273,0.734,0.018,0.772,0.267,0.267,0.739,0.714,0.339,0.261,0.442,0.717,0.436,0.750,0.224,0.714,0.461,0.467,0.491,0.358,0.467,0.753,0.455,0.515,0.723,0.273,0.467,0.723,0.521,0.461,0.624,0.236,0.630,0.339,0.388,0.327,0.709,0.527,0.279,0.552,0.521,0.267,0.750,0.717,0.618,0.714,0.018,0.769,0.533,0.018,0.739,0.509,0.442,0.012,0.333,0.267,0.749,0.742,0.503,0.742,0.000,0.242,0.720,0.455,0.527,0.752,0.291,0.267,0.780,0.291,0.461,0.467,0.285,0.345,0.291,0.467,0.448,0.712,0.503,0.388,0.388,0.533,0.709,0.339,0.712,0.485,0.750,0.709,0.358,0.558,0.242,0.461,0.388,0.261,0.206,0.485,0.491,0.720,0.753,0.273,0.206,0.745,0.448,0.745,0.467,0.558,0.261,0.194,0.733,0.745,0.753,0.333,0.297,0.745,0.739,0.230,0.242,0.024,0.267,0.352,0.750,0.760,0.717,0.720,0.624,0.388,0.725,0.736,0.461,0.436,0.539,0.503,0.358,0.753,0.612,0.236,0.701,0.527,0.497,0.206,0.230,0.714,0.624,0.755,0.728,0.436,0.218
7PNB_b_6_MAN;0.775,0.788,0.479,0.467,0.793,0.747,0.777,0.467,0.576,0.734,0.785,0.485,0.527,0.170,0.273,0.206,0.267,0.455,0.791,0.734,0.176,0.564,0.769,0.576,0.242,0.212,0.785,0.461,0.747,0.739,0.742,0.728,0.755,0.734,0.736,0.485,0.394,0.712,0.261,0.749,0.261,0.212,0.772,0.248,0.291,0.176,0.588,0.791,0.745,0.761,0.285,0.758,0.261,0.455,0.731,0.473,0.176,0.315,0.473,0.742,0.769,0.261,0.291,0.775,0.769,0.769,0.758,0.521,0.720,0.497,0.777,0.479,0.725,0.712,0.749,0.588,0.582,0.255,0.394,0.200,0.248,0.758,0.309,0.742,0.176,0.182,0.242,0.188,0.752,0.303,0.479,0.576,0.267,0.736,0.297,0.388,0.582,0.479,0.720,0.479,0.747,0.788,0.206,0.739,0.388,0.176,0.194,0.200,0.742,0.248,0.775,0.048,0.194,0.753,0.739,0.285,0.182,0.473,0.720,0.473,0.745,0.042,0.739,0.461,0.467,0.461,0.309,0.461,0.736,0.455,0.485,0.725,0.273,0.467,0.725,0.515,0.461,0.582,0.030,0.588,0.291,0.388,0.285,0.731,0.521,0.206,0.576,0.521,0.267,0.734,0.714,0.582,0.723,0.242,0.772,0.527,0.242,0.753,0.485,0.455,0.242,0.291,0.255,0.785,0.750,0.473,0.758,0.242,0.000,0.725,0.467,0.509,0.791,0.267,0.267,0.780,0.273,0.461,0.461,0.188,0.297,0.267,0.485,0.461,0.736,0.473,0.388,0.394,0.527,0.714,0.297,0.734,0.479,0.734,0.734,0.309,0.594,0.042,0.467,0.388,0.212,0.164,0.485,0.491,0.723,0.747,0.248,0.188,0.745,0.467,0.758,0.473,0.582,0.182,0.158,0.758,0.750,0.736,0.291,0.273,0.766,0.758,0.024,0.024,0.255,0.206,0.303,0.734,0.752,0.739,0.725,0.588,0.394,0.749,0.763,0.461,0.473,0.570,0.473,0.309,0.736,0.576,0.036,0.725,0.521,0.467,0.176,0.024,0.720,0.582,0.747,0.720,0.455,0.176
7PNB_T_2_NAG;0.582,0.640,0.775,0.758,0.643,0.484,0.596,0.769,0.802,0.324,0.637,0.780,0.761,0.723,0.720,0.712,0.725,0.761,0.637,0.495,0.712,0.799,0.511,0.802,0.720,0.720,0.637,0.769,0.500,0.459,0.453,0.060,0.500,0.319,0.508,0.777,0.706,0.069,0.720,0.497,0.712,0.717,0.588,0.723,0.747,0.720,0.832,0.643,0.500,0.503,0.745,0.538,0.717,0.761,0.080,0.772,0.717,0.725,0.755,0.462,0.585,0.720,0.739,0.593,0.514,0.516,0.525,0.761,0.495,0.777,0.591,0.777,0.041,0.060,0.522,0.832,0.805,0.723,0.706,0.720,0.714,0.511,0.723,0.341,0.717,0.714,0.717,0.717,0.516,0.723,0.764,0.802,0.723,0.324,0.723,0.712,0.830,0.764,0.071,0.764,0.464,0.637,0.709,0.462,0.706,0.723,0.717,0.717,0.489,0.723,0.591,0.725,0.717,0.503,0.327,0.739,0.717,0.755,0.497,0.758,0.459,0.725,0.335,0.761,0.766,0.769,0.725,0.761,0.327,0.769,0.772,0.486,0.714,0.766,0.500,0.753,0.761,0.830,0.725,0.832,0.745,0.703,0.739,0.330,0.758,0.712,0.799,0.755,0.720,0.321,0.077,0.832,0.495,0.723,0.580,0.753,0.723,0.489,0.766,0.761,0.717,0.742,0.714,0.643,0.486,0.772,0.530,0.720,0.725,0.000,0.761,0.755,0.635,0.717,0.714,0.599,0.720,0.761,0.761,0.717,0.723,0.725,0.758,0.758,0.327,0.772,0.703,0.706,0.755,0.082,0.745,0.324,0.772,0.330,0.335,0.725,0.808,0.728,0.772,0.706,0.709,0.720,0.777,0.777,0.508,0.459,0.712,0.720,0.467,0.758,0.530,0.764,0.805,0.717,0.720,0.522,0.467,0.327,0.747,0.720,0.527,0.500,0.728,0.731,0.725,0.714,0.725,0.321,0.536,0.332,0.500,0.835,0.706,0.516,0.527,0.764,0.761,0.799,0.775,0.728,0.321,0.835,0.725,0.330,0.753,0.766,0.720,0.725,0.503,0.830,0.467,0.486,0.764,0.717
7PNB_e_4_MAN;0.750,0.747,0.612,0.012,0.752,0.780,0.761,0.594,0.576,0.761,0.747,0.612,0.503,0.479,0.485,0.497,0.497,0.582,0.747,0.791,0.461,0.588,0.750,0.576,0.448,0.491,0.747,0.576,0.793,0.755,0.764,0.764,0.791,0.761,0.783,0.606,0.485,0.775,0.491,0.799,0.473,0.485,0.753,0.442,0.545,0.473,0.606,0.752,0.791,0.753,0.539,0.783,0.485,0.582,0.758,0.600,0.467,0.545,0.036,0.766,0.755,0.491,0.552,0.755,0.753,0.755,0.796,0.509,0.791,0.606,0.755,0.606,0.764,0.769,0.782,0.606,0.576,0.467,0.485,0.491,0.461,0.747,0.545,0.758,0.473,0.473,0.485,0.497,0.791,0.539,0.012,0.576,0.491,0.764,0.539,0.485,0.600,0.030,0.769,0.570,0.772,0.747,0.467,0.764,0.479,0.485,0.473,0.491,0.786,0.442,0.758,0.491,0.479,0.755,0.758,0.552,0.473,0.018,0.786,0.048,0.764,0.467,0.761,0.582,0.576,0.588,0.545,0.558,0.764,0.582,0.612,0.788,0.485,0.576,0.783,0.491,0.588,0.600,0.473,0.606,0.545,0.491,0.545,0.758,0.509,0.473,0.570,0.491,0.479,0.761,0.766,0.594,0.786,0.442,0.755,0.497,0.442,0.753,0.606,0.570,0.455,0.552,0.485,0.747,0.794,0.618,0.786,0.455,0.467,0.761,0.000,0.503,0.749,0.491,0.485,0.747,0.479,0.582,0.558,0.467,0.539,0.497,0.576,0.576,0.758,0.606,0.491,0.485,0.491,0.764,0.545,0.755,0.600,0.764,0.753,0.545,0.570,0.455,0.588,0.479,0.467,0.479,0.612,0.612,0.786,0.772,0.479,0.485,0.766,0.018,0.780,0.576,0.570,0.473,0.467,0.782,0.788,0.764,0.539,0.497,0.755,0.745,0.461,0.461,0.448,0.479,0.539,0.764,0.760,0.753,0.786,0.600,0.485,0.785,0.785,0.588,0.048,0.582,0.618,0.539,0.764,0.600,0.485,0.755,0.503,0.594,0.479,0.467,0.786,0.600,0.761,0.780,0.564,0.485
7PNB_V_4_BGC;0.764,0.769,0.564,0.497,0.769,0.764,0.761,0.570,0.521,0.745,0.771,0.564,0.018,0.509,0.461,0.509,0.485,0.521,0.769,0.761,0.515,0.515,0.753,0.515,0.527,0.503,0.771,0.533,0.763,0.747,0.750,0.742,0.755,0.747,0.764,0.558,0.424,0.758,0.503,0.763,0.479,0.497,0.758,0.527,0.527,0.521,0.624,0.769,0.766,0.755,0.521,0.753,0.497,0.521,0.734,0.570,0.479,0.515,0.491,0.747,0.766,0.473,0.527,0.761,0.750,0.750,0.755,0.012,0.769,0.564,0.761,0.552,0.747,0.764,0.752,0.624,0.533,0.455,0.424,0.497,0.527,0.750,0.521,0.772,0.509,0.527,0.509,0.533,0.758,0.503,0.509,0.539,0.503,0.747,0.509,0.424,0.630,0.491,0.766,0.539,0.745,0.769,0.509,0.745,0.418,0.515,0.521,0.515,0.758,0.527,0.758,0.515,0.491,0.755,0.764,0.527,0.479,0.497,0.764,0.491,0.745,0.497,0.766,0.521,0.533,0.558,0.515,0.539,0.747,0.558,0.564,0.775,0.497,0.533,0.764,0.024,0.527,0.624,0.503,0.624,0.533,0.430,0.521,0.766,0.018,0.503,0.521,0.030,0.455,0.742,0.750,0.630,0.766,0.527,0.769,0.024,0.527,0.753,0.552,0.527,0.527,0.527,0.497,0.771,0.755,0.570,0.750,0.527,0.509,0.755,0.503,0.000,0.771,0.467,0.497,0.764,0.455,0.521,0.539,0.515,0.509,0.485,0.552,0.527,0.764,0.558,0.430,0.424,0.030,0.753,0.521,0.766,0.564,0.747,0.766,0.515,0.539,0.503,0.576,0.418,0.503,0.509,0.558,0.570,0.766,0.750,0.491,0.515,0.745,0.497,0.755,0.533,0.533,0.479,0.509,0.758,0.764,0.747,0.521,0.473,0.750,0.753,0.503,0.497,0.533,0.521,0.509,0.747,0.755,0.769,0.766,0.630,0.424,0.738,0.760,0.527,0.485,0.515,0.570,0.503,0.747,0.636,0.509,0.766,0.018,0.570,0.515,0.503,0.764,0.630,0.745,0.766,0.521,0.515
7PNB_Z_2_NAG;0.563,0.017,0.835,0.749,0.011,0.613,0.577,0.791,0.807,0.629,0.011,0.840,0.769,0.782,0.774,0.802,0.771,0.829,0.008,0.626,0.802,0.804,0.602,0.807,0.752,0.802,0.011,0.829,0.614,0.580,0.585,0.640,0.614,0.635,0.632,0.829,0.771,0.626,0.774,0.614,0.763,0.799,0.571,0.749,0.813,0.802,0.810,0.030,0.615,0.618,0.810,0.604,0.769,0.829,0.632,0.793,0.788,0.804,0.744,0.582,0.569,0.774,0.813,0.569,0.604,0.610,0.614,0.769,0.643,0.832,0.569,0.832,0.632,0.629,0.606,0.807,0.810,0.766,0.771,0.802,0.755,0.599,0.807,0.602,0.785,0.796,0.774,0.799,0.598,0.799,0.747,0.810,0.774,0.632,0.810,0.774,0.810,0.744,0.637,0.835,0.591,0.011,0.793,0.582,0.771,0.785,0.793,0.804,0.615,0.752,0.574,0.793,0.796,0.602,0.596,0.813,0.793,0.749,0.643,0.741,0.577,0.785,0.593,0.826,0.832,0.791,0.807,0.835,0.635,0.829,0.796,0.626,0.769,0.832,0.643,0.766,0.832,0.813,0.788,0.810,0.810,0.774,0.810,0.599,0.766,0.799,0.799,0.763,0.769,0.632,0.626,0.807,0.635,0.749,0.566,0.766,0.749,0.615,0.796,0.829,0.755,0.813,0.771,0.017,0.615,0.796,0.596,0.752,0.791,0.635,0.749,0.771,0.000,0.777,0.769,0.571,0.771,0.826,0.835,0.804,0.807,0.771,0.835,0.829,0.596,0.793,0.774,0.771,0.763,0.615,0.810,0.593,0.829,0.640,0.604,0.807,0.799,0.791,0.829,0.771,0.796,0.785,0.832,0.835,0.632,0.585,0.766,0.782,0.577,0.749,0.602,0.832,0.807,0.793,0.780,0.603,0.624,0.637,0.810,0.774,0.607,0.613,0.788,0.788,0.752,0.796,0.804,0.635,0.581,0.596,0.637,0.804,0.771,0.598,0.614,0.832,0.744,0.807,0.796,0.802,0.637,0.813,0.791,0.604,0.766,0.788,0.788,0.785,0.643,0.813,0.580,0.640,0.826,0.782
7PNB_r_6_MAN;0.780,0.777,0.485,0.485,0.782,0.745,0.780,0.455,0.545,0.742,0.774,0.503,0.485,0.218,0.006,0.255,0.018,0.491,0.774,0.739,0.267,0.539,0.747,0.545,0.285,0.255,0.774,0.455,0.749,0.747,0.753,0.717,0.747,0.742,0.723,0.497,0.339,0.706,0.212,0.758,0.212,0.242,0.780,0.291,0.376,0.279,0.600,0.782,0.747,0.742,0.370,0.761,0.206,0.491,0.728,0.485,0.230,0.339,0.485,0.742,0.775,0.012,0.364,0.783,0.745,0.750,0.758,0.479,0.720,0.503,0.783,0.485,0.714,0.706,0.752,0.600,0.552,0.036,0.339,0.236,0.279,0.734,0.333,0.723,0.224,0.267,0.218,0.218,0.749,0.339,0.497,0.552,0.206,0.745,0.339,0.333,0.594,0.491,0.709,0.467,0.753,0.774,0.267,0.747,0.339,0.212,0.267,0.248,0.750,0.297,0.780,0.230,0.224,0.739,0.723,0.364,0.230,0.491,0.717,0.485,0.745,0.261,0.723,0.491,0.448,0.461,0.333,0.467,0.745,0.461,0.485,0.720,0.212,0.448,0.714,0.467,0.485,0.594,0.248,0.600,0.370,0.339,0.364,0.714,0.485,0.285,0.552,0.485,0.036,0.742,0.714,0.600,0.714,0.297,0.780,0.479,0.297,0.731,0.467,0.491,0.279,0.370,0.212,0.777,0.747,0.485,0.761,0.291,0.267,0.717,0.491,0.467,0.777,0.000,0.200,0.788,0.024,0.491,0.467,0.273,0.333,0.018,0.485,0.491,0.720,0.485,0.339,0.339,0.485,0.709,0.370,0.717,0.473,0.736,0.717,0.333,0.570,0.255,0.479,0.339,0.273,0.224,0.485,0.497,0.720,0.750,0.224,0.206,0.742,0.485,0.755,0.448,0.558,0.230,0.224,0.758,0.745,0.745,0.376,0.006,0.745,0.739,0.248,0.261,0.303,0.279,0.327,0.736,0.719,0.720,0.714,0.606,0.339,0.744,0.760,0.497,0.485,0.539,0.485,0.333,0.745,0.594,0.248,0.714,0.473,0.455,0.224,0.248,0.717,0.594,0.750,0.714,0.497,0.218
7PNB_p_6_MAN;0.764,0.771,0.479,0.473,0.774,0.736,0.769,0.418,0.558,0.734,0.766,0.491,0.515,0.194,0.200,0.170,0.206,0.479,0.769,0.728,0.218,0.545,0.742,0.558,0.273,0.164,0.766,0.442,0.736,0.734,0.742,0.714,0.736,0.734,0.739,0.485,0.339,0.703,0.018,0.752,0.042,0.152,0.764,0.279,0.333,0.200,0.624,0.777,0.739,0.736,0.327,0.766,0.012,0.479,0.720,0.461,0.127,0.297,0.479,0.728,0.761,0.200,0.333,0.766,0.747,0.742,0.760,0.509,0.728,0.491,0.766,0.485,0.712,0.703,0.755,0.624,0.564,0.218,0.339,0.145,0.255,0.728,0.291,0.706,0.194,0.188,0.030,0.200,0.749,0.297,0.491,0.564,0.018,0.736,0.297,0.333,0.606,0.491,0.701,0.455,0.736,0.769,0.194,0.734,0.339,0.188,0.182,0.158,0.747,0.279,0.764,0.248,0.133,0.745,0.701,0.327,0.127,0.479,0.725,0.485,0.731,0.255,0.703,0.479,0.442,0.424,0.291,0.455,0.736,0.448,0.455,0.720,0.012,0.442,0.720,0.497,0.473,0.618,0.255,0.624,0.327,0.339,0.321,0.692,0.503,0.212,0.558,0.503,0.200,0.734,0.712,0.612,0.717,0.285,0.764,0.503,0.285,0.734,0.442,0.491,0.267,0.327,0.018,0.769,0.734,0.448,0.764,0.267,0.267,0.714,0.485,0.497,0.769,0.200,0.000,0.772,0.194,0.479,0.455,0.212,0.291,0.206,0.467,0.485,0.701,0.442,0.339,0.339,0.509,0.703,0.327,0.695,0.485,0.734,0.698,0.291,0.582,0.236,0.473,0.339,0.206,0.194,0.473,0.485,0.725,0.734,0.036,0.182,0.742,0.473,0.755,0.442,0.570,0.127,0.194,0.758,0.728,0.736,0.327,0.206,0.742,0.731,0.248,0.255,0.285,0.212,0.285,0.734,0.736,0.703,0.717,0.618,0.339,0.741,0.763,0.479,0.485,0.552,0.448,0.291,0.736,0.606,0.242,0.692,0.497,0.418,0.194,0.242,0.723,0.606,0.739,0.720,0.497,0.188
7PNB_j_1_NAG;0.052,0.574,0.827,0.747,0.574,0.602,0.036,0.810,0.810,0.593,0.571,0.827,0.761,0.783,0.788,0.786,0.791,0.797,0.571,0.618,0.775,0.813,0.604,0.813,0.780,0.791,0.571,0.816,0.610,0.569,0.577,0.596,0.613,0.591,0.593,0.821,0.775,0.599,0.775,0.596,0.769,0.786,0.044,0.777,0.810,0.783,0.830,0.574,0.624,0.582,0.808,0.607,0.772,0.797,0.588,0.810,0.780,0.799,0.747,0.569,0.069,0.788,0.808,0.036,0.607,0.599,0.596,0.764,0.577,0.824,0.044,0.824,0.596,0.593,0.599,0.830,0.810,0.783,0.775,0.788,0.783,0.591,0.799,0.574,0.777,0.780,0.772,0.788,0.593,0.794,0.747,0.808,0.775,0.593,0.799,0.775,0.832,0.753,0.593,0.819,0.577,0.571,0.775,0.574,0.775,0.786,0.777,0.791,0.599,0.777,0.049,0.788,0.783,0.602,0.571,0.810,0.783,0.750,0.574,0.750,0.574,0.780,0.577,0.797,0.816,0.808,0.802,0.813,0.593,0.819,0.813,0.577,0.772,0.816,0.571,0.764,0.799,0.832,0.783,0.830,0.808,0.777,0.808,0.580,0.766,0.780,0.808,0.761,0.786,0.588,0.585,0.830,0.574,0.777,0.063,0.761,0.777,0.580,0.813,0.799,0.783,0.810,0.769,0.574,0.607,0.813,0.610,0.780,0.780,0.599,0.747,0.764,0.571,0.788,0.772,0.000,0.783,0.797,0.813,0.777,0.797,0.791,0.819,0.799,0.569,0.810,0.777,0.775,0.758,0.591,0.810,0.569,0.824,0.599,0.577,0.802,0.808,0.780,0.824,0.775,0.775,0.780,0.827,0.830,0.585,0.580,0.764,0.786,0.577,0.747,0.585,0.816,0.810,0.783,0.775,0.607,0.613,0.596,0.808,0.788,0.613,0.582,0.783,0.783,0.780,0.780,0.799,0.596,0.602,0.569,0.580,0.827,0.775,0.607,0.615,0.799,0.750,0.813,0.813,0.799,0.593,0.832,0.786,0.574,0.764,0.810,0.780,0.777,0.582,0.832,0.577,0.577,0.797,0.780
7PNB_X_6_MAN;0.775,0.771,0.485,0.473,0.777,0.745,0.775,0.455,0.539,0.739,0.769,0.503,0.473,0.218,0.018,0.255,0.042,0.485,0.769,0.736,0.273,0.533,0.739,0.539,0.285,0.255,0.769,0.448,0.749,0.745,0.753,0.720,0.747,0.739,0.723,0.497,0.333,0.709,0.206,0.758,0.206,0.242,0.775,0.291,0.388,0.279,0.594,0.780,0.747,0.736,0.382,0.758,0.200,0.485,0.728,0.485,0.218,0.352,0.473,0.739,0.769,0.024,0.376,0.777,0.736,0.742,0.752,0.467,0.720,0.503,0.777,0.485,0.717,0.709,0.752,0.594,0.545,0.024,0.333,0.236,0.279,0.725,0.345,0.723,0.224,0.267,0.212,0.230,0.747,0.352,0.485,0.545,0.200,0.742,0.352,0.327,0.588,0.479,0.712,0.461,0.750,0.769,0.267,0.745,0.333,0.212,0.261,0.248,0.750,0.297,0.775,0.248,0.224,0.736,0.720,0.376,0.218,0.479,0.717,0.473,0.739,0.261,0.723,0.485,0.448,0.461,0.345,0.461,0.742,0.455,0.485,0.714,0.206,0.448,0.709,0.455,0.479,0.588,0.255,0.594,0.382,0.333,0.370,0.712,0.473,0.285,0.545,0.473,0.036,0.739,0.717,0.594,0.709,0.297,0.775,0.467,0.297,0.728,0.467,0.485,0.279,0.376,0.206,0.771,0.747,0.485,0.755,0.291,0.273,0.720,0.479,0.455,0.771,0.024,0.194,0.783,0.000,0.485,0.461,0.273,0.345,0.042,0.479,0.485,0.720,0.479,0.333,0.333,0.473,0.709,0.382,0.714,0.473,0.734,0.714,0.345,0.564,0.261,0.479,0.333,0.273,0.224,0.485,0.497,0.717,0.747,0.218,0.206,0.742,0.473,0.755,0.448,0.552,0.218,0.224,0.755,0.745,0.742,0.382,0.030,0.736,0.731,0.255,0.267,0.303,0.279,0.339,0.734,0.716,0.717,0.709,0.600,0.333,0.741,0.758,0.491,0.473,0.533,0.485,0.345,0.742,0.588,0.255,0.712,0.461,0.455,0.224,0.255,0.712,0.588,0.747,0.709,0.491,0.218
7PNB_c_3_YZT;0.797,0.826,0.285,0.576,0.832,0.758,0.794,0.558,0.400,0.753,0.826,0.261,0.527,0.455,0.491,0.485,0.491,0.012,0.824,0.750,0.467,0.388,0.777,0.394,0.461,0.491,0.826,0.206,0.760,0.788,0.794,0.761,0.763,0.753,0.772,0.273,0.461,0.769,0.485,0.769,0.473,0.491,0.791,0.467,0.394,0.473,0.588,0.835,0.753,0.775,0.388,0.794,0.479,0.006,0.761,0.570,0.473,0.412,0.576,0.783,0.788,0.491,0.388,0.791,0.777,0.777,0.782,0.521,0.764,0.279,0.791,0.267,0.764,0.769,0.788,0.582,0.406,0.479,0.461,0.491,0.448,0.777,0.406,0.777,0.448,0.473,0.485,0.473,0.785,0.406,0.588,0.406,0.485,0.755,0.388,0.461,0.570,0.588,0.764,0.230,0.791,0.824,0.461,0.788,0.455,0.461,0.473,0.491,0.753,0.467,0.788,0.461,0.485,0.780,0.775,0.388,0.473,0.582,0.764,0.576,0.788,0.455,0.775,0.000,0.200,0.558,0.400,0.200,0.755,0.206,0.570,0.755,0.479,0.206,0.761,0.521,0.018,0.576,0.461,0.588,0.394,0.455,0.382,0.766,0.527,0.479,0.400,0.539,0.479,0.753,0.764,0.576,0.764,0.467,0.788,0.533,0.467,0.766,0.558,0.030,0.455,0.388,0.473,0.829,0.758,0.576,0.791,0.461,0.461,0.761,0.582,0.521,0.826,0.491,0.479,0.797,0.485,0.000,0.218,0.467,0.388,0.491,0.224,0.030,0.772,0.564,0.455,0.461,0.539,0.766,0.388,0.769,0.273,0.753,0.769,0.400,0.400,0.461,0.267,0.455,0.467,0.455,0.291,0.291,0.764,0.794,0.473,0.455,0.786,0.576,0.794,0.212,0.406,0.473,0.461,0.785,0.755,0.755,0.388,0.491,0.780,0.780,0.461,0.467,0.467,0.467,0.394,0.753,0.771,0.775,0.766,0.576,0.461,0.782,0.793,0.012,0.576,0.388,0.576,0.400,0.755,0.582,0.467,0.764,0.527,0.558,0.455,0.461,0.766,0.570,0.794,0.761,0.024,0.448
7PNB_n_3_YZT;0.813,0.832,0.303,0.552,0.837,0.769,0.810,0.539,0.448,0.772,0.835,0.279,0.545,0.455,0.467,0.455,0.467,0.218,0.832,0.758,0.424,0.430,0.772,0.448,0.467,0.467,0.835,0.048,0.774,0.788,0.794,0.755,0.777,0.772,0.777,0.291,0.455,0.758,0.461,0.780,0.473,0.461,0.808,0.473,0.382,0.436,0.564,0.840,0.764,0.775,0.376,0.810,0.455,0.224,0.764,0.552,0.436,0.382,0.552,0.783,0.802,0.467,0.376,0.808,0.775,0.772,0.799,0.539,0.764,0.315,0.808,0.303,0.764,0.761,0.802,0.558,0.461,0.467,0.455,0.455,0.455,0.775,0.376,0.783,0.448,0.430,0.461,0.448,0.796,0.376,0.564,0.455,0.461,0.775,0.358,0.442,0.545,0.564,0.758,0.030,0.788,0.832,0.418,0.786,0.448,0.448,0.430,0.448,0.769,0.473,0.805,0.448,0.442,0.783,0.780,0.376,0.442,0.558,0.764,0.552,0.786,0.455,0.780,0.218,0.061,0.539,0.370,0.030,0.775,0.079,0.558,0.750,0.467,0.061,0.761,0.533,0.212,0.564,0.455,0.564,0.382,0.448,0.370,0.772,0.545,0.424,0.448,0.552,0.461,0.772,0.761,0.564,0.761,0.473,0.808,0.552,0.473,0.766,0.552,0.218,0.461,0.376,0.448,0.835,0.775,0.564,0.808,0.467,0.461,0.761,0.558,0.539,0.835,0.467,0.455,0.813,0.461,0.218,0.000,0.424,0.358,0.467,0.061,0.230,0.777,0.552,0.448,0.455,0.558,0.758,0.376,0.775,0.303,0.769,0.775,0.370,0.473,0.461,0.285,0.448,0.424,0.455,0.303,0.309,0.764,0.791,0.467,0.442,0.788,0.552,0.805,0.055,0.455,0.442,0.455,0.799,0.772,0.775,0.376,0.467,0.772,0.772,0.461,0.467,0.473,0.424,0.364,0.769,0.763,0.780,0.761,0.564,0.455,0.799,0.802,0.230,0.552,0.436,0.564,0.370,0.775,0.558,0.455,0.761,0.545,0.539,0.442,0.461,0.761,0.558,0.788,0.755,0.230,0.436
7PNB_n_6_MAN;0.772,0.804,0.467,0.467,0.807,0.747,0.775,0.430,0.600,0.736,0.802,0.461,0.533,0.194,0.279,0.115,0.285,0.467,0.804,0.736,0.012,0.588,0.755,0.600,0.291,0.109,0.802,0.424,0.752,0.742,0.742,0.717,0.752,0.736,0.745,0.473,0.382,0.712,0.218,0.760,0.230,0.109,0.769,0.297,0.297,0.030,0.618,0.810,0.747,0.747,0.303,0.777,0.200,0.467,0.731,0.455,0.121,0.285,0.467,0.742,0.769,0.267,0.297,0.772,0.758,0.753,0.763,0.527,0.728,0.473,0.772,0.479,0.720,0.709,0.766,0.618,0.606,0.297,0.382,0.115,0.273,0.745,0.279,0.723,0.200,0.048,0.200,0.176,0.763,0.291,0.479,0.600,0.218,0.739,0.267,0.370,0.606,0.473,0.709,0.436,0.745,0.804,0.061,0.736,0.376,0.188,0.048,0.091,0.750,0.297,0.769,0.170,0.115,0.745,0.723,0.291,0.121,0.473,0.725,0.467,0.742,0.188,0.723,0.467,0.418,0.430,0.279,0.424,0.739,0.418,0.455,0.720,0.224,0.418,0.723,0.521,0.461,0.612,0.188,0.618,0.297,0.376,0.303,0.714,0.527,0.073,0.594,0.533,0.285,0.736,0.714,0.612,0.720,0.291,0.772,0.527,0.291,0.745,0.448,0.467,0.285,0.297,0.194,0.802,0.750,0.448,0.775,0.285,0.188,0.717,0.467,0.515,0.804,0.273,0.212,0.777,0.273,0.467,0.424,0.000,0.279,0.285,0.442,0.473,0.720,0.455,0.376,0.382,0.533,0.714,0.297,0.717,0.473,0.731,0.717,0.279,0.618,0.200,0.455,0.376,0.079,0.194,0.461,0.479,0.725,0.745,0.218,0.194,0.747,0.467,0.772,0.418,0.606,0.121,0.194,0.766,0.747,0.739,0.309,0.279,0.750,0.745,0.176,0.188,0.303,0.048,0.285,0.731,0.741,0.720,0.720,0.618,0.382,0.755,0.771,0.473,0.467,0.594,0.448,0.291,0.739,0.606,0.176,0.709,0.521,0.430,0.188,0.188,0.725,0.606,0.745,0.712,0.473,0.182
7PNB_l_4_BGC;0.794,0.810,0.473,0.533,0.813,0.745,0.791,0.418,0.552,0.745,0.807,0.461,0.527,0.321,0.339,0.303,0.339,0.382,0.807,0.734,0.279,0.545,0.750,0.552,0.345,0.297,0.807,0.370,0.755,0.739,0.736,0.723,0.747,0.745,0.750,0.467,0.309,0.712,0.297,0.755,0.327,0.297,0.788,0.352,0.145,0.285,0.642,0.815,0.745,0.755,0.145,0.783,0.297,0.382,0.728,0.448,0.279,0.024,0.527,0.734,0.786,0.333,0.133,0.788,0.753,0.753,0.766,0.521,0.723,0.485,0.788,0.479,0.723,0.717,0.769,0.642,0.564,0.358,0.309,0.285,0.333,0.750,0.018,0.734,0.315,0.279,0.297,0.303,0.763,0.030,0.545,0.564,0.291,0.747,0.012,0.309,0.630,0.539,0.712,0.358,0.739,0.807,0.273,0.739,0.315,0.315,0.279,0.297,0.742,0.352,0.786,0.273,0.279,0.758,0.731,0.139,0.285,0.533,0.720,0.527,0.736,0.297,0.731,0.388,0.358,0.430,0.012,0.358,0.747,0.364,0.442,0.717,0.303,0.358,0.714,0.515,0.376,0.636,0.285,0.642,0.152,0.309,0.133,0.723,0.521,0.297,0.558,0.527,0.358,0.745,0.720,0.636,0.717,0.358,0.788,0.521,0.358,0.736,0.430,0.394,0.339,0.139,0.291,0.810,0.742,0.442,0.777,0.345,0.297,0.723,0.539,0.509,0.807,0.333,0.291,0.797,0.345,0.388,0.358,0.279,0.000,0.339,0.358,0.388,0.728,0.442,0.309,0.309,0.527,0.717,0.145,0.725,0.473,0.745,0.725,0.012,0.582,0.267,0.455,0.315,0.285,0.321,0.473,0.485,0.720,0.742,0.315,0.315,0.734,0.533,0.769,0.352,0.564,0.285,0.321,0.766,0.742,0.747,0.139,0.339,0.753,0.758,0.279,0.279,0.358,0.285,0.006,0.745,0.727,0.731,0.717,0.642,0.309,0.749,0.774,0.388,0.527,0.545,0.442,0.012,0.747,0.630,0.279,0.720,0.515,0.424,0.315,0.279,0.720,0.630,0.747,0.723,0.400,0.321
7PNB_h_6_MAN;0.783,0.771,0.485,0.491,0.777,0.742,0.783,0.455,0.552,0.742,0.769,0.503,0.491,0.224,0.024,0.261,0.000,0.491,0.769,0.736,0.279,0.545,0.745,0.552,0.285,0.261,0.769,0.455,0.747,0.750,0.755,0.725,0.744,0.742,0.723,0.497,0.352,0.712,0.218,0.755,0.218,0.248,0.783,0.291,0.376,0.285,0.606,0.777,0.745,0.739,0.370,0.764,0.212,0.491,0.736,0.485,0.236,0.345,0.491,0.745,0.777,0.018,0.364,0.786,0.742,0.747,0.763,0.485,0.717,0.503,0.786,0.485,0.720,0.712,0.755,0.606,0.558,0.042,0.352,0.242,0.279,0.731,0.339,0.725,0.230,0.273,0.224,0.224,0.749,0.345,0.503,0.558,0.212,0.745,0.345,0.345,0.594,0.497,0.714,0.467,0.755,0.769,0.279,0.750,0.352,0.218,0.273,0.255,0.747,0.297,0.783,0.230,0.230,0.736,0.725,0.364,0.236,0.497,0.720,0.491,0.747,0.261,0.725,0.491,0.448,0.461,0.339,0.467,0.745,0.461,0.485,0.717,0.218,0.448,0.717,0.485,0.485,0.600,0.248,0.606,0.370,0.352,0.364,0.717,0.491,0.297,0.558,0.503,0.042,0.742,0.720,0.600,0.717,0.297,0.783,0.497,0.297,0.728,0.467,0.491,0.279,0.370,0.218,0.771,0.745,0.485,0.766,0.291,0.267,0.725,0.497,0.485,0.771,0.018,0.206,0.791,0.042,0.491,0.467,0.285,0.339,0.000,0.485,0.491,0.723,0.485,0.352,0.352,0.503,0.714,0.370,0.720,0.473,0.736,0.720,0.339,0.576,0.255,0.479,0.352,0.285,0.230,0.485,0.497,0.717,0.753,0.230,0.212,0.745,0.491,0.761,0.448,0.564,0.236,0.230,0.760,0.742,0.745,0.376,0.012,0.742,0.736,0.248,0.261,0.303,0.291,0.333,0.736,0.719,0.723,0.717,0.606,0.352,0.744,0.763,0.497,0.491,0.545,0.485,0.339,0.745,0.594,0.248,0.717,0.491,0.455,0.230,0.248,0.720,0.594,0.753,0.712,0.497,0.224
7PNB_d_3_YZT;0.819,0.832,0.315,0.564,0.837,0.769,0.813,0.533,0.448,0.775,0.835,0.297,0.558,0.467,0.485,0.455,0.485,0.224,0.832,0.761,0.442,0.442,0.772,0.448,0.467,0.485,0.835,0.079,0.774,0.791,0.791,0.753,0.777,0.775,0.783,0.303,0.455,0.755,0.473,0.780,0.491,0.479,0.813,0.473,0.400,0.455,0.570,0.840,0.764,0.777,0.394,0.816,0.467,0.230,0.761,0.552,0.455,0.382,0.552,0.783,0.805,0.485,0.388,0.810,0.775,0.772,0.804,0.552,0.769,0.321,0.810,0.321,0.761,0.758,0.807,0.564,0.461,0.485,0.455,0.473,0.455,0.777,0.376,0.780,0.461,0.442,0.473,0.461,0.802,0.382,0.582,0.455,0.473,0.777,0.364,0.442,0.552,0.570,0.755,0.048,0.788,0.832,0.412,0.786,0.455,0.461,0.436,0.467,0.769,0.473,0.808,0.467,0.461,0.786,0.777,0.388,0.461,0.558,0.769,0.558,0.786,0.461,0.777,0.224,0.073,0.533,0.370,0.042,0.777,0.055,0.558,0.753,0.479,0.067,0.766,0.545,0.218,0.570,0.467,0.570,0.394,0.448,0.376,0.769,0.558,0.418,0.448,0.564,0.479,0.775,0.758,0.570,0.766,0.473,0.810,0.564,0.473,0.766,0.552,0.224,0.461,0.382,0.461,0.835,0.775,0.564,0.813,0.467,0.485,0.758,0.576,0.552,0.835,0.485,0.467,0.819,0.479,0.224,0.061,0.442,0.358,0.485,0.000,0.236,0.775,0.552,0.448,0.455,0.570,0.755,0.394,0.772,0.321,0.772,0.772,0.370,0.473,0.479,0.297,0.455,0.418,0.467,0.315,0.321,0.769,0.791,0.479,0.455,0.783,0.564,0.808,0.073,0.455,0.461,0.467,0.804,0.775,0.777,0.388,0.485,0.772,0.775,0.479,0.485,0.473,0.418,0.364,0.772,0.771,0.777,0.766,0.570,0.455,0.802,0.807,0.236,0.558,0.436,0.564,0.370,0.777,0.564,0.467,0.758,0.558,0.539,0.455,0.473,0.766,0.564,0.788,0.761,0.236,0.455
7PNB_S_3_YZT;0.799,0.829,0.279,0.570,0.835,0.758,0.799,0.564,0.394,0.753,0.829,0.255,0.533,0.448,0.491,0.497,0.491,0.030,0.826,0.753,0.467,0.382,0.777,0.388,0.448,0.497,0.829,0.230,0.763,0.794,0.799,0.761,0.766,0.753,0.775,0.267,0.461,0.769,0.491,0.771,0.485,0.497,0.794,0.455,0.394,0.479,0.588,0.835,0.753,0.777,0.388,0.794,0.485,0.024,0.758,0.576,0.479,0.412,0.570,0.788,0.794,0.491,0.388,0.797,0.777,0.777,0.782,0.527,0.764,0.273,0.797,0.261,0.761,0.769,0.788,0.582,0.400,0.485,0.461,0.497,0.436,0.777,0.406,0.780,0.442,0.479,0.491,0.461,0.785,0.406,0.582,0.400,0.491,0.755,0.388,0.467,0.570,0.582,0.764,0.242,0.797,0.826,0.461,0.794,0.455,0.448,0.479,0.497,0.750,0.455,0.794,0.461,0.491,0.777,0.777,0.388,0.479,0.576,0.764,0.570,0.794,0.461,0.777,0.030,0.224,0.564,0.400,0.212,0.755,0.218,0.576,0.761,0.485,0.230,0.764,0.527,0.030,0.588,0.461,0.588,0.394,0.455,0.382,0.769,0.533,0.479,0.394,0.545,0.485,0.753,0.764,0.588,0.764,0.455,0.794,0.539,0.455,0.766,0.564,0.012,0.442,0.388,0.479,0.832,0.758,0.582,0.791,0.448,0.461,0.758,0.576,0.527,0.829,0.491,0.485,0.799,0.485,0.030,0.230,0.473,0.388,0.491,0.236,0.000,0.775,0.570,0.455,0.461,0.545,0.766,0.388,0.772,0.261,0.755,0.772,0.400,0.394,0.461,0.255,0.455,0.467,0.448,0.285,0.285,0.764,0.799,0.485,0.455,0.791,0.570,0.797,0.236,0.400,0.479,0.455,0.785,0.755,0.755,0.388,0.491,0.780,0.780,0.461,0.467,0.461,0.467,0.394,0.755,0.777,0.777,0.769,0.588,0.461,0.777,0.793,0.030,0.570,0.382,0.582,0.400,0.755,0.594,0.461,0.766,0.533,0.564,0.442,0.461,0.766,0.582,0.799,0.764,0.024,0.448
7PNB_V_2_NAG;0.555,0.599,0.794,0.755,0.604,0.429,0.566,0.755,0.805,0.407,0.599,0.794,0.766,0.706,0.723,0.703,0.723,0.772,0.596,0.459,0.720,0.805,0.489,0.805,0.714,0.712,0.599,0.777,0.459,0.453,0.451,0.319,0.462,0.409,0.503,0.791,0.706,0.332,0.709,0.464,0.698,0.706,0.563,0.717,0.758,0.720,0.843,0.604,0.453,0.462,0.755,0.558,0.706,0.772,0.324,0.769,0.706,0.736,0.750,0.442,0.552,0.720,0.755,0.563,0.478,0.478,0.560,0.769,0.478,0.788,0.558,0.791,0.321,0.330,0.541,0.843,0.805,0.723,0.706,0.709,0.706,0.475,0.734,0.022,0.703,0.714,0.706,0.714,0.541,0.736,0.764,0.802,0.709,0.407,0.734,0.709,0.835,0.758,0.332,0.772,0.459,0.596,0.709,0.459,0.709,0.706,0.714,0.712,0.453,0.717,0.558,0.739,0.703,0.484,0.038,0.755,0.706,0.755,0.489,0.750,0.448,0.736,0.047,0.772,0.775,0.758,0.734,0.777,0.409,0.777,0.769,0.484,0.701,0.775,0.497,0.758,0.772,0.841,0.739,0.843,0.758,0.706,0.753,0.058,0.769,0.712,0.805,0.764,0.717,0.404,0.327,0.838,0.500,0.720,0.552,0.764,0.720,0.462,0.764,0.777,0.712,0.755,0.703,0.602,0.434,0.766,0.566,0.712,0.736,0.327,0.758,0.764,0.596,0.720,0.701,0.569,0.720,0.772,0.777,0.720,0.728,0.723,0.775,0.775,0.000,0.766,0.706,0.706,0.766,0.332,0.755,0.052,0.791,0.401,0.047,0.734,0.808,0.739,0.788,0.709,0.706,0.703,0.794,0.791,0.484,0.453,0.701,0.703,0.448,0.755,0.544,0.772,0.805,0.706,0.703,0.555,0.440,0.415,0.755,0.723,0.495,0.470,0.734,0.739,0.720,0.717,0.731,0.404,0.508,0.041,0.497,0.841,0.706,0.544,0.555,0.775,0.755,0.802,0.769,0.734,0.412,0.841,0.736,0.066,0.766,0.758,0.706,0.731,0.495,0.835,0.453,0.475,0.780,0.706
7PNB_Q_5_MAN;0.808,0.793,0.570,0.594,0.793,0.755,0.808,0.073,0.558,0.791,0.791,0.570,0.558,0.461,0.485,0.461,0.485,0.570,0.796,0.758,0.461,0.564,0.758,0.564,0.509,0.448,0.791,0.539,0.771,0.777,0.777,0.775,0.766,0.791,0.766,0.564,0.503,0.772,0.448,0.788,0.467,0.442,0.808,0.515,0.455,0.461,0.679,0.793,0.755,0.761,0.448,0.747,0.442,0.570,0.780,0.042,0.436,0.455,0.588,0.769,0.810,0.491,0.436,0.808,0.755,0.764,0.749,0.558,0.764,0.576,0.805,0.582,0.766,0.772,0.738,0.679,0.558,0.497,0.503,0.442,0.491,0.764,0.455,0.766,0.455,0.442,0.442,0.442,0.730,0.442,0.612,0.564,0.461,0.797,0.442,0.497,0.679,0.600,0.772,0.552,0.769,0.793,0.436,0.769,0.497,0.455,0.448,0.448,0.769,0.515,0.805,0.448,0.430,0.777,0.766,0.436,0.442,0.594,0.764,0.588,0.766,0.461,0.766,0.564,0.533,0.055,0.448,0.552,0.794,0.552,0.012,0.750,0.448,0.533,0.758,0.564,0.564,0.679,0.467,0.679,0.448,0.503,0.430,0.766,0.552,0.430,0.576,0.564,0.479,0.794,0.777,0.685,0.758,0.509,0.810,0.558,0.509,0.755,0.048,0.570,0.503,0.436,0.442,0.791,0.761,0.024,0.750,0.503,0.473,0.772,0.606,0.558,0.793,0.485,0.442,0.810,0.479,0.564,0.552,0.455,0.442,0.485,0.552,0.570,0.766,0.000,0.503,0.503,0.564,0.777,0.448,0.764,0.576,0.791,0.764,0.448,0.588,0.473,0.576,0.497,0.430,0.461,0.564,0.576,0.758,0.772,0.455,0.448,0.766,0.594,0.745,0.539,0.564,0.442,0.461,0.741,0.755,0.794,0.448,0.479,0.753,0.764,0.473,0.467,0.515,0.442,0.442,0.791,0.760,0.769,0.758,0.685,0.503,0.722,0.749,0.576,0.588,0.558,0.018,0.442,0.797,0.685,0.455,0.764,0.558,0.079,0.448,0.467,0.761,0.679,0.769,0.755,0.576,0.448
7PNB_c_4_BGC;0.780,0.771,0.479,0.491,0.777,0.742,0.783,0.479,0.509,0.736,0.769,0.503,0.442,0.345,0.345,0.364,0.352,0.448,0.771,0.750,0.382,0.503,0.750,0.509,0.382,0.382,0.769,0.455,0.755,0.717,0.717,0.714,0.747,0.736,0.736,0.491,0.006,0.712,0.358,0.758,0.327,0.370,0.780,0.388,0.400,0.382,0.612,0.774,0.750,0.758,0.394,0.780,0.345,0.448,0.720,0.509,0.352,0.333,0.485,0.709,0.775,0.339,0.394,0.780,0.750,0.755,0.771,0.436,0.736,0.503,0.775,0.479,0.706,0.706,0.766,0.612,0.521,0.339,0.006,0.376,0.376,0.747,0.327,0.709,0.339,0.370,0.358,0.370,0.769,0.339,0.503,0.521,0.352,0.739,0.321,0.018,0.600,0.497,0.709,0.442,0.717,0.769,0.370,0.712,0.012,0.352,0.376,0.382,0.745,0.388,0.777,0.400,0.364,0.742,0.709,0.394,0.358,0.491,0.734,0.491,0.712,0.382,0.703,0.455,0.455,0.479,0.321,0.448,0.739,0.448,0.509,0.739,0.339,0.455,0.736,0.436,0.455,0.606,0.388,0.612,0.400,0.000,0.388,0.701,0.442,0.394,0.509,0.442,0.339,0.736,0.714,0.606,0.734,0.394,0.780,0.436,0.394,0.745,0.497,0.461,0.376,0.394,0.339,0.774,0.739,0.503,0.777,0.388,0.388,0.703,0.491,0.430,0.774,0.339,0.339,0.777,0.333,0.455,0.448,0.376,0.309,0.352,0.448,0.455,0.706,0.503,0.000,0.006,0.442,0.703,0.394,0.703,0.479,0.736,0.701,0.321,0.533,0.376,0.485,0.012,0.382,0.345,0.479,0.491,0.734,0.717,0.339,0.352,0.706,0.491,0.769,0.448,0.515,0.358,0.345,0.766,0.750,0.739,0.394,0.345,0.747,0.755,0.376,0.382,0.394,0.388,0.315,0.736,0.755,0.706,0.739,0.612,0.006,0.758,0.771,0.455,0.491,0.503,0.509,0.321,0.739,0.612,0.400,0.703,0.430,0.485,0.352,0.382,0.734,0.600,0.717,0.736,0.461,0.364
7PNB_h_4_BGC;0.777,0.769,0.485,0.485,0.774,0.745,0.780,0.479,0.503,0.736,0.766,0.509,0.436,0.352,0.345,0.370,0.352,0.455,0.769,0.753,0.388,0.497,0.747,0.503,0.382,0.382,0.766,0.461,0.758,0.714,0.714,0.717,0.749,0.736,0.739,0.497,0.000,0.714,0.358,0.760,0.327,0.370,0.777,0.388,0.406,0.388,0.606,0.771,0.753,0.755,0.400,0.777,0.345,0.455,0.723,0.509,0.352,0.333,0.479,0.706,0.775,0.339,0.400,0.777,0.747,0.753,0.769,0.430,0.734,0.509,0.772,0.485,0.709,0.709,0.763,0.606,0.515,0.339,0.000,0.376,0.376,0.745,0.327,0.709,0.345,0.376,0.358,0.376,0.766,0.339,0.497,0.515,0.352,0.739,0.321,0.012,0.594,0.491,0.712,0.448,0.714,0.766,0.376,0.709,0.006,0.358,0.382,0.388,0.747,0.388,0.775,0.406,0.364,0.739,0.709,0.400,0.358,0.485,0.731,0.485,0.709,0.388,0.703,0.461,0.461,0.479,0.321,0.455,0.739,0.455,0.509,0.739,0.339,0.461,0.734,0.430,0.461,0.600,0.394,0.606,0.406,0.006,0.394,0.701,0.436,0.400,0.503,0.436,0.339,0.736,0.717,0.600,0.731,0.394,0.780,0.430,0.394,0.742,0.497,0.467,0.376,0.400,0.339,0.771,0.742,0.503,0.775,0.388,0.394,0.706,0.485,0.424,0.771,0.339,0.339,0.775,0.333,0.461,0.455,0.382,0.309,0.352,0.455,0.461,0.706,0.503,0.006,0.000,0.436,0.706,0.400,0.703,0.485,0.736,0.701,0.321,0.527,0.376,0.491,0.006,0.388,0.352,0.485,0.497,0.731,0.714,0.339,0.358,0.703,0.485,0.766,0.455,0.509,0.358,0.352,0.763,0.753,0.739,0.400,0.345,0.745,0.753,0.376,0.382,0.394,0.394,0.315,0.736,0.752,0.706,0.736,0.606,0.000,0.755,0.769,0.461,0.485,0.497,0.509,0.321,0.739,0.606,0.406,0.703,0.424,0.485,0.358,0.382,0.731,0.594,0.714,0.736,0.467,0.370
7PNB_p_4_BGC;0.758,0.763,0.582,0.485,0.760,0.764,0.755,0.576,0.509,0.747,0.763,0.588,0.024,0.521,0.479,0.533,0.503,0.539,0.763,0.766,0.533,0.521,0.755,0.503,0.533,0.515,0.763,0.552,0.766,0.745,0.753,0.742,0.760,0.750,0.769,0.570,0.436,0.758,0.515,0.771,0.485,0.509,0.753,0.533,0.539,0.539,0.618,0.760,0.769,0.761,0.533,0.750,0.509,0.539,0.731,0.582,0.491,0.533,0.479,0.750,0.761,0.491,0.545,0.755,0.753,0.753,0.758,0.030,0.777,0.576,0.761,0.570,0.747,0.764,0.747,0.618,0.521,0.467,0.436,0.509,0.533,0.753,0.539,0.775,0.521,0.545,0.521,0.545,0.758,0.521,0.497,0.527,0.515,0.750,0.527,0.436,0.630,0.479,0.766,0.558,0.747,0.763,0.527,0.745,0.430,0.527,0.539,0.527,0.761,0.533,0.758,0.527,0.503,0.761,0.766,0.545,0.491,0.485,0.769,0.479,0.747,0.509,0.772,0.539,0.552,0.564,0.533,0.558,0.750,0.576,0.570,0.775,0.509,0.552,0.766,0.030,0.545,0.618,0.521,0.618,0.545,0.442,0.539,0.772,0.024,0.521,0.509,0.012,0.473,0.745,0.750,0.624,0.766,0.533,0.764,0.006,0.533,0.758,0.558,0.545,0.539,0.545,0.509,0.763,0.758,0.576,0.750,0.533,0.527,0.755,0.491,0.030,0.763,0.485,0.509,0.758,0.473,0.539,0.558,0.533,0.527,0.503,0.570,0.545,0.766,0.564,0.442,0.436,0.000,0.753,0.533,0.769,0.576,0.750,0.772,0.533,0.527,0.521,0.588,0.430,0.521,0.521,0.576,0.582,0.769,0.753,0.503,0.527,0.745,0.485,0.750,0.552,0.521,0.491,0.515,0.752,0.764,0.750,0.533,0.491,0.753,0.755,0.521,0.515,0.539,0.539,0.527,0.750,0.755,0.772,0.766,0.624,0.436,0.736,0.758,0.545,0.473,0.509,0.576,0.521,0.750,0.630,0.527,0.772,0.012,0.576,0.527,0.521,0.769,0.630,0.745,0.772,0.539,0.527
7PNB_s_2_NAG;0.563,0.621,0.786,0.758,0.624,0.473,0.582,0.772,0.799,0.357,0.618,0.791,0.755,0.712,0.712,0.706,0.714,0.766,0.618,0.489,0.709,0.794,0.503,0.797,0.709,0.714,0.618,0.764,0.492,0.459,0.453,0.113,0.492,0.341,0.497,0.786,0.706,0.038,0.706,0.489,0.701,0.712,0.571,0.712,0.739,0.714,0.824,0.624,0.495,0.486,0.734,0.536,0.706,0.766,0.121,0.783,0.706,0.723,0.758,0.462,0.566,0.712,0.731,0.574,0.508,0.511,0.530,0.755,0.492,0.788,0.571,0.786,0.074,0.038,0.519,0.824,0.802,0.712,0.706,0.714,0.706,0.497,0.720,0.343,0.706,0.706,0.703,0.709,0.511,0.720,0.764,0.799,0.709,0.357,0.720,0.709,0.824,0.764,0.071,0.755,0.464,0.618,0.706,0.462,0.706,0.712,0.706,0.712,0.484,0.712,0.571,0.714,0.709,0.503,0.330,0.731,0.706,0.758,0.500,0.758,0.456,0.709,0.349,0.766,0.764,0.777,0.723,0.758,0.360,0.758,0.780,0.473,0.701,0.764,0.500,0.750,0.766,0.821,0.712,0.824,0.736,0.703,0.728,0.346,0.753,0.706,0.794,0.753,0.709,0.354,0.047,0.824,0.495,0.712,0.560,0.750,0.712,0.481,0.777,0.769,0.709,0.731,0.703,0.624,0.475,0.775,0.527,0.709,0.714,0.082,0.764,0.753,0.615,0.709,0.703,0.591,0.709,0.766,0.758,0.714,0.717,0.714,0.755,0.766,0.332,0.777,0.703,0.706,0.753,0.000,0.742,0.330,0.783,0.349,0.346,0.723,0.802,0.717,0.780,0.706,0.703,0.709,0.783,0.788,0.505,0.456,0.698,0.709,0.470,0.758,0.530,0.761,0.802,0.706,0.706,0.525,0.464,0.349,0.736,0.709,0.519,0.481,0.717,0.720,0.714,0.712,0.720,0.341,0.527,0.332,0.500,0.827,0.706,0.522,0.530,0.769,0.761,0.794,0.777,0.723,0.349,0.827,0.712,0.327,0.750,0.772,0.709,0.712,0.503,0.824,0.467,0.478,0.769,0.709
7PNB_J_4_BGC;0.802,0.810,0.479,0.539,0.813,0.745,0.805,0.424,0.588,0.745,0.810,0.467,0.533,0.352,0.376,0.315,0.370,0.382,0.810,0.739,0.297,0.564,0.758,0.576,0.339,0.315,0.810,0.388,0.752,0.764,0.769,0.750,0.752,0.745,0.764,0.479,0.400,0.739,0.321,0.755,0.358,0.315,0.799,0.345,0.006,0.303,0.685,0.815,0.742,0.758,0.018,0.766,0.327,0.382,0.758,0.455,0.321,0.158,0.545,0.761,0.797,0.364,0.042,0.802,0.758,0.758,0.763,0.527,0.714,0.485,0.802,0.491,0.750,0.745,0.760,0.685,0.600,0.394,0.400,0.315,0.327,0.755,0.152,0.764,0.339,0.297,0.327,0.315,0.752,0.158,0.552,0.594,0.321,0.747,0.133,0.388,0.667,0.545,0.731,0.388,0.769,0.810,0.309,0.761,0.394,0.345,0.303,0.303,0.742,0.339,0.799,0.273,0.321,0.764,0.758,0.036,0.327,0.545,0.712,0.539,0.766,0.303,0.758,0.388,0.376,0.436,0.145,0.376,0.747,0.388,0.448,0.712,0.333,0.376,0.709,0.521,0.376,0.679,0.285,0.685,0.024,0.394,0.048,0.750,0.527,0.315,0.582,0.533,0.394,0.745,0.750,0.673,0.712,0.345,0.799,0.527,0.345,0.742,0.442,0.388,0.333,0.042,0.321,0.810,0.753,0.436,0.764,0.339,0.297,0.745,0.545,0.521,0.810,0.370,0.327,0.810,0.382,0.388,0.376,0.297,0.145,0.370,0.394,0.388,0.755,0.448,0.394,0.400,0.533,0.742,0.000,0.753,0.479,0.745,0.753,0.145,0.594,0.291,0.461,0.394,0.321,0.352,0.485,0.491,0.714,0.772,0.345,0.345,0.766,0.539,0.761,0.376,0.594,0.327,0.352,0.760,0.745,0.747,0.018,0.376,0.764,0.761,0.303,0.291,0.345,0.309,0.152,0.745,0.738,0.761,0.709,0.679,0.400,0.749,0.771,0.388,0.539,0.570,0.436,0.158,0.747,0.667,0.279,0.739,0.521,0.424,0.339,0.303,0.712,0.667,0.766,0.714,0.394,0.345
7PNB_f_2_NAG;0.555,0.596,0.783,0.753,0.602,0.431,0.566,0.753,0.802,0.382,0.596,0.783,0.769,0.703,0.717,0.701,0.720,0.769,0.593,0.456,0.717,0.805,0.475,0.802,0.714,0.709,0.596,0.775,0.445,0.453,0.456,0.319,0.456,0.382,0.497,0.780,0.703,0.335,0.703,0.451,0.692,0.703,0.563,0.717,0.755,0.717,0.843,0.602,0.445,0.459,0.753,0.558,0.701,0.769,0.321,0.766,0.703,0.736,0.747,0.442,0.552,0.717,0.753,0.563,0.470,0.467,0.560,0.772,0.459,0.780,0.558,0.780,0.319,0.327,0.544,0.843,0.805,0.717,0.703,0.706,0.706,0.473,0.734,0.058,0.701,0.712,0.701,0.712,0.541,0.736,0.761,0.802,0.703,0.382,0.731,0.706,0.835,0.755,0.321,0.769,0.459,0.593,0.706,0.464,0.706,0.703,0.712,0.709,0.442,0.717,0.558,0.736,0.701,0.489,0.041,0.753,0.703,0.753,0.464,0.747,0.448,0.734,0.055,0.769,0.772,0.755,0.731,0.775,0.385,0.775,0.766,0.462,0.695,0.772,0.470,0.761,0.769,0.841,0.736,0.843,0.755,0.703,0.750,0.027,0.772,0.709,0.802,0.766,0.712,0.379,0.330,0.838,0.475,0.720,0.552,0.766,0.720,0.459,0.761,0.775,0.712,0.753,0.698,0.599,0.434,0.764,0.566,0.712,0.734,0.324,0.755,0.766,0.593,0.717,0.695,0.569,0.714,0.769,0.775,0.717,0.725,0.720,0.772,0.772,0.052,0.764,0.703,0.703,0.769,0.330,0.753,0.000,0.780,0.376,0.044,0.731,0.808,0.736,0.777,0.706,0.703,0.701,0.783,0.780,0.464,0.459,0.695,0.701,0.451,0.753,0.549,0.769,0.802,0.703,0.701,0.555,0.437,0.390,0.753,0.720,0.486,0.462,0.731,0.736,0.717,0.714,0.728,0.376,0.514,0.063,0.470,0.841,0.703,0.544,0.555,0.766,0.753,0.799,0.766,0.731,0.387,0.841,0.734,0.077,0.769,0.755,0.703,0.728,0.467,0.835,0.459,0.453,0.777,0.703
7PNB_g_3_YZT;0.821,0.826,0.036,0.594,0.829,0.775,0.816,0.545,0.412,0.769,0.829,0.055,0.570,0.467,0.473,0.485,0.473,0.273,0.826,0.753,0.467,0.400,0.786,0.412,0.485,0.503,0.829,0.291,0.763,0.813,0.819,0.775,0.777,0.769,0.788,0.061,0.485,0.780,0.485,0.760,0.503,0.491,0.816,0.491,0.485,0.467,0.618,0.826,0.766,0.783,0.479,0.813,0.485,0.279,0.783,0.570,0.473,0.491,0.588,0.808,0.813,0.473,0.479,0.816,0.783,0.788,0.813,0.564,0.750,0.061,0.816,0.030,0.780,0.775,0.807,0.612,0.418,0.485,0.485,0.485,0.479,0.791,0.485,0.786,0.467,0.461,0.491,0.467,0.813,0.491,0.606,0.418,0.485,0.772,0.467,0.479,0.600,0.600,0.769,0.321,0.816,0.826,0.448,0.810,0.479,0.461,0.461,0.485,0.761,0.491,0.813,0.461,0.479,0.788,0.786,0.479,0.479,0.594,0.753,0.588,0.813,0.473,0.788,0.273,0.297,0.558,0.479,0.303,0.772,0.279,0.576,0.742,0.491,0.297,0.753,0.570,0.267,0.612,0.473,0.618,0.485,0.479,0.473,0.777,0.570,0.473,0.412,0.576,0.479,0.769,0.777,0.612,0.755,0.491,0.813,0.570,0.491,0.777,0.570,0.261,0.479,0.479,0.479,0.829,0.777,0.564,0.819,0.485,0.479,0.772,0.600,0.564,0.829,0.473,0.485,0.824,0.473,0.273,0.303,0.473,0.473,0.473,0.321,0.261,0.791,0.576,0.479,0.485,0.576,0.783,0.479,0.780,0.000,0.769,0.783,0.479,0.424,0.479,0.067,0.479,0.473,0.467,0.048,0.042,0.753,0.819,0.497,0.455,0.805,0.594,0.813,0.297,0.418,0.479,0.473,0.804,0.775,0.772,0.479,0.473,0.783,0.791,0.479,0.485,0.491,0.461,0.479,0.769,0.780,0.786,0.758,0.612,0.485,0.791,0.807,0.273,0.588,0.400,0.570,0.485,0.772,0.606,0.467,0.783,0.564,0.545,0.461,0.479,0.755,0.606,0.816,0.742,0.267,0.455
7PNB_w_2_NAG;0.593,0.640,0.772,0.764,0.640,0.486,0.602,0.786,0.821,0.025,0.640,0.772,0.750,0.747,0.736,0.734,0.736,0.753,0.640,0.475,0.731,0.813,0.516,0.819,0.747,0.736,0.640,0.772,0.484,0.497,0.497,0.310,0.492,0.038,0.516,0.775,0.736,0.357,0.739,0.481,0.731,0.736,0.596,0.750,0.747,0.731,0.832,0.646,0.486,0.503,0.745,0.571,0.736,0.753,0.310,0.786,0.734,0.753,0.764,0.505,0.585,0.736,0.750,0.596,0.516,0.514,0.555,0.747,0.478,0.775,0.591,0.772,0.338,0.341,0.563,0.832,0.827,0.739,0.736,0.736,0.747,0.500,0.750,0.404,0.745,0.734,0.736,0.745,0.549,0.750,0.766,0.827,0.742,0.022,0.745,0.731,0.824,0.764,0.327,0.772,0.508,0.640,0.731,0.503,0.736,0.745,0.736,0.742,0.475,0.750,0.593,0.734,0.736,0.522,0.393,0.750,0.734,0.764,0.492,0.761,0.500,0.736,0.396,0.753,0.769,0.786,0.747,0.769,0.019,0.772,0.791,0.484,0.734,0.769,0.492,0.750,0.750,0.830,0.734,0.832,0.750,0.736,0.750,0.379,0.747,0.734,0.819,0.753,0.739,0.027,0.327,0.827,0.495,0.750,0.588,0.747,0.750,0.486,0.786,0.753,0.745,0.753,0.734,0.640,0.486,0.791,0.571,0.750,0.734,0.330,0.764,0.747,0.640,0.736,0.734,0.599,0.734,0.753,0.769,0.731,0.745,0.736,0.772,0.755,0.401,0.791,0.736,0.736,0.750,0.349,0.745,0.376,0.769,0.000,0.385,0.747,0.827,0.734,0.766,0.736,0.731,0.745,0.772,0.775,0.486,0.505,0.734,0.745,0.519,0.764,0.577,0.766,0.827,0.734,0.750,0.563,0.481,0.030,0.747,0.736,0.530,0.500,0.731,0.734,0.753,0.734,0.747,0.011,0.522,0.407,0.492,0.830,0.736,0.560,0.563,0.753,0.764,0.816,0.794,0.750,0.030,0.830,0.736,0.387,0.745,0.786,0.742,0.731,0.497,0.824,0.503,0.484,0.755,0.739
7PNB_k_2_NAG;0.566,0.607,0.786,0.750,0.613,0.445,0.574,0.753,0.802,0.390,0.607,0.786,0.772,0.703,0.717,0.701,0.720,0.769,0.604,0.462,0.717,0.802,0.475,0.802,0.712,0.709,0.607,0.775,0.464,0.462,0.464,0.327,0.467,0.393,0.508,0.783,0.701,0.349,0.706,0.467,0.695,0.703,0.571,0.714,0.755,0.717,0.841,0.613,0.459,0.464,0.753,0.569,0.703,0.769,0.335,0.766,0.703,0.736,0.745,0.453,0.560,0.717,0.753,0.571,0.470,0.464,0.566,0.772,0.478,0.780,0.566,0.783,0.332,0.343,0.555,0.841,0.808,0.717,0.701,0.706,0.703,0.473,0.734,0.047,0.698,0.712,0.703,0.709,0.555,0.736,0.758,0.805,0.706,0.396,0.731,0.703,0.832,0.753,0.338,0.769,0.470,0.604,0.706,0.473,0.703,0.703,0.712,0.709,0.453,0.714,0.566,0.736,0.701,0.492,0.063,0.753,0.703,0.750,0.481,0.745,0.456,0.734,0.033,0.769,0.772,0.755,0.731,0.775,0.393,0.775,0.766,0.478,0.698,0.772,0.486,0.764,0.769,0.838,0.736,0.841,0.755,0.701,0.750,0.044,0.772,0.709,0.802,0.769,0.712,0.390,0.341,0.835,0.495,0.717,0.560,0.769,0.717,0.453,0.764,0.775,0.709,0.753,0.701,0.610,0.448,0.764,0.577,0.709,0.734,0.335,0.753,0.766,0.604,0.717,0.698,0.577,0.714,0.769,0.775,0.717,0.725,0.720,0.772,0.772,0.047,0.764,0.701,0.701,0.772,0.346,0.753,0.044,0.783,0.385,0.000,0.731,0.810,0.736,0.780,0.703,0.703,0.701,0.786,0.783,0.475,0.467,0.698,0.701,0.462,0.750,0.555,0.769,0.805,0.703,0.701,0.566,0.448,0.398,0.753,0.720,0.486,0.473,0.731,0.736,0.714,0.714,0.728,0.387,0.516,0.055,0.486,0.838,0.701,0.552,0.566,0.772,0.750,0.799,0.766,0.731,0.401,0.838,0.734,0.066,0.769,0.755,0.701,0.728,0.484,0.832,0.467,0.473,0.777,0.703
7PNB_b_4_BGC;0.799,0.810,0.479,0.539,0.813,0.747,0.797,0.418,0.552,0.747,0.807,0.467,0.533,0.333,0.339,0.303,0.339,0.394,0.807,0.736,0.279,0.545,0.753,0.552,0.358,0.297,0.807,0.382,0.752,0.745,0.742,0.725,0.744,0.747,0.753,0.479,0.321,0.717,0.297,0.758,0.327,0.297,0.794,0.364,0.145,0.285,0.642,0.815,0.742,0.758,0.145,0.786,0.297,0.394,0.734,0.448,0.291,0.012,0.533,0.739,0.791,0.333,0.133,0.794,0.755,0.755,0.769,0.527,0.725,0.491,0.794,0.491,0.728,0.723,0.771,0.642,0.564,0.358,0.321,0.285,0.345,0.753,0.006,0.739,0.327,0.279,0.297,0.309,0.766,0.030,0.552,0.564,0.291,0.750,0.012,0.321,0.630,0.545,0.714,0.370,0.745,0.807,0.273,0.745,0.327,0.327,0.279,0.297,0.745,0.364,0.791,0.285,0.291,0.761,0.736,0.139,0.297,0.539,0.723,0.533,0.742,0.309,0.736,0.400,0.370,0.430,0.000,0.370,0.750,0.376,0.442,0.720,0.303,0.370,0.717,0.521,0.388,0.636,0.297,0.642,0.152,0.321,0.133,0.728,0.527,0.297,0.558,0.533,0.358,0.747,0.725,0.636,0.720,0.370,0.794,0.527,0.370,0.739,0.430,0.406,0.352,0.139,0.303,0.810,0.739,0.442,0.780,0.358,0.309,0.725,0.545,0.515,0.807,0.333,0.291,0.802,0.345,0.400,0.370,0.279,0.012,0.339,0.370,0.400,0.734,0.448,0.321,0.321,0.533,0.723,0.145,0.731,0.479,0.747,0.731,0.000,0.582,0.279,0.467,0.327,0.285,0.333,0.479,0.491,0.723,0.747,0.315,0.327,0.739,0.539,0.772,0.364,0.564,0.297,0.333,0.769,0.739,0.750,0.139,0.339,0.755,0.761,0.291,0.291,0.370,0.285,0.006,0.747,0.725,0.736,0.720,0.642,0.321,0.752,0.777,0.400,0.533,0.545,0.442,0.012,0.750,0.630,0.291,0.725,0.521,0.424,0.327,0.291,0.723,0.630,0.753,0.725,0.412,0.333
7PNB_k_3_YZT;0.802,0.796,0.430,0.570,0.802,0.794,0.808,0.588,0.079,0.827,0.796,0.436,0.533,0.576,0.570,0.600,0.576,0.406,0.796,0.805,0.612,0.073,0.797,0.067,0.558,0.612,0.796,0.461,0.807,0.816,0.821,0.808,0.793,0.824,0.810,0.430,0.527,0.810,0.582,0.810,0.564,0.606,0.805,0.552,0.600,0.612,0.630,0.799,0.799,0.799,0.594,0.802,0.582,0.400,0.799,0.606,0.588,0.582,0.564,0.824,0.813,0.576,0.600,0.805,0.786,0.788,0.804,0.539,0.816,0.442,0.808,0.424,0.802,0.808,0.804,0.630,0.055,0.552,0.527,0.612,0.558,0.786,0.582,0.813,0.576,0.594,0.588,0.588,0.802,0.570,0.576,0.055,0.582,0.827,0.582,0.533,0.642,0.576,0.813,0.473,0.821,0.793,0.588,0.816,0.521,0.582,0.600,0.612,0.794,0.552,0.808,0.600,0.600,0.791,0.810,0.600,0.594,0.570,0.816,0.564,0.819,0.588,0.816,0.400,0.461,0.582,0.582,0.461,0.827,0.479,0.594,0.813,0.576,0.461,0.816,0.527,0.412,0.624,0.594,0.630,0.600,0.533,0.594,0.810,0.545,0.582,0.061,0.527,0.558,0.827,0.805,0.630,0.813,0.552,0.810,0.533,0.552,0.791,0.594,0.400,0.564,0.600,0.588,0.799,0.791,0.588,0.805,0.558,0.594,0.808,0.570,0.539,0.799,0.570,0.582,0.808,0.564,0.400,0.473,0.618,0.582,0.576,0.473,0.394,0.808,0.588,0.533,0.527,0.527,0.802,0.594,0.808,0.424,0.827,0.810,0.582,0.000,0.588,0.436,0.521,0.570,0.576,0.430,0.448,0.816,0.819,0.570,0.582,0.810,0.570,0.805,0.467,0.055,0.594,0.564,0.799,0.797,0.827,0.594,0.570,0.788,0.794,0.588,0.594,0.552,0.594,0.576,0.827,0.802,0.810,0.819,0.630,0.527,0.796,0.799,0.406,0.564,0.079,0.588,0.576,0.827,0.636,0.600,0.808,0.539,0.588,0.582,0.582,0.816,0.636,0.819,0.813,0.388,0.576
7PNB_l_6_MAN;0.775,0.788,0.479,0.455,0.793,0.745,0.777,0.461,0.564,0.734,0.785,0.485,0.521,0.170,0.261,0.218,0.255,0.455,0.791,0.734,0.194,0.552,0.769,0.564,0.242,0.212,0.785,0.461,0.744,0.736,0.739,0.731,0.752,0.734,0.742,0.485,0.376,0.714,0.224,0.747,0.230,0.212,0.772,0.248,0.285,0.188,0.594,0.791,0.742,0.761,0.279,0.761,0.230,0.455,0.734,0.473,0.176,0.285,0.467,0.739,0.769,0.248,0.285,0.775,0.769,0.769,0.760,0.515,0.720,0.497,0.777,0.479,0.728,0.714,0.752,0.594,0.570,0.242,0.376,0.200,0.248,0.758,0.279,0.745,0.176,0.194,0.218,0.188,0.755,0.279,0.467,0.570,0.230,0.736,0.267,0.370,0.588,0.473,0.723,0.473,0.745,0.788,0.218,0.736,0.370,0.176,0.206,0.212,0.739,0.248,0.775,0.085,0.194,0.753,0.742,0.279,0.182,0.461,0.720,0.467,0.742,0.067,0.742,0.461,0.467,0.461,0.279,0.461,0.736,0.455,0.485,0.731,0.242,0.467,0.725,0.509,0.461,0.588,0.055,0.594,0.285,0.376,0.279,0.734,0.515,0.230,0.570,0.515,0.255,0.734,0.717,0.588,0.723,0.242,0.772,0.521,0.242,0.753,0.479,0.455,0.242,0.285,0.224,0.785,0.747,0.473,0.761,0.242,0.042,0.728,0.455,0.503,0.791,0.255,0.236,0.780,0.261,0.461,0.461,0.200,0.267,0.255,0.479,0.461,0.739,0.473,0.376,0.376,0.521,0.717,0.291,0.736,0.479,0.734,0.736,0.279,0.588,0.000,0.467,0.370,0.224,0.170,0.485,0.491,0.723,0.745,0.224,0.188,0.742,0.455,0.758,0.467,0.576,0.182,0.164,0.758,0.750,0.736,0.285,0.261,0.766,0.758,0.024,0.024,0.255,0.218,0.273,0.734,0.744,0.742,0.725,0.594,0.376,0.752,0.763,0.461,0.467,0.558,0.473,0.279,0.736,0.582,0.061,0.728,0.515,0.461,0.176,0.030,0.720,0.588,0.745,0.723,0.455,0.176
7PNB_W_3_YZT;0.821,0.826,0.048,0.582,0.832,0.775,0.816,0.552,0.418,0.766,0.829,0.097,0.582,0.461,0.479,0.479,0.479,0.267,0.826,0.758,0.455,0.406,0.788,0.418,0.461,0.497,0.829,0.273,0.766,0.810,0.816,0.772,0.777,0.766,0.797,0.048,0.491,0.777,0.473,0.769,0.485,0.485,0.816,0.467,0.467,0.461,0.600,0.832,0.766,0.786,0.461,0.816,0.473,0.267,0.777,0.576,0.461,0.479,0.582,0.805,0.813,0.479,0.461,0.816,0.788,0.788,0.813,0.576,0.753,0.073,0.816,0.055,0.777,0.772,0.807,0.594,0.424,0.485,0.491,0.479,0.455,0.794,0.473,0.783,0.461,0.455,0.479,0.467,0.810,0.473,0.594,0.424,0.473,0.769,0.455,0.485,0.582,0.588,0.769,0.297,0.813,0.826,0.436,0.808,0.485,0.455,0.455,0.479,0.769,0.467,0.813,0.461,0.467,0.788,0.783,0.461,0.467,0.582,0.755,0.582,0.810,0.467,0.786,0.267,0.285,0.564,0.467,0.285,0.769,0.255,0.582,0.747,0.479,0.285,0.758,0.570,0.261,0.594,0.461,0.600,0.467,0.485,0.455,0.775,0.582,0.461,0.418,0.588,0.479,0.766,0.772,0.594,0.755,0.467,0.813,0.582,0.467,0.780,0.588,0.255,0.455,0.461,0.467,0.829,0.777,0.570,0.821,0.461,0.467,0.772,0.588,0.576,0.829,0.479,0.473,0.824,0.479,0.267,0.285,0.455,0.455,0.479,0.297,0.255,0.788,0.576,0.485,0.491,0.588,0.780,0.461,0.777,0.067,0.766,0.780,0.467,0.436,0.467,0.000,0.485,0.461,0.461,0.055,0.067,0.755,0.816,0.479,0.455,0.805,0.582,0.816,0.285,0.424,0.467,0.467,0.804,0.777,0.769,0.461,0.479,0.783,0.791,0.467,0.473,0.467,0.448,0.461,0.766,0.782,0.783,0.761,0.594,0.491,0.788,0.804,0.261,0.582,0.406,0.576,0.467,0.769,0.588,0.461,0.777,0.576,0.552,0.455,0.467,0.755,0.588,0.813,0.747,0.261,0.455
7PNB_S_4_BGC;0.777,0.769,0.479,0.479,0.774,0.745,0.780,0.473,0.497,0.736,0.766,0.503,0.430,0.345,0.345,0.364,0.352,0.448,0.769,0.753,0.382,0.491,0.747,0.497,0.382,0.376,0.766,0.455,0.758,0.714,0.714,0.717,0.749,0.736,0.739,0.491,0.006,0.714,0.352,0.760,0.327,0.364,0.777,0.388,0.400,0.382,0.606,0.771,0.753,0.755,0.394,0.775,0.339,0.448,0.723,0.503,0.345,0.339,0.473,0.706,0.775,0.339,0.394,0.777,0.747,0.753,0.766,0.424,0.734,0.503,0.772,0.479,0.709,0.709,0.760,0.606,0.509,0.339,0.006,0.370,0.376,0.745,0.333,0.712,0.339,0.370,0.352,0.370,0.763,0.345,0.491,0.509,0.352,0.739,0.315,0.018,0.594,0.485,0.712,0.448,0.714,0.766,0.370,0.709,0.000,0.352,0.376,0.382,0.747,0.388,0.775,0.400,0.358,0.739,0.712,0.394,0.352,0.479,0.731,0.479,0.709,0.382,0.706,0.455,0.455,0.473,0.327,0.448,0.739,0.448,0.503,0.739,0.339,0.455,0.734,0.424,0.455,0.600,0.388,0.606,0.400,0.012,0.388,0.703,0.430,0.394,0.497,0.430,0.339,0.736,0.717,0.600,0.731,0.388,0.780,0.424,0.388,0.742,0.491,0.461,0.376,0.394,0.333,0.771,0.742,0.497,0.772,0.388,0.388,0.706,0.479,0.418,0.771,0.339,0.339,0.775,0.333,0.455,0.448,0.376,0.315,0.352,0.455,0.455,0.709,0.497,0.012,0.006,0.430,0.706,0.394,0.706,0.479,0.736,0.703,0.327,0.521,0.370,0.485,0.000,0.382,0.345,0.479,0.491,0.731,0.714,0.333,0.352,0.703,0.479,0.764,0.455,0.503,0.352,0.345,0.760,0.753,0.739,0.394,0.345,0.745,0.753,0.370,0.376,0.394,0.388,0.321,0.736,0.752,0.709,0.736,0.606,0.006,0.752,0.766,0.455,0.479,0.491,0.503,0.327,0.739,0.606,0.400,0.706,0.418,0.479,0.352,0.376,0.731,0.594,0.714,0.736,0.461,0.364
7PNB_T_6_MAN;0.769,0.793,0.473,0.455,0.799,0.736,0.769,0.406,0.552,0.736,0.791,0.467,0.521,0.188,0.273,0.127,0.285,0.467,0.796,0.725,0.073,0.539,0.747,0.552,0.267,0.139,0.791,0.424,0.744,0.747,0.742,0.706,0.744,0.736,0.750,0.479,0.388,0.701,0.212,0.747,0.236,0.139,0.766,0.273,0.327,0.085,0.630,0.799,0.739,0.742,0.321,0.769,0.200,0.467,0.720,0.430,0.139,0.291,0.448,0.750,0.764,0.267,0.315,0.766,0.750,0.745,0.758,0.515,0.731,0.479,0.766,0.485,0.709,0.701,0.758,0.630,0.558,0.291,0.388,0.133,0.248,0.739,0.285,0.709,0.200,0.067,0.194,0.170,0.752,0.303,0.473,0.552,0.218,0.739,0.273,0.376,0.618,0.461,0.701,0.418,0.750,0.793,0.036,0.745,0.382,0.182,0.067,0.121,0.736,0.279,0.764,0.176,0.133,0.742,0.709,0.309,0.139,0.448,0.728,0.455,0.747,0.182,0.709,0.467,0.418,0.400,0.285,0.424,0.739,0.424,0.430,0.720,0.218,0.418,0.723,0.509,0.461,0.624,0.194,0.630,0.315,0.382,0.297,0.701,0.515,0.024,0.545,0.521,0.279,0.736,0.706,0.624,0.720,0.267,0.766,0.515,0.267,0.739,0.424,0.461,0.261,0.303,0.194,0.791,0.739,0.424,0.766,0.261,0.212,0.709,0.467,0.503,0.796,0.273,0.206,0.775,0.273,0.467,0.424,0.079,0.285,0.285,0.418,0.467,0.706,0.430,0.382,0.388,0.521,0.703,0.321,0.703,0.473,0.731,0.703,0.285,0.570,0.224,0.461,0.382,0.000,0.194,0.461,0.485,0.731,0.750,0.212,0.188,0.747,0.455,0.761,0.418,0.558,0.139,0.194,0.758,0.739,0.739,0.315,0.279,0.742,0.739,0.206,0.218,0.285,0.030,0.291,0.731,0.741,0.706,0.720,0.630,0.388,0.744,0.763,0.473,0.455,0.545,0.424,0.297,0.739,0.618,0.182,0.695,0.509,0.412,0.188,0.200,0.725,0.618,0.750,0.714,0.467,0.188
7PNB_q_5_MAN;0.772,0.785,0.479,0.479,0.788,0.745,0.775,0.430,0.552,0.745,0.782,0.479,0.527,0.006,0.224,0.176,0.230,0.448,0.785,0.736,0.182,0.545,0.758,0.558,0.212,0.164,0.782,0.436,0.749,0.750,0.750,0.725,0.758,0.747,0.736,0.479,0.352,0.709,0.194,0.758,0.188,0.152,0.772,0.218,0.358,0.188,0.624,0.788,0.747,0.750,0.352,0.755,0.188,0.448,0.728,0.473,0.127,0.339,0.479,0.753,0.766,0.218,0.358,0.772,0.758,0.758,0.758,0.521,0.728,0.485,0.772,0.473,0.717,0.706,0.744,0.624,0.558,0.218,0.352,0.145,0.194,0.739,0.333,0.706,0.018,0.200,0.176,0.048,0.747,0.345,0.491,0.552,0.200,0.747,0.321,0.352,0.612,0.485,0.720,0.448,0.755,0.785,0.194,0.747,0.345,0.012,0.188,0.145,0.745,0.218,0.769,0.194,0.133,0.753,0.706,0.352,0.127,0.485,0.723,0.479,0.753,0.170,0.706,0.455,0.442,0.436,0.333,0.455,0.747,0.436,0.473,0.725,0.200,0.442,0.723,0.509,0.455,0.618,0.176,0.624,0.358,0.345,0.339,0.698,0.515,0.200,0.558,0.515,0.206,0.745,0.714,0.618,0.720,0.212,0.769,0.515,0.212,0.745,0.467,0.442,0.206,0.345,0.182,0.782,0.750,0.461,0.755,0.206,0.164,0.720,0.479,0.509,0.785,0.224,0.194,0.780,0.224,0.455,0.455,0.194,0.321,0.230,0.467,0.448,0.703,0.461,0.345,0.352,0.521,0.709,0.352,0.701,0.467,0.745,0.701,0.333,0.576,0.170,0.461,0.345,0.194,0.000,0.473,0.479,0.723,0.755,0.182,0.024,0.753,0.479,0.747,0.442,0.558,0.127,0.012,0.749,0.745,0.747,0.345,0.230,0.753,0.747,0.164,0.176,0.224,0.200,0.327,0.745,0.755,0.703,0.725,0.624,0.352,0.736,0.755,0.455,0.479,0.552,0.461,0.333,0.747,0.612,0.176,0.703,0.509,0.436,0.018,0.164,0.725,0.612,0.755,0.725,0.442,0.024
7PNB_q_3_YZT;0.824,0.826,0.018,0.606,0.829,0.780,0.819,0.533,0.412,0.772,0.832,0.073,0.564,0.473,0.485,0.467,0.485,0.297,0.829,0.755,0.461,0.400,0.791,0.412,0.485,0.485,0.832,0.285,0.771,0.816,0.819,0.775,0.782,0.772,0.794,0.042,0.485,0.780,0.473,0.769,0.491,0.473,0.819,0.491,0.491,0.455,0.624,0.826,0.775,0.788,0.485,0.816,0.473,0.297,0.783,0.552,0.455,0.491,0.600,0.810,0.819,0.485,0.485,0.819,0.788,0.791,0.818,0.558,0.755,0.055,0.819,0.036,0.780,0.775,0.810,0.618,0.418,0.497,0.485,0.467,0.485,0.797,0.485,0.788,0.473,0.448,0.473,0.467,0.815,0.491,0.618,0.418,0.473,0.775,0.467,0.479,0.606,0.612,0.775,0.309,0.819,0.829,0.442,0.813,0.479,0.467,0.448,0.467,0.769,0.491,0.816,0.473,0.461,0.794,0.788,0.485,0.461,0.606,0.758,0.600,0.816,0.479,0.791,0.291,0.291,0.545,0.479,0.303,0.775,0.273,0.564,0.750,0.479,0.291,0.761,0.564,0.291,0.618,0.479,0.624,0.491,0.479,0.479,0.780,0.564,0.461,0.406,0.570,0.491,0.772,0.777,0.618,0.761,0.491,0.819,0.570,0.491,0.783,0.570,0.285,0.479,0.485,0.467,0.829,0.780,0.552,0.821,0.485,0.485,0.777,0.612,0.558,0.832,0.485,0.473,0.827,0.485,0.291,0.303,0.461,0.473,0.485,0.315,0.285,0.794,0.564,0.479,0.485,0.576,0.783,0.485,0.783,0.048,0.772,0.786,0.479,0.430,0.485,0.055,0.479,0.461,0.473,0.000,0.036,0.761,0.821,0.485,0.461,0.808,0.606,0.816,0.291,0.418,0.461,0.479,0.810,0.777,0.775,0.485,0.485,0.786,0.794,0.485,0.491,0.491,0.455,0.479,0.772,0.782,0.788,0.764,0.618,0.485,0.793,0.807,0.291,0.600,0.400,0.558,0.485,0.775,0.612,0.473,0.783,0.564,0.533,0.467,0.485,0.758,0.612,0.819,0.750,0.291,0.461
7PNB_l_3_YZT;0.827,0.829,0.018,0.606,0.832,0.780,0.821,0.545,0.430,0.775,0.835,0.061,0.576,0.479,0.497,0.491,0.497,0.297,0.832,0.758,0.479,0.418,0.786,0.430,0.491,0.503,0.835,0.297,0.769,0.819,0.824,0.780,0.780,0.775,0.794,0.030,0.497,0.786,0.485,0.766,0.503,0.491,0.821,0.497,0.497,0.473,0.624,0.829,0.772,0.783,0.491,0.819,0.485,0.297,0.788,0.564,0.473,0.503,0.594,0.813,0.819,0.497,0.491,0.821,0.783,0.786,0.818,0.570,0.753,0.030,0.821,0.024,0.786,0.780,0.813,0.618,0.436,0.509,0.497,0.485,0.491,0.791,0.497,0.786,0.479,0.467,0.491,0.479,0.818,0.503,0.618,0.436,0.485,0.777,0.479,0.491,0.606,0.612,0.775,0.321,0.821,0.832,0.461,0.816,0.491,0.473,0.467,0.485,0.769,0.497,0.819,0.479,0.479,0.788,0.786,0.491,0.479,0.606,0.750,0.594,0.819,0.485,0.788,0.291,0.303,0.558,0.491,0.309,0.777,0.279,0.576,0.745,0.491,0.303,0.753,0.576,0.291,0.618,0.485,0.624,0.497,0.491,0.485,0.777,0.570,0.485,0.430,0.576,0.503,0.775,0.783,0.618,0.755,0.497,0.819,0.576,0.497,0.783,0.582,0.285,0.485,0.491,0.479,0.832,0.780,0.564,0.824,0.491,0.491,0.777,0.612,0.570,0.835,0.497,0.485,0.830,0.497,0.291,0.309,0.479,0.485,0.497,0.321,0.285,0.791,0.576,0.491,0.497,0.582,0.788,0.491,0.780,0.042,0.775,0.783,0.491,0.448,0.491,0.067,0.491,0.485,0.479,0.036,0.000,0.753,0.824,0.497,0.467,0.810,0.606,0.819,0.303,0.436,0.479,0.485,0.813,0.780,0.777,0.491,0.497,0.780,0.788,0.491,0.497,0.497,0.473,0.491,0.775,0.785,0.786,0.758,0.618,0.497,0.796,0.810,0.291,0.600,0.418,0.570,0.497,0.777,0.612,0.479,0.783,0.570,0.545,0.473,0.491,0.753,0.612,0.821,0.747,0.291,0.467
7PNB_T_1_NAG;0.577,0.635,0.755,0.786,0.637,0.453,0.580,0.750,0.816,0.486,0.635,0.764,0.766,0.720,0.720,0.725,0.717,0.764,0.632,0.445,0.731,0.802,0.376,0.810,0.717,0.731,0.635,0.764,0.448,0.519,0.536,0.519,0.459,0.489,0.387,0.753,0.731,0.514,0.728,0.423,0.725,0.728,0.569,0.720,0.717,0.728,0.835,0.637,0.445,0.360,0.717,0.519,0.725,0.764,0.519,0.761,0.725,0.728,0.783,0.511,0.577,0.720,0.717,0.574,0.376,0.368,0.533,0.764,0.118,0.755,0.571,0.755,0.508,0.503,0.511,0.835,0.821,0.723,0.731,0.728,0.714,0.360,0.725,0.486,0.720,0.728,0.731,0.723,0.505,0.731,0.791,0.819,0.728,0.492,0.720,0.728,0.827,0.788,0.489,0.766,0.519,0.632,0.734,0.514,0.731,0.717,0.728,0.725,0.420,0.723,0.569,0.714,0.725,0.401,0.478,0.717,0.731,0.788,0.063,0.780,0.516,0.720,0.481,0.764,0.764,0.755,0.723,0.764,0.489,0.758,0.761,0.187,0.728,0.764,0.063,0.766,0.761,0.832,0.720,0.835,0.717,0.734,0.717,0.464,0.764,0.736,0.813,0.769,0.723,0.484,0.508,0.830,0.102,0.720,0.571,0.766,0.720,0.363,0.761,0.761,0.714,0.717,0.723,0.635,0.448,0.750,0.530,0.720,0.723,0.508,0.786,0.766,0.632,0.720,0.725,0.585,0.717,0.764,0.764,0.725,0.720,0.717,0.769,0.764,0.484,0.758,0.734,0.731,0.769,0.505,0.714,0.464,0.753,0.486,0.475,0.723,0.816,0.723,0.755,0.731,0.731,0.723,0.761,0.753,0.000,0.530,0.731,0.717,0.516,0.786,0.508,0.764,0.819,0.731,0.728,0.536,0.464,0.492,0.717,0.717,0.382,0.365,0.720,0.723,0.725,0.731,0.723,0.484,0.489,0.492,0.077,0.832,0.731,0.519,0.538,0.764,0.786,0.808,0.755,0.725,0.495,0.827,0.723,0.467,0.764,0.750,0.717,0.725,0.069,0.827,0.519,0.132,0.764,0.720
7PNB_l_2_NAG;0.571,0.591,0.819,0.769,0.591,0.558,0.577,0.772,0.810,0.508,0.588,0.827,0.755,0.758,0.753,0.742,0.753,0.794,0.585,0.560,0.747,0.805,0.481,0.808,0.753,0.747,0.588,0.799,0.566,0.058,0.049,0.481,0.563,0.505,0.536,0.816,0.714,0.462,0.739,0.558,0.731,0.747,0.577,0.753,0.772,0.745,0.832,0.591,0.560,0.473,0.766,0.522,0.734,0.794,0.467,0.775,0.745,0.745,0.772,0.071,0.571,0.750,0.766,0.577,0.500,0.486,0.516,0.755,0.505,0.827,0.571,0.819,0.453,0.459,0.511,0.832,0.810,0.747,0.714,0.747,0.750,0.473,0.747,0.464,0.755,0.745,0.739,0.764,0.527,0.745,0.777,0.813,0.739,0.505,0.745,0.714,0.832,0.772,0.462,0.791,0.033,0.585,0.750,0.036,0.714,0.761,0.745,0.753,0.558,0.753,0.574,0.750,0.745,0.497,0.462,0.766,0.742,0.772,0.519,0.769,0.033,0.742,0.462,0.794,0.799,0.769,0.747,0.791,0.505,0.799,0.775,0.516,0.734,0.799,0.522,0.755,0.797,0.835,0.747,0.832,0.769,0.717,0.764,0.459,0.758,0.755,0.813,0.755,0.745,0.503,0.464,0.832,0.511,0.753,0.571,0.753,0.753,0.481,0.766,0.799,0.753,0.766,0.731,0.591,0.555,0.775,0.519,0.753,0.747,0.459,0.772,0.750,0.585,0.750,0.734,0.580,0.747,0.794,0.791,0.745,0.742,0.753,0.791,0.799,0.453,0.772,0.717,0.714,0.753,0.456,0.772,0.459,0.819,0.505,0.467,0.747,0.819,0.745,0.816,0.714,0.750,0.755,0.821,0.824,0.530,0.000,0.731,0.758,0.096,0.769,0.514,0.797,0.819,0.742,0.753,0.511,0.560,0.511,0.769,0.753,0.489,0.467,0.739,0.745,0.755,0.755,0.745,0.505,0.552,0.462,0.514,0.830,0.714,0.519,0.522,0.794,0.772,0.808,0.775,0.742,0.508,0.835,0.750,0.448,0.753,0.775,0.761,0.739,0.519,0.832,0.030,0.505,0.797,0.761
7PNB_V_6_MAN;0.755,0.769,0.491,0.467,0.771,0.739,0.761,0.430,0.545,0.734,0.763,0.503,0.509,0.188,0.224,0.158,0.230,0.473,0.766,0.731,0.218,0.533,0.745,0.545,0.279,0.152,0.763,0.455,0.738,0.731,0.736,0.712,0.738,0.734,0.736,0.491,0.339,0.703,0.030,0.755,0.042,0.139,0.755,0.285,0.352,0.200,0.618,0.774,0.742,0.739,0.345,0.766,0.030,0.473,0.717,0.473,0.127,0.321,0.473,0.725,0.753,0.224,0.352,0.758,0.747,0.742,0.763,0.503,0.734,0.503,0.758,0.491,0.709,0.703,0.755,0.618,0.552,0.230,0.339,0.145,0.261,0.731,0.315,0.706,0.188,0.188,0.018,0.206,0.752,0.321,0.485,0.552,0.036,0.736,0.315,0.333,0.600,0.485,0.703,0.467,0.734,0.766,0.200,0.728,0.333,0.188,0.182,0.158,0.750,0.285,0.755,0.248,0.133,0.742,0.701,0.345,0.127,0.473,0.731,0.479,0.728,0.242,0.703,0.473,0.461,0.436,0.315,0.467,0.736,0.461,0.467,0.728,0.024,0.461,0.728,0.491,0.473,0.612,0.242,0.618,0.345,0.339,0.339,0.692,0.497,0.218,0.545,0.497,0.212,0.734,0.706,0.606,0.723,0.279,0.755,0.497,0.279,0.736,0.461,0.491,0.273,0.345,0.036,0.766,0.736,0.455,0.764,0.273,0.248,0.712,0.479,0.491,0.766,0.224,0.036,0.764,0.218,0.473,0.467,0.218,0.315,0.230,0.479,0.485,0.701,0.455,0.339,0.339,0.503,0.698,0.345,0.695,0.497,0.734,0.698,0.315,0.570,0.224,0.479,0.333,0.212,0.182,0.485,0.497,0.731,0.731,0.000,0.182,0.736,0.467,0.755,0.461,0.558,0.127,0.182,0.758,0.731,0.736,0.345,0.230,0.742,0.734,0.236,0.242,0.291,0.218,0.309,0.734,0.747,0.703,0.725,0.612,0.339,0.744,0.763,0.473,0.479,0.539,0.455,0.315,0.736,0.612,0.242,0.695,0.491,0.430,0.194,0.224,0.728,0.600,0.736,0.728,0.491,0.188
7PNB_g_5_MAN;0.777,0.782,0.467,0.485,0.785,0.742,0.777,0.418,0.558,0.747,0.780,0.467,0.533,0.018,0.206,0.158,0.212,0.461,0.782,0.728,0.188,0.552,0.755,0.564,0.212,0.152,0.780,0.424,0.744,0.753,0.753,0.723,0.752,0.750,0.739,0.467,0.358,0.709,0.182,0.749,0.188,0.139,0.777,0.218,0.352,0.188,0.624,0.785,0.745,0.745,0.345,0.755,0.176,0.461,0.728,0.461,0.115,0.333,0.485,0.755,0.769,0.200,0.345,0.775,0.755,0.755,0.755,0.527,0.723,0.473,0.775,0.461,0.717,0.706,0.744,0.624,0.564,0.212,0.358,0.133,0.194,0.736,0.327,0.706,0.024,0.182,0.170,0.055,0.744,0.339,0.497,0.558,0.188,0.750,0.315,0.352,0.612,0.491,0.717,0.436,0.761,0.782,0.182,0.753,0.352,0.012,0.170,0.133,0.742,0.224,0.772,0.188,0.121,0.750,0.706,0.339,0.115,0.491,0.717,0.485,0.755,0.176,0.706,0.455,0.430,0.424,0.327,0.442,0.750,0.424,0.461,0.717,0.188,0.430,0.717,0.515,0.455,0.618,0.182,0.624,0.345,0.352,0.327,0.698,0.521,0.200,0.564,0.521,0.194,0.747,0.714,0.618,0.714,0.212,0.772,0.521,0.212,0.742,0.455,0.448,0.206,0.333,0.170,0.780,0.747,0.448,0.755,0.206,0.188,0.720,0.485,0.515,0.782,0.206,0.182,0.786,0.206,0.455,0.442,0.194,0.315,0.212,0.455,0.455,0.703,0.448,0.352,0.358,0.527,0.709,0.345,0.701,0.455,0.745,0.701,0.327,0.582,0.188,0.455,0.352,0.188,0.024,0.461,0.467,0.717,0.758,0.182,0.000,0.755,0.485,0.747,0.430,0.564,0.115,0.036,0.749,0.742,0.750,0.339,0.212,0.750,0.745,0.182,0.194,0.224,0.194,0.321,0.745,0.747,0.703,0.720,0.624,0.358,0.736,0.755,0.467,0.485,0.558,0.448,0.327,0.750,0.612,0.176,0.703,0.515,0.424,0.024,0.188,0.720,0.612,0.761,0.720,0.455,0.018
7PNB_0_2_NAG;0.577,0.582,0.805,0.764,0.582,0.552,0.574,0.766,0.797,0.519,0.580,0.813,0.747,0.755,0.745,0.745,0.745,0.786,0.577,0.560,0.747,0.799,0.489,0.794,0.745,0.755,0.580,0.794,0.563,0.091,0.082,0.489,0.566,0.519,0.530,0.802,0.703,0.475,0.747,0.555,0.734,0.755,0.577,0.745,0.766,0.747,0.827,0.582,0.555,0.495,0.764,0.519,0.739,0.786,0.481,0.766,0.750,0.739,0.758,0.091,0.577,0.742,0.766,0.577,0.505,0.495,0.516,0.747,0.495,0.810,0.569,0.805,0.464,0.475,0.508,0.827,0.799,0.739,0.703,0.755,0.742,0.495,0.742,0.456,0.753,0.747,0.745,0.761,0.516,0.739,0.772,0.802,0.745,0.519,0.736,0.703,0.827,0.761,0.484,0.788,0.096,0.577,0.745,0.099,0.703,0.758,0.747,0.761,0.547,0.745,0.574,0.750,0.753,0.503,0.453,0.769,0.747,0.761,0.505,0.755,0.099,0.742,0.456,0.786,0.794,0.766,0.739,0.788,0.519,0.794,0.769,0.511,0.742,0.794,0.514,0.747,0.788,0.830,0.745,0.827,0.766,0.706,0.766,0.453,0.750,0.753,0.799,0.747,0.736,0.514,0.478,0.827,0.503,0.745,0.577,0.745,0.745,0.492,0.761,0.791,0.745,0.769,0.736,0.582,0.549,0.769,0.525,0.745,0.745,0.467,0.766,0.745,0.577,0.742,0.742,0.577,0.742,0.786,0.788,0.747,0.734,0.745,0.783,0.791,0.448,0.766,0.706,0.703,0.745,0.470,0.766,0.451,0.805,0.519,0.462,0.739,0.810,0.742,0.805,0.703,0.747,0.753,0.808,0.810,0.516,0.096,0.736,0.755,0.000,0.764,0.495,0.791,0.802,0.747,0.750,0.508,0.555,0.525,0.764,0.745,0.497,0.486,0.736,0.742,0.747,0.750,0.736,0.519,0.527,0.453,0.511,0.824,0.703,0.508,0.511,0.786,0.758,0.794,0.769,0.734,0.522,0.830,0.747,0.445,0.745,0.769,0.758,0.736,0.508,0.827,0.096,0.497,0.788,0.758
7PNB_j_4_MAN;0.750,0.747,0.606,0.006,0.752,0.775,0.755,0.582,0.564,0.761,0.747,0.606,0.497,0.479,0.479,0.497,0.491,0.576,0.747,0.786,0.461,0.576,0.747,0.564,0.442,0.491,0.747,0.570,0.788,0.758,0.764,0.761,0.785,0.761,0.780,0.600,0.485,0.769,0.479,0.793,0.473,0.485,0.747,0.442,0.539,0.473,0.600,0.752,0.786,0.750,0.533,0.780,0.473,0.576,0.755,0.588,0.467,0.539,0.030,0.764,0.750,0.485,0.539,0.750,0.750,0.753,0.791,0.503,0.788,0.600,0.750,0.600,0.761,0.766,0.777,0.600,0.564,0.461,0.485,0.491,0.455,0.745,0.539,0.755,0.473,0.461,0.473,0.491,0.785,0.533,0.024,0.564,0.479,0.764,0.533,0.485,0.594,0.030,0.764,0.564,0.769,0.747,0.455,0.761,0.479,0.485,0.461,0.491,0.780,0.442,0.753,0.479,0.479,0.753,0.755,0.539,0.473,0.012,0.783,0.048,0.761,0.455,0.758,0.576,0.570,0.576,0.539,0.552,0.764,0.576,0.600,0.786,0.473,0.570,0.780,0.485,0.582,0.594,0.461,0.600,0.533,0.491,0.533,0.755,0.503,0.461,0.564,0.485,0.473,0.761,0.764,0.588,0.783,0.442,0.755,0.491,0.442,0.750,0.594,0.564,0.448,0.539,0.473,0.747,0.788,0.606,0.783,0.448,0.467,0.758,0.018,0.497,0.749,0.485,0.473,0.747,0.473,0.576,0.552,0.467,0.533,0.491,0.564,0.570,0.755,0.594,0.491,0.485,0.485,0.758,0.539,0.753,0.594,0.764,0.750,0.539,0.570,0.455,0.582,0.479,0.455,0.479,0.606,0.606,0.786,0.769,0.467,0.485,0.764,0.000,0.777,0.570,0.558,0.473,0.467,0.777,0.783,0.764,0.533,0.491,0.753,0.742,0.461,0.461,0.448,0.467,0.533,0.764,0.760,0.750,0.783,0.594,0.485,0.780,0.782,0.582,0.048,0.570,0.606,0.533,0.764,0.594,0.473,0.753,0.497,0.582,0.479,0.455,0.783,0.594,0.758,0.777,0.558,0.485
7PNB_0_1_NAG;0.577,0.610,0.819,0.777,0.604,0.560,0.585,0.758,0.802,0.571,0.604,0.821,0.755,0.747,0.755,0.764,0.761,0.797,0.607,0.555,0.769,0.805,0.508,0.799,0.742,0.766,0.604,0.805,0.552,0.505,0.519,0.547,0.569,0.577,0.566,0.813,0.766,0.533,0.758,0.555,0.753,0.766,0.582,0.742,0.764,0.775,0.857,0.599,0.552,0.500,0.764,0.096,0.758,0.797,0.533,0.745,0.761,0.775,0.772,0.500,0.591,0.758,0.766,0.582,0.516,0.505,0.168,0.755,0.500,0.819,0.580,0.816,0.525,0.536,0.099,0.857,0.805,0.753,0.766,0.766,0.745,0.500,0.775,0.555,0.745,0.775,0.764,0.750,0.132,0.775,0.783,0.802,0.761,0.574,0.769,0.766,0.860,0.780,0.547,0.808,0.503,0.607,0.764,0.511,0.764,0.750,0.769,0.769,0.544,0.739,0.585,0.761,0.764,0.516,0.552,0.766,0.758,0.777,0.503,0.775,0.511,0.753,0.560,0.794,0.805,0.753,0.772,0.805,0.571,0.808,0.747,0.516,0.755,0.805,0.505,0.753,0.799,0.857,0.755,0.857,0.766,0.769,0.761,0.558,0.753,0.761,0.802,0.750,0.755,0.566,0.533,0.860,0.497,0.742,0.585,0.750,0.742,0.500,0.745,0.794,0.742,0.764,0.758,0.602,0.555,0.750,0.126,0.745,0.758,0.530,0.780,0.755,0.602,0.755,0.755,0.585,0.755,0.794,0.805,0.772,0.769,0.761,0.808,0.797,0.544,0.745,0.769,0.766,0.750,0.530,0.761,0.549,0.813,0.577,0.555,0.772,0.805,0.758,0.816,0.764,0.761,0.747,0.816,0.819,0.508,0.514,0.755,0.747,0.495,0.777,0.000,0.808,0.802,0.758,0.750,0.129,0.544,0.577,0.758,0.755,0.516,0.495,0.758,0.761,0.739,0.766,0.769,0.577,0.593,0.555,0.503,0.860,0.766,0.179,0.135,0.799,0.775,0.802,0.747,0.769,0.577,0.863,0.761,0.555,0.750,0.761,0.747,0.755,0.503,0.860,0.514,0.511,0.791,0.747
7PNB_T_3_YZT;0.816,0.829,0.297,0.570,0.835,0.766,0.813,0.527,0.442,0.769,0.832,0.273,0.539,0.442,0.448,0.436,0.448,0.212,0.829,0.755,0.418,0.436,0.777,0.442,0.467,0.448,0.832,0.018,0.774,0.794,0.799,0.755,0.777,0.769,0.777,0.291,0.455,0.758,0.448,0.780,0.467,0.442,0.810,0.473,0.382,0.430,0.570,0.837,0.764,0.777,0.376,0.813,0.442,0.218,0.766,0.539,0.424,0.376,0.570,0.786,0.805,0.448,0.376,0.810,0.780,0.777,0.804,0.533,0.764,0.309,0.810,0.303,0.764,0.761,0.804,0.564,0.455,0.461,0.455,0.436,0.455,0.780,0.370,0.777,0.436,0.424,0.448,0.430,0.796,0.370,0.582,0.448,0.448,0.772,0.358,0.442,0.552,0.582,0.761,0.036,0.794,0.829,0.412,0.788,0.455,0.436,0.424,0.430,0.769,0.473,0.808,0.448,0.424,0.788,0.775,0.376,0.430,0.576,0.764,0.570,0.791,0.461,0.775,0.212,0.024,0.527,0.364,0.048,0.772,0.079,0.545,0.747,0.455,0.018,0.758,0.527,0.206,0.558,0.461,0.570,0.382,0.448,0.370,0.766,0.539,0.418,0.442,0.545,0.455,0.769,0.761,0.558,0.764,0.473,0.810,0.545,0.473,0.772,0.533,0.224,0.461,0.376,0.436,0.832,0.772,0.552,0.810,0.467,0.473,0.764,0.576,0.533,0.832,0.448,0.442,0.816,0.448,0.212,0.055,0.418,0.352,0.448,0.073,0.236,0.772,0.539,0.448,0.455,0.552,0.761,0.376,0.769,0.297,0.766,0.769,0.364,0.467,0.467,0.285,0.455,0.418,0.442,0.291,0.303,0.764,0.797,0.461,0.430,0.791,0.570,0.808,0.000,0.448,0.430,0.442,0.804,0.769,0.772,0.376,0.448,0.777,0.777,0.467,0.473,0.473,0.418,0.358,0.766,0.755,0.775,0.761,0.558,0.455,0.796,0.807,0.224,0.570,0.430,0.552,0.364,0.772,0.552,0.455,0.758,0.539,0.527,0.430,0.467,0.764,0.552,0.794,0.753,0.224,0.424
7PNB_L_3_YZT;0.808,0.804,0.418,0.558,0.810,0.797,0.802,0.576,0.024,0.827,0.804,0.436,0.527,0.558,0.558,0.588,0.564,0.412,0.804,0.802,0.600,0.079,0.794,0.036,0.558,0.600,0.804,0.442,0.810,0.813,0.821,0.805,0.796,0.824,0.813,0.418,0.509,0.805,0.570,0.818,0.545,0.594,0.805,0.558,0.600,0.600,0.624,0.807,0.799,0.802,0.594,0.802,0.570,0.406,0.797,0.582,0.576,0.570,0.552,0.813,0.813,0.564,0.594,0.805,0.788,0.791,0.804,0.533,0.819,0.436,0.808,0.418,0.799,0.805,0.799,0.624,0.024,0.539,0.509,0.600,0.558,0.794,0.570,0.808,0.558,0.582,0.576,0.570,0.796,0.564,0.576,0.012,0.570,0.827,0.564,0.515,0.636,0.570,0.808,0.455,0.816,0.802,0.576,0.816,0.503,0.564,0.588,0.600,0.799,0.558,0.808,0.588,0.588,0.794,0.805,0.594,0.582,0.558,0.819,0.558,0.813,0.576,0.810,0.406,0.442,0.570,0.564,0.442,0.827,0.461,0.570,0.813,0.564,0.442,0.819,0.521,0.418,0.618,0.582,0.624,0.594,0.515,0.588,0.805,0.539,0.570,0.030,0.521,0.545,0.827,0.802,0.624,0.816,0.558,0.816,0.527,0.558,0.788,0.576,0.406,0.564,0.594,0.576,0.807,0.791,0.564,0.805,0.558,0.582,0.805,0.570,0.533,0.807,0.558,0.570,0.810,0.552,0.406,0.455,0.606,0.564,0.564,0.455,0.400,0.805,0.564,0.515,0.509,0.521,0.802,0.594,0.802,0.418,0.827,0.805,0.564,0.055,0.576,0.424,0.503,0.558,0.558,0.418,0.436,0.819,0.819,0.558,0.564,0.802,0.558,0.802,0.448,0.000,0.582,0.545,0.796,0.794,0.827,0.594,0.558,0.786,0.797,0.576,0.582,0.558,0.582,0.558,0.827,0.796,0.808,0.821,0.624,0.509,0.793,0.796,0.412,0.558,0.048,0.564,0.558,0.827,0.630,0.588,0.805,0.533,0.576,0.564,0.570,0.819,0.630,0.819,0.813,0.394,0.564
7PNB_x_5_MAN;0.777,0.793,0.473,0.473,0.796,0.750,0.780,0.424,0.570,0.734,0.791,0.479,0.497,0.127,0.230,0.079,0.236,0.473,0.793,0.731,0.127,0.558,0.753,0.570,0.267,0.036,0.791,0.430,0.749,0.739,0.739,0.717,0.752,0.734,0.742,0.479,0.358,0.703,0.127,0.760,0.152,0.036,0.775,0.273,0.333,0.103,0.612,0.799,0.750,0.747,0.327,0.764,0.121,0.473,0.723,0.455,0.012,0.303,0.473,0.736,0.775,0.224,0.333,0.777,0.755,0.750,0.760,0.491,0.734,0.485,0.777,0.479,0.712,0.703,0.752,0.612,0.576,0.242,0.358,0.018,0.248,0.742,0.297,0.709,0.121,0.115,0.109,0.133,0.749,0.303,0.485,0.576,0.133,0.736,0.285,0.345,0.600,0.479,0.709,0.442,0.745,0.793,0.127,0.736,0.352,0.121,0.109,0.042,0.750,0.273,0.775,0.176,0.018,0.747,0.709,0.327,0.000,0.479,0.731,0.473,0.739,0.176,0.709,0.473,0.430,0.424,0.297,0.442,0.736,0.436,0.455,0.728,0.133,0.430,0.725,0.479,0.467,0.606,0.182,0.612,0.333,0.358,0.321,0.701,0.485,0.145,0.570,0.485,0.224,0.734,0.712,0.606,0.723,0.267,0.777,0.485,0.267,0.747,0.448,0.473,0.261,0.327,0.115,0.791,0.750,0.442,0.761,0.261,0.182,0.717,0.473,0.479,0.793,0.230,0.127,0.783,0.218,0.473,0.442,0.121,0.285,0.236,0.461,0.479,0.706,0.442,0.358,0.358,0.491,0.706,0.327,0.703,0.479,0.734,0.703,0.297,0.594,0.182,0.467,0.352,0.139,0.127,0.461,0.479,0.731,0.742,0.127,0.115,0.747,0.473,0.758,0.430,0.582,0.000,0.127,0.755,0.742,0.736,0.327,0.236,0.747,0.742,0.164,0.176,0.279,0.145,0.291,0.734,0.741,0.706,0.723,0.612,0.358,0.738,0.760,0.479,0.473,0.564,0.442,0.297,0.736,0.600,0.170,0.701,0.479,0.424,0.121,0.170,0.728,0.600,0.745,0.723,0.479,0.115
7PNB_l_5_MAN;0.766,0.780,0.485,0.467,0.782,0.747,0.769,0.430,0.539,0.750,0.777,0.485,0.527,0.018,0.224,0.176,0.230,0.455,0.780,0.739,0.182,0.533,0.755,0.545,0.200,0.164,0.777,0.436,0.755,0.745,0.747,0.725,0.760,0.750,0.736,0.485,0.352,0.709,0.194,0.763,0.182,0.152,0.766,0.206,0.358,0.188,0.612,0.782,0.750,0.747,0.352,0.758,0.188,0.455,0.725,0.473,0.127,0.339,0.467,0.750,0.761,0.218,0.358,0.766,0.755,0.755,0.760,0.521,0.734,0.491,0.769,0.479,0.714,0.706,0.747,0.612,0.545,0.212,0.352,0.145,0.194,0.736,0.333,0.706,0.030,0.200,0.176,0.061,0.749,0.345,0.479,0.539,0.200,0.753,0.321,0.352,0.612,0.473,0.720,0.448,0.753,0.780,0.194,0.745,0.345,0.024,0.188,0.145,0.747,0.206,0.766,0.194,0.133,0.750,0.706,0.352,0.127,0.473,0.728,0.467,0.750,0.164,0.706,0.461,0.442,0.436,0.333,0.455,0.753,0.436,0.473,0.728,0.200,0.442,0.728,0.509,0.461,0.606,0.176,0.612,0.358,0.345,0.339,0.698,0.515,0.200,0.545,0.509,0.206,0.750,0.714,0.606,0.725,0.200,0.764,0.515,0.200,0.742,0.467,0.448,0.206,0.345,0.182,0.777,0.753,0.461,0.758,0.194,0.158,0.720,0.467,0.509,0.780,0.224,0.194,0.775,0.224,0.461,0.455,0.194,0.321,0.230,0.467,0.455,0.703,0.461,0.345,0.352,0.515,0.706,0.352,0.701,0.473,0.750,0.701,0.333,0.564,0.164,0.467,0.345,0.194,0.012,0.479,0.485,0.728,0.753,0.182,0.036,0.750,0.467,0.750,0.442,0.545,0.127,0.000,0.752,0.747,0.753,0.345,0.230,0.750,0.745,0.158,0.170,0.212,0.200,0.327,0.750,0.755,0.703,0.731,0.612,0.352,0.738,0.758,0.461,0.467,0.539,0.461,0.333,0.753,0.600,0.176,0.703,0.509,0.436,0.030,0.158,0.731,0.612,0.753,0.728,0.442,0.036
7PNB_W_1_NAG;0.593,0.612,0.813,0.777,0.606,0.577,0.604,0.758,0.791,0.566,0.606,0.810,0.758,0.749,0.755,0.766,0.760,0.788,0.609,0.571,0.763,0.791,0.533,0.788,0.730,0.763,0.606,0.802,0.567,0.505,0.511,0.533,0.576,0.569,0.582,0.804,0.763,0.527,0.760,0.565,0.755,0.763,0.599,0.730,0.763,0.771,0.851,0.598,0.574,0.525,0.763,0.071,0.760,0.788,0.519,0.738,0.755,0.771,0.774,0.511,0.599,0.760,0.763,0.602,0.538,0.530,0.094,0.758,0.530,0.810,0.599,0.807,0.516,0.530,0.052,0.851,0.796,0.749,0.763,0.763,0.733,0.527,0.771,0.566,0.747,0.771,0.766,0.749,0.118,0.769,0.782,0.796,0.763,0.569,0.766,0.763,0.854,0.780,0.547,0.804,0.511,0.609,0.760,0.514,0.760,0.752,0.769,0.766,0.560,0.727,0.604,0.760,0.760,0.547,0.558,0.766,0.755,0.777,0.530,0.777,0.508,0.755,0.574,0.785,0.802,0.752,0.769,0.799,0.566,0.807,0.741,0.547,0.758,0.802,0.527,0.755,0.791,0.851,0.755,0.851,0.766,0.766,0.763,0.563,0.755,0.760,0.791,0.752,0.752,0.560,0.519,0.854,0.525,0.730,0.602,0.752,0.730,0.522,0.738,0.782,0.730,0.766,0.760,0.603,0.577,0.749,0.118,0.733,0.758,0.522,0.782,0.758,0.603,0.758,0.758,0.607,0.755,0.785,0.799,0.766,0.766,0.760,0.804,0.785,0.555,0.741,0.766,0.763,0.752,0.525,0.760,0.555,0.804,0.563,0.566,0.769,0.799,0.758,0.804,0.760,0.758,0.749,0.810,0.813,0.536,0.511,0.758,0.749,0.508,0.777,0.129,0.804,0.796,0.755,0.752,0.000,0.569,0.571,0.760,0.758,0.541,0.516,0.755,0.760,0.727,0.763,0.766,0.560,0.590,0.566,0.527,0.854,0.763,0.113,0.047,0.791,0.777,0.788,0.744,0.766,0.571,0.857,0.760,0.555,0.752,0.760,0.749,0.752,0.525,0.854,0.514,0.533,0.780,0.747
7PNB_f_1_NAG;0.596,0.624,0.777,0.783,0.632,0.154,0.610,0.755,0.797,0.486,0.624,0.775,0.758,0.742,0.745,0.739,0.742,0.755,0.624,0.099,0.750,0.797,0.495,0.794,0.745,0.745,0.624,0.772,0.159,0.560,0.569,0.459,0.179,0.481,0.495,0.780,0.753,0.470,0.731,0.184,0.728,0.742,0.602,0.747,0.747,0.747,0.841,0.626,0.129,0.481,0.745,0.549,0.731,0.755,0.453,0.764,0.742,0.745,0.783,0.560,0.599,0.747,0.747,0.604,0.514,0.505,0.566,0.761,0.440,0.780,0.602,0.777,0.459,0.473,0.549,0.841,0.797,0.747,0.753,0.742,0.739,0.486,0.742,0.448,0.742,0.739,0.734,0.745,0.536,0.745,0.791,0.794,0.734,0.486,0.742,0.755,0.835,0.788,0.453,0.772,0.560,0.621,0.736,0.558,0.753,0.742,0.739,0.745,0.137,0.750,0.602,0.742,0.742,0.525,0.442,0.747,0.742,0.786,0.462,0.783,0.549,0.742,0.453,0.755,0.769,0.747,0.739,0.772,0.484,0.772,0.758,0.423,0.728,0.769,0.464,0.758,0.755,0.841,0.745,0.841,0.745,0.750,0.742,0.453,0.764,0.742,0.794,0.764,0.745,0.489,0.464,0.838,0.462,0.747,0.591,0.761,0.747,0.489,0.755,0.758,0.742,0.745,0.734,0.629,0.135,0.758,0.541,0.745,0.750,0.467,0.788,0.764,0.624,0.745,0.728,0.613,0.745,0.755,0.772,0.747,0.742,0.742,0.775,0.755,0.440,0.755,0.750,0.753,0.764,0.464,0.745,0.437,0.775,0.481,0.448,0.739,0.797,0.750,0.777,0.753,0.739,0.745,0.777,0.780,0.464,0.560,0.731,0.742,0.555,0.783,0.544,0.769,0.794,0.742,0.747,0.569,0.000,0.486,0.742,0.742,0.511,0.489,0.750,0.750,0.750,0.739,0.739,0.481,0.505,0.459,0.473,0.838,0.753,0.560,0.569,0.758,0.783,0.791,0.758,0.742,0.492,0.841,0.745,0.459,0.764,0.758,0.742,0.747,0.467,0.835,0.558,0.437,0.761,0.742
7PNB_m_2_NAG;0.588,0.637,0.775,0.764,0.637,0.484,0.599,0.791,0.821,0.016,0.637,0.775,0.750,0.750,0.745,0.736,0.745,0.755,0.637,0.481,0.739,0.813,0.516,0.819,0.750,0.739,0.637,0.777,0.478,0.503,0.503,0.305,0.492,0.008,0.519,0.777,0.739,0.346,0.742,0.486,0.736,0.739,0.591,0.753,0.750,0.739,0.830,0.643,0.484,0.500,0.747,0.580,0.739,0.755,0.310,0.791,0.736,0.755,0.764,0.511,0.588,0.745,0.753,0.591,0.514,0.511,0.560,0.747,0.484,0.777,0.585,0.775,0.335,0.335,0.571,0.830,0.827,0.745,0.739,0.739,0.750,0.497,0.753,0.415,0.747,0.742,0.739,0.750,0.560,0.753,0.766,0.827,0.745,0.014,0.747,0.739,0.827,0.764,0.321,0.777,0.514,0.637,0.739,0.508,0.739,0.750,0.745,0.745,0.475,0.753,0.588,0.739,0.739,0.519,0.407,0.753,0.736,0.764,0.500,0.761,0.505,0.739,0.407,0.755,0.775,0.788,0.750,0.775,0.011,0.777,0.794,0.492,0.736,0.775,0.503,0.750,0.755,0.832,0.739,0.830,0.753,0.739,0.753,0.393,0.747,0.742,0.819,0.753,0.747,0.014,0.338,0.830,0.503,0.753,0.582,0.747,0.753,0.484,0.788,0.753,0.747,0.755,0.736,0.637,0.484,0.794,0.571,0.753,0.736,0.327,0.764,0.747,0.637,0.745,0.736,0.596,0.742,0.755,0.775,0.739,0.747,0.745,0.777,0.755,0.415,0.794,0.739,0.739,0.750,0.349,0.747,0.390,0.772,0.030,0.398,0.750,0.827,0.736,0.769,0.739,0.739,0.747,0.775,0.777,0.492,0.511,0.736,0.750,0.525,0.764,0.577,0.772,0.827,0.736,0.753,0.571,0.486,0.000,0.750,0.745,0.530,0.497,0.734,0.736,0.755,0.742,0.750,0.030,0.527,0.412,0.503,0.827,0.739,0.563,0.571,0.755,0.764,0.816,0.797,0.753,0.005,0.832,0.742,0.396,0.745,0.791,0.747,0.734,0.505,0.827,0.508,0.489,0.755,0.745
7PNB_s_4_BGC;0.799,0.810,0.479,0.533,0.813,0.742,0.799,0.418,0.588,0.747,0.810,0.467,0.533,0.345,0.376,0.321,0.376,0.382,0.810,0.736,0.309,0.564,0.755,0.576,0.333,0.327,0.810,0.388,0.749,0.761,0.766,0.753,0.749,0.747,0.766,0.479,0.400,0.734,0.321,0.752,0.358,0.327,0.797,0.339,0.012,0.303,0.679,0.815,0.739,0.755,0.012,0.766,0.327,0.382,0.761,0.455,0.321,0.152,0.539,0.758,0.791,0.370,0.048,0.797,0.755,0.755,0.763,0.527,0.717,0.485,0.797,0.491,0.753,0.739,0.760,0.679,0.600,0.394,0.400,0.315,0.321,0.753,0.145,0.764,0.333,0.297,0.327,0.309,0.752,0.158,0.545,0.594,0.321,0.750,0.127,0.388,0.661,0.539,0.725,0.382,0.766,0.810,0.303,0.758,0.394,0.339,0.291,0.315,0.739,0.333,0.794,0.267,0.321,0.766,0.758,0.042,0.327,0.539,0.714,0.533,0.764,0.285,0.758,0.388,0.376,0.430,0.139,0.376,0.750,0.382,0.448,0.712,0.333,0.376,0.709,0.521,0.376,0.673,0.279,0.679,0.030,0.394,0.030,0.750,0.527,0.309,0.582,0.533,0.394,0.747,0.745,0.667,0.712,0.339,0.794,0.527,0.339,0.742,0.442,0.388,0.327,0.036,0.321,0.810,0.750,0.436,0.764,0.333,0.291,0.747,0.539,0.521,0.810,0.376,0.327,0.808,0.382,0.388,0.376,0.309,0.139,0.376,0.388,0.388,0.755,0.448,0.394,0.400,0.533,0.736,0.018,0.753,0.479,0.747,0.753,0.139,0.594,0.285,0.461,0.394,0.315,0.345,0.485,0.491,0.717,0.769,0.345,0.339,0.764,0.533,0.758,0.376,0.594,0.327,0.345,0.760,0.742,0.750,0.000,0.382,0.761,0.758,0.297,0.285,0.339,0.315,0.145,0.747,0.738,0.761,0.709,0.673,0.400,0.749,0.771,0.388,0.533,0.570,0.436,0.152,0.750,0.661,0.273,0.739,0.521,0.424,0.333,0.297,0.712,0.661,0.764,0.714,0.394,0.345
7PNB_m_6_MAN;0.780,0.774,0.485,0.491,0.780,0.742,0.780,0.448,0.545,0.742,0.771,0.503,0.479,0.224,0.012,0.261,0.012,0.491,0.771,0.736,0.273,0.539,0.745,0.545,0.291,0.261,0.771,0.455,0.747,0.750,0.755,0.720,0.744,0.742,0.720,0.497,0.345,0.706,0.218,0.755,0.218,0.248,0.780,0.297,0.382,0.285,0.600,0.780,0.745,0.739,0.376,0.761,0.212,0.491,0.731,0.479,0.236,0.345,0.491,0.745,0.775,0.018,0.370,0.783,0.742,0.747,0.760,0.473,0.717,0.503,0.783,0.485,0.714,0.706,0.752,0.600,0.552,0.042,0.345,0.242,0.285,0.731,0.339,0.725,0.230,0.273,0.224,0.224,0.747,0.345,0.503,0.552,0.212,0.745,0.345,0.339,0.594,0.497,0.709,0.467,0.755,0.771,0.273,0.750,0.345,0.218,0.273,0.255,0.747,0.303,0.780,0.236,0.230,0.736,0.725,0.370,0.236,0.497,0.720,0.491,0.747,0.267,0.725,0.491,0.448,0.455,0.339,0.467,0.745,0.461,0.479,0.717,0.218,0.448,0.717,0.473,0.485,0.594,0.255,0.600,0.376,0.345,0.370,0.717,0.479,0.291,0.552,0.491,0.042,0.742,0.714,0.600,0.717,0.303,0.780,0.485,0.303,0.728,0.461,0.491,0.285,0.376,0.218,0.774,0.745,0.479,0.764,0.297,0.273,0.720,0.497,0.473,0.774,0.006,0.206,0.788,0.030,0.491,0.467,0.279,0.339,0.012,0.485,0.491,0.723,0.479,0.345,0.345,0.491,0.709,0.376,0.720,0.473,0.736,0.720,0.339,0.570,0.261,0.479,0.345,0.279,0.230,0.485,0.497,0.717,0.753,0.230,0.212,0.745,0.491,0.755,0.448,0.558,0.236,0.230,0.758,0.742,0.745,0.382,0.000,0.742,0.736,0.255,0.267,0.309,0.285,0.333,0.736,0.719,0.723,0.717,0.606,0.345,0.741,0.760,0.497,0.491,0.539,0.479,0.339,0.745,0.594,0.255,0.717,0.479,0.448,0.230,0.255,0.720,0.594,0.753,0.712,0.497,0.224
7PNB_X_1_NAG;0.585,0.607,0.786,0.753,0.610,0.522,0.602,0.753,0.783,0.527,0.610,0.783,0.753,0.750,0.742,0.747,0.742,0.780,0.607,0.516,0.755,0.780,0.058,0.777,0.747,0.753,0.610,0.777,0.522,0.486,0.497,0.525,0.527,0.525,0.442,0.777,0.745,0.533,0.747,0.533,0.742,0.747,0.596,0.747,0.766,0.755,0.819,0.607,0.519,0.168,0.764,0.544,0.739,0.780,0.516,0.755,0.742,0.758,0.745,0.478,0.593,0.745,0.764,0.602,0.055,0.066,0.538,0.750,0.363,0.780,0.596,0.780,0.522,0.533,0.538,0.819,0.788,0.739,0.745,0.750,0.745,0.192,0.758,0.492,0.750,0.753,0.747,0.758,0.530,0.758,0.755,0.786,0.745,0.527,0.755,0.745,0.819,0.745,0.527,0.775,0.484,0.607,0.742,0.481,0.745,0.750,0.750,0.753,0.511,0.750,0.599,0.766,0.745,0.115,0.489,0.761,0.747,0.750,0.396,0.736,0.470,0.761,0.489,0.780,0.777,0.750,0.755,0.772,0.525,0.777,0.758,0.368,0.742,0.777,0.393,0.755,0.780,0.819,0.766,0.819,0.766,0.747,0.755,0.486,0.750,0.745,0.780,0.753,0.736,0.525,0.527,0.819,0.418,0.747,0.591,0.753,0.747,0.113,0.758,0.777,0.747,0.758,0.739,0.610,0.525,0.753,0.536,0.745,0.766,0.527,0.755,0.750,0.607,0.745,0.742,0.613,0.736,0.780,0.772,0.750,0.753,0.742,0.772,0.780,0.495,0.753,0.747,0.745,0.753,0.519,0.764,0.486,0.783,0.530,0.486,0.755,0.788,0.766,0.783,0.745,0.742,0.753,0.786,0.780,0.382,0.489,0.742,0.750,0.497,0.753,0.516,0.777,0.786,0.747,0.750,0.541,0.511,0.530,0.761,0.742,0.000,0.146,0.764,0.766,0.753,0.745,0.753,0.522,0.577,0.495,0.412,0.819,0.745,0.525,0.544,0.783,0.739,0.780,0.758,0.753,0.533,0.821,0.764,0.495,0.750,0.753,0.750,0.766,0.401,0.819,0.478,0.354,0.777,0.755
7PNB_c_1_NAG;0.558,0.613,0.794,0.742,0.615,0.486,0.569,0.758,0.794,0.497,0.615,0.791,0.755,0.745,0.736,0.742,0.736,0.780,0.613,0.486,0.750,0.786,0.113,0.788,0.742,0.747,0.615,0.777,0.497,0.473,0.481,0.505,0.511,0.492,0.418,0.786,0.753,0.505,0.734,0.503,0.731,0.742,0.563,0.742,0.764,0.750,0.821,0.613,0.484,0.027,0.761,0.514,0.731,0.780,0.495,0.766,0.739,0.761,0.736,0.462,0.563,0.739,0.764,0.569,0.140,0.107,0.522,0.753,0.354,0.788,0.563,0.788,0.497,0.495,0.514,0.821,0.794,0.734,0.753,0.745,0.739,0.093,0.761,0.473,0.745,0.747,0.739,0.753,0.508,0.761,0.745,0.791,0.734,0.497,0.761,0.753,0.819,0.736,0.495,0.775,0.470,0.613,0.739,0.467,0.753,0.745,0.745,0.747,0.486,0.745,0.566,0.761,0.739,0.217,0.475,0.761,0.742,0.742,0.371,0.728,0.453,0.758,0.478,0.780,0.777,0.755,0.761,0.772,0.495,0.777,0.769,0.374,0.731,0.777,0.371,0.758,0.780,0.821,0.758,0.821,0.764,0.755,0.755,0.473,0.753,0.742,0.791,0.755,0.734,0.492,0.497,0.819,0.385,0.742,0.563,0.755,0.742,0.113,0.769,0.777,0.742,0.758,0.731,0.615,0.486,0.764,0.519,0.739,0.758,0.500,0.745,0.753,0.613,0.739,0.731,0.582,0.731,0.780,0.772,0.745,0.758,0.736,0.775,0.780,0.470,0.764,0.755,0.753,0.755,0.481,0.761,0.462,0.791,0.500,0.473,0.761,0.794,0.758,0.791,0.753,0.739,0.747,0.794,0.788,0.365,0.467,0.734,0.745,0.486,0.742,0.495,0.777,0.797,0.742,0.745,0.516,0.489,0.497,0.758,0.736,0.146,0.000,0.755,0.758,0.747,0.742,0.758,0.492,0.547,0.473,0.387,0.819,0.753,0.514,0.525,0.783,0.731,0.791,0.769,0.758,0.500,0.821,0.755,0.478,0.753,0.758,0.745,0.758,0.382,0.819,0.456,0.341,0.777,0.750
7PNB_W_6_MAN;0.777,0.785,0.479,0.461,0.791,0.747,0.780,0.467,0.564,0.731,0.782,0.485,0.521,0.164,0.255,0.200,0.248,0.455,0.788,0.734,0.176,0.552,0.766,0.564,0.230,0.194,0.782,0.461,0.747,0.731,0.734,0.731,0.755,0.731,0.736,0.485,0.376,0.714,0.242,0.749,0.242,0.194,0.775,0.236,0.297,0.164,0.588,0.788,0.745,0.758,0.291,0.758,0.236,0.455,0.734,0.473,0.158,0.297,0.467,0.734,0.772,0.242,0.297,0.777,0.766,0.766,0.758,0.515,0.717,0.497,0.780,0.479,0.728,0.714,0.749,0.588,0.570,0.236,0.376,0.182,0.236,0.755,0.291,0.739,0.170,0.176,0.230,0.182,0.752,0.291,0.473,0.570,0.242,0.734,0.279,0.370,0.582,0.473,0.723,0.473,0.739,0.785,0.200,0.731,0.370,0.170,0.188,0.194,0.742,0.236,0.777,0.067,0.176,0.750,0.736,0.291,0.164,0.467,0.717,0.467,0.736,0.048,0.736,0.461,0.467,0.461,0.291,0.461,0.734,0.455,0.485,0.725,0.255,0.467,0.723,0.509,0.461,0.582,0.036,0.588,0.297,0.376,0.291,0.728,0.515,0.212,0.570,0.515,0.248,0.731,0.717,0.582,0.720,0.230,0.775,0.521,0.230,0.750,0.479,0.455,0.230,0.297,0.230,0.782,0.750,0.473,0.758,0.230,0.024,0.728,0.461,0.503,0.788,0.248,0.248,0.783,0.255,0.461,0.461,0.176,0.279,0.248,0.479,0.461,0.734,0.473,0.376,0.376,0.521,0.717,0.303,0.731,0.479,0.731,0.731,0.291,0.588,0.024,0.467,0.370,0.206,0.164,0.485,0.491,0.720,0.739,0.236,0.182,0.736,0.461,0.758,0.467,0.576,0.164,0.158,0.755,0.750,0.734,0.297,0.255,0.764,0.755,0.000,0.012,0.242,0.200,0.285,0.731,0.747,0.736,0.723,0.588,0.376,0.749,0.760,0.461,0.467,0.558,0.473,0.291,0.734,0.576,0.042,0.723,0.515,0.467,0.170,0.012,0.717,0.582,0.739,0.720,0.455,0.170
7PNB_g_6_MAN;0.777,0.785,0.485,0.461,0.791,0.747,0.780,0.461,0.570,0.734,0.782,0.491,0.515,0.176,0.267,0.212,0.261,0.461,0.788,0.734,0.188,0.558,0.769,0.570,0.242,0.206,0.782,0.467,0.747,0.736,0.739,0.734,0.755,0.734,0.742,0.491,0.382,0.717,0.242,0.749,0.248,0.206,0.775,0.248,0.285,0.176,0.582,0.788,0.745,0.761,0.279,0.761,0.242,0.461,0.736,0.467,0.170,0.297,0.467,0.739,0.772,0.255,0.285,0.777,0.769,0.769,0.760,0.509,0.720,0.503,0.780,0.485,0.731,0.717,0.752,0.582,0.576,0.248,0.382,0.194,0.248,0.758,0.291,0.745,0.182,0.188,0.236,0.194,0.755,0.285,0.473,0.576,0.242,0.736,0.279,0.376,0.576,0.473,0.725,0.479,0.745,0.785,0.212,0.736,0.376,0.182,0.200,0.206,0.742,0.248,0.777,0.067,0.188,0.753,0.742,0.279,0.176,0.467,0.720,0.467,0.742,0.048,0.742,0.467,0.473,0.455,0.291,0.467,0.736,0.461,0.479,0.728,0.261,0.473,0.725,0.503,0.467,0.576,0.036,0.582,0.285,0.382,0.279,0.734,0.509,0.212,0.576,0.509,0.261,0.734,0.720,0.576,0.723,0.242,0.775,0.515,0.242,0.753,0.473,0.461,0.242,0.285,0.236,0.782,0.750,0.467,0.761,0.242,0.024,0.731,0.461,0.497,0.788,0.261,0.255,0.783,0.267,0.467,0.467,0.188,0.279,0.261,0.485,0.467,0.739,0.467,0.382,0.382,0.515,0.720,0.291,0.736,0.485,0.734,0.736,0.291,0.594,0.024,0.473,0.376,0.218,0.176,0.491,0.497,0.723,0.745,0.242,0.194,0.742,0.461,0.761,0.473,0.582,0.176,0.170,0.760,0.750,0.736,0.285,0.267,0.766,0.758,0.012,0.000,0.255,0.212,0.285,0.734,0.749,0.742,0.725,0.582,0.382,0.752,0.766,0.467,0.467,0.564,0.467,0.291,0.736,0.570,0.042,0.728,0.509,0.461,0.182,0.024,0.720,0.576,0.745,0.723,0.461,0.182
7PNB_r_5_MAN;0.772,0.752,0.491,0.448,0.755,0.739,0.775,0.503,0.552,0.753,0.752,0.491,0.545,0.224,0.303,0.291,0.303,0.467,0.752,0.736,0.297,0.527,0.753,0.545,0.018,0.303,0.752,0.467,0.747,0.747,0.750,0.728,0.747,0.753,0.753,0.479,0.394,0.717,0.297,0.744,0.279,0.303,0.775,0.012,0.352,0.303,0.636,0.752,0.745,0.745,0.345,0.734,0.291,0.467,0.725,0.515,0.279,0.376,0.436,0.755,0.766,0.297,0.364,0.772,0.750,0.753,0.736,0.539,0.728,0.485,0.775,0.491,0.717,0.714,0.730,0.636,0.558,0.285,0.394,0.297,0.036,0.736,0.370,0.725,0.212,0.297,0.297,0.224,0.733,0.376,0.455,0.552,0.291,0.755,0.364,0.394,0.630,0.442,0.717,0.473,0.758,0.752,0.279,0.750,0.394,0.230,0.285,0.291,0.739,0.006,0.772,0.279,0.285,0.745,0.723,0.358,0.279,0.442,0.720,0.436,0.753,0.236,0.720,0.467,0.473,0.503,0.370,0.473,0.755,0.461,0.527,0.723,0.291,0.473,0.725,0.527,0.473,0.630,0.248,0.636,0.358,0.394,0.345,0.714,0.533,0.291,0.545,0.527,0.291,0.753,0.723,0.624,0.717,0.018,0.766,0.539,0.018,0.745,0.521,0.455,0.024,0.352,0.285,0.749,0.747,0.515,0.736,0.024,0.255,0.725,0.448,0.533,0.752,0.303,0.285,0.780,0.303,0.467,0.473,0.303,0.358,0.303,0.473,0.461,0.720,0.515,0.394,0.394,0.539,0.714,0.345,0.717,0.491,0.753,0.714,0.370,0.552,0.255,0.467,0.394,0.285,0.224,0.491,0.497,0.725,0.755,0.291,0.224,0.747,0.448,0.739,0.473,0.558,0.279,0.212,0.727,0.750,0.755,0.339,0.309,0.753,0.747,0.242,0.255,0.000,0.291,0.364,0.753,0.766,0.725,0.723,0.630,0.394,0.722,0.730,0.473,0.436,0.539,0.515,0.370,0.755,0.618,0.261,0.709,0.533,0.509,0.224,0.242,0.717,0.630,0.758,0.734,0.448,0.230
7PNB_Y_6_MAN;0.775,0.793,0.461,0.467,0.799,0.736,0.775,0.418,0.576,0.739,0.791,0.455,0.539,0.194,0.279,0.121,0.291,0.467,0.796,0.725,0.042,0.564,0.750,0.576,0.273,0.133,0.791,0.424,0.741,0.753,0.747,0.714,0.741,0.739,0.750,0.467,0.394,0.709,0.218,0.744,0.242,0.133,0.772,0.279,0.315,0.067,0.630,0.799,0.736,0.745,0.321,0.775,0.206,0.467,0.728,0.442,0.145,0.291,0.461,0.753,0.769,0.273,0.303,0.772,0.753,0.747,0.760,0.533,0.731,0.467,0.772,0.473,0.717,0.709,0.763,0.630,0.582,0.297,0.394,0.139,0.255,0.742,0.285,0.720,0.206,0.048,0.200,0.176,0.760,0.303,0.485,0.576,0.224,0.742,0.273,0.382,0.618,0.473,0.706,0.430,0.755,0.793,0.018,0.747,0.388,0.188,0.048,0.115,0.734,0.285,0.769,0.170,0.139,0.745,0.720,0.297,0.145,0.461,0.728,0.467,0.753,0.176,0.720,0.467,0.418,0.412,0.285,0.424,0.742,0.412,0.442,0.717,0.224,0.418,0.723,0.527,0.461,0.624,0.188,0.630,0.303,0.388,0.297,0.712,0.533,0.030,0.570,0.539,0.285,0.739,0.714,0.624,0.720,0.273,0.772,0.533,0.273,0.742,0.436,0.461,0.267,0.291,0.200,0.791,0.739,0.436,0.772,0.267,0.206,0.714,0.479,0.521,0.796,0.279,0.212,0.780,0.279,0.467,0.424,0.048,0.285,0.291,0.418,0.467,0.717,0.442,0.388,0.394,0.539,0.712,0.309,0.714,0.461,0.734,0.714,0.285,0.594,0.218,0.448,0.388,0.030,0.200,0.455,0.473,0.731,0.755,0.218,0.194,0.750,0.467,0.766,0.418,0.582,0.145,0.200,0.763,0.739,0.742,0.315,0.285,0.745,0.742,0.200,0.212,0.291,0.000,0.291,0.734,0.747,0.717,0.720,0.630,0.394,0.749,0.769,0.473,0.467,0.570,0.436,0.297,0.742,0.618,0.176,0.706,0.527,0.424,0.194,0.194,0.725,0.618,0.755,0.712,0.467,0.194
7PNB_g_4_BGC;0.797,0.807,0.479,0.533,0.810,0.747,0.794,0.418,0.545,0.747,0.804,0.467,0.527,0.327,0.333,0.309,0.333,0.388,0.804,0.736,0.285,0.539,0.750,0.545,0.352,0.303,0.804,0.376,0.752,0.742,0.739,0.725,0.744,0.747,0.750,0.473,0.315,0.714,0.291,0.758,0.321,0.303,0.791,0.358,0.152,0.291,0.636,0.813,0.742,0.755,0.152,0.783,0.291,0.388,0.731,0.448,0.285,0.018,0.527,0.736,0.788,0.327,0.139,0.791,0.753,0.753,0.766,0.521,0.725,0.491,0.791,0.485,0.725,0.720,0.769,0.636,0.558,0.352,0.315,0.291,0.339,0.750,0.012,0.736,0.321,0.285,0.291,0.309,0.763,0.024,0.545,0.558,0.285,0.750,0.018,0.315,0.624,0.539,0.714,0.364,0.742,0.804,0.279,0.742,0.321,0.321,0.285,0.303,0.745,0.358,0.788,0.279,0.285,0.758,0.734,0.145,0.291,0.533,0.723,0.527,0.739,0.303,0.734,0.394,0.364,0.430,0.006,0.364,0.750,0.370,0.442,0.720,0.297,0.364,0.717,0.515,0.382,0.630,0.291,0.636,0.158,0.315,0.139,0.725,0.521,0.303,0.552,0.527,0.352,0.747,0.723,0.630,0.720,0.364,0.791,0.521,0.364,0.736,0.430,0.400,0.345,0.145,0.297,0.807,0.739,0.442,0.777,0.352,0.303,0.725,0.539,0.509,0.804,0.327,0.285,0.799,0.339,0.394,0.364,0.285,0.006,0.333,0.364,0.394,0.731,0.442,0.315,0.315,0.527,0.720,0.152,0.728,0.479,0.747,0.728,0.006,0.576,0.273,0.461,0.321,0.291,0.327,0.479,0.491,0.723,0.745,0.309,0.321,0.736,0.533,0.769,0.358,0.558,0.291,0.327,0.766,0.739,0.750,0.145,0.333,0.753,0.758,0.285,0.285,0.364,0.291,0.000,0.747,0.725,0.734,0.720,0.636,0.315,0.749,0.774,0.394,0.527,0.539,0.442,0.006,0.750,0.624,0.285,0.723,0.515,0.424,0.321,0.285,0.723,0.624,0.750,0.725,0.406,0.327
7PNB_r_2_NAG;0.588,0.635,0.772,0.764,0.635,0.484,0.599,0.786,0.821,0.030,0.635,0.772,0.750,0.747,0.736,0.734,0.736,0.753,0.635,0.475,0.731,0.813,0.508,0.819,0.747,0.736,0.635,0.772,0.481,0.497,0.497,0.302,0.492,0.033,0.505,0.775,0.736,0.349,0.739,0.478,0.731,0.736,0.593,0.750,0.747,0.731,0.832,0.640,0.484,0.497,0.745,0.569,0.736,0.753,0.302,0.786,0.734,0.753,0.764,0.505,0.582,0.736,0.750,0.593,0.505,0.508,0.552,0.747,0.475,0.775,0.588,0.772,0.330,0.332,0.560,0.832,0.827,0.739,0.736,0.736,0.747,0.495,0.750,0.404,0.745,0.734,0.736,0.745,0.547,0.750,0.766,0.827,0.742,0.027,0.745,0.731,0.824,0.764,0.319,0.772,0.508,0.635,0.731,0.503,0.736,0.745,0.736,0.742,0.470,0.750,0.591,0.734,0.736,0.514,0.393,0.750,0.734,0.764,0.489,0.761,0.500,0.736,0.396,0.753,0.769,0.786,0.747,0.769,0.025,0.772,0.791,0.481,0.734,0.769,0.489,0.750,0.750,0.830,0.734,0.832,0.750,0.736,0.750,0.382,0.747,0.734,0.819,0.753,0.739,0.033,0.319,0.827,0.492,0.750,0.582,0.747,0.750,0.481,0.786,0.753,0.745,0.753,0.734,0.635,0.484,0.791,0.569,0.750,0.734,0.321,0.764,0.747,0.635,0.736,0.734,0.596,0.734,0.753,0.769,0.731,0.745,0.736,0.772,0.755,0.404,0.791,0.736,0.736,0.750,0.341,0.745,0.376,0.769,0.011,0.387,0.747,0.827,0.734,0.766,0.736,0.731,0.745,0.772,0.775,0.484,0.505,0.734,0.745,0.519,0.764,0.577,0.766,0.827,0.734,0.750,0.560,0.481,0.030,0.747,0.736,0.522,0.492,0.731,0.734,0.753,0.734,0.747,0.000,0.516,0.407,0.489,0.830,0.736,0.558,0.560,0.753,0.764,0.816,0.794,0.750,0.030,0.830,0.736,0.390,0.745,0.786,0.742,0.731,0.495,0.824,0.503,0.481,0.755,0.739
7E6X_E_2_NAG;0.602,0.581,0.782,0.760,0.587,0.497,0.596,0.749,0.793,0.527,0.581,0.785,0.752,0.752,0.716,0.744,0.719,0.774,0.579,0.503,0.741,0.799,0.566,0.793,0.760,0.747,0.581,0.760,0.510,0.533,0.541,0.538,0.510,0.519,0.533,0.791,0.752,0.527,0.741,0.515,0.738,0.744,0.591,0.763,0.738,0.744,0.818,0.590,0.508,0.541,0.741,0.593,0.738,0.774,0.538,0.755,0.738,0.730,0.763,0.541,0.599,0.719,0.741,0.591,0.574,0.571,0.579,0.755,0.486,0.782,0.588,0.782,0.530,0.530,0.587,0.818,0.796,0.722,0.752,0.741,0.755,0.544,0.727,0.514,0.755,0.744,0.744,0.755,0.576,0.727,0.766,0.796,0.744,0.530,0.727,0.749,0.810,0.763,0.525,0.763,0.549,0.579,0.747,0.547,0.752,0.749,0.744,0.747,0.505,0.766,0.591,0.741,0.741,0.591,0.516,0.744,0.741,0.763,0.503,0.760,0.541,0.747,0.522,0.771,0.755,0.755,0.725,0.763,0.527,0.763,0.760,0.478,0.741,0.755,0.495,0.752,0.771,0.815,0.749,0.818,0.741,0.755,0.744,0.522,0.758,0.749,0.796,0.760,0.716,0.530,0.541,0.813,0.503,0.763,0.602,0.752,0.763,0.560,0.752,0.777,0.758,0.744,0.741,0.579,0.492,0.758,0.596,0.760,0.752,0.536,0.760,0.755,0.581,0.719,0.736,0.602,0.716,0.771,0.763,0.741,0.727,0.719,0.771,0.777,0.508,0.760,0.755,0.752,0.755,0.527,0.738,0.514,0.780,0.522,0.516,0.725,0.802,0.744,0.782,0.752,0.741,0.755,0.782,0.785,0.489,0.552,0.747,0.747,0.527,0.760,0.593,0.755,0.796,0.741,0.755,0.590,0.505,0.527,0.738,0.719,0.577,0.547,0.747,0.749,0.766,0.747,0.725,0.516,0.000,0.514,0.503,0.815,0.752,0.570,0.598,0.777,0.760,0.791,0.760,0.727,0.530,0.810,0.747,0.514,0.755,0.749,0.752,0.749,0.497,0.810,0.549,0.475,0.780,0.744
7PNB_a_2_NAG;0.560,0.599,0.788,0.750,0.604,0.448,0.563,0.755,0.808,0.409,0.599,0.788,0.772,0.706,0.720,0.709,0.723,0.775,0.596,0.475,0.720,0.808,0.492,0.808,0.720,0.712,0.599,0.780,0.467,0.459,0.459,0.319,0.478,0.407,0.505,0.786,0.706,0.335,0.712,0.473,0.701,0.706,0.558,0.723,0.764,0.720,0.841,0.604,0.473,0.470,0.761,0.566,0.709,0.775,0.324,0.772,0.706,0.739,0.745,0.451,0.552,0.720,0.758,0.558,0.481,0.481,0.569,0.775,0.484,0.783,0.552,0.786,0.324,0.330,0.555,0.841,0.808,0.720,0.706,0.709,0.712,0.484,0.736,0.036,0.701,0.714,0.709,0.712,0.552,0.739,0.758,0.805,0.712,0.409,0.736,0.709,0.835,0.753,0.335,0.775,0.467,0.596,0.709,0.467,0.709,0.706,0.714,0.712,0.464,0.723,0.552,0.742,0.703,0.497,0.047,0.758,0.706,0.750,0.495,0.745,0.453,0.739,0.060,0.775,0.777,0.758,0.736,0.780,0.412,0.780,0.772,0.486,0.703,0.777,0.500,0.764,0.775,0.838,0.742,0.841,0.764,0.706,0.755,0.060,0.775,0.712,0.808,0.769,0.714,0.407,0.332,0.838,0.503,0.725,0.555,0.769,0.725,0.467,0.769,0.780,0.717,0.758,0.706,0.602,0.456,0.769,0.574,0.717,0.739,0.332,0.753,0.769,0.596,0.720,0.703,0.569,0.717,0.775,0.780,0.720,0.731,0.723,0.777,0.777,0.041,0.769,0.706,0.706,0.772,0.332,0.761,0.063,0.786,0.407,0.055,0.736,0.810,0.742,0.783,0.709,0.706,0.703,0.788,0.786,0.492,0.462,0.703,0.703,0.453,0.750,0.555,0.775,0.808,0.706,0.703,0.566,0.459,0.412,0.761,0.723,0.495,0.473,0.736,0.742,0.725,0.717,0.734,0.407,0.514,0.000,0.497,0.841,0.706,0.552,0.566,0.772,0.750,0.805,0.772,0.736,0.409,0.841,0.739,0.058,0.772,0.758,0.703,0.734,0.497,0.835,0.462,0.478,0.783,0.706
7PNB_s_1_NAG;0.569,0.646,0.758,0.783,0.643,0.467,0.577,0.750,0.819,0.495,0.640,0.769,0.772,0.723,0.712,0.723,0.717,0.766,0.643,0.453,0.725,0.805,0.401,0.813,0.717,0.723,0.640,0.764,0.467,0.508,0.522,0.514,0.473,0.500,0.398,0.758,0.736,0.505,0.720,0.440,0.723,0.720,0.563,0.720,0.712,0.723,0.832,0.643,0.456,0.385,0.712,0.511,0.717,0.766,0.516,0.761,0.720,0.725,0.780,0.503,0.571,0.714,0.714,0.569,0.404,0.393,0.525,0.769,0.124,0.761,0.566,0.764,0.508,0.497,0.503,0.832,0.824,0.717,0.736,0.720,0.714,0.382,0.723,0.495,0.723,0.720,0.723,0.712,0.500,0.728,0.788,0.821,0.720,0.500,0.717,0.731,0.824,0.786,0.486,0.764,0.511,0.643,0.723,0.505,0.736,0.720,0.717,0.717,0.440,0.723,0.566,0.712,0.717,0.423,0.484,0.712,0.723,0.786,0.063,0.777,0.503,0.717,0.492,0.766,0.761,0.755,0.720,0.761,0.497,0.758,0.761,0.165,0.720,0.761,0.036,0.766,0.764,0.830,0.720,0.832,0.712,0.739,0.709,0.473,0.766,0.725,0.816,0.766,0.717,0.492,0.503,0.827,0.052,0.720,0.566,0.764,0.720,0.390,0.761,0.766,0.714,0.709,0.714,0.640,0.464,0.750,0.519,0.720,0.725,0.500,0.786,0.766,0.637,0.714,0.717,0.580,0.709,0.766,0.761,0.720,0.717,0.717,0.766,0.769,0.497,0.758,0.739,0.736,0.766,0.500,0.709,0.470,0.758,0.492,0.486,0.720,0.819,0.725,0.761,0.736,0.720,0.725,0.764,0.758,0.077,0.514,0.725,0.720,0.511,0.783,0.503,0.761,0.821,0.723,0.731,0.527,0.473,0.503,0.709,0.717,0.412,0.387,0.723,0.725,0.723,0.720,0.720,0.489,0.503,0.497,0.000,0.830,0.736,0.522,0.530,0.766,0.783,0.810,0.755,0.723,0.503,0.824,0.720,0.473,0.761,0.750,0.720,0.725,0.052,0.824,0.505,0.124,0.769,0.723
7PNB_e_3_YZT;0.824,0.807,0.618,0.594,0.810,0.835,0.821,0.691,0.618,0.827,0.802,0.618,0.630,0.624,0.606,0.624,0.606,0.582,0.804,0.838,0.618,0.612,0.821,0.612,0.624,0.624,0.802,0.552,0.840,0.827,0.830,0.835,0.837,0.824,0.824,0.612,0.606,0.838,0.624,0.854,0.606,0.618,0.819,0.630,0.679,0.630,0.024,0.810,0.835,0.819,0.673,0.860,0.618,0.582,0.838,0.691,0.606,0.636,0.600,0.827,0.824,0.606,0.685,0.819,0.824,0.821,0.851,0.630,0.830,0.618,0.821,0.612,0.832,0.838,0.851,0.012,0.618,0.588,0.606,0.624,0.630,0.821,0.642,0.843,0.612,0.624,0.624,0.630,0.854,0.624,0.606,0.624,0.624,0.827,0.648,0.606,0.018,0.594,0.835,0.570,0.830,0.804,0.624,0.827,0.606,0.630,0.624,0.630,0.846,0.630,0.816,0.600,0.612,0.808,0.843,0.685,0.612,0.594,0.830,0.600,0.830,0.582,0.841,0.576,0.570,0.685,0.642,0.564,0.827,0.558,0.691,0.830,0.618,0.564,0.830,0.630,0.588,0.024,0.594,0.024,0.685,0.612,0.679,0.841,0.624,0.630,0.618,0.630,0.594,0.827,0.835,0.012,0.830,0.630,0.821,0.624,0.630,0.816,0.691,0.594,0.630,0.685,0.624,0.807,0.835,0.697,0.863,0.624,0.588,0.835,0.600,0.630,0.804,0.606,0.618,0.827,0.600,0.576,0.564,0.618,0.642,0.606,0.570,0.588,0.841,0.685,0.612,0.606,0.624,0.827,0.679,0.841,0.612,0.830,0.838,0.642,0.630,0.594,0.594,0.606,0.630,0.624,0.618,0.618,0.832,0.830,0.612,0.624,0.824,0.594,0.860,0.558,0.624,0.612,0.612,0.854,0.838,0.827,0.673,0.606,0.819,0.819,0.588,0.582,0.630,0.630,0.636,0.830,0.815,0.841,0.830,0.000,0.606,0.851,0.854,0.588,0.594,0.606,0.697,0.630,0.827,0.024,0.600,0.835,0.624,0.691,0.618,0.588,0.830,0.024,0.830,0.827,0.582,0.618
7PNB_X_4_BGC;0.777,0.769,0.485,0.485,0.774,0.745,0.780,0.479,0.503,0.736,0.766,0.509,0.436,0.352,0.345,0.370,0.352,0.455,0.769,0.753,0.388,0.497,0.747,0.503,0.382,0.382,0.766,0.461,0.758,0.714,0.714,0.717,0.749,0.736,0.739,0.497,0.000,0.714,0.358,0.760,0.327,0.370,0.777,0.388,0.406,0.388,0.606,0.771,0.753,0.755,0.400,0.777,0.345,0.455,0.723,0.509,0.352,0.333,0.479,0.706,0.775,0.339,0.400,0.777,0.747,0.753,0.769,0.430,0.734,0.509,0.772,0.485,0.709,0.709,0.763,0.606,0.515,0.339,0.000,0.376,0.376,0.745,0.327,0.709,0.345,0.376,0.358,0.376,0.766,0.339,0.497,0.515,0.352,0.739,0.321,0.012,0.594,0.491,0.712,0.448,0.714,0.766,0.376,0.709,0.006,0.358,0.382,0.388,0.747,0.388,0.775,0.406,0.364,0.739,0.709,0.400,0.358,0.485,0.731,0.485,0.709,0.388,0.703,0.461,0.461,0.479,0.321,0.455,0.739,0.455,0.509,0.739,0.339,0.461,0.734,0.430,0.461,0.600,0.394,0.606,0.406,0.006,0.394,0.701,0.436,0.400,0.503,0.436,0.339,0.736,0.717,0.600,0.731,0.394,0.780,0.430,0.394,0.742,0.497,0.467,0.376,0.400,0.339,0.771,0.742,0.503,0.775,0.388,0.394,0.706,0.485,0.424,0.771,0.339,0.339,0.775,0.333,0.461,0.455,0.382,0.309,0.352,0.455,0.461,0.706,0.503,0.006,0.000,0.436,0.706,0.400,0.703,0.485,0.736,0.701,0.321,0.527,0.376,0.491,0.006,0.388,0.352,0.485,0.497,0.731,0.714,0.339,0.358,0.703,0.485,0.766,0.455,0.509,0.358,0.352,0.763,0.753,0.739,0.400,0.345,0.745,0.753,0.376,0.382,0.394,0.394,0.315,0.736,0.752,0.706,0.736,0.606,0.000,0.755,0.769,0.461,0.485,0.497,0.509,0.321,0.739,0.606,0.406,0.703,0.424,0.485,0.358,0.382,0.731,0.594,0.714,0.736,0.467,0.370
7PNB_v_1_NAG;0.593,0.606,0.796,0.780,0.601,0.571,0.607,0.733,0.788,0.558,0.601,0.793,0.736,0.736,0.744,0.752,0.744,0.782,0.603,0.566,0.752,0.785,0.522,0.785,0.722,0.749,0.601,0.793,0.556,0.511,0.516,0.530,0.562,0.560,0.582,0.788,0.755,0.522,0.744,0.559,0.738,0.747,0.602,0.722,0.752,0.760,0.848,0.595,0.571,0.519,0.752,0.154,0.744,0.782,0.519,0.725,0.738,0.755,0.774,0.514,0.610,0.747,0.755,0.607,0.522,0.519,0.129,0.736,0.516,0.788,0.599,0.793,0.511,0.527,0.124,0.848,0.793,0.741,0.755,0.747,0.725,0.514,0.755,0.549,0.733,0.760,0.749,0.738,0.146,0.749,0.788,0.793,0.747,0.563,0.749,0.755,0.851,0.780,0.541,0.802,0.516,0.603,0.744,0.522,0.752,0.736,0.758,0.752,0.552,0.719,0.604,0.747,0.744,0.525,0.547,0.755,0.738,0.777,0.519,0.777,0.519,0.744,0.555,0.782,0.793,0.727,0.752,0.799,0.560,0.802,0.727,0.530,0.741,0.793,0.519,0.736,0.782,0.848,0.744,0.848,0.755,0.758,0.752,0.549,0.733,0.744,0.788,0.736,0.744,0.555,0.522,0.851,0.516,0.722,0.604,0.733,0.722,0.505,0.725,0.774,0.722,0.755,0.744,0.598,0.566,0.730,0.173,0.725,0.749,0.516,0.785,0.738,0.598,0.744,0.741,0.607,0.741,0.782,0.799,0.755,0.749,0.744,0.802,0.777,0.544,0.722,0.758,0.755,0.736,0.522,0.749,0.544,0.791,0.560,0.552,0.752,0.796,0.752,0.788,0.752,0.744,0.736,0.793,0.796,0.519,0.519,0.744,0.736,0.508,0.780,0.179,0.796,0.793,0.738,0.738,0.113,0.560,0.563,0.749,0.741,0.525,0.514,0.749,0.752,0.722,0.749,0.749,0.558,0.570,0.552,0.522,0.851,0.755,0.000,0.127,0.782,0.777,0.782,0.725,0.749,0.566,0.854,0.747,0.549,0.733,0.736,0.733,0.747,0.519,0.851,0.522,0.522,0.774,0.730
7PNB_R_1_NAG;0.602,0.623,0.810,0.782,0.617,0.577,0.615,0.766,0.791,0.566,0.617,0.813,0.760,0.755,0.758,0.771,0.763,0.796,0.620,0.571,0.769,0.793,0.541,0.788,0.733,0.769,0.617,0.804,0.567,0.508,0.522,0.538,0.573,0.569,0.599,0.804,0.769,0.533,0.766,0.559,0.758,0.769,0.610,0.733,0.774,0.777,0.851,0.609,0.574,0.533,0.774,0.066,0.766,0.796,0.522,0.744,0.763,0.780,0.780,0.516,0.610,0.763,0.774,0.613,0.541,0.538,0.091,0.760,0.530,0.807,0.610,0.807,0.522,0.536,0.063,0.851,0.796,0.752,0.769,0.769,0.738,0.530,0.780,0.566,0.752,0.777,0.771,0.755,0.107,0.777,0.785,0.796,0.769,0.569,0.774,0.769,0.854,0.785,0.552,0.807,0.519,0.620,0.766,0.522,0.766,0.758,0.774,0.771,0.560,0.730,0.615,0.769,0.766,0.547,0.558,0.777,0.760,0.782,0.533,0.782,0.519,0.760,0.574,0.793,0.804,0.760,0.777,0.802,0.566,0.807,0.749,0.549,0.763,0.804,0.536,0.758,0.799,0.851,0.760,0.851,0.777,0.771,0.774,0.563,0.758,0.766,0.793,0.755,0.755,0.560,0.525,0.854,0.527,0.733,0.610,0.758,0.733,0.530,0.749,0.791,0.733,0.777,0.766,0.614,0.574,0.758,0.118,0.736,0.763,0.527,0.785,0.760,0.614,0.760,0.763,0.615,0.758,0.793,0.802,0.771,0.774,0.763,0.807,0.793,0.555,0.749,0.771,0.769,0.758,0.530,0.771,0.555,0.807,0.563,0.566,0.777,0.799,0.763,0.804,0.766,0.763,0.755,0.807,0.810,0.538,0.522,0.763,0.755,0.511,0.782,0.135,0.807,0.796,0.760,0.758,0.047,0.569,0.571,0.771,0.760,0.544,0.525,0.760,0.766,0.730,0.769,0.774,0.560,0.598,0.566,0.530,0.854,0.769,0.127,0.000,0.799,0.782,0.791,0.752,0.774,0.571,0.857,0.766,0.555,0.758,0.769,0.755,0.758,0.527,0.854,0.522,0.536,0.788,0.752
7PNB_X_3_YZT;0.799,0.832,0.285,0.582,0.837,0.761,0.799,0.570,0.406,0.753,0.832,0.261,0.533,0.455,0.497,0.497,0.497,0.012,0.829,0.755,0.473,0.394,0.780,0.400,0.461,0.497,0.832,0.218,0.760,0.788,0.794,0.764,0.766,0.753,0.775,0.273,0.461,0.772,0.485,0.769,0.473,0.497,0.794,0.467,0.394,0.479,0.600,0.840,0.755,0.780,0.388,0.799,0.479,0.006,0.761,0.582,0.479,0.412,0.582,0.783,0.794,0.497,0.388,0.797,0.780,0.780,0.788,0.527,0.764,0.279,0.797,0.267,0.766,0.772,0.793,0.594,0.412,0.485,0.461,0.497,0.448,0.780,0.406,0.775,0.448,0.479,0.485,0.473,0.791,0.406,0.594,0.412,0.485,0.755,0.388,0.461,0.582,0.594,0.766,0.242,0.791,0.829,0.467,0.788,0.455,0.461,0.479,0.497,0.755,0.467,0.794,0.467,0.491,0.783,0.772,0.388,0.479,0.588,0.764,0.582,0.788,0.461,0.777,0.012,0.212,0.570,0.400,0.212,0.755,0.218,0.582,0.758,0.479,0.218,0.761,0.527,0.018,0.588,0.461,0.600,0.394,0.455,0.382,0.764,0.533,0.485,0.406,0.545,0.485,0.753,0.766,0.588,0.764,0.467,0.794,0.539,0.467,0.769,0.570,0.030,0.455,0.388,0.473,0.835,0.761,0.588,0.797,0.461,0.461,0.764,0.588,0.527,0.832,0.497,0.479,0.799,0.491,0.012,0.230,0.473,0.388,0.497,0.236,0.030,0.775,0.576,0.455,0.461,0.545,0.769,0.388,0.766,0.273,0.753,0.772,0.400,0.406,0.461,0.261,0.455,0.473,0.455,0.291,0.291,0.764,0.794,0.473,0.467,0.786,0.582,0.799,0.224,0.412,0.479,0.461,0.791,0.758,0.755,0.388,0.497,0.783,0.783,0.461,0.467,0.473,0.473,0.394,0.753,0.777,0.772,0.766,0.588,0.461,0.782,0.799,0.000,0.582,0.394,0.588,0.400,0.755,0.594,0.467,0.761,0.533,0.570,0.455,0.461,0.766,0.582,0.794,0.761,0.024,0.461
7PNB_y_4_MAN;0.750,0.741,0.600,0.042,0.747,0.772,0.758,0.576,0.564,0.761,0.741,0.600,0.485,0.479,0.479,0.485,0.491,0.576,0.741,0.786,0.461,0.570,0.734,0.558,0.430,0.491,0.741,0.570,0.785,0.758,0.758,0.764,0.782,0.761,0.772,0.594,0.485,0.775,0.491,0.791,0.479,0.485,0.747,0.430,0.539,0.473,0.600,0.747,0.783,0.739,0.533,0.780,0.485,0.576,0.758,0.582,0.467,0.533,0.030,0.766,0.750,0.485,0.552,0.750,0.736,0.739,0.791,0.491,0.786,0.594,0.750,0.594,0.764,0.772,0.777,0.600,0.564,0.461,0.485,0.491,0.442,0.734,0.533,0.755,0.473,0.473,0.485,0.491,0.785,0.527,0.055,0.564,0.491,0.764,0.527,0.485,0.594,0.018,0.769,0.564,0.772,0.741,0.455,0.764,0.479,0.485,0.467,0.491,0.777,0.430,0.753,0.491,0.479,0.739,0.755,0.552,0.473,0.036,0.783,0.012,0.764,0.467,0.758,0.576,0.570,0.570,0.533,0.552,0.764,0.576,0.594,0.780,0.485,0.570,0.780,0.473,0.582,0.594,0.473,0.600,0.545,0.491,0.545,0.755,0.491,0.461,0.558,0.473,0.473,0.761,0.769,0.588,0.783,0.430,0.755,0.479,0.430,0.742,0.588,0.564,0.436,0.552,0.485,0.741,0.786,0.600,0.783,0.436,0.473,0.761,0.048,0.485,0.744,0.485,0.485,0.750,0.473,0.576,0.552,0.467,0.527,0.491,0.558,0.570,0.755,0.588,0.491,0.485,0.473,0.761,0.539,0.753,0.588,0.764,0.750,0.533,0.564,0.467,0.582,0.479,0.455,0.479,0.600,0.600,0.786,0.772,0.479,0.485,0.758,0.048,0.775,0.570,0.558,0.473,0.467,0.777,0.783,0.764,0.533,0.491,0.739,0.731,0.467,0.467,0.436,0.467,0.527,0.764,0.760,0.750,0.783,0.594,0.485,0.777,0.782,0.582,0.000,0.564,0.600,0.527,0.764,0.594,0.485,0.753,0.485,0.576,0.479,0.467,0.783,0.594,0.761,0.775,0.558,0.485
7PNB_a_3_YZT;0.808,0.804,0.400,0.570,0.810,0.791,0.805,0.570,0.024,0.816,0.804,0.418,0.509,0.552,0.539,0.576,0.545,0.394,0.804,0.797,0.588,0.030,0.788,0.012,0.539,0.582,0.804,0.424,0.802,0.802,0.810,0.799,0.788,0.813,0.805,0.400,0.497,0.802,0.552,0.807,0.527,0.576,0.805,0.539,0.576,0.588,0.606,0.807,0.791,0.794,0.570,0.797,0.552,0.388,0.797,0.576,0.558,0.552,0.564,0.805,0.813,0.545,0.576,0.805,0.783,0.786,0.793,0.515,0.808,0.418,0.805,0.400,0.794,0.799,0.791,0.606,0.048,0.521,0.497,0.582,0.539,0.788,0.552,0.805,0.552,0.570,0.558,0.564,0.785,0.545,0.588,0.048,0.552,0.816,0.545,0.503,0.618,0.576,0.805,0.436,0.805,0.802,0.564,0.808,0.491,0.558,0.576,0.588,0.791,0.539,0.805,0.576,0.570,0.788,0.802,0.576,0.564,0.570,0.808,0.564,0.805,0.564,0.805,0.388,0.424,0.564,0.545,0.430,0.816,0.448,0.564,0.802,0.545,0.424,0.808,0.503,0.400,0.600,0.570,0.606,0.576,0.503,0.570,0.799,0.521,0.558,0.030,0.509,0.527,0.816,0.797,0.606,0.805,0.539,0.816,0.509,0.539,0.783,0.570,0.388,0.545,0.576,0.558,0.807,0.786,0.558,0.799,0.539,0.570,0.799,0.582,0.515,0.807,0.539,0.552,0.813,0.533,0.388,0.436,0.594,0.545,0.545,0.436,0.382,0.802,0.558,0.503,0.497,0.509,0.794,0.570,0.799,0.400,0.816,0.799,0.545,0.079,0.558,0.406,0.491,0.545,0.552,0.400,0.418,0.808,0.808,0.539,0.558,0.794,0.570,0.802,0.430,0.048,0.564,0.539,0.788,0.791,0.816,0.570,0.539,0.780,0.791,0.558,0.564,0.539,0.570,0.539,0.816,0.791,0.805,0.810,0.606,0.497,0.782,0.791,0.394,0.564,0.000,0.558,0.539,0.816,0.612,0.576,0.799,0.515,0.570,0.558,0.552,0.808,0.612,0.808,0.802,0.376,0.558
7PNB_a_5_MAN;0.810,0.796,0.564,0.606,0.796,0.758,0.810,0.067,0.558,0.794,0.793,0.564,0.570,0.461,0.485,0.448,0.485,0.582,0.799,0.761,0.455,0.564,0.764,0.564,0.509,0.436,0.793,0.552,0.774,0.780,0.780,0.777,0.769,0.794,0.769,0.564,0.509,0.772,0.448,0.791,0.467,0.430,0.810,0.515,0.442,0.448,0.691,0.796,0.758,0.766,0.436,0.750,0.448,0.582,0.786,0.036,0.436,0.448,0.600,0.772,0.813,0.491,0.424,0.810,0.761,0.769,0.752,0.570,0.761,0.570,0.808,0.582,0.772,0.772,0.741,0.691,0.558,0.503,0.509,0.430,0.491,0.769,0.448,0.769,0.455,0.430,0.442,0.430,0.733,0.442,0.624,0.564,0.461,0.799,0.436,0.503,0.691,0.612,0.772,0.564,0.772,0.796,0.430,0.772,0.503,0.455,0.436,0.436,0.772,0.515,0.808,0.442,0.424,0.783,0.769,0.424,0.442,0.606,0.761,0.600,0.769,0.461,0.769,0.576,0.545,0.055,0.442,0.564,0.797,0.558,0.018,0.747,0.448,0.545,0.755,0.576,0.576,0.691,0.467,0.691,0.436,0.509,0.418,0.769,0.564,0.424,0.576,0.576,0.485,0.797,0.777,0.697,0.755,0.509,0.813,0.570,0.509,0.761,0.055,0.582,0.503,0.424,0.448,0.793,0.764,0.012,0.753,0.503,0.473,0.775,0.618,0.570,0.796,0.485,0.448,0.813,0.485,0.576,0.564,0.448,0.442,0.485,0.564,0.582,0.769,0.018,0.509,0.509,0.576,0.777,0.436,0.766,0.570,0.794,0.766,0.442,0.588,0.473,0.576,0.503,0.424,0.461,0.558,0.570,0.755,0.775,0.455,0.448,0.769,0.606,0.747,0.552,0.564,0.442,0.461,0.744,0.758,0.797,0.436,0.479,0.758,0.769,0.473,0.467,0.515,0.436,0.442,0.794,0.760,0.772,0.755,0.697,0.509,0.725,0.752,0.588,0.600,0.558,0.000,0.442,0.799,0.697,0.455,0.766,0.570,0.073,0.448,0.467,0.758,0.691,0.772,0.753,0.588,0.448
7PNB_R_4_BGC;0.797,0.804,0.485,0.533,0.807,0.750,0.794,0.418,0.545,0.750,0.802,0.473,0.521,0.333,0.339,0.315,0.339,0.394,0.802,0.739,0.291,0.539,0.750,0.545,0.358,0.309,0.802,0.382,0.755,0.739,0.736,0.728,0.747,0.750,0.753,0.479,0.321,0.717,0.297,0.760,0.327,0.309,0.791,0.364,0.158,0.297,0.630,0.810,0.745,0.755,0.158,0.783,0.297,0.394,0.734,0.448,0.291,0.012,0.527,0.734,0.791,0.333,0.145,0.791,0.753,0.753,0.766,0.515,0.728,0.497,0.791,0.491,0.728,0.723,0.769,0.630,0.558,0.358,0.321,0.297,0.345,0.750,0.018,0.739,0.327,0.291,0.297,0.315,0.763,0.018,0.545,0.558,0.291,0.753,0.024,0.321,0.618,0.539,0.717,0.370,0.739,0.802,0.285,0.739,0.327,0.327,0.291,0.309,0.747,0.364,0.788,0.285,0.291,0.761,0.736,0.152,0.297,0.533,0.725,0.527,0.736,0.309,0.736,0.400,0.370,0.430,0.012,0.370,0.753,0.376,0.442,0.723,0.303,0.370,0.720,0.509,0.388,0.624,0.297,0.630,0.164,0.321,0.145,0.728,0.515,0.309,0.552,0.521,0.358,0.750,0.725,0.624,0.723,0.370,0.794,0.515,0.370,0.736,0.430,0.406,0.352,0.152,0.303,0.804,0.742,0.442,0.777,0.358,0.309,0.728,0.539,0.503,0.802,0.333,0.291,0.799,0.345,0.400,0.370,0.291,0.012,0.339,0.370,0.400,0.734,0.442,0.321,0.321,0.521,0.723,0.158,0.731,0.485,0.750,0.731,0.012,0.576,0.279,0.467,0.327,0.297,0.333,0.485,0.497,0.725,0.742,0.315,0.327,0.734,0.533,0.769,0.364,0.558,0.297,0.333,0.766,0.742,0.753,0.152,0.339,0.753,0.758,0.291,0.291,0.370,0.297,0.006,0.750,0.727,0.736,0.723,0.630,0.321,0.749,0.774,0.400,0.527,0.539,0.442,0.000,0.753,0.618,0.291,0.725,0.509,0.424,0.327,0.291,0.725,0.618,0.747,0.728,0.412,0.333
7PNB_N_2_NAG;0.585,0.637,0.775,0.764,0.637,0.489,0.596,0.794,0.821,0.016,0.637,0.775,0.750,0.750,0.745,0.736,0.745,0.755,0.637,0.486,0.739,0.813,0.519,0.819,0.750,0.739,0.637,0.777,0.484,0.500,0.500,0.299,0.497,0.014,0.514,0.777,0.739,0.346,0.742,0.492,0.736,0.739,0.588,0.753,0.750,0.739,0.830,0.643,0.489,0.503,0.747,0.580,0.739,0.755,0.305,0.794,0.736,0.755,0.764,0.508,0.585,0.745,0.753,0.588,0.516,0.514,0.560,0.747,0.484,0.777,0.582,0.775,0.330,0.330,0.571,0.830,0.827,0.745,0.739,0.739,0.750,0.500,0.753,0.412,0.747,0.742,0.739,0.750,0.560,0.753,0.766,0.827,0.745,0.008,0.747,0.739,0.827,0.764,0.321,0.777,0.511,0.637,0.739,0.505,0.739,0.750,0.745,0.745,0.481,0.753,0.585,0.739,0.739,0.516,0.404,0.753,0.736,0.764,0.500,0.761,0.503,0.739,0.404,0.755,0.775,0.791,0.750,0.775,0.011,0.777,0.797,0.497,0.736,0.775,0.503,0.750,0.755,0.832,0.739,0.830,0.753,0.739,0.753,0.390,0.747,0.742,0.819,0.753,0.747,0.014,0.332,0.830,0.503,0.753,0.580,0.747,0.753,0.486,0.791,0.753,0.747,0.755,0.736,0.637,0.489,0.797,0.577,0.753,0.736,0.321,0.764,0.747,0.637,0.745,0.736,0.593,0.742,0.755,0.775,0.739,0.747,0.745,0.777,0.755,0.412,0.797,0.739,0.739,0.750,0.349,0.747,0.387,0.772,0.030,0.401,0.750,0.827,0.736,0.769,0.739,0.739,0.747,0.775,0.777,0.495,0.508,0.736,0.750,0.522,0.764,0.577,0.772,0.827,0.736,0.753,0.571,0.492,0.005,0.750,0.745,0.533,0.500,0.734,0.736,0.755,0.742,0.750,0.030,0.530,0.409,0.503,0.827,0.739,0.566,0.571,0.755,0.764,0.816,0.799,0.753,0.000,0.832,0.742,0.393,0.745,0.794,0.747,0.734,0.505,0.827,0.505,0.495,0.755,0.745
7PNB_y_3_YZT;0.830,0.815,0.612,0.594,0.818,0.838,0.827,0.685,0.624,0.832,0.810,0.612,0.636,0.612,0.594,0.624,0.594,0.588,0.813,0.841,0.606,0.618,0.824,0.618,0.612,0.624,0.810,0.545,0.843,0.832,0.835,0.835,0.840,0.830,0.830,0.606,0.606,0.832,0.612,0.857,0.606,0.618,0.824,0.618,0.667,0.618,0.024,0.818,0.838,0.821,0.661,0.863,0.606,0.588,0.838,0.685,0.594,0.624,0.600,0.830,0.824,0.594,0.673,0.824,0.827,0.824,0.854,0.636,0.824,0.612,0.827,0.606,0.832,0.832,0.854,0.036,0.624,0.576,0.606,0.612,0.618,0.824,0.630,0.843,0.600,0.612,0.612,0.618,0.857,0.612,0.606,0.630,0.612,0.832,0.636,0.606,0.030,0.594,0.830,0.564,0.835,0.813,0.612,0.832,0.606,0.618,0.612,0.618,0.849,0.618,0.821,0.588,0.600,0.813,0.843,0.673,0.600,0.594,0.824,0.600,0.835,0.570,0.841,0.582,0.564,0.685,0.630,0.558,0.832,0.552,0.691,0.824,0.618,0.558,0.824,0.636,0.594,0.012,0.582,0.024,0.673,0.612,0.667,0.841,0.630,0.618,0.624,0.636,0.582,0.832,0.835,0.012,0.824,0.618,0.827,0.630,0.618,0.819,0.691,0.600,0.618,0.673,0.612,0.815,0.838,0.697,0.865,0.612,0.576,0.835,0.600,0.636,0.813,0.594,0.606,0.832,0.588,0.582,0.558,0.606,0.630,0.594,0.564,0.594,0.841,0.685,0.612,0.606,0.630,0.827,0.667,0.841,0.606,0.830,0.838,0.630,0.636,0.582,0.588,0.606,0.618,0.612,0.612,0.612,0.827,0.835,0.612,0.612,0.830,0.594,0.863,0.552,0.630,0.600,0.600,0.857,0.841,0.832,0.661,0.594,0.821,0.821,0.576,0.570,0.618,0.618,0.624,0.830,0.810,0.841,0.824,0.024,0.606,0.854,0.857,0.594,0.594,0.612,0.697,0.618,0.832,0.000,0.588,0.835,0.630,0.685,0.606,0.576,0.824,0.012,0.835,0.821,0.588,0.606
7PNB_M_6_MAN;0.780,0.788,0.467,0.473,0.793,0.742,0.783,0.448,0.582,0.739,0.785,0.473,0.521,0.170,0.255,0.194,0.248,0.461,0.791,0.725,0.170,0.570,0.766,0.582,0.242,0.200,0.785,0.455,0.741,0.747,0.747,0.725,0.749,0.739,0.742,0.479,0.406,0.709,0.236,0.741,0.273,0.200,0.777,0.248,0.273,0.164,0.600,0.791,0.739,0.758,0.267,0.761,0.236,0.461,0.731,0.455,0.164,0.297,0.479,0.745,0.775,0.242,0.261,0.780,0.766,0.766,0.758,0.515,0.717,0.485,0.780,0.473,0.725,0.712,0.752,0.600,0.588,0.261,0.406,0.188,0.236,0.755,0.291,0.742,0.182,0.152,0.224,0.170,0.752,0.285,0.491,0.582,0.242,0.742,0.279,0.394,0.588,0.491,0.714,0.467,0.750,0.788,0.182,0.742,0.400,0.164,0.164,0.188,0.736,0.255,0.777,0.030,0.182,0.750,0.739,0.255,0.170,0.479,0.717,0.485,0.747,0.036,0.739,0.467,0.455,0.442,0.291,0.455,0.742,0.448,0.467,0.720,0.248,0.455,0.720,0.509,0.455,0.594,0.012,0.600,0.261,0.400,0.255,0.731,0.515,0.182,0.582,0.521,0.255,0.739,0.714,0.594,0.720,0.242,0.777,0.521,0.242,0.750,0.461,0.455,0.236,0.261,0.230,0.785,0.745,0.455,0.761,0.236,0.036,0.725,0.485,0.509,0.791,0.248,0.242,0.786,0.255,0.467,0.455,0.176,0.279,0.248,0.467,0.461,0.736,0.455,0.400,0.406,0.527,0.712,0.279,0.734,0.467,0.736,0.734,0.291,0.600,0.061,0.461,0.400,0.182,0.176,0.473,0.479,0.723,0.750,0.242,0.176,0.747,0.473,0.761,0.455,0.588,0.170,0.176,0.760,0.745,0.742,0.273,0.255,0.764,0.755,0.042,0.042,0.261,0.176,0.285,0.736,0.747,0.739,0.720,0.600,0.406,0.747,0.766,0.467,0.485,0.576,0.455,0.291,0.742,0.588,0.000,0.725,0.515,0.448,0.170,0.036,0.717,0.588,0.750,0.714,0.461,0.170
7PNB_z_2_NAG;0.563,0.607,0.783,0.753,0.613,0.448,0.571,0.750,0.802,0.393,0.607,0.786,0.772,0.706,0.714,0.692,0.717,0.764,0.604,0.467,0.709,0.799,0.489,0.802,0.703,0.701,0.607,0.764,0.462,0.448,0.448,0.316,0.467,0.390,0.503,0.780,0.703,0.327,0.701,0.464,0.690,0.698,0.566,0.706,0.742,0.709,0.838,0.613,0.462,0.467,0.739,0.560,0.698,0.764,0.319,0.766,0.701,0.728,0.747,0.431,0.558,0.714,0.739,0.566,0.478,0.478,0.563,0.772,0.470,0.783,0.560,0.783,0.319,0.324,0.547,0.838,0.805,0.714,0.703,0.701,0.695,0.478,0.725,0.074,0.701,0.703,0.701,0.703,0.547,0.725,0.761,0.802,0.701,0.393,0.725,0.703,0.830,0.755,0.324,0.755,0.453,0.604,0.701,0.453,0.706,0.706,0.703,0.701,0.459,0.706,0.560,0.728,0.695,0.497,0.069,0.739,0.701,0.753,0.470,0.747,0.440,0.725,0.082,0.764,0.761,0.753,0.725,0.761,0.396,0.764,0.766,0.464,0.692,0.761,0.475,0.764,0.764,0.835,0.728,0.838,0.742,0.703,0.736,0.066,0.772,0.701,0.802,0.769,0.709,0.393,0.327,0.832,0.481,0.709,0.558,0.769,0.709,0.467,0.761,0.769,0.701,0.739,0.695,0.610,0.453,0.764,0.569,0.701,0.725,0.330,0.755,0.766,0.604,0.714,0.692,0.574,0.712,0.764,0.761,0.709,0.720,0.717,0.758,0.766,0.066,0.764,0.703,0.703,0.772,0.327,0.739,0.077,0.783,0.387,0.066,0.725,0.808,0.728,0.777,0.706,0.695,0.703,0.783,0.783,0.467,0.448,0.695,0.703,0.445,0.753,0.555,0.758,0.805,0.701,0.703,0.555,0.459,0.396,0.739,0.717,0.495,0.478,0.723,0.728,0.709,0.706,0.723,0.390,0.514,0.058,0.473,0.835,0.703,0.549,0.555,0.761,0.753,0.799,0.766,0.725,0.393,0.835,0.725,0.000,0.769,0.753,0.703,0.720,0.473,0.830,0.448,0.459,0.772,0.703
7PNB_L_4_BGC;0.764,0.766,0.570,0.497,0.763,0.764,0.761,0.570,0.521,0.742,0.766,0.576,0.024,0.509,0.467,0.521,0.491,0.527,0.766,0.764,0.521,0.515,0.753,0.515,0.527,0.503,0.766,0.539,0.763,0.747,0.753,0.739,0.758,0.745,0.764,0.558,0.424,0.755,0.503,0.766,0.479,0.497,0.758,0.527,0.527,0.527,0.618,0.763,0.766,0.755,0.521,0.750,0.497,0.527,0.731,0.576,0.479,0.521,0.491,0.750,0.766,0.479,0.533,0.761,0.750,0.750,0.755,0.018,0.772,0.564,0.761,0.558,0.745,0.761,0.747,0.618,0.533,0.461,0.424,0.497,0.521,0.750,0.527,0.775,0.509,0.533,0.509,0.533,0.755,0.509,0.509,0.539,0.503,0.745,0.515,0.424,0.624,0.491,0.764,0.545,0.747,0.766,0.515,0.745,0.418,0.515,0.527,0.515,0.758,0.527,0.758,0.515,0.491,0.758,0.766,0.533,0.479,0.497,0.764,0.491,0.747,0.503,0.769,0.527,0.539,0.558,0.521,0.545,0.745,0.564,0.564,0.769,0.497,0.539,0.761,0.030,0.533,0.618,0.509,0.618,0.533,0.430,0.527,0.769,0.012,0.509,0.521,0.024,0.461,0.739,0.747,0.624,0.761,0.527,0.769,0.006,0.527,0.755,0.552,0.533,0.527,0.533,0.497,0.766,0.758,0.570,0.750,0.527,0.521,0.753,0.503,0.018,0.766,0.473,0.497,0.764,0.461,0.527,0.545,0.521,0.515,0.491,0.558,0.533,0.766,0.558,0.430,0.424,0.012,0.750,0.521,0.769,0.564,0.745,0.769,0.521,0.539,0.515,0.576,0.418,0.509,0.509,0.564,0.570,0.764,0.753,0.491,0.515,0.745,0.497,0.750,0.539,0.533,0.479,0.509,0.752,0.764,0.745,0.521,0.479,0.750,0.753,0.515,0.509,0.533,0.527,0.515,0.745,0.755,0.772,0.761,0.624,0.424,0.733,0.758,0.533,0.485,0.515,0.570,0.509,0.745,0.630,0.515,0.769,0.000,0.570,0.515,0.515,0.764,0.624,0.745,0.766,0.527,0.515
7PNB_z_5_MAN;0.808,0.791,0.539,0.582,0.788,0.761,0.808,0.012,0.570,0.786,0.788,0.539,0.570,0.436,0.455,0.436,0.455,0.564,0.791,0.761,0.436,0.570,0.755,0.576,0.503,0.424,0.788,0.527,0.774,0.783,0.777,0.769,0.774,0.788,0.769,0.545,0.485,0.766,0.424,0.788,0.442,0.412,0.808,0.509,0.430,0.436,0.685,0.791,0.761,0.755,0.424,0.764,0.418,0.564,0.777,0.085,0.418,0.424,0.576,0.766,0.808,0.461,0.412,0.808,0.755,0.761,0.766,0.570,0.755,0.545,0.805,0.558,0.764,0.766,0.755,0.685,0.564,0.473,0.485,0.412,0.485,0.761,0.424,0.761,0.430,0.424,0.418,0.412,0.747,0.412,0.600,0.570,0.436,0.794,0.418,0.479,0.679,0.588,0.764,0.539,0.775,0.791,0.412,0.772,0.479,0.430,0.424,0.424,0.775,0.509,0.805,0.436,0.406,0.777,0.761,0.412,0.424,0.582,0.755,0.576,0.769,0.455,0.761,0.558,0.521,0.036,0.424,0.539,0.791,0.527,0.079,0.745,0.424,0.521,0.750,0.576,0.558,0.679,0.461,0.685,0.424,0.485,0.406,0.758,0.564,0.412,0.588,0.576,0.455,0.788,0.772,0.685,0.750,0.503,0.810,0.570,0.503,0.755,0.115,0.558,0.497,0.412,0.418,0.788,0.766,0.061,0.766,0.497,0.467,0.766,0.594,0.570,0.788,0.455,0.418,0.810,0.455,0.558,0.539,0.430,0.424,0.455,0.539,0.564,0.758,0.079,0.485,0.485,0.576,0.772,0.424,0.755,0.545,0.786,0.755,0.424,0.588,0.461,0.552,0.479,0.412,0.436,0.533,0.545,0.750,0.775,0.430,0.424,0.769,0.582,0.761,0.527,0.576,0.424,0.436,0.760,0.758,0.791,0.424,0.448,0.753,0.758,0.467,0.461,0.509,0.424,0.424,0.786,0.749,0.758,0.750,0.691,0.485,0.736,0.769,0.570,0.576,0.570,0.073,0.424,0.794,0.685,0.448,0.753,0.570,0.000,0.424,0.461,0.753,0.679,0.772,0.747,0.564,0.418
7PNB_R_5_MAN;0.772,0.788,0.473,0.479,0.791,0.742,0.775,0.418,0.558,0.745,0.785,0.473,0.533,0.018,0.224,0.170,0.230,0.448,0.788,0.731,0.182,0.552,0.755,0.564,0.212,0.158,0.785,0.424,0.747,0.755,0.755,0.723,0.755,0.747,0.739,0.473,0.358,0.709,0.194,0.752,0.200,0.145,0.772,0.218,0.345,0.182,0.618,0.791,0.745,0.747,0.339,0.755,0.188,0.448,0.728,0.461,0.121,0.333,0.479,0.758,0.766,0.218,0.345,0.772,0.755,0.755,0.755,0.527,0.723,0.479,0.772,0.467,0.717,0.706,0.744,0.618,0.564,0.230,0.358,0.139,0.194,0.736,0.327,0.706,0.012,0.194,0.182,0.030,0.744,0.339,0.491,0.558,0.200,0.747,0.315,0.352,0.606,0.485,0.717,0.436,0.761,0.788,0.188,0.753,0.352,0.012,0.182,0.139,0.742,0.218,0.769,0.188,0.127,0.750,0.709,0.339,0.121,0.485,0.717,0.479,0.758,0.176,0.706,0.455,0.430,0.424,0.327,0.442,0.747,0.424,0.461,0.720,0.200,0.430,0.717,0.515,0.442,0.612,0.176,0.618,0.345,0.352,0.327,0.701,0.521,0.194,0.564,0.521,0.212,0.745,0.714,0.612,0.714,0.212,0.769,0.521,0.212,0.742,0.467,0.436,0.206,0.333,0.182,0.785,0.747,0.448,0.755,0.206,0.176,0.720,0.479,0.515,0.788,0.224,0.194,0.780,0.224,0.455,0.442,0.188,0.315,0.230,0.455,0.442,0.706,0.448,0.352,0.358,0.527,0.709,0.339,0.703,0.461,0.742,0.701,0.327,0.582,0.176,0.455,0.352,0.188,0.018,0.467,0.473,0.717,0.761,0.194,0.024,0.758,0.479,0.747,0.430,0.564,0.121,0.030,0.749,0.742,0.747,0.333,0.230,0.750,0.745,0.170,0.182,0.224,0.194,0.321,0.742,0.752,0.703,0.720,0.618,0.358,0.733,0.755,0.455,0.479,0.558,0.448,0.327,0.747,0.606,0.170,0.703,0.515,0.424,0.000,0.176,0.720,0.606,0.761,0.720,0.442,0.018
7PNB_q_6_MAN;0.772,0.782,0.479,0.455,0.788,0.745,0.775,0.461,0.558,0.731,0.780,0.485,0.521,0.170,0.255,0.206,0.248,0.455,0.785,0.731,0.176,0.545,0.769,0.558,0.230,0.200,0.780,0.461,0.744,0.734,0.736,0.728,0.752,0.731,0.736,0.485,0.382,0.709,0.236,0.747,0.248,0.200,0.769,0.236,0.297,0.176,0.588,0.785,0.742,0.761,0.291,0.755,0.236,0.455,0.731,0.467,0.164,0.297,0.461,0.734,0.766,0.242,0.291,0.772,0.769,0.769,0.755,0.515,0.720,0.497,0.775,0.479,0.725,0.712,0.747,0.588,0.564,0.236,0.382,0.188,0.236,0.758,0.291,0.736,0.176,0.170,0.218,0.182,0.749,0.291,0.473,0.564,0.242,0.734,0.279,0.376,0.582,0.473,0.717,0.473,0.739,0.782,0.194,0.731,0.376,0.176,0.182,0.200,0.739,0.236,0.772,0.061,0.182,0.753,0.734,0.285,0.170,0.461,0.720,0.467,0.736,0.042,0.734,0.461,0.467,0.455,0.291,0.461,0.734,0.455,0.479,0.728,0.248,0.467,0.725,0.509,0.461,0.582,0.030,0.588,0.291,0.382,0.285,0.725,0.515,0.206,0.564,0.515,0.248,0.731,0.714,0.582,0.723,0.230,0.769,0.521,0.230,0.753,0.473,0.455,0.230,0.291,0.230,0.780,0.747,0.467,0.755,0.230,0.024,0.725,0.467,0.503,0.785,0.248,0.242,0.777,0.255,0.461,0.461,0.188,0.279,0.248,0.473,0.461,0.731,0.467,0.382,0.382,0.521,0.712,0.303,0.728,0.479,0.731,0.728,0.291,0.582,0.030,0.467,0.376,0.200,0.164,0.485,0.491,0.725,0.739,0.224,0.188,0.736,0.455,0.755,0.467,0.570,0.170,0.158,0.752,0.747,0.734,0.297,0.255,0.766,0.758,0.012,0.024,0.242,0.194,0.285,0.731,0.749,0.734,0.725,0.588,0.382,0.747,0.758,0.461,0.467,0.552,0.467,0.291,0.734,0.576,0.036,0.720,0.515,0.461,0.176,0.000,0.720,0.582,0.739,0.723,0.455,0.176
7PNB_i_1_NAG;0.569,0.646,0.753,0.783,0.648,0.459,0.580,0.753,0.816,0.497,0.646,0.764,0.769,0.723,0.714,0.725,0.720,0.766,0.643,0.448,0.731,0.802,0.396,0.810,0.712,0.728,0.646,0.764,0.456,0.508,0.522,0.516,0.470,0.503,0.390,0.750,0.731,0.508,0.725,0.429,0.725,0.725,0.566,0.714,0.714,0.728,0.832,0.648,0.453,0.379,0.714,0.505,0.723,0.766,0.516,0.758,0.723,0.728,0.780,0.503,0.571,0.717,0.717,0.571,0.396,0.387,0.519,0.766,0.088,0.755,0.569,0.755,0.508,0.500,0.500,0.832,0.821,0.717,0.731,0.725,0.714,0.379,0.725,0.492,0.723,0.725,0.728,0.714,0.500,0.731,0.788,0.819,0.725,0.503,0.720,0.728,0.824,0.786,0.489,0.764,0.511,0.643,0.728,0.505,0.731,0.720,0.723,0.723,0.429,0.717,0.569,0.714,0.723,0.407,0.484,0.714,0.728,0.786,0.022,0.777,0.508,0.712,0.489,0.766,0.764,0.758,0.723,0.761,0.500,0.758,0.764,0.162,0.725,0.764,0.041,0.764,0.764,0.830,0.714,0.832,0.714,0.734,0.712,0.473,0.766,0.731,0.813,0.766,0.717,0.495,0.505,0.827,0.058,0.714,0.566,0.766,0.714,0.387,0.764,0.764,0.709,0.712,0.720,0.646,0.456,0.753,0.511,0.714,0.720,0.503,0.786,0.764,0.643,0.717,0.723,0.582,0.712,0.766,0.761,0.725,0.720,0.720,0.766,0.766,0.495,0.761,0.734,0.731,0.769,0.503,0.712,0.467,0.755,0.497,0.484,0.723,0.816,0.720,0.755,0.731,0.725,0.725,0.758,0.753,0.069,0.519,0.728,0.720,0.508,0.783,0.503,0.764,0.819,0.728,0.731,0.525,0.467,0.505,0.712,0.720,0.401,0.382,0.717,0.720,0.717,0.725,0.723,0.495,0.497,0.497,0.052,0.830,0.731,0.519,0.527,0.766,0.783,0.808,0.758,0.725,0.505,0.824,0.717,0.473,0.764,0.753,0.720,0.720,0.000,0.824,0.511,0.118,0.766,0.723
7PNB_P_3_YZT;0.830,0.815,0.612,0.594,0.818,0.832,0.827,0.679,0.624,0.827,0.810,0.612,0.630,0.612,0.594,0.612,0.594,0.576,0.813,0.835,0.606,0.618,0.821,0.618,0.624,0.612,0.810,0.545,0.837,0.832,0.832,0.830,0.835,0.824,0.824,0.606,0.594,0.832,0.612,0.851,0.600,0.606,0.824,0.630,0.667,0.618,0.024,0.818,0.832,0.819,0.661,0.860,0.606,0.576,0.835,0.679,0.594,0.624,0.600,0.827,0.824,0.594,0.673,0.824,0.824,0.821,0.851,0.630,0.824,0.612,0.824,0.606,0.830,0.832,0.851,0.036,0.624,0.582,0.594,0.612,0.618,0.821,0.630,0.838,0.600,0.612,0.612,0.618,0.854,0.612,0.606,0.630,0.612,0.827,0.636,0.594,0.018,0.594,0.830,0.564,0.832,0.813,0.612,0.830,0.594,0.618,0.612,0.618,0.843,0.630,0.819,0.588,0.600,0.810,0.838,0.673,0.600,0.594,0.824,0.600,0.832,0.576,0.835,0.570,0.564,0.679,0.630,0.558,0.827,0.552,0.685,0.824,0.606,0.558,0.824,0.630,0.582,0.012,0.582,0.024,0.673,0.600,0.667,0.835,0.624,0.618,0.624,0.636,0.582,0.827,0.830,0.012,0.824,0.630,0.827,0.624,0.630,0.816,0.685,0.588,0.618,0.673,0.612,0.815,0.832,0.691,0.863,0.624,0.582,0.830,0.600,0.630,0.813,0.594,0.606,0.832,0.588,0.570,0.558,0.606,0.630,0.594,0.564,0.582,0.835,0.679,0.600,0.594,0.630,0.824,0.667,0.835,0.606,0.824,0.832,0.630,0.636,0.588,0.588,0.594,0.618,0.612,0.612,0.612,0.827,0.832,0.600,0.612,0.827,0.594,0.860,0.552,0.630,0.600,0.612,0.854,0.835,0.827,0.661,0.594,0.819,0.819,0.582,0.576,0.630,0.618,0.624,0.824,0.810,0.835,0.824,0.024,0.594,0.851,0.854,0.582,0.594,0.612,0.691,0.618,0.827,0.012,0.588,0.830,0.624,0.679,0.606,0.582,0.824,0.000,0.832,0.821,0.582,0.606
7PNB_b_2_NAG;0.569,0.582,0.816,0.758,0.582,0.552,0.577,0.769,0.810,0.505,0.582,0.824,0.747,0.758,0.753,0.745,0.753,0.794,0.580,0.555,0.747,0.805,0.467,0.808,0.755,0.750,0.582,0.797,0.555,0.060,0.063,0.489,0.558,0.503,0.536,0.813,0.714,0.473,0.745,0.549,0.736,0.750,0.577,0.755,0.766,0.745,0.832,0.582,0.552,0.464,0.764,0.522,0.739,0.794,0.478,0.772,0.747,0.750,0.761,0.058,0.571,0.750,0.769,0.577,0.489,0.475,0.522,0.747,0.497,0.821,0.569,0.816,0.464,0.470,0.514,0.832,0.810,0.747,0.714,0.750,0.753,0.470,0.753,0.464,0.758,0.747,0.745,0.764,0.533,0.750,0.766,0.813,0.745,0.503,0.750,0.712,0.832,0.761,0.473,0.788,0.041,0.580,0.753,0.038,0.714,0.761,0.747,0.755,0.549,0.755,0.574,0.750,0.747,0.486,0.462,0.769,0.745,0.761,0.508,0.758,0.030,0.742,0.462,0.794,0.797,0.766,0.753,0.788,0.503,0.797,0.772,0.514,0.739,0.797,0.511,0.747,0.797,0.835,0.747,0.832,0.766,0.717,0.766,0.462,0.750,0.755,0.813,0.747,0.745,0.500,0.475,0.832,0.503,0.755,0.571,0.745,0.755,0.470,0.764,0.797,0.755,0.769,0.736,0.582,0.555,0.772,0.522,0.755,0.747,0.467,0.761,0.745,0.580,0.750,0.739,0.577,0.747,0.794,0.788,0.745,0.747,0.753,0.788,0.799,0.453,0.769,0.717,0.714,0.745,0.467,0.766,0.459,0.816,0.503,0.467,0.753,0.819,0.745,0.813,0.714,0.750,0.755,0.819,0.821,0.519,0.030,0.736,0.761,0.096,0.758,0.514,0.794,0.819,0.745,0.753,0.514,0.558,0.508,0.764,0.753,0.478,0.456,0.739,0.745,0.758,0.755,0.750,0.503,0.549,0.462,0.505,0.830,0.714,0.522,0.522,0.794,0.761,0.808,0.772,0.747,0.505,0.835,0.750,0.448,0.745,0.772,0.761,0.739,0.511,0.832,0.000,0.497,0.794,0.761
7PNB_Y_1_NAG;0.566,0.643,0.745,0.777,0.646,0.420,0.571,0.747,0.810,0.486,0.643,0.753,0.766,0.723,0.712,0.714,0.712,0.761,0.640,0.418,0.717,0.799,0.349,0.805,0.725,0.723,0.643,0.755,0.423,0.492,0.514,0.497,0.440,0.481,0.379,0.750,0.736,0.481,0.723,0.398,0.725,0.720,0.560,0.728,0.717,0.714,0.830,0.646,0.418,0.335,0.714,0.519,0.720,0.761,0.500,0.758,0.717,0.731,0.777,0.486,0.569,0.714,0.717,0.566,0.352,0.343,0.538,0.764,0.063,0.750,0.563,0.747,0.486,0.481,0.508,0.830,0.816,0.717,0.736,0.720,0.723,0.346,0.728,0.475,0.723,0.712,0.725,0.717,0.511,0.734,0.783,0.813,0.723,0.492,0.723,0.731,0.821,0.780,0.464,0.758,0.500,0.640,0.714,0.497,0.736,0.720,0.709,0.714,0.398,0.731,0.560,0.706,0.717,0.360,0.464,0.714,0.723,0.780,0.107,0.775,0.492,0.712,0.473,0.761,0.753,0.753,0.725,0.755,0.489,0.750,0.758,0.091,0.723,0.753,0.104,0.766,0.758,0.827,0.714,0.830,0.714,0.736,0.712,0.459,0.766,0.717,0.808,0.772,0.717,0.484,0.486,0.824,0.121,0.728,0.563,0.769,0.728,0.338,0.758,0.761,0.723,0.712,0.717,0.643,0.415,0.747,0.527,0.728,0.720,0.486,0.780,0.766,0.640,0.714,0.720,0.577,0.709,0.761,0.755,0.712,0.723,0.712,0.761,0.764,0.475,0.755,0.736,0.736,0.772,0.478,0.714,0.453,0.742,0.484,0.473,0.725,0.813,0.723,0.747,0.736,0.714,0.725,0.750,0.747,0.132,0.505,0.728,0.720,0.497,0.777,0.511,0.753,0.813,0.723,0.728,0.533,0.437,0.489,0.714,0.712,0.354,0.341,0.720,0.723,0.734,0.712,0.725,0.481,0.475,0.478,0.124,0.827,0.736,0.522,0.536,0.761,0.775,0.802,0.753,0.728,0.495,0.821,0.714,0.459,0.766,0.747,0.720,0.723,0.118,0.821,0.497,0.000,0.764,0.723
7PNB_N_3_YZT;0.797,0.824,0.285,0.558,0.829,0.764,0.797,0.564,0.388,0.753,0.826,0.261,0.527,0.442,0.497,0.497,0.497,0.024,0.824,0.753,0.467,0.376,0.775,0.382,0.436,0.497,0.826,0.218,0.763,0.791,0.797,0.766,0.771,0.753,0.777,0.273,0.467,0.775,0.503,0.771,0.491,0.497,0.791,0.442,0.400,0.479,0.594,0.829,0.753,0.775,0.394,0.788,0.497,0.018,0.761,0.576,0.479,0.424,0.558,0.786,0.791,0.497,0.394,0.794,0.775,0.775,0.780,0.521,0.764,0.279,0.794,0.267,0.764,0.775,0.782,0.588,0.394,0.485,0.467,0.497,0.430,0.775,0.418,0.786,0.436,0.479,0.503,0.461,0.782,0.418,0.570,0.394,0.503,0.755,0.400,0.467,0.582,0.570,0.769,0.242,0.794,0.824,0.461,0.788,0.461,0.448,0.479,0.497,0.750,0.442,0.791,0.461,0.491,0.775,0.783,0.394,0.479,0.564,0.764,0.558,0.791,0.455,0.783,0.024,0.212,0.564,0.412,0.212,0.755,0.218,0.582,0.761,0.497,0.218,0.764,0.521,0.030,0.582,0.455,0.594,0.400,0.461,0.388,0.775,0.527,0.479,0.388,0.539,0.485,0.753,0.769,0.582,0.764,0.442,0.791,0.533,0.442,0.764,0.570,0.012,0.436,0.394,0.491,0.826,0.764,0.588,0.786,0.436,0.455,0.764,0.564,0.521,0.826,0.497,0.497,0.797,0.491,0.024,0.230,0.473,0.400,0.497,0.236,0.024,0.780,0.576,0.461,0.467,0.539,0.769,0.394,0.777,0.267,0.755,0.777,0.412,0.388,0.455,0.261,0.461,0.467,0.442,0.291,0.291,0.764,0.797,0.491,0.455,0.788,0.558,0.791,0.224,0.394,0.479,0.442,0.780,0.761,0.755,0.394,0.497,0.777,0.777,0.455,0.461,0.448,0.467,0.406,0.755,0.780,0.783,0.769,0.582,0.467,0.774,0.788,0.024,0.558,0.376,0.588,0.412,0.755,0.588,0.461,0.772,0.527,0.564,0.442,0.455,0.766,0.582,0.794,0.764,0.000,0.448
7PNB_W_5_MAN;0.772,0.782,0.467,0.485,0.785,0.742,0.775,0.418,0.558,0.742,0.780,0.461,0.533,0.024,0.218,0.164,0.224,0.455,0.782,0.728,0.176,0.552,0.761,0.564,0.224,0.152,0.780,0.418,0.744,0.755,0.755,0.720,0.752,0.745,0.734,0.467,0.370,0.709,0.188,0.749,0.194,0.139,0.772,0.230,0.352,0.176,0.618,0.785,0.745,0.750,0.345,0.753,0.182,0.455,0.725,0.461,0.115,0.339,0.485,0.758,0.766,0.212,0.352,0.772,0.761,0.761,0.749,0.527,0.725,0.467,0.772,0.461,0.714,0.706,0.741,0.618,0.564,0.224,0.370,0.133,0.206,0.742,0.333,0.709,0.030,0.188,0.176,0.048,0.741,0.333,0.497,0.558,0.194,0.745,0.321,0.364,0.606,0.491,0.717,0.436,0.761,0.782,0.188,0.753,0.364,0.018,0.182,0.133,0.742,0.230,0.769,0.182,0.121,0.753,0.709,0.345,0.115,0.491,0.720,0.485,0.758,0.176,0.709,0.448,0.424,0.424,0.333,0.436,0.745,0.424,0.461,0.720,0.194,0.424,0.720,0.515,0.448,0.612,0.176,0.618,0.352,0.364,0.339,0.701,0.521,0.194,0.564,0.521,0.206,0.742,0.714,0.612,0.717,0.224,0.769,0.521,0.224,0.747,0.455,0.442,0.218,0.345,0.176,0.780,0.747,0.448,0.753,0.218,0.176,0.717,0.485,0.515,0.782,0.218,0.188,0.780,0.218,0.448,0.436,0.182,0.321,0.224,0.455,0.448,0.706,0.448,0.364,0.370,0.527,0.709,0.345,0.703,0.455,0.739,0.703,0.333,0.576,0.176,0.455,0.364,0.188,0.024,0.461,0.467,0.720,0.761,0.188,0.018,0.758,0.485,0.747,0.424,0.564,0.115,0.036,0.747,0.742,0.745,0.345,0.224,0.755,0.750,0.170,0.182,0.230,0.194,0.327,0.739,0.744,0.706,0.723,0.618,0.370,0.730,0.752,0.461,0.485,0.558,0.448,0.333,0.745,0.606,0.170,0.703,0.515,0.418,0.018,0.176,0.723,0.606,0.761,0.723,0.448,0.000
